repo_full_name,repo_id,repo_default_branch,repo_created_at,repo_stars,file_path,file_sha,file_size,html_url,nb_ok_parse,kernel_name,language,python_version_declared,n_cells_total,n_code,n_markdown,n_raw,n_code_executed,percent_code_executed,has_unambiguous_order,out_of_order,n_skips_total,n_skips_middle,max_execution_count,n_cells_with_output,outputs_text,outputs_image,outputs_html_js,outputs_error,outputs_formatted,outputs_ext,imports_total,top_imports_json,has_local_imports,defines_function,defines_class,has_control_flow,uses_testing_module,deps_requirements_txt,deps_setup_py,deps_pipfile,deps_any,ai_marker_found,triple_backticks_in_code,has_abs_data_path
1drie5/py-playground,910762822,main,2025-01-01T10:47:57Z,1,pytorch-campusx/3_pytorch_autograd.ipynb,889ef544bc1863a23d53d941d19a5362d9953db1,43559,https://github.com/1drie5/py-playground/blob/main/pytorch-campusx/3_pytorch_autograd.ipynb,True,python3,python,,69,68,1,0,66,97.05882352941177,True,True,49,49,115,42,True,False,False,True,False,False,3,"[[""torch"", 2], [""math"", 1]]",False,True,False,True,False,True,False,False,True,False,False,False
1drie5/py-playground,910762822,main,2025-01-01T10:47:57Z,1,pytorch-campusx/4_pytorch_training_pipeline.ipynb,0a495866fdc194d42b4ea3dbf0ef41ad6f27f6b1,62909,https://github.com/1drie5/py-playground/blob/main/pytorch-campusx/4_pytorch_training_pipeline.ipynb,True,python3,python,,31,22,9,0,21,95.45454545454545,True,False,16,16,37,13,True,False,True,False,False,True,6,"[[""sklearn"", 3], [""numpy"", 1], [""pandas"", 1], [""torch"", 1]]",False,True,True,True,False,True,False,False,True,False,False,False
1drie5/py-playground,910762822,main,2025-01-01T10:47:57Z,1,pytorch-campusx/5_pytorch_nn_module.ipynb,cdb61ff38e08c84671060d9626c9bd7a042a851b,18878,https://github.com/1drie5/py-playground/blob/main/pytorch-campusx/5_pytorch_nn_module.ipynb,True,python3,python,,21,17,4,0,16,94.11764705882352,True,False,8,8,26,13,True,False,False,False,False,False,9,"[[""torch"", 6], [""torchinfo"", 3]]",False,True,True,False,False,True,False,False,True,False,False,False
nizam9985/addx,910673784,main,2025-01-01T02:47:46Z,0,youtubechatbot_using_langchain_with_memory.ipynb,4e6f41808fa28111e98dedd7f0a616a824cdbd78,50620,https://github.com/nizam9985/addx/blob/main/youtubechatbot_using_langchain_with_memory.ipynb,True,python3,python,3.11.9,56,55,1,0,49,89.0909090909091,True,True,19,19,63,25,True,False,False,False,False,False,10,"[[""langchain_core"", 7], [""os"", 1], [""dotenv"", 1], [""warnings"", 1]]",False,True,False,True,False,False,False,False,False,False,False,False
C4jiang/AlgoPlus,910788661,master,2025-01-01T12:35:53Z,0,RetentionAndVirality.ipynb,37db1142a9392178f113cc06e347083ef60ca42c,204577,https://github.com/C4jiang/AlgoPlus/blob/master/RetentionAndVirality.ipynb,True,python3,python,,30,12,18,0,5,41.66666666666667,True,False,0,0,5,10,True,True,False,False,False,True,3,"[[""numpy"", 1], [""matplotlib"", 1], [""ipywidgets"", 1]]",False,True,False,True,False,False,False,False,False,False,False,False
yeahhh1e/Algorithm,910767785,master,2025-01-01T11:10:12Z,0,lesson/day3/dd.ipynb,e69de29bb2d1d6434b8b29ae775ad8c2e48c5391,0,https://github.com/yeahhh1e/Algorithm/blob/master/lesson/day3/dd.ipynb,False,,,,,,,,,,,,,,,,,,,,,,,,,,,,,,,,,,,
NaiqiGuo/mdof,910738474,master,2025-01-01T08:58:54Z,0,notebooks/00_Overview.ipynb,839f6450535feebfad67cd5b4e9518193e31f278,648239,https://github.com/NaiqiGuo/mdof/blob/master/notebooks/00_Overview.ipynb,True,python3,python,3.11.11,26,11,15,0,11,100.0,True,False,0,0,11,8,True,True,True,False,False,True,11,"[[""mdof"", 7], [""numpy"", 2], [""sdof"", 1], [""control"", 1]]",False,False,False,False,False,True,True,False,True,False,False,True
NaiqiGuo/mdof,910738474,master,2025-01-01T08:58:54Z,0,notebooks/01_SISO_Intro.ipynb,6b8725b917321b6c56512f3fffe05e85ccb25ad7,402415,https://github.com/NaiqiGuo/mdof/blob/master/notebooks/01_SISO_Intro.ipynb,True,python3,python,3.12.0,32,14,18,0,14,100.0,True,False,0,0,14,10,True,True,False,False,False,False,7,"[[""mdof"", 5], [""numpy"", 1], [""control"", 1]]",False,False,False,True,False,True,True,False,True,False,False,False
NaiqiGuo/mdof,910738474,master,2025-01-01T08:58:54Z,0,notebooks/02_SISO_Event.ipynb,655174e34b27a05ed9176ace38a3a0281917ea8e,387654,https://github.com/NaiqiGuo/mdof/blob/master/notebooks/02_SISO_Event.ipynb,True,python3,python,3.11.11,22,11,11,0,11,100.0,True,False,0,0,11,5,True,True,False,False,False,False,10,"[[""mdof"", 4], [""numpy"", 2], [""sdof"", 1], [""matplotlib"", 1], [""scienceplots"", 1], [""control"", 1]]",False,False,False,True,False,True,True,False,True,False,False,False
NaiqiGuo/mdof,910738474,master,2025-01-01T08:58:54Z,0,notebooks/03_SISO_History.ipynb,8272917b5f496c41330c6e1e5047f78fbe6605cd,61674,https://github.com/NaiqiGuo/mdof/blob/master/notebooks/03_SISO_History.ipynb,True,python3,python,3.12.0,8,4,4,0,4,100.0,True,False,0,0,4,1,True,True,False,False,False,False,5,"[[""mdof"", 4], [""numpy"", 1]]",False,False,False,True,False,True,True,False,True,False,False,False
NaiqiGuo/mdof,910738474,master,2025-01-01T08:58:54Z,0,notebooks/04_MIMO_Intro.ipynb,75ea00506798d99b83f1dd5fdc6b2064b2e9859e,730346,https://github.com/NaiqiGuo/mdof/blob/master/notebooks/04_MIMO_Intro.ipynb,True,python3,python,3.12.5,21,9,12,0,9,100.0,True,False,0,0,9,4,True,True,False,False,False,False,9,"[[""mdof"", 4], [""numpy"", 2], [""matplotlib"", 1], [""scienceplots"", 1], [""control"", 1]]",False,True,False,True,False,True,True,False,True,False,False,False
NaiqiGuo/mdof,910738474,master,2025-01-01T08:58:54Z,0,notebooks/06_MIMO_History.ipynb,04db0bff41dbdbf5cbe02ea7c22b9acb367ab6a3,135863,https://github.com/NaiqiGuo/mdof/blob/master/notebooks/06_MIMO_History.ipynb,True,python3,python,3.12.5,13,8,5,0,7,87.5,True,False,0,0,7,3,True,True,True,False,False,False,9,"[[""mdof"", 3], [""numpy"", 1], [""quakeio"", 1], [""pathlib"", 1], [""uploads"", 1], [""matplotlib"", 1], [""pandas"", 1]]",False,False,False,True,False,True,True,False,True,False,False,False
NaiqiGuo/mdof,910738474,master,2025-01-01T08:58:54Z,0,notebooks/independent_studies/Study2.ipynb,c41c6292029fd256432fa2cb0b1b911540194fa4,355950,https://github.com/NaiqiGuo/mdof/blob/master/notebooks/independent_studies/Study2.ipynb,True,python3,python,3.12.0,24,9,15,0,7,77.77777777777779,True,False,24,24,31,5,True,True,False,False,False,False,8,"[[""mdof"", 5], [""sdof"", 1], [""numpy"", 1], [""control"", 1]]",False,False,False,False,False,True,True,False,True,False,False,True
NaiqiGuo/mdof,910738474,master,2025-01-01T08:58:54Z,0,notebooks/independent_studies/Study_SISO.ipynb,4d69665dc8e9b8939a6abc7dda46fb708697cc0c,439892,https://github.com/NaiqiGuo/mdof/blob/master/notebooks/independent_studies/Study_SISO.ipynb,True,python3,python,3.11.11,22,12,10,0,12,100.0,True,False,0,0,12,7,True,True,False,False,False,True,9,"[[""mdof"", 4], [""scipy"", 1], [""numpy"", 1], [""matplotlib"", 1], [""plotly"", 1], [""control"", 1]]",False,True,False,False,False,True,True,False,True,False,False,False
NaiqiGuo/mdof,910738474,master,2025-01-01T08:58:54Z,0,notebooks/independent_studies/noise_study/01_SISO_Exercise.ipynb,e10f6ac8c8bb25e8504d343e118cd31820cdad96,76111,https://github.com/NaiqiGuo/mdof/blob/master/notebooks/independent_studies/noise_study/01_SISO_Exercise.ipynb,True,python3,python,3.12.1,12,3,9,0,3,100.0,True,False,0,0,3,2,True,True,False,False,False,False,2,"[[""numpy"", 1], [""matplotlib"", 1]]",False,False,False,False,False,True,True,False,True,False,False,False
NaiqiGuo/mdof,910738474,master,2025-01-01T08:58:54Z,0,notebooks/independent_studies/noise_study/02_Noise_Exercise.ipynb,f8440a92df4680760421b61840f9be65930b8b97,916186,https://github.com/NaiqiGuo/mdof/blob/master/notebooks/independent_studies/noise_study/02_Noise_Exercise.ipynb,True,python3,python,3.12.0,34,18,16,0,18,100.0,True,False,0,0,18,17,True,True,False,False,False,False,9,"[[""mdof"", 5], [""numpy"", 1], [""matplotlib"", 1], [""sdof"", 1], [""control"", 1]]",False,False,False,False,False,True,True,False,True,False,False,False
NaiqiGuo/mdof,910738474,master,2025-01-01T08:58:54Z,0,notebooks/independent_studies/sensing_study/identify_steel_sol_full.ipynb,09d2b94cccc8f927035590485e54ec9d0061670e,436961,https://github.com/NaiqiGuo/mdof/blob/master/notebooks/independent_studies/sensing_study/identify_steel_sol_full.ipynb,True,python3,python,3.11.11,31,13,18,0,10,76.92307692307693,True,False,0,0,10,7,True,True,False,False,False,False,4,"[[""numpy"", 1], [""pathlib"", 1], [""matplotlib"", 1], [""mdof"", 1]]",False,True,False,True,False,True,True,False,True,False,False,False
NaiqiGuo/mdof,910738474,master,2025-01-01T08:58:54Z,0,notebooks/independent_studies/sensing_study/identify_steel_sol_partial.ipynb,ad11e53ef0607911c39f957bfb4a361af6aa255b,430595,https://github.com/NaiqiGuo/mdof/blob/master/notebooks/independent_studies/sensing_study/identify_steel_sol_partial.ipynb,True,python3,python,3.11.11,29,11,18,0,9,81.81818181818183,True,False,0,0,9,5,True,True,False,False,False,False,4,"[[""numpy"", 1], [""pathlib"", 1], [""matplotlib"", 1], [""mdof"", 1]]",False,True,False,True,False,True,True,False,True,False,False,False
NaiqiGuo/mdof,910738474,master,2025-01-01T08:58:54Z,0,notebooks/independent_studies/sensing_study/sensing_sol.ipynb,274c62af94b6e6e8b98ffe313495e3149f2265b5,1616064,https://github.com/NaiqiGuo/mdof/blob/master/notebooks/independent_studies/sensing_study/sensing_sol.ipynb,True,python3,python,3.12.9,11,7,4,0,7,100.0,True,False,0,0,7,4,True,True,False,False,False,False,6,"[[""mdof"", 3], [""numpy"", 1], [""pathlib"", 1], [""matplotlib"", 1]]",False,True,False,True,False,True,True,False,True,False,False,False
NaiqiGuo/mdof,910738474,master,2025-01-01T08:58:54Z,0,notebooks/independent_studies/sensing_study/sensing_steel.ipynb,9c39818080fb77f06dddc57424226bca0dfbc567,904330,https://github.com/NaiqiGuo/mdof/blob/master/notebooks/independent_studies/sensing_study/sensing_steel.ipynb,True,python3,python,3.12.9,11,7,4,0,7,100.0,True,False,0,0,7,4,True,True,False,False,False,False,6,"[[""mdof"", 3], [""numpy"", 1], [""pathlib"", 1], [""matplotlib"", 1]]",False,True,False,True,False,True,True,False,True,False,False,False
NaiqiGuo/mdof,910738474,master,2025-01-01T08:58:54Z,0,notebooks/independent_studies/sensing_study/test_plots.ipynb,ef22128285b7036cdc99ac8f53313923753d2277,634350,https://github.com/NaiqiGuo/mdof/blob/master/notebooks/independent_studies/sensing_study/test_plots.ipynb,True,python3,python,3.11.11,4,3,1,0,2,66.66666666666666,True,False,0,0,2,1,True,True,False,False,False,False,4,"[[""numpy"", 1], [""pathlib"", 1], [""matplotlib"", 1], [""mdof"", 1]]",False,False,False,True,False,True,True,False,True,False,False,False
NaiqiGuo/mdof,910738474,master,2025-01-01T08:58:54Z,0,notebooks/independent_studies/sensing_study/tracking.ipynb,26bc8e2103819ed679e1d732c9e19fc88066b93a,343196,https://github.com/NaiqiGuo/mdof/blob/master/notebooks/independent_studies/sensing_study/tracking.ipynb,True,python3,python,3.12.7,23,12,11,0,6,50.0,True,False,0,0,6,7,True,True,True,True,False,False,12,"[[""mdof"", 5], [""numpy"", 1], [""pathlib"", 1], [""matplotlib"", 1], [""scienceplots"", 1], [""IPython"", 1], [""cv2"", 1], [""cvfem"", 1]]",False,True,False,True,False,True,True,False,True,False,False,False
NaiqiGuo/mdof,910738474,master,2025-01-01T08:58:54Z,0,site/examples/00_Overview.ipynb,609b7316e1595029d1d2d01ae64cc751131aff30,648217,https://github.com/NaiqiGuo/mdof/blob/master/site/examples/00_Overview.ipynb,True,python3,python,3.11.11,26,11,15,0,11,100.0,True,False,0,0,11,8,True,True,True,False,False,True,11,"[[""mdof"", 7], [""numpy"", 2], [""sdof"", 1], [""control"", 1]]",False,False,False,False,False,True,True,False,True,False,False,True
NaiqiGuo/mdof,910738474,master,2025-01-01T08:58:54Z,0,site/examples/01_SISO_Intro.ipynb,e9033f1a660e62b3522bcc09b735ff45d71c8a96,402393,https://github.com/NaiqiGuo/mdof/blob/master/site/examples/01_SISO_Intro.ipynb,True,python3,python,3.12.0,32,14,18,0,14,100.0,True,False,0,0,14,10,True,True,False,False,False,False,7,"[[""mdof"", 5], [""numpy"", 1], [""control"", 1]]",False,False,False,True,False,True,True,False,True,False,False,False
NaiqiGuo/mdof,910738474,master,2025-01-01T08:58:54Z,0,site/examples/02_SISO_Event.ipynb,c1cd43c290b90b7a8d86fd60ca3346f8310f3e07,218076,https://github.com/NaiqiGuo/mdof/blob/master/site/examples/02_SISO_Event.ipynb,True,python3,python,3.11.11,22,11,11,0,11,100.0,True,False,0,0,11,5,True,True,False,False,False,False,9,"[[""mdof"", 4], [""numpy"", 2], [""sdof"", 1], [""matplotlib"", 1], [""scienceplots"", 1]]",False,False,False,True,False,True,True,False,True,False,False,False
NaiqiGuo/mdof,910738474,master,2025-01-01T08:58:54Z,0,site/examples/03_SISO_History.ipynb,95a002b9cb5eb1e5d3bda7331b862d125507a11a,61652,https://github.com/NaiqiGuo/mdof/blob/master/site/examples/03_SISO_History.ipynb,True,python3,python,3.12.0,8,4,4,0,4,100.0,True,False,0,0,4,1,True,True,False,False,False,False,5,"[[""mdof"", 4], [""numpy"", 1]]",False,False,False,True,False,True,True,False,True,False,False,False
NaiqiGuo/mdof,910738474,master,2025-01-01T08:58:54Z,0,site/examples/04_MIMO_Intro.ipynb,ddbe49f31ac5f5094127eb9d9bd1a9dbf6b14f44,1040129,https://github.com/NaiqiGuo/mdof/blob/master/site/examples/04_MIMO_Intro.ipynb,True,python3,python,3.11.11,24,12,12,0,12,100.0,True,True,11,11,23,7,True,True,False,False,False,False,10,"[[""mdof"", 4], [""numpy"", 2], [""control"", 2], [""matplotlib"", 1], [""scienceplots"", 1]]",False,True,False,True,False,True,True,False,True,False,False,False
NaiqiGuo/mdof,910738474,master,2025-01-01T08:58:54Z,0,site/examples/06_MIMO_History.ipynb,04db0bff41dbdbf5cbe02ea7c22b9acb367ab6a3,135863,https://github.com/NaiqiGuo/mdof/blob/master/site/examples/06_MIMO_History.ipynb,True,python3,python,3.12.5,13,8,5,0,7,87.5,True,False,0,0,7,3,True,True,True,False,False,False,9,"[[""mdof"", 3], [""numpy"", 1], [""quakeio"", 1], [""pathlib"", 1], [""uploads"", 1], [""matplotlib"", 1], [""pandas"", 1]]",False,False,False,True,False,True,True,False,True,False,False,False
romms921/arXiver,910921123,master,2025-01-01T19:44:31Z,0,arxiv_module.ipynb,a3b95d53f024c6f01846019d3ca76bac32277c83,3752,https://github.com/romms921/arXiver/blob/master/arxiv_module.ipynb,True,python3,python,3.9.12,3,3,0,0,2,66.66666666666666,True,False,1,0,3,1,False,False,False,False,False,False,3,"[[""certifi"", 1], [""os"", 1], [""arxiv"", 1]]",False,False,False,True,False,False,False,False,False,False,False,False
romms921/arXiver,910921123,master,2025-01-01T19:44:31Z,0,author_affil.ipynb,5e46e501b0a2afc566df1a4d34b2cec227253211,5111344,https://github.com/romms921/arXiver/blob/master/author_affil.ipynb,True,python3,python,3.11.5,15,15,0,0,14,93.33333333333333,True,True,52,3,66,11,True,True,True,True,False,False,24,"[[""pandas"", 1], [""numpy"", 1], [""urllib"", 1], [""groq"", 1], [""xml"", 1], [""certifi"", 1], [""os"", 1], [""datetime"", 1], [""tqdm"", 1], [""dotenv"", 1]]",False,True,False,True,False,False,False,False,False,False,False,False
romms921/arXiver,910921123,master,2025-01-01T19:44:31Z,0,clean_arxiv.ipynb,dda7e3877c0dfbd7664610ba6811b28c133dc2ee,354058,https://github.com/romms921/arXiver/blob/master/clean_arxiv.ipynb,True,python3,python,3.11.5,11,7,4,0,5,71.42857142857143,True,True,23,23,28,3,True,False,True,True,False,False,15,"[[""arxiv"", 1], [""json"", 1], [""pandas"", 1], [""urllib"", 1], [""certifi"", 1], [""os"", 1], [""xml"", 1], [""dotenv"", 1], [""datetime"", 1], [""tqdm"", 1]]",False,True,True,True,False,False,False,False,False,False,False,False
romms921/arXiver,910921123,master,2025-01-01T19:44:31Z,0,main.ipynb,2ddc8de9d901f492503d8db1583b0c9182ed3bab,104947,https://github.com/romms921/arXiver/blob/master/main.ipynb,True,python3,python,3.9.12,21,19,2,0,19,100.0,True,False,49,49,68,15,True,False,True,True,True,False,9,"[[""pandas"", 1], [""numpy"", 1], [""urllib"", 1], [""groq"", 1], [""xml"", 1], [""IPython"", 1], [""scholarly"", 1], [""certifi"", 1], [""os"", 1]]",False,True,False,True,False,False,False,False,False,False,False,False
romms921/arXiver,910921123,master,2025-01-01T19:44:31Z,0,main_2.ipynb,291cca92c1c6ec8bc3bd78101b362ce7705e5f87,449293,https://github.com/romms921/arXiver/blob/master/main_2.ipynb,True,python3,python,3.11.5,16,16,0,0,15,93.75,True,True,159,159,173,9,True,False,True,True,False,False,17,"[[""pandas"", 1], [""numpy"", 1], [""urllib"", 1], [""groq"", 1], [""xml"", 1], [""IPython"", 1], [""scholarly"", 1], [""certifi"", 1], [""os"", 1], [""datetime"", 1]]",False,True,False,True,False,False,False,False,False,False,False,False
romms921/arXiver,910921123,master,2025-01-01T19:44:31Z,0,script.ipynb,4b9212195e27d53061c91542bb4e1589dd5d864c,266151,https://github.com/romms921/arXiver/blob/master/script.ipynb,True,python3,python,3.11.5,12,12,0,0,11,91.66666666666666,True,True,23,19,48,8,True,False,True,True,False,False,12,"[[""pandas"", 1], [""numpy"", 1], [""urllib"", 1], [""groq"", 1], [""xml"", 1], [""IPython"", 1], [""scholarly"", 1], [""certifi"", 1], [""os"", 1], [""datetime"", 1]]",False,True,False,True,False,False,False,False,False,False,False,False
romms921/arXiver,910921123,master,2025-01-01T19:44:31Z,0,stats.ipynb,76d5351c689dbe7a8285bab2c57c8515904e620a,1484497,https://github.com/romms921/arXiver/blob/master/stats.ipynb,True,python3,python,3.11.5,12,12,0,0,12,100.0,True,False,0,0,12,10,True,True,True,False,False,True,4,"[[""pandas"", 1], [""numpy"", 1], [""matplotlib"", 1], [""collections"", 1]]",False,False,False,True,False,False,False,False,False,False,False,False
digital-duck/zinets,910936000,main,2025-01-01T20:51:47Z,0,docs/research/md2pdf.ipynb,deecd97bb2c11052fb5d8bb67647a503953fc8d0,4968,https://github.com/digital-duck/zinets/blob/main/docs/research/md2pdf.ipynb,True,python3,python,3.9.13,3,3,0,0,2,66.66666666666666,True,False,0,0,3,2,False,False,False,True,False,False,1,"[[""md2pdf"", 1]]",False,False,False,False,False,False,False,False,False,False,False,False
digital-duck/zinets,910936000,main,2025-01-01T20:51:47Z,0,docs/ustc/2025-02/code/md_table-1.ipynb,4e09c6a460a7683d08769e1ff9cb2bb646a07c4f,23060,https://github.com/digital-duck/zinets/blob/main/docs/ustc/2025-02/code/md_table-1.ipynb,True,python3,python,3.12.5,21,20,1,0,19,95.0,True,False,0,0,148,9,True,False,False,False,False,False,0,[],False,True,False,True,False,False,False,False,False,False,False,False
digital-duck/zinets,910936000,main,2025-01-01T20:51:47Z,0,docs/ustc/2025-02/code/md_table-2.ipynb,d5f96e5b23774d6c7e18c6d2310a793bbcc20aa1,12503,https://github.com/digital-duck/zinets/blob/main/docs/ustc/2025-02/code/md_table-2.ipynb,True,python3,python,3.12.5,16,15,1,0,14,93.33333333333333,True,False,0,0,59,8,True,False,False,False,False,False,0,[],False,True,False,True,False,False,False,False,False,False,False,False
Subin-Vidhu/2025,910750550,main,2025-01-01T09:53:14Z,0,0_Coursera/1_Introduction to Computer Vision and Image Processing/Code/2 1 2_Images_with_python_library_CV.ipynb,6da16d933c9ed5b4df8a4389742cdd3278211204,15261986,https://github.com/Subin-Vidhu/2025/blob/main/0_Coursera/1_Introduction%20to%20Computer%20Vision%20and%20Image%20Processing/Code/2%201%202_Images_with_python_library_CV.ipynb,True,conda-env-python-py,python,3.7.12,101,41,60,0,41,100.0,True,False,0,0,41,27,True,True,False,False,False,False,3,"[[""os"", 1], [""cv2"", 1], [""matplotlib"", 1]]",False,True,False,False,False,True,False,False,True,False,False,False
Subin-Vidhu/2025,910750550,main,2025-01-01T09:53:14Z,0,0_Coursera/1_Introduction to Computer Vision and Image Processing/Code/2 2 1_basic_image_manipulation_PIL.ipynb,ce29465d086cc21107f70f0a3d8d1df6c797e336,14838669,https://github.com/Subin-Vidhu/2025/blob/main/0_Coursera/1_Introduction%20to%20Computer%20Vision%20and%20Image%20Processing/Code/2%202%201_basic_image_manipulation_PIL.ipynb,True,conda-env-python-py,python,3.7.12,107,44,63,0,44,100.0,True,False,0,0,44,26,True,True,False,False,False,False,6,"[[""PIL"", 4], [""matplotlib"", 1], [""numpy"", 1]]",False,False,False,True,False,True,False,False,True,False,False,False
Subin-Vidhu/2025,910750550,main,2025-01-01T09:53:14Z,0,0_Coursera/1_Introduction to Computer Vision and Image Processing/Code/2 2 2_basic_image_manipulation_open_CV.ipynb,3462f6836fb86bb8d111c34304b19855f4657b28,10296707,https://github.com/Subin-Vidhu/2025/blob/main/0_Coursera/1_Introduction%20to%20Computer%20Vision%20and%20Image%20Processing/Code/2%202%202_basic_image_manipulation_open_CV.ipynb,True,conda-env-python-py,python,3.7.12,74,26,48,0,26,100.0,True,False,0,0,26,19,True,True,False,False,False,False,3,"[[""matplotlib"", 1], [""cv2"", 1], [""numpy"", 1]]",False,False,False,True,False,True,False,False,True,False,False,False
Subin-Vidhu/2025,910750550,main,2025-01-01T09:53:14Z,0,0_Coursera/1_Introduction to Computer Vision and Image Processing/Code/2 3 2_ Histograms and Intensity Transformations.ipynb,27349e79ad8e8d6e45cd7323c46774adda916e8c,4854663,https://github.com/Subin-Vidhu/2025/blob/main/0_Coursera/1_Introduction%20to%20Computer%20Vision%20and%20Image%20Processing/Code/2%203%202_%20Histograms%20and%20Intensity%20Transformations.ipynb,True,conda-env-python-py,python,3.7.12,116,45,71,0,45,100.0,True,False,0,0,45,35,True,True,False,False,False,False,3,"[[""matplotlib"", 1], [""cv2"", 1], [""numpy"", 1]]",False,True,False,True,False,True,False,False,True,False,False,False
Subin-Vidhu/2025,910750550,main,2025-01-01T09:53:14Z,0,0_Coursera/1_Introduction to Computer Vision and Image Processing/Code/2 4 1_Gemetric_trasfroms_PIL.ipynb,4e27f19aae2cd646b0cfec9e57662bdbdcf50404,5966435,https://github.com/Subin-Vidhu/2025/blob/main/0_Coursera/1_Introduction%20to%20Computer%20Vision%20and%20Image%20Processing/Code/2%204%201_Gemetric_trasfroms_PIL.ipynb,True,conda-env-python-py,python,3.7.12,78,30,48,0,30,100.0,True,False,0,0,30,19,True,True,False,False,False,False,4,"[[""PIL"", 2], [""matplotlib"", 1], [""numpy"", 1]]",False,True,False,True,False,True,False,False,True,False,False,False
Subin-Vidhu/2025,910750550,main,2025-01-01T09:53:14Z,0,0_Coursera/1_Introduction to Computer Vision and Image Processing/Code/2 4 2_Gemetric_trasfroms_OpenCV.ipynb,794a71a4cb82e6a263e2c8cb7a4b0851b5d9cef9,7202141,https://github.com/Subin-Vidhu/2025/blob/main/0_Coursera/1_Introduction%20to%20Computer%20Vision%20and%20Image%20Processing/Code/2%204%202_Gemetric_trasfroms_OpenCV.ipynb,True,conda-env-python-py,python,3.7.12,100,39,61,0,39,100.0,True,False,0,0,39,28,True,True,False,False,False,False,3,"[[""matplotlib"", 1], [""cv2"", 1], [""numpy"", 1]]",False,True,False,True,False,True,False,False,True,False,False,False
Subin-Vidhu/2025,910750550,main,2025-01-01T09:53:14Z,0,0_Coursera/1_Introduction to Computer Vision and Image Processing/Code/2 5 1_Spatial_Filtering-PIL.ipynb,cee9e6a71d638ec28c51b35e17d6a49090ff0759,8322266,https://github.com/Subin-Vidhu/2025/blob/main/0_Coursera/1_Introduction%20to%20Computer%20Vision%20and%20Image%20Processing/Code/2%205%201_Spatial_Filtering-PIL.ipynb,True,conda-env-python-py,python,3.7.12,61,19,42,0,19,100.0,True,False,0,0,19,14,True,True,False,False,False,False,4,"[[""PIL"", 2], [""matplotlib"", 1], [""numpy"", 1]]",False,True,False,False,False,True,False,False,True,False,False,False
Subin-Vidhu/2025,910750550,main,2025-01-01T09:53:14Z,0,0_Coursera/1_Introduction to Computer Vision and Image Processing/Code/2 5 2_Spatial_Filtering.ipynb,b1ff492b94329bca5ba977dffdaaa1264a8319fa,7260502,https://github.com/Subin-Vidhu/2025/blob/main/0_Coursera/1_Introduction%20to%20Computer%20Vision%20and%20Image%20Processing/Code/2%205%202_Spatial_Filtering.ipynb,True,conda-env-python-py,python,3.7.12,78,23,55,0,23,100.0,True,False,0,0,23,16,True,True,False,False,False,False,3,"[[""matplotlib"", 1], [""cv2"", 1], [""numpy"", 1]]",False,True,False,False,False,True,False,False,True,False,False,False
Subin-Vidhu/2025,910750550,main,2025-01-01T09:53:14Z,0,0_Coursera/1_Introduction to Computer Vision and Image Processing/Code/2.1.1_Images_with_python_library_PIL.ipynb,e9902d2ff0756b0c21b2a69a2a5e3dd5ca73067d,17836907,https://github.com/Subin-Vidhu/2025/blob/main/0_Coursera/1_Introduction%20to%20Computer%20Vision%20and%20Image%20Processing/Code/2.1.1_Images_with_python_library_PIL.ipynb,True,conda-env-python-py,python,3.7.12,120,47,73,0,47,100.0,True,False,1,1,48,32,True,True,False,False,False,False,5,"[[""PIL"", 2], [""os"", 1], [""matplotlib"", 1], [""numpy"", 1]]",False,True,False,True,False,True,False,False,True,False,False,False
Subin-Vidhu/2025,910750550,main,2025-01-01T09:53:14Z,0,0_Coursera/1_Introduction to Computer Vision and Image Processing/Code/Digit Classification with Softmax.ipynb,89c407d884aca81136210a43d87d8612ec5726ee,322628,https://github.com/Subin-Vidhu/2025/blob/main/0_Coursera/1_Introduction%20to%20Computer%20Vision%20and%20Image%20Processing/Code/Digit%20Classification%20with%20Softmax.ipynb,True,conda-env-python-py,python,3.7.12,86,28,58,0,27,96.42857142857143,True,False,0,0,27,20,True,True,False,False,False,True,6,"[[""torch"", 2], [""torchvision"", 2], [""matplotlib"", 1], [""numpy"", 1]]",False,True,True,True,False,True,False,False,True,False,False,True
Subin-Vidhu/2025,910750550,main,2025-01-01T09:53:14Z,0,0_Coursera/1_Introduction to Computer Vision and Image Processing/Code/Logistic Regression With Mini-Batch Gradient Descent.ipynb,1911b1f3711a4e176bc6427f5fbf05a9d487d166,3351746,https://github.com/Subin-Vidhu/2025/blob/main/0_Coursera/1_Introduction%20to%20Computer%20Vision%20and%20Image%20Processing/Code/Logistic%20Regression%20With%20Mini-Batch%20Gradient%20Descent.ipynb,True,conda-env-python-py,python,3.7.12,123,49,74,0,46,93.87755102040816,True,False,0,0,46,33,True,True,False,True,False,False,6,"[[""torch"", 3], [""numpy"", 1], [""matplotlib"", 1], [""mpl_toolkits"", 1]]",False,True,True,True,False,True,False,False,True,False,False,False
Subin-Vidhu/2025,910750550,main,2025-01-01T09:53:14Z,0,0_Coursera/1_Introduction to Computer Vision and Image Processing/Code/Simple Neural Network for XOR.ipynb,ddb1bf4c1c762d89063d5c024fc3298fb122c60d,208280,https://github.com/Subin-Vidhu/2025/blob/main/0_Coursera/1_Introduction%20to%20Computer%20Vision%20and%20Image%20Processing/Code/Simple%20Neural%20Network%20for%20XOR.ipynb,True,conda-env-python-py,python,3.7.12,52,14,38,0,14,100.0,True,False,2,2,16,5,True,True,False,False,False,False,7,"[[""torch"", 4], [""matplotlib"", 2], [""numpy"", 1]]",False,True,True,True,False,True,False,False,True,False,False,False
Subin-Vidhu/2025,910750550,main,2025-01-01T09:53:14Z,0,0_Coursera/1_Introduction to Computer Vision and Image Processing/Code/Support Vector Machines vs Vanilla Linear Classifier.ipynb,ec429808869ddecbd7c21292d20ab99b666ee07d,197546,https://github.com/Subin-Vidhu/2025/blob/main/0_Coursera/1_Introduction%20to%20Computer%20Vision%20and%20Image%20Processing/Code/Support%20Vector%20Machines%20vs%20Vanilla%20Linear%20Classifier.ipynb,True,conda-env-python-py,python,3.7.12,50,21,29,0,21,100.0,True,False,0,0,21,12,True,True,False,False,False,False,11,"[[""sklearn"", 6], [""matplotlib"", 2], [""numpy"", 1], [""pandas"", 1], [""seaborn"", 1]]",False,False,False,True,False,True,False,False,True,False,False,False
Subin-Vidhu/2025,910750550,main,2025-01-01T09:53:14Z,0,0_Coursera/2_Generative Adversarial Networks (GANs) Specialization/Apply Generative Adversarial Networks (GANs)/C3W1_Assignment.ipynb,fe955c699af102fbb6ccf1742e7ec07bb37a1d28,43234,https://github.com/Subin-Vidhu/2025/blob/main/0_Coursera/2_Generative%20Adversarial%20Networks%20(GANs)%20Specialization/Apply%20Generative%20Adversarial%20Networks%20(GANs)/C3W1_Assignment.ipynb,True,python3,python,3.8.10,26,12,14,0,9,75.0,True,False,0,0,9,1,False,False,False,False,False,False,8,"[[""torch"", 4], [""torchvision"", 2], [""matplotlib"", 1], [""tqdm"", 1]]",False,True,True,True,False,True,False,False,True,False,False,False
Subin-Vidhu/2025,910750550,main,2025-01-01T09:53:14Z,0,0_Coursera/2_Generative Adversarial Networks (GANs) Specialization/Apply Generative Adversarial Networks (GANs)/C3W2A_Assignment.ipynb,fecade14f0b0082dd00a39a50e002d4b1c5de918,30183670,https://github.com/Subin-Vidhu/2025/blob/main/0_Coursera/2_Generative%20Adversarial%20Networks%20(GANs)%20Specialization/Apply%20Generative%20Adversarial%20Networks%20(GANs)/C3W2A_Assignment.ipynb,True,python3,python,3.8.10,23,14,9,0,14,100.0,True,False,0,0,14,6,True,True,False,False,False,True,10,"[[""torch"", 4], [""torchvision"", 2], [""tqdm"", 1], [""matplotlib"", 1], [""skimage"", 1], [""numpy"", 1]]",False,True,True,True,False,True,False,False,True,False,False,False
Subin-Vidhu/2025,910750550,main,2025-01-01T09:53:14Z,0,0_Coursera/2_Generative Adversarial Networks (GANs) Specialization/Apply Generative Adversarial Networks (GANs)/C3W2B_Assignment.ipynb,9587051ed1d431e98feae0dd8eb75cf92295ff0f,11601893,https://github.com/Subin-Vidhu/2025/blob/main/0_Coursera/2_Generative%20Adversarial%20Networks%20(GANs)%20Specialization/Apply%20Generative%20Adversarial%20Networks%20(GANs)/C3W2B_Assignment.ipynb,True,python3,python,3.8.10,21,11,10,0,9,81.81818181818183,True,False,0,0,9,3,True,True,False,False,False,True,10,"[[""torch"", 4], [""torchvision"", 3], [""tqdm"", 1], [""matplotlib"", 1], [""numpy"", 1]]",False,True,True,True,False,True,False,False,True,False,False,False
Subin-Vidhu/2025,910750550,main,2025-01-01T09:53:14Z,0,0_Coursera/2_Generative Adversarial Networks (GANs) Specialization/Build Basic Generative Adversarial Networks (GANs)/C1W1_Your_First_GAN.ipynb,fe77ca8231743d8333185649e968420c88cf5f5c,46865,https://github.com/Subin-Vidhu/2025/blob/main/0_Coursera/2_Generative%20Adversarial%20Networks%20(GANs)%20Specialization/Build%20Basic%20Generative%20Adversarial%20Networks%20(GANs)/C1W1_Your_First_GAN.ipynb,True,python3,python,3.8.10,35,20,15,0,19,95.0,True,True,1,0,18,8,True,False,False,False,False,False,12,"[[""torch"", 3], [""torchvision"", 3], [""inspect"", 2], [""re"", 2], [""tqdm"", 1], [""matplotlib"", 1]]",False,True,True,True,False,True,False,False,True,False,False,False
Subin-Vidhu/2025,910750550,main,2025-01-01T09:53:14Z,0,0_Coursera/2_Generative Adversarial Networks (GANs) Specialization/Build Basic Generative Adversarial Networks (GANs)/C1W3_WGAN_GP.ipynb,3e7d0c980b596420dff930150d253b8333ce36a2,26501919,https://github.com/Subin-Vidhu/2025/blob/main/0_Coursera/2_Generative%20Adversarial%20Networks%20(GANs)%20Specialization/Build%20Basic%20Generative%20Adversarial%20Networks%20(GANs)/C1W3_WGAN_GP.ipynb,True,python3,python,3.8.10,28,15,13,0,14,93.33333333333333,True,False,0,0,15,5,True,True,False,False,False,True,9,"[[""torch"", 3], [""torchvision"", 3], [""matplotlib"", 2], [""tqdm"", 1]]",False,True,True,True,False,True,False,False,True,False,False,False
Subin-Vidhu/2025,910750550,main,2025-01-01T09:53:14Z,0,0_Coursera/2_Generative Adversarial Networks (GANs) Specialization/Build Basic Generative Adversarial Networks (GANs)/C1W4A_Build_a_Conditional_GAN.ipynb,3bac81392a7442c774c69243ec0ddac56485c21f,44622215,https://github.com/Subin-Vidhu/2025/blob/main/0_Coursera/2_Generative%20Adversarial%20Networks%20(GANs)%20Specialization/Build%20Basic%20Generative%20Adversarial%20Networks%20(GANs)/C1W4A_Build_a_Conditional_GAN.ipynb,True,python3,python,3.8.10,31,16,15,0,16,100.0,True,False,1,1,17,5,True,True,False,False,False,True,10,"[[""torch"", 4], [""torchvision"", 3], [""tqdm"", 1], [""matplotlib"", 1], [""math"", 1]]",False,True,True,True,False,True,False,False,True,False,False,False
Subin-Vidhu/2025,910750550,main,2025-01-01T09:53:14Z,0,0_Coursera/2_Generative Adversarial Networks (GANs) Specialization/Build Basic Generative Adversarial Networks (GANs)/C1W4B_Controllable_Generation.ipynb,94f720cf9542b57af13eac2ac997fab1f65ecc7f,3860702,https://github.com/Subin-Vidhu/2025/blob/main/0_Coursera/2_Generative%20Adversarial%20Networks%20(GANs)%20Specialization/Build%20Basic%20Generative%20Adversarial%20Networks%20(GANs)/C1W4B_Controllable_Generation.ipynb,True,python3,python,3.8.10,28,14,14,0,13,92.85714285714286,True,False,0,0,13,6,True,True,False,False,False,False,11,"[[""torch"", 4], [""torchvision"", 3], [""matplotlib"", 2], [""tqdm"", 1], [""seaborn"", 1]]",False,True,True,True,False,True,False,False,True,False,False,False
Subin-Vidhu/2025,910750550,main,2025-01-01T09:53:14Z,0,0_Coursera/2_Generative Adversarial Networks (GANs) Specialization/Build Basic Generative Adversarial Networks (GANs)/C1_W2_Assignment.ipynb,be3eb23ec81777f266ac4ba51ba6d9f73a35679a,9293203,https://github.com/Subin-Vidhu/2025/blob/main/0_Coursera/2_Generative%20Adversarial%20Networks%20(GANs)%20Specialization/Build%20Basic%20Generative%20Adversarial%20Networks%20(GANs)/C1_W2_Assignment.ipynb,True,python3,python,3.8.10,22,11,11,0,10,90.9090909090909,True,False,0,0,10,3,True,True,False,False,False,True,8,"[[""torch"", 3], [""torchvision"", 3], [""tqdm"", 1], [""matplotlib"", 1]]",False,True,True,True,False,True,False,False,True,False,False,False
Subin-Vidhu/2025,910750550,main,2025-01-01T09:53:14Z,0,0_Coursera/2_Generative Adversarial Networks (GANs) Specialization/Build Better Generative Adversarial Networks (GANs)/C2W1_Assignment.ipynb,4fd8b170f415bcddf552eb0f4b579fa7f6eb06cf,566102,https://github.com/Subin-Vidhu/2025/blob/main/0_Coursera/2_Generative%20Adversarial%20Networks%20(GANs)%20Specialization/Build%20Better%20Generative%20Adversarial%20Networks%20(GANs)/C2W1_Assignment.ipynb,True,python3,python,3.8.10,41,19,22,0,19,100.0,True,False,3,3,22,8,True,True,False,False,False,True,16,"[[""torch"", 4], [""torchvision"", 4], [""numpy"", 3], [""tqdm"", 1], [""matplotlib"", 1], [""seaborn"", 1], [""scipy"", 1], [""pandas"", 1]]",False,True,True,True,False,True,False,False,True,False,False,False
Subin-Vidhu/2025,910750550,main,2025-01-01T09:53:14Z,0,0_Coursera/2_Generative Adversarial Networks (GANs) Specialization/Build Better Generative Adversarial Networks (GANs)/C2W2_Assignment.ipynb,59adf92ea59c2d43ba2bd79198ebb33214421811,110346,https://github.com/Subin-Vidhu/2025/blob/main/0_Coursera/2_Generative%20Adversarial%20Networks%20(GANs)%20Specialization/Build%20Better%20Generative%20Adversarial%20Networks%20(GANs)/C2W2_Assignment.ipynb,True,python3,python,3.8.10,33,15,18,0,14,93.33333333333333,True,False,0,0,14,7,True,True,False,False,False,False,15,"[[""torch"", 6], [""torchvision"", 3], [""matplotlib"", 2], [""seaborn"", 2], [""numpy"", 1], [""tqdm"", 1]]",False,True,True,True,False,True,False,False,True,False,False,False
Subin-Vidhu/2025,910750550,main,2025-01-01T09:53:14Z,0,0_Coursera/2_Generative Adversarial Networks (GANs) Specialization/Build Better Generative Adversarial Networks (GANs)/C2W3_Assignment.ipynb,ce68e7481db807c8d9a1211bcd76f74d9d88a7d6,100851,https://github.com/Subin-Vidhu/2025/blob/main/0_Coursera/2_Generative%20Adversarial%20Networks%20(GANs)%20Specialization/Build%20Better%20Generative%20Adversarial%20Networks%20(GANs)/C2W3_Assignment.ipynb,True,python3,python,3.7.6,24,15,9,0,14,93.33333333333333,True,False,0,0,14,7,True,True,False,False,False,False,7,"[[""torch"", 3], [""scipy"", 1], [""numpy"", 1], [""torchvision"", 1], [""matplotlib"", 1]]",False,True,True,True,False,True,False,False,True,False,False,False
Subin-Vidhu/2025,910750550,main,2025-01-01T09:53:14Z,0,0_Coursera/3_Microsoft Python Development Professional Certificate/i.Python Programming Fundamentals/code/C1_M6_L01.ipynb,89f5a2e679e227c601dd63c1df4869540c7ba934,28370,https://github.com/Subin-Vidhu/2025/blob/main/0_Coursera/3_Microsoft%20Python%20Development%20Professional%20Certificate/i.Python%20Programming%20Fundamentals/code/C1_M6_L01.ipynb,True,python3,python,3.10.6,37,18,19,0,17,94.44444444444444,True,True,16,16,33,5,False,False,False,False,False,False,0,[],False,True,False,True,False,True,False,False,True,False,False,False
Subin-Vidhu/2025,910750550,main,2025-01-01T09:53:14Z,0,0_Coursera/3_Microsoft Python Development Professional Certificate/ii.Data Analysis and Visualization with Python/codes/C2_M5_L01.ipynb,e90b9b791fa40be08fba3fdceb5c9763506f5411,49746,https://github.com/Subin-Vidhu/2025/blob/main/0_Coursera/3_Microsoft%20Python%20Development%20Professional%20Certificate/ii.Data%20Analysis%20and%20Visualization%20with%20Python/codes/C2_M5_L01.ipynb,True,python3,python,3.10.6,32,19,13,0,17,89.47368421052632,True,False,2,2,19,10,True,False,True,False,False,False,6,"[[""sklearn"", 5], [""pandas"", 1]]",False,False,False,False,False,True,False,False,True,False,False,False
Subin-Vidhu/2025,910750550,main,2025-01-01T09:53:14Z,0,0_Coursera/3_Microsoft Python Development Professional Certificate/iii.Automation and Scripting with Python/Codes/churn/C3_M5_PA01.ipynb,dbf093d0697a8cd31acd2792070dae6115a02e19,130529,https://github.com/Subin-Vidhu/2025/blob/main/0_Coursera/3_Microsoft%20Python%20Development%20Professional%20Certificate/iii.Automation%20and%20Scripting%20with%20Python/Codes/churn/C3_M5_PA01.ipynb,True,python3,python,3.10.6,36,15,21,0,15,100.0,True,False,6,6,21,12,True,True,True,False,False,False,6,"[[""sklearn"", 3], [""pandas"", 1], [""matplotlib"", 1], [""seaborn"", 1]]",False,False,False,False,False,True,False,False,True,False,False,True
Subin-Vidhu/2025,910750550,main,2025-01-01T09:53:14Z,0,0_Coursera/3_Microsoft Python Development Professional Certificate/iii.Automation and Scripting with Python/Codes/final/C3_M5_PA02.ipynb,e345ca39dcaba5775c3940846735e6daa9a52464,120269,https://github.com/Subin-Vidhu/2025/blob/main/0_Coursera/3_Microsoft%20Python%20Development%20Professional%20Certificate/iii.Automation%20and%20Scripting%20with%20Python/Codes/final/C3_M5_PA02.ipynb,True,python3,python,3.10.6,38,20,18,0,14,70.0,True,False,2,2,16,10,True,True,False,True,False,False,9,"[[""sendgrid"", 2], [""logging"", 2], [""pandas"", 1], [""matplotlib"", 1], [""schedule"", 1], [""time"", 1], [""os"", 1]]",False,True,False,True,False,True,False,False,True,False,False,False
Subin-Vidhu/2025,910750550,main,2025-01-01T09:53:14Z,0,0_Coursera/3_Microsoft Python Development Professional Certificate/iv.Web Development with Python/Codes/C4_M3_L01.ipynb,3868b9828fa0dc7d93bedd35cc97eb0371227569,187458,https://github.com/Subin-Vidhu/2025/blob/main/0_Coursera/3_Microsoft%20Python%20Development%20Professional%20Certificate/iv.Web%20Development%20with%20Python/Codes/C4_M3_L01.ipynb,True,python3,python,3.10.6,66,40,26,0,25,62.5,True,False,1,1,26,22,True,False,True,False,False,False,0,[],False,False,False,False,False,True,False,False,True,False,False,False
Subin-Vidhu/2025,910750550,main,2025-01-01T09:53:14Z,0,0_Coursera/3_Microsoft Python Development Professional Certificate/vi.Project Development in Python/Creating a chatbot with Python (1).ipynb,f26b8d99fdc837a87c26a47a314172ed88431e9a,79048,https://github.com/Subin-Vidhu/2025/blob/main/0_Coursera/3_Microsoft%20Python%20Development%20Professional%20Certificate/vi.Project%20Development%20in%20Python/Creating%20a%20chatbot%20with%20Python%20(1).ipynb,True,python3,python,3.10.6,41,17,24,0,17,100.0,True,False,0,0,17,9,False,False,False,False,False,False,3,"[[""spacy"", 2], [""json"", 1]]",False,True,False,True,False,True,False,False,True,False,False,False
Subin-Vidhu/2025,910750550,main,2025-01-01T09:53:14Z,0,0_Coursera/3_Microsoft Python Development Professional Certificate/vi.Project Development in Python/Creating a chatbot with Python.ipynb,608907ad246f53167e0bd54f2f0f8d21b7bab6b2,72199,https://github.com/Subin-Vidhu/2025/blob/main/0_Coursera/3_Microsoft%20Python%20Development%20Professional%20Certificate/vi.Project%20Development%20in%20Python/Creating%20a%20chatbot%20with%20Python.ipynb,True,python3,python,3.10.14,41,17,24,0,17,100.0,True,False,0,0,21,9,False,False,False,False,False,False,3,"[[""spacy"", 2], [""json"", 1]]",False,True,False,True,False,True,False,False,True,False,False,False
Subin-Vidhu/2025,910750550,main,2025-01-01T09:53:14Z,0,0_Udemy_Courses/2_Brain Computer Interface and Deep Learning Using Python/CODES/Section2/1_Mnist.ipynb,2cc9bfdc93be1fff51c19f6870f07b8240d4dfad,20419,https://github.com/Subin-Vidhu/2025/blob/main/0_Udemy_Courses/2_Brain%20Computer%20Interface%20and%20Deep%20Learning%20Using%20Python/CODES/Section2/1_Mnist.ipynb,True,python3,python,3.9.12,9,8,1,0,8,100.0,True,True,2,2,9,3,True,True,False,False,False,False,4,"[[""torch"", 1], [""torchvision"", 1], [""numpy"", 1], [""matplotlib"", 1]]",False,False,False,False,False,True,False,False,True,False,False,False
Subin-Vidhu/2025,910750550,main,2025-01-01T09:53:14Z,0,0_Udemy_Courses/2_Brain Computer Interface and Deep Learning Using Python/CODES/Section2/2_data_preprocessing.ipynb,4be984b7c3f67c1009d6e7d095b4bab3cc093be8,102369,https://github.com/Subin-Vidhu/2025/blob/main/0_Udemy_Courses/2_Brain%20Computer%20Interface%20and%20Deep%20Learning%20Using%20Python/CODES/Section2/2_data_preprocessing.ipynb,True,python3,python,3.9.12,11,9,2,0,8,88.88888888888889,True,False,23,23,31,3,True,True,False,False,False,False,6,"[[""torch"", 2], [""torchvision"", 2], [""numpy"", 1], [""matplotlib"", 1]]",False,False,False,True,False,True,False,False,True,False,False,False
Subin-Vidhu/2025,910750550,main,2025-01-01T09:53:14Z,0,0_Udemy_Courses/2_Brain Computer Interface and Deep Learning Using Python/CODES/Section2/3_Mnist_Simple_NN.ipynb,98f94849bc22ba1db18e672c61bb9b84cf2da532,15589,https://github.com/Subin-Vidhu/2025/blob/main/0_Udemy_Courses/2_Brain%20Computer%20Interface%20and%20Deep%20Learning%20Using%20Python/CODES/Section2/3_Mnist_Simple_NN.ipynb,True,python3,python,3.9.12,15,12,3,0,12,100.0,True,True,6,6,15,4,True,True,False,False,False,False,6,"[[""torch"", 3], [""torchvision"", 1], [""numpy"", 1], [""matplotlib"", 1]]",False,True,True,True,False,True,False,False,True,False,False,False
Subin-Vidhu/2025,910750550,main,2025-01-01T09:53:14Z,0,0_Udemy_Courses/2_Brain Computer Interface and Deep Learning Using Python/CODES/Section2/4_training_your_network.ipynb,36a81f97c3ea5871d1f63c61a9ef5a4a7610257b,14494,https://github.com/Subin-Vidhu/2025/blob/main/0_Udemy_Courses/2_Brain%20Computer%20Interface%20and%20Deep%20Learning%20Using%20Python/CODES/Section2/4_training_your_network.ipynb,True,python3,python,3.9.12,19,15,4,0,15,100.0,True,False,1,1,16,5,True,True,False,False,False,False,8,"[[""torch"", 4], [""torchvision"", 1], [""numpy"", 1], [""matplotlib"", 1], [""sklearn"", 1]]",False,True,True,True,False,True,False,False,True,False,False,False
Subin-Vidhu/2025,910750550,main,2025-01-01T09:53:14Z,0,0_Udemy_Courses/2_Brain Computer Interface and Deep Learning Using Python/CODES/Section_3_Project_1/1_Brain_computer_interface.ipynb,be81eab3a682299bd799468018dd1eeff87275d2,2214,https://github.com/Subin-Vidhu/2025/blob/main/0_Udemy_Courses/2_Brain%20Computer%20Interface%20and%20Deep%20Learning%20Using%20Python/CODES/Section_3_Project_1/1_Brain_computer_interface.ipynb,True,python3,python,3.9.12,4,3,1,0,3,100.0,True,False,0,0,3,1,True,False,False,False,False,False,1,"[[""numpy"", 1]]",False,False,False,False,False,True,False,False,True,False,False,False
Subin-Vidhu/2025,910750550,main,2025-01-01T09:53:14Z,0,0_Udemy_Courses/2_Brain Computer Interface and Deep Learning Using Python/CODES/Section_3_Project_1/2_segmentation.ipynb,d934d6f370d5aebeab0f2ee1a5e6ea66c600d4d4,4080,https://github.com/Subin-Vidhu/2025/blob/main/0_Udemy_Courses/2_Brain%20Computer%20Interface%20and%20Deep%20Learning%20Using%20Python/CODES/Section_3_Project_1/2_segmentation.ipynb,True,python3,python,3.9.12,7,5,2,0,5,100.0,True,False,1,0,6,1,True,False,False,False,False,False,1,"[[""numpy"", 1]]",False,True,False,True,False,True,False,False,True,False,False,False
Subin-Vidhu/2025,910750550,main,2025-01-01T09:53:14Z,0,0_Udemy_Courses/2_Brain Computer Interface and Deep Learning Using Python/CODES/Section_3_Project_1/3_splitting_your_data.ipynb,24a18ccc9f40b81f8c1498f966d9d37b5d912ef5,6420,https://github.com/Subin-Vidhu/2025/blob/main/0_Udemy_Courses/2_Brain%20Computer%20Interface%20and%20Deep%20Learning%20Using%20Python/CODES/Section_3_Project_1/3_splitting_your_data.ipynb,True,python3,python,3.9.12,11,8,3,0,8,100.0,True,False,0,0,8,3,True,False,False,False,False,False,2,"[[""numpy"", 1], [""sklearn"", 1]]",False,True,False,True,False,True,False,False,True,False,False,False
Subin-Vidhu/2025,910750550,main,2025-01-01T09:53:14Z,0,0_Udemy_Courses/2_Brain Computer Interface and Deep Learning Using Python/CODES/Section_3_Project_1/4_Data_Preprocessing.ipynb,62294363094e4864fd1af23262cf5e487e933478,7210,https://github.com/Subin-Vidhu/2025/blob/main/0_Udemy_Courses/2_Brain%20Computer%20Interface%20and%20Deep%20Learning%20Using%20Python/CODES/Section_3_Project_1/4_Data_Preprocessing.ipynb,True,python3,python,3.9.12,13,9,4,0,9,100.0,True,False,0,0,9,3,True,False,False,False,False,False,3,"[[""sklearn"", 2], [""numpy"", 1]]",False,True,False,True,False,True,False,False,True,False,False,False
Subin-Vidhu/2025,910750550,main,2025-01-01T09:53:14Z,0,0_Udemy_Courses/2_Brain Computer Interface and Deep Learning Using Python/CODES/Section_3_Project_1/5_building_your_network.ipynb,4302a1cc6db57ab01f74b10f213b2c9312fef25e,9400,https://github.com/Subin-Vidhu/2025/blob/main/0_Udemy_Courses/2_Brain%20Computer%20Interface%20and%20Deep%20Learning%20Using%20Python/CODES/Section_3_Project_1/5_building_your_network.ipynb,True,python3,python,3.9.12,17,12,5,0,11,91.66666666666666,True,False,0,0,11,3,True,False,False,False,False,False,6,"[[""torch"", 3], [""sklearn"", 2], [""numpy"", 1]]",False,True,True,True,False,True,False,False,True,False,False,False
Subin-Vidhu/2025,910750550,main,2025-01-01T09:53:14Z,0,0_Udemy_Courses/2_Brain Computer Interface and Deep Learning Using Python/CODES/Section_3_Project_1/6_training_your_cnn.ipynb,368c227aeb89b690978a89a09dcbdcc7098239ae,80709,https://github.com/Subin-Vidhu/2025/blob/main/0_Udemy_Courses/2_Brain%20Computer%20Interface%20and%20Deep%20Learning%20Using%20Python/CODES/Section_3_Project_1/6_training_your_cnn.ipynb,True,python3,python,3.9.12,27,21,6,0,21,100.0,True,False,0,0,21,6,True,True,False,False,False,False,9,"[[""torch"", 4], [""sklearn"", 3], [""numpy"", 1], [""time"", 1]]",False,True,True,True,False,True,False,False,True,False,False,False
Subin-Vidhu/2025,910750550,main,2025-01-01T09:53:14Z,0,0_Udemy_Courses/2_Brain Computer Interface and Deep Learning Using Python/CODES/Section_5_Project_2/1_data_preprocessing.ipynb,a387dc3c1cc92906d1c87c6f995adbf8a2d743d3,80154,https://github.com/Subin-Vidhu/2025/blob/main/0_Udemy_Courses/2_Brain%20Computer%20Interface%20and%20Deep%20Learning%20Using%20Python/CODES/Section_5_Project_2/1_data_preprocessing.ipynb,True,python3,python,,32,25,7,0,4,16.0,True,False,13,12,17,7,True,True,False,False,False,False,12,"[[""sklearn"", 4], [""torch"", 4], [""numpy"", 2], [""time"", 1], [""scipy"", 1]]",False,True,True,True,False,True,False,False,True,False,False,False
Subin-Vidhu/2025,910750550,main,2025-01-01T09:53:14Z,0,0_Udemy_Courses/2_Brain Computer Interface and Deep Learning Using Python/CODES/Section_5_Project_2/2_Feature_extraction.ipynb,783b4f74fd70653efc1d4b495909cd80ab2d87e6,92621,https://github.com/Subin-Vidhu/2025/blob/main/0_Udemy_Courses/2_Brain%20Computer%20Interface%20and%20Deep%20Learning%20Using%20Python/CODES/Section_5_Project_2/2_Feature_extraction.ipynb,True,python3,python,,46,37,9,0,8,21.62162162162162,True,False,15,15,100,9,True,True,False,True,False,False,17,"[[""torch"", 8], [""sklearn"", 4], [""numpy"", 2], [""time"", 1], [""scipy"", 1], [""pickle"", 1]]",False,True,True,True,False,True,False,False,True,False,False,False
Subin-Vidhu/2025,910750550,main,2025-01-01T09:53:14Z,0,0_Udemy_Courses/2_Brain Computer Interface and Deep Learning Using Python/CODES/Section_5_Project_2/3_building_Generator_NN.ipynb,81e73c19f84c19b10ace5e0c9123906c191973a0,86748,https://github.com/Subin-Vidhu/2025/blob/main/0_Udemy_Courses/2_Brain%20Computer%20Interface%20and%20Deep%20Learning%20Using%20Python/CODES/Section_5_Project_2/3_building_Generator_NN.ipynb,True,python3,python,,50,41,9,0,8,19.51219512195122,True,False,15,15,100,9,True,True,False,True,False,False,17,"[[""torch"", 8], [""sklearn"", 4], [""numpy"", 2], [""time"", 1], [""scipy"", 1], [""pickle"", 1]]",False,True,True,True,False,True,False,False,True,False,False,False
Subin-Vidhu/2025,910750550,main,2025-01-01T09:53:14Z,0,0_Udemy_Courses/2_Brain Computer Interface and Deep Learning Using Python/CODES/Section_5_Project_2/4_Building_Discriminator.ipynb,b633132ebd9a097a2e3504d15aa6765af1c090e0,103616,https://github.com/Subin-Vidhu/2025/blob/main/0_Udemy_Courses/2_Brain%20Computer%20Interface%20and%20Deep%20Learning%20Using%20Python/CODES/Section_5_Project_2/4_Building_Discriminator.ipynb,True,python3,python,,53,42,11,0,19,45.23809523809524,True,False,16,16,35,12,True,True,False,False,False,True,20,"[[""torch"", 9], [""sklearn"", 4], [""numpy"", 2], [""time"", 1], [""scipy"", 1], [""pickle"", 1], [""PIL"", 1], [""tqdm"", 1]]",False,True,True,True,False,True,False,False,True,False,False,False
Subin-Vidhu/2025,910750550,main,2025-01-01T09:53:14Z,0,0_Udemy_Courses/2_Brain Computer Interface and Deep Learning Using Python/CODES/Section_5_Project_2/5_training_and_testing_your_GAN.ipynb,b633132ebd9a097a2e3504d15aa6765af1c090e0,103616,https://github.com/Subin-Vidhu/2025/blob/main/0_Udemy_Courses/2_Brain%20Computer%20Interface%20and%20Deep%20Learning%20Using%20Python/CODES/Section_5_Project_2/5_training_and_testing_your_GAN.ipynb,True,python3,python,,53,42,11,0,19,45.23809523809524,True,False,16,16,35,12,True,True,False,False,False,True,20,"[[""torch"", 9], [""sklearn"", 4], [""numpy"", 2], [""time"", 1], [""scipy"", 1], [""pickle"", 1], [""PIL"", 1], [""tqdm"", 1]]",False,True,True,True,False,True,False,False,True,False,False,False
Subin-Vidhu/2025,910750550,main,2025-01-01T09:53:14Z,0,1_Face Recognition with Machine Learning + Deploy Flask  App/001 Python/Control Flow Statements.ipynb,601556a62edd0d7982d67f2f4eded6f76cb0b085,7546,https://github.com/Subin-Vidhu/2025/blob/main/1_Face%20Recognition%20with%20Machine%20Learning%20%2B%20Deploy%20Flask%20%20App/001%20Python/Control%20Flow%20Statements.ipynb,True,python3,python,3.8.5,21,16,5,0,16,100.0,True,False,13,7,29,14,True,False,False,False,False,False,0,[],False,False,False,True,False,True,False,False,True,False,False,False
Subin-Vidhu/2025,910750550,main,2025-01-01T09:53:14Z,0,1_Face Recognition with Machine Learning + Deploy Flask  App/001 Python/Dictionary.ipynb,1ae96986c99b7ebd86f60cab0561c75e8c08f3ba,7613,https://github.com/Subin-Vidhu/2025/blob/main/1_Face%20Recognition%20with%20Machine%20Learning%20%2B%20Deploy%20Flask%20%20App/001%20Python/Dictionary.ipynb,True,python3,python,3.8.5,20,18,2,0,17,94.44444444444444,True,False,3,3,20,12,True,False,True,False,False,False,1,"[[""pandas"", 1]]",False,False,False,False,False,True,False,False,True,False,False,False
Subin-Vidhu/2025,910750550,main,2025-01-01T09:53:14Z,0,1_Face Recognition with Machine Learning + Deploy Flask  App/001 Python/List.ipynb,0eca911331a2d029a2bf294425621f066eb19087,13201,https://github.com/Subin-Vidhu/2025/blob/main/1_Face%20Recognition%20with%20Machine%20Learning%20%2B%20Deploy%20Flask%20%20App/001%20Python/List.ipynb,True,python3,python,3.8.5,44,40,4,0,39,97.5,True,False,4,4,43,33,True,False,False,False,False,False,0,[],False,False,False,False,False,True,False,False,True,False,False,False
Subin-Vidhu/2025,910750550,main,2025-01-01T09:53:14Z,0,1_Face Recognition with Machine Learning + Deploy Flask  App/001 Python/Opertors.ipynb,382342f61cae3d44b0e708cd9f1d0a2549ff19d3,4110,https://github.com/Subin-Vidhu/2025/blob/main/1_Face%20Recognition%20with%20Machine%20Learning%20%2B%20Deploy%20Flask%20%20App/001%20Python/Opertors.ipynb,True,python3,python,3.8.5,15,13,2,0,12,92.3076923076923,True,False,3,3,15,9,True,False,False,False,False,False,0,[],False,False,False,False,False,True,False,False,True,False,False,False
Subin-Vidhu/2025,910750550,main,2025-01-01T09:53:14Z,0,1_Face Recognition with Machine Learning + Deploy Flask  App/001 Python/Python Essentials.ipynb,b2477fa174045862e9fa488ed2901c81e995d3da,6717,https://github.com/Subin-Vidhu/2025/blob/main/1_Face%20Recognition%20with%20Machine%20Learning%20%2B%20Deploy%20Flask%20%20App/001%20Python/Python%20Essentials.ipynb,True,python3,python,3.9.12,21,17,4,0,16,94.11764705882352,True,False,0,0,17,14,True,False,False,True,False,False,2,"[[""sys"", 1], [""keyword"", 1]]",False,False,False,False,False,True,False,False,True,False,False,False
Subin-Vidhu/2025,910750550,main,2025-01-01T09:53:14Z,0,1_Face Recognition with Machine Learning + Deploy Flask  App/001 Python/Sets.ipynb,5ec885d1db556d7bb5ff19bf8b7e1c0fa2eaca5f,2321,https://github.com/Subin-Vidhu/2025/blob/main/1_Face%20Recognition%20with%20Machine%20Learning%20%2B%20Deploy%20Flask%20%20App/001%20Python/Sets.ipynb,True,python3,python,3.8.5,7,6,1,0,5,83.33333333333334,True,False,1,0,6,4,True,False,False,False,False,False,0,[],False,False,False,False,False,True,False,False,True,False,False,False
Subin-Vidhu/2025,910750550,main,2025-01-01T09:53:14Z,0,1_Face Recognition with Machine Learning + Deploy Flask  App/001 Python/Tuples.ipynb,5f95da032cf9fefad08d5a9155eb9f1cf720a1e9,6100,https://github.com/Subin-Vidhu/2025/blob/main/1_Face%20Recognition%20with%20Machine%20Learning%20%2B%20Deploy%20Flask%20%20App/001%20Python/Tuples.ipynb,True,python3,python,3.8.5,22,19,3,0,18,94.73684210526315,True,False,2,2,22,15,True,False,False,False,False,False,0,[],False,False,False,False,False,True,False,False,True,False,False,False
Subin-Vidhu/2025,910750550,main,2025-01-01T09:53:14Z,0,1_Face Recognition with Machine Learning + Deploy Flask  App/001 Python/User Defined Functions.ipynb,9a7b5d2f660f27a170dad73be3958cf5e05979ad,3243,https://github.com/Subin-Vidhu/2025/blob/main/1_Face%20Recognition%20with%20Machine%20Learning%20%2B%20Deploy%20Flask%20%20App/001%20Python/User%20Defined%20Functions.ipynb,True,python3,python,3.8.5,11,10,1,0,9,90.0,True,False,7,7,24,6,True,False,False,False,False,False,0,[],False,True,False,False,False,True,False,False,True,False,False,False
Subin-Vidhu/2025,910750550,main,2025-01-01T09:53:14Z,0,1_Face Recognition with Machine Learning + Deploy Flask  App/001 Python/Variable and Assignments.ipynb,0a1f110c0625a125f1123c1b74c756a437db04f4,6701,https://github.com/Subin-Vidhu/2025/blob/main/1_Face%20Recognition%20with%20Machine%20Learning%20%2B%20Deploy%20Flask%20%20App/001%20Python/Variable%20and%20Assignments.ipynb,True,python3,python,3.8.5,23,21,2,0,20,95.23809523809523,True,False,6,6,26,17,True,False,False,False,False,False,0,[],False,False,False,False,False,True,False,False,True,False,False,False
Subin-Vidhu/2025,910750550,main,2025-01-01T09:53:14Z,0,1_Face Recognition with Machine Learning + Deploy Flask  App/1_OpenCV/01_values_or_pixels.ipynb,3dc76fa049bc0db9daf49853c10124348c2387e8,13865,https://github.com/Subin-Vidhu/2025/blob/main/1_Face%20Recognition%20with%20Machine%20Learning%20%2B%20Deploy%20Flask%20%20App/1_OpenCV/01_values_or_pixels.ipynb,True,python3,python,3.9.12,7,7,0,0,7,100.0,True,False,4,4,11,5,True,True,False,False,False,False,2,"[[""numpy"", 1], [""matplotlib"", 1]]",False,False,False,False,False,True,False,False,True,False,False,False
Subin-Vidhu/2025,910750550,main,2025-01-01T09:53:14Z,0,1_Face Recognition with Machine Learning + Deploy Flask  App/1_OpenCV/02_reading_image.ipynb,ac5244bc1525f24027ad0552299a640060b6c566,2494705,https://github.com/Subin-Vidhu/2025/blob/main/1_Face%20Recognition%20with%20Machine%20Learning%20%2B%20Deploy%20Flask%20%20App/1_OpenCV/02_reading_image.ipynb,True,python3,python,3.9.12,22,19,3,0,19,100.0,True,True,8,8,35,12,True,True,False,True,False,False,5,"[[""matplotlib"", 2], [""numpy"", 1], [""cv2"", 1], [""PIL"", 1]]",False,False,False,False,False,True,False,False,True,False,False,False
Subin-Vidhu/2025,910750550,main,2025-01-01T09:53:14Z,0,1_Face Recognition with Machine Learning + Deploy Flask  App/1_OpenCV/03_image_resizing.ipynb,ed3235f7d57ca62259c6fe2bf7170a6333cc805f,856300,https://github.com/Subin-Vidhu/2025/blob/main/1_Face%20Recognition%20with%20Machine%20Learning%20%2B%20Deploy%20Flask%20%20App/1_OpenCV/03_image_resizing.ipynb,True,python3,python,3.9.12,8,5,3,0,5,100.0,True,False,3,3,11,3,True,True,False,False,False,False,3,"[[""numpy"", 1], [""cv2"", 1], [""matplotlib"", 1]]",False,False,False,False,False,True,False,False,True,False,False,False
Subin-Vidhu/2025,910750550,main,2025-01-01T09:53:14Z,0,1_Face Recognition with Machine Learning + Deploy Flask  App/1_OpenCV/04_face_detection.ipynb,eda4a7676be792064860fd2d6e5f1ade2ba9d8fe,798510,https://github.com/Subin-Vidhu/2025/blob/main/1_Face%20Recognition%20with%20Machine%20Learning%20%2B%20Deploy%20Flask%20%20App/1_OpenCV/04_face_detection.ipynb,True,python3,python,3.9.12,7,5,2,0,5,100.0,True,False,1,1,6,3,True,True,False,False,False,False,7,"[[""cv2"", 2], [""matplotlib"", 2], [""numpy"", 1], [""IPython"", 1], [""time"", 1]]",False,True,False,True,False,True,False,False,True,False,False,False
Subin-Vidhu/2025,910750550,main,2025-01-01T09:53:14Z,0,1_Face Recognition with Machine Learning + Deploy Flask  App/2_Train_FaceRecognition_with_ML/01_FRM_data_preprocessing_crop_faces.ipynb,5add4a7b56f8c32c3b0568dccb3b08ad71faacf5,731178,https://github.com/Subin-Vidhu/2025/blob/main/1_Face%20Recognition%20with%20Machine%20Learning%20%2B%20Deploy%20Flask%20%20App/2_Train_FaceRecognition_with_ML/01_FRM_data_preprocessing_crop_faces.ipynb,True,python3,python,3.9.12,14,8,6,0,8,100.0,True,False,0,0,8,5,True,True,False,False,False,False,4,"[[""numpy"", 1], [""cv2"", 1], [""glob"", 1], [""matplotlib"", 1]]",False,False,False,True,False,True,False,False,True,False,False,False
Subin-Vidhu/2025,910750550,main,2025-01-01T09:53:14Z,0,1_Face Recognition with Machine Learning + Deploy Flask  App/2_Train_FaceRecognition_with_ML/02_FRM_data_preprocessing_EDA.ipynb,03751030a1ac300aee48d7303b42cc8178b2e3c3,107917,https://github.com/Subin-Vidhu/2025/blob/main/1_Face%20Recognition%20with%20Machine%20Learning%20%2B%20Deploy%20Flask%20%20App/2_Train_FaceRecognition_with_ML/02_FRM_data_preprocessing_EDA.ipynb,True,python3,python,3.9.12,32,25,7,0,25,100.0,True,False,0,0,25,16,True,True,True,False,False,False,8,"[[""numpy"", 1], [""pandas"", 1], [""matplotlib"", 1], [""seaborn"", 1], [""cv2"", 1], [""glob"", 1], [""warnings"", 1], [""pickle"", 1]]",False,True,False,True,False,True,False,False,True,False,False,False
Subin-Vidhu/2025,910750550,main,2025-01-01T09:53:14Z,0,1_Face Recognition with Machine Learning + Deploy Flask  App/2_Train_FaceRecognition_with_ML/03_FRM_feature_extraction_eigen_face.ipynb,aa3f8ab5b46f0e8188fbbe6f7717486e139a3d18,1371118,https://github.com/Subin-Vidhu/2025/blob/main/1_Face%20Recognition%20with%20Machine%20Learning%20%2B%20Deploy%20Flask%20%20App/2_Train_FaceRecognition_with_ML/03_FRM_feature_extraction_eigen_face.ipynb,True,python3,python,3.9.12,28,22,6,0,22,100.0,True,False,0,0,22,12,True,True,True,False,False,False,6,"[[""numpy"", 1], [""pandas"", 1], [""matplotlib"", 1], [""cv2"", 1], [""sklearn"", 1], [""pickle"", 1]]",False,False,False,True,False,True,False,False,True,False,False,False
Subin-Vidhu/2025,910750550,main,2025-01-01T09:53:14Z,0,1_Face Recognition with Machine Learning + Deploy Flask  App/2_Train_FaceRecognition_with_ML/04_FRM_Machine_learning.ipynb,516ff2827a840e163856b0f740c7eabb7f8906b3,258180,https://github.com/Subin-Vidhu/2025/blob/main/1_Face%20Recognition%20with%20Machine%20Learning%20%2B%20Deploy%20Flask%20%20App/2_Train_FaceRecognition_with_ML/04_FRM_Machine_learning.ipynb,True,python3,python,3.9.12,33,26,7,0,26,100.0,True,False,0,0,26,14,True,True,True,False,False,False,9,"[[""sklearn"", 4], [""numpy"", 1], [""pandas"", 1], [""pickle"", 1], [""matplotlib"", 1], [""seaborn"", 1]]",False,False,False,True,False,True,False,False,True,False,False,False
Subin-Vidhu/2025,910750550,main,2025-01-01T09:53:14Z,0,1_Face Recognition with Machine Learning + Deploy Flask  App/2_Train_FaceRecognition_with_ML/05_FRM_make_pipeline.ipynb,e2dbbe5e79dad1b8f95c0f95c48adbbf4a2d1b7c,1254335,https://github.com/Subin-Vidhu/2025/blob/main/1_Face%20Recognition%20with%20Machine%20Learning%20%2B%20Deploy%20Flask%20%20App/2_Train_FaceRecognition_with_ML/05_FRM_make_pipeline.ipynb,True,python3,python,3.9.12,6,5,1,0,5,100.0,True,False,0,0,5,1,True,True,False,False,False,False,6,"[[""numpy"", 1], [""pandas"", 1], [""sklearn"", 1], [""pickle"", 1], [""matplotlib"", 1], [""cv2"", 1]]",False,False,False,True,False,True,False,False,True,False,False,False
Subin-Vidhu/2025,910750550,main,2025-01-01T09:53:14Z,0,1_Face Recognition with Machine Learning + Deploy Flask  App/2_Train_FaceRecognition_with_ML/06_FRM_predictions.ipynb,66d62996c08c4aa4819836d2d18562d4b93a1e18,1687851,https://github.com/Subin-Vidhu/2025/blob/main/1_Face%20Recognition%20with%20Machine%20Learning%20%2B%20Deploy%20Flask%20%20App/2_Train_FaceRecognition_with_ML/06_FRM_predictions.ipynb,True,python3,python,3.9.12,8,6,2,0,6,100.0,True,False,0,0,6,3,True,True,False,True,False,False,3,"[[""cv2"", 1], [""face_recognition"", 1], [""matplotlib"", 1]]",False,False,False,True,False,True,False,False,True,False,False,False
Subin-Vidhu/2025,910750550,main,2025-01-01T09:53:14Z,0,4_GenAI Essentials – Full Course for Beginners/GenAI-Essentials/ai21-labs/basic.ipynb,5ebed48f6ccfe43457417f81b38d8324a146e46b,2254,https://github.com/Subin-Vidhu/2025/blob/main/4_GenAI%20Essentials%20%E2%80%93%20Full%20Course%20for%20Beginners/GenAI-Essentials/ai21-labs/basic.ipynb,True,python3,python,3.12.1,3,3,0,0,3,100.0,True,False,3,0,7,2,False,False,False,False,False,False,5,"[[""ai21"", 3], [""os"", 1], [""dotenv"", 1]]",False,False,False,False,False,True,False,False,True,False,False,False
Subin-Vidhu/2025,910750550,main,2025-01-01T09:53:14Z,0,4_GenAI Essentials – Full Course for Beginners/GenAI-Essentials/amazon-bedrock/basic.ipynb,28d901137945abbf235532dd7aff6fc4fbca67d0,3337,https://github.com/Subin-Vidhu/2025/blob/main/4_GenAI%20Essentials%20%E2%80%93%20Full%20Course%20for%20Beginners/GenAI-Essentials/amazon-bedrock/basic.ipynb,True,python3,python,3.11.10,6,6,0,0,5,83.33333333333334,True,False,5,5,10,2,False,False,False,False,False,False,1,"[[""boto3"", 1]]",False,False,False,False,False,True,False,False,True,False,False,False
Subin-Vidhu/2025,910750550,main,2025-01-01T09:53:14Z,0,4_GenAI Essentials – Full Course for Beginners/GenAI-Essentials/anthropic/basic.ipynb,66749fa2767dd781da3459d76be640ec968dc48f,1875,https://github.com/Subin-Vidhu/2025/blob/main/4_GenAI%20Essentials%20%E2%80%93%20Full%20Course%20for%20Beginners/GenAI-Essentials/anthropic/basic.ipynb,True,python3,python,3.12.1,3,3,0,0,3,100.0,True,True,5,5,8,3,True,False,False,False,False,False,2,"[[""dotenv"", 1], [""anthropic"", 1]]",False,False,False,False,False,True,False,False,True,False,False,False
Subin-Vidhu/2025,910750550,main,2025-01-01T09:53:14Z,0,4_GenAI Essentials – Full Course for Beginners/GenAI-Essentials/azure-ai-foundry/basic.ipynb,c684b2d59e4ba131bbd8202d490385010eb60536,3748,https://github.com/Subin-Vidhu/2025/blob/main/4_GenAI%20Essentials%20%E2%80%93%20Full%20Course%20for%20Beginners/GenAI-Essentials/azure-ai-foundry/basic.ipynb,True,python3,python,3.10.11,6,5,1,0,3,60.0,True,False,0,0,7,1,False,False,False,False,False,False,2,"[[""azure"", 2]]",False,False,False,False,False,True,False,False,True,False,False,False
Subin-Vidhu/2025,910750550,main,2025-01-01T09:53:14Z,0,4_GenAI Essentials – Full Course for Beginners/GenAI-Essentials/cohere/basic.ipynb,3144d7587475b66894402e5f21c7b4890b119851,2054,https://github.com/Subin-Vidhu/2025/blob/main/4_GenAI%20Essentials%20%E2%80%93%20Full%20Course%20for%20Beginners/GenAI-Essentials/cohere/basic.ipynb,True,python3,python,3.12.1,3,3,0,0,3,100.0,True,False,0,0,3,3,True,False,False,False,False,False,3,"[[""dotenv"", 1], [""os"", 1], [""cohere"", 1]]",False,False,False,False,False,True,False,False,True,False,False,False
Subin-Vidhu/2025,910750550,main,2025-01-01T09:53:14Z,0,4_GenAI Essentials – Full Course for Beginners/GenAI-Essentials/google-ai-studio/basic.ipynb,64cde338308139106d5a1befd97b89cdbead1de0,5848,https://github.com/Subin-Vidhu/2025/blob/main/4_GenAI%20Essentials%20%E2%80%93%20Full%20Course%20for%20Beginners/GenAI-Essentials/google-ai-studio/basic.ipynb,True,python3,python,3.12.1,3,3,0,0,3,100.0,True,False,1,0,5,3,True,False,False,False,False,False,3,"[[""dotenv"", 1], [""os"", 1], [""google"", 1]]",False,False,False,False,False,True,False,False,True,False,False,False
Subin-Vidhu/2025,910750550,main,2025-01-01T09:53:14Z,0,4_GenAI Essentials – Full Course for Beginners/GenAI-Essentials/hugging-face/hf-basic.ipynb,075691fba558ee1ec1fe70f2a4687080c8caee63,2204,https://github.com/Subin-Vidhu/2025/blob/main/4_GenAI%20Essentials%20%E2%80%93%20Full%20Course%20for%20Beginners/GenAI-Essentials/hugging-face/hf-basic.ipynb,True,python3,python,3.10.10,4,4,0,0,4,100.0,True,False,5,5,9,4,True,False,False,False,False,False,3,"[[""dotenv"", 1], [""os"", 1], [""transformers"", 1]]",False,False,False,False,False,True,False,False,True,False,False,False
Subin-Vidhu/2025,910750550,main,2025-01-01T09:53:14Z,0,4_GenAI Essentials – Full Course for Beginners/GenAI-Essentials/hugging-face/hf-dataset.ipynb,e412f416bd28b6c19dc301e8e664a59fe07b716e,13080,https://github.com/Subin-Vidhu/2025/blob/main/4_GenAI%20Essentials%20%E2%80%93%20Full%20Course%20for%20Beginners/GenAI-Essentials/hugging-face/hf-dataset.ipynb,True,python3,python,3.10.10,17,17,0,0,16,94.11764705882352,True,True,3,3,17,7,True,False,True,False,False,True,5,"[[""dotenv"", 1], [""os"", 1], [""torch"", 1], [""datasets"", 1], [""transformers"", 1]]",False,True,False,True,False,True,False,False,True,False,False,False
Subin-Vidhu/2025,910750550,main,2025-01-01T09:53:14Z,0,4_GenAI Essentials – Full Course for Beginners/GenAI-Essentials/openai/basic.ipynb,325eda20424edc53795043956cad7a85748168ea,2031,https://github.com/Subin-Vidhu/2025/blob/main/4_GenAI%20Essentials%20%E2%80%93%20Full%20Course%20for%20Beginners/GenAI-Essentials/openai/basic.ipynb,True,python3,python,3.12.1,3,3,0,0,3,100.0,True,False,0,0,3,3,True,False,False,False,False,False,2,"[[""dotenv"", 1], [""openai"", 1]]",False,False,False,False,False,True,False,False,True,False,False,False
Subin-Vidhu/2025,910750550,main,2025-01-01T09:53:14Z,0,4_GenAI Essentials – Full Course for Beginners/GenAI-Essentials/pgvector/basic.ipynb,f7e7927f8b99be960171b400bb2fb6159ecbcf4c,14049,https://github.com/Subin-Vidhu/2025/blob/main/4_GenAI%20Essentials%20%E2%80%93%20Full%20Course%20for%20Beginners/GenAI-Essentials/pgvector/basic.ipynb,True,python3,python,3.12.1,4,4,0,0,4,100.0,True,False,0,0,23,3,False,False,False,False,False,False,5,"[[""psycopg2"", 2], [""numpy"", 1], [""typing"", 1], [""sentence_transformers"", 1]]",False,True,True,True,False,True,False,False,True,False,False,False
Subin-Vidhu/2025,910750550,main,2025-01-01T09:53:14Z,0,4_GenAI Essentials – Full Course for Beginners/GenAI-Essentials/pinecone/basic.ipynb,32579bab8ea196deeffe6680ddfd5ab702947e35,10812,https://github.com/Subin-Vidhu/2025/blob/main/4_GenAI%20Essentials%20%E2%80%93%20Full%20Course%20for%20Beginners/GenAI-Essentials/pinecone/basic.ipynb,True,python3,python,3.12.1,10,9,1,0,9,100.0,True,False,0,0,10,7,True,False,False,False,False,False,5,"[[""pinecone"", 2], [""os"", 1], [""dotenv"", 1], [""time"", 1]]",False,False,False,True,False,True,False,False,True,False,False,False
Subin-Vidhu/2025,910750550,main,2025-01-01T09:53:14Z,0,4_GenAI Essentials – Full Course for Beginners/GenAI-Essentials/pinecone/cohere_and_pinecone.ipynb,ef5bdc787395da2902aac46bf3d60a4c1ec73d0e,13950,https://github.com/Subin-Vidhu/2025/blob/main/4_GenAI%20Essentials%20%E2%80%93%20Full%20Course%20for%20Beginners/GenAI-Essentials/pinecone/cohere_and_pinecone.ipynb,True,python3,python,3.12.1,10,10,0,0,10,100.0,True,True,3,3,12,6,True,False,False,False,False,False,6,"[[""os"", 1], [""dotenv"", 1], [""cohere"", 1], [""datasets"", 1], [""numpy"", 1], [""pinecone"", 1]]",False,False,False,True,False,True,False,False,True,False,False,False
Subin-Vidhu/2025,910750550,main,2025-01-01T09:53:14Z,0,4_GenAI Essentials – Full Course for Beginners/GenAI-Essentials/prompting/react/basic.ipynb,0932cf35ca273934ed58deb5270d363991faf83f,8386,https://github.com/Subin-Vidhu/2025/blob/main/4_GenAI%20Essentials%20%E2%80%93%20Full%20Course%20for%20Beginners/GenAI-Essentials/prompting/react/basic.ipynb,True,python3,python,3.12.1,12,12,0,0,12,100.0,True,True,16,14,28,7,True,False,False,False,False,False,5,"[[""dotenv"", 1], [""openai"", 1], [""re"", 1], [""requests"", 1], [""os"", 1]]",False,True,False,True,False,True,False,False,True,False,False,True
Subin-Vidhu/2025,910750550,main,2025-01-01T09:53:14Z,0,4_GenAI Essentials – Full Course for Beginners/GenAI-Essentials/serpapi/basic.ipynb,37f180a6ea6006f95f0b96c13ee3d9202c94928d,23111,https://github.com/Subin-Vidhu/2025/blob/main/4_GenAI%20Essentials%20%E2%80%93%20Full%20Course%20for%20Beginners/GenAI-Essentials/serpapi/basic.ipynb,True,python3,python,3.12.1,11,11,0,0,11,100.0,True,True,7,5,19,7,True,False,False,False,False,False,7,"[[""os"", 1], [""dotenv"", 1], [""json"", 1], [""serpapi"", 1], [""requests"", 1], [""bs4"", 1], [""anthropic"", 1]]",False,True,False,True,False,True,False,False,True,False,False,False
warpdynamicsltd/reason,910838844,main,2025-01-01T15:36:49Z,1,notebooks/zfc.ipynb,3e96c493b93c0b331601acd21a529323933ab21c,3617,https://github.com/warpdynamicsltd/reason/blob/main/notebooks/zfc.ipynb,True,python3,python,2.7.6,5,5,0,0,4,80.0,True,True,2,1,6,1,False,False,False,False,False,False,3,"[[""reason"", 3]]",False,False,False,False,False,False,True,False,True,False,False,False
HeyLucasLeao/tinyshift,910815991,main,2025-01-01T14:17:04Z,5,tinyshift/examples/outlier.ipynb,cbd5cab5bb910e1eae28559518a6e8f3f748971a,1277609,https://github.com/HeyLucasLeao/tinyshift/blob/main/tinyshift/examples/outlier.ipynb,True,python3,python,3.12.3,32,27,5,0,27,100.0,True,False,0,0,27,19,True,True,True,False,False,False,10,"[[""tinyshift"", 3], [""sklearn"", 2], [""sys"", 1], [""os"", 1], [""numpy"", 1], [""pandas"", 1], [""plotly"", 1]]",False,True,False,False,False,False,False,False,False,False,False,False
HeyLucasLeao/tinyshift,910815991,main,2025-01-01T14:17:04Z,5,tinyshift/examples/series.ipynb,f998d82100be989d54caa81b56bd1c9862f2c086,232811,https://github.com/HeyLucasLeao/tinyshift/blob/main/tinyshift/examples/series.ipynb,True,python3,python,3.12.3,42,31,11,0,31,100.0,True,True,42,42,75,25,True,False,False,False,False,True,10,"[[""tinyshift"", 3], [""numpy"", 2], [""plotly"", 2], [""sys"", 1], [""os"", 1], [""yfinance"", 1]]",False,False,False,True,False,False,False,False,False,False,False,False
HeyLucasLeao/tinyshift,910815991,main,2025-01-01T14:17:04Z,5,tinyshift/examples/tracker.ipynb,40a770233e013d28da0261adee1a2efebb53be36,998245,https://github.com/HeyLucasLeao/tinyshift/blob/main/tinyshift/examples/tracker.ipynb,True,python3,python,3.12.3,67,48,19,0,48,100.0,True,False,0,0,48,27,True,True,True,False,False,False,13,"[[""numpy"", 3], [""tinyshift"", 3], [""sklearn"", 2], [""datetime"", 2], [""sys"", 1], [""os"", 1], [""pandas"", 1]]",False,True,False,True,False,False,False,False,False,False,False,False
HeyLucasLeao/tinyshift,910815991,main,2025-01-01T14:17:04Z,5,tinyshift/examples/transaction_analyzer.ipynb,d78ffb66967c01accdacf6d7d0a7304af5f9a199,21062,https://github.com/HeyLucasLeao/tinyshift/blob/main/tinyshift/examples/transaction_analyzer.ipynb,True,python3,python,3.10.16,19,12,7,0,11,91.66666666666666,True,True,4,4,16,9,True,False,True,False,False,False,3,"[[""sys"", 1], [""os"", 1], [""tinyshift"", 1]]",False,False,False,True,False,False,False,False,False,False,False,False
HeyLucasLeao/tinyshift,910815991,main,2025-01-01T14:17:04Z,5,tinyshift/examples/ts_diagnostics.ipynb,ee67b27e780eba94647321fc09741cf7c5a2d322,1565198,https://github.com/HeyLucasLeao/tinyshift/blob/main/tinyshift/examples/ts_diagnostics.ipynb,True,python3,python,3.12.3,14,11,3,0,11,100.0,True,False,3,3,14,5,True,True,False,False,False,False,7,"[[""utilsforecast"", 2], [""tinyshift"", 2], [""sys"", 1], [""os"", 1], [""scipy"", 1]]",False,True,False,True,False,False,False,False,False,False,False,False
Robert-T-Remuszka/ImmigrationTfp,910953935,main,2025-01-01T22:22:19Z,0,code/AcsPull.ipynb,4b1d2eaa0d8ac14507c0f847a614224a77a9afa4,9207,https://github.com/Robert-T-Remuszka/ImmigrationTfp/blob/main/code/AcsPull.ipynb,True,python3,python,3.12.8,5,3,2,0,3,100.0,True,False,16,15,19,2,False,False,False,False,False,False,6,"[[""pandas"", 1], [""numpy"", 1], [""ipumspy"", 1], [""Credentials"", 1], [""Functions"", 1], [""pathlib"", 1]]",False,False,False,True,False,False,False,False,False,False,False,False
Robert-T-Remuszka/ImmigrationTfp,910953935,main,2025-01-01T22:22:19Z,0,code/BeaPull.ipynb,100403f54ffa77cbb0fbb05789acda1310b0024d,25861,https://github.com/Robert-T-Remuszka/ImmigrationTfp/blob/main/code/BeaPull.ipynb,True,python3,python,3.13.1,10,9,1,0,9,100.0,True,False,0,0,9,6,True,False,True,False,False,False,4,"[[""beaapi"", 1], [""pandas"", 1], [""Credentials"", 1], [""Functions"", 1]]",False,False,False,False,False,False,False,False,False,False,False,False
Robert-T-Remuszka/ImmigrationTfp,910953935,main,2025-01-01T22:22:19Z,0,code/CpsPull.ipynb,0f60b40512efb42b106a84757df19b761ca09735,2893,https://github.com/Robert-T-Remuszka/ImmigrationTfp/blob/main/code/CpsPull.ipynb,True,python3,python,3.12.8,4,3,1,0,2,66.66666666666666,True,False,0,0,3,1,False,False,False,False,False,False,6,"[[""pandas"", 1], [""numpy"", 1], [""ipumspy"", 1], [""Credentials"", 1], [""Functions"", 1], [""pathlib"", 1]]",False,False,False,True,False,False,False,False,False,False,False,False
Robert-T-Remuszka/ImmigrationTfp,910953935,main,2025-01-01T22:22:19Z,0,code/MakeStateAnalysis.ipynb,ee2622813234caf75c52fbcb01d61e80d332513f,239538,https://github.com/Robert-T-Remuszka/ImmigrationTfp/blob/main/code/MakeStateAnalysis.ipynb,True,python3,python,3.12.8,30,21,9,0,21,100.0,True,False,1,1,57,16,True,False,True,False,False,True,0,[],False,False,False,True,False,False,False,False,False,False,False,False
AktI-Tech/AktI-Tech,910775360,main,2025-01-01T11:42:30Z,0,app.ipynb,34171519665f5b9cb578b7671c7ccb9bbfb639fd,11206,https://github.com/AktI-Tech/AktI-Tech/blob/main/app.ipynb,True,python3,python,,5,2,3,0,1,50.0,True,False,0,0,13,1,False,False,False,True,False,False,1,"[[""vanna"", 1]]",False,False,False,False,False,False,False,False,False,False,False,False
obvio-upasana/Python-ML,910714726,main,2025-01-01T07:00:18Z,0,building-a-brain/BuildingABrain.ipynb,bb06b6ed5433126b44c63f21862faf9a66738c24,583028,https://github.com/obvio-upasana/Python-ML/blob/main/building-a-brain/BuildingABrain.ipynb,True,python3,python,,37,17,20,0,16,94.11764705882352,True,False,11,11,27,15,True,True,True,True,False,False,4,"[[""matplotlib"", 2], [""IPython"", 1], [""tensorflow"", 1]]",False,False,False,False,False,False,False,False,False,False,False,False
rnailwal/academicpages.github.io,910877667,master,2025-01-01T17:50:55Z,0,markdown_generator/publications.ipynb,fa9c89dec3a6cc9f2347690c04f3357dc13d8e67,14391,https://github.com/rnailwal/academicpages.github.io/blob/master/markdown_generator/publications.ipynb,True,python3,python,3.6.1,15,8,7,0,7,87.5,True,False,0,0,16,4,True,False,True,False,False,False,2,"[[""pandas"", 1], [""os"", 1]]",False,True,False,True,False,False,False,False,False,False,False,False
rnailwal/academicpages.github.io,910877667,master,2025-01-01T17:50:55Z,0,markdown_generator/talks.ipynb,f7e2347d34f2f3f226a681a4781d66c05160f104,13836,https://github.com/rnailwal/academicpages.github.io/blob/master/markdown_generator/talks.ipynb,True,python3,python,3.6.1,13,7,6,0,7,100.0,True,False,0,0,7,4,True,False,True,False,False,False,2,"[[""pandas"", 1], [""os"", 1]]",False,True,False,True,False,False,False,False,False,False,False,False
rnailwal/academicpages.github.io,910877667,master,2025-01-01T17:50:55Z,0,talkmap.ipynb,f3aa57cd3b133d79235473f9590d014bedabeb21,4102,https://github.com/rnailwal/academicpages.github.io/blob/master/talkmap.ipynb,True,Python [Root],python,3.5.2,7,6,1,0,5,83.33333333333334,True,False,0,0,5,3,True,False,False,False,False,False,0,[],False,False,False,True,False,False,False,False,False,False,False,False
jagadeeshpuvvula/pm_metabolomics,910847837,main,2025-01-01T16:08:06Z,0,.ipynb_checkpoints/sankey_plt-checkpoint.ipynb,9232bbd5205d02d6d1fb452346a1e0b6f4dd1f0c,9725662,https://github.com/jagadeeshpuvvula/pm_metabolomics/blob/main/.ipynb_checkpoints/sankey_plt-checkpoint.ipynb,True,python3,python,3.13.2,5,5,0,0,4,80.0,True,False,26,26,33,2,True,False,True,False,False,True,0,[],False,True,False,True,False,False,False,False,False,False,False,False
jagadeeshpuvvula/pm_metabolomics,910847837,main,2025-01-01T16:08:06Z,0,sankey_plt.ipynb,f6ec299f821ddbe0341470aa4920baed346ca32e,4910299,https://github.com/jagadeeshpuvvula/pm_metabolomics/blob/main/sankey_plt.ipynb,True,python3,python,3.12.8,6,6,0,0,3,50.0,True,False,1,1,4,3,True,False,True,True,False,True,0,[],False,True,False,True,False,False,False,False,False,False,False,False
WimCasteels/WimCasteels.github.io,910917535,main,2025-01-01T19:29:21Z,0,assets/jupyter/blog.ipynb,3b6cdca558b8debeddd9bc97e2a4c701071de682,913,https://github.com/WimCasteels/WimCasteels.github.io/blob/main/assets/jupyter/blog.ipynb,True,python3,python,3.6.2,1,1,0,0,1,100.0,True,False,0,0,1,1,True,False,False,False,False,False,1,"[[""sys"", 1]]",False,False,False,False,False,True,False,False,True,False,False,False
ys-qu/ys-qu.github.io,910911005,main,2025-01-01T19:02:22Z,0,assets/jupyter/blog.ipynb,bc870dcd161e97a1cb6e5d7193a8e0228e4fa9e7,865,https://github.com/ys-qu/ys-qu.github.io/blob/main/assets/jupyter/blog.ipynb,True,python3,python,3.6.2,1,1,0,0,1,100.0,True,False,0,0,1,1,True,False,False,False,False,False,1,"[[""sys"", 1]]",False,False,False,False,False,True,False,False,True,False,False,False
FrankYang-17/FrankYang-17.github.io,910805944,master,2025-01-01T13:41:24Z,0,markdown_generator/publications.ipynb,fa9c89dec3a6cc9f2347690c04f3357dc13d8e67,14391,https://github.com/FrankYang-17/FrankYang-17.github.io/blob/master/markdown_generator/publications.ipynb,True,python3,python,3.6.1,15,8,7,0,7,87.5,True,False,0,0,16,4,True,False,True,False,False,False,2,"[[""pandas"", 1], [""os"", 1]]",False,True,False,True,False,False,False,False,False,False,False,False
FrankYang-17/FrankYang-17.github.io,910805944,master,2025-01-01T13:41:24Z,0,markdown_generator/talks.ipynb,f7e2347d34f2f3f226a681a4781d66c05160f104,13836,https://github.com/FrankYang-17/FrankYang-17.github.io/blob/master/markdown_generator/talks.ipynb,True,python3,python,3.6.1,13,7,6,0,7,100.0,True,False,0,0,7,4,True,False,True,False,False,False,2,"[[""pandas"", 1], [""os"", 1]]",False,True,False,True,False,False,False,False,False,False,False,False
FrankYang-17/FrankYang-17.github.io,910805944,master,2025-01-01T13:41:24Z,0,talkmap.ipynb,f3aa57cd3b133d79235473f9590d014bedabeb21,4102,https://github.com/FrankYang-17/FrankYang-17.github.io/blob/master/talkmap.ipynb,True,Python [Root],python,3.5.2,7,6,1,0,5,83.33333333333334,True,False,0,0,5,3,True,False,False,False,False,False,0,[],False,False,False,True,False,False,False,False,False,False,False,False
Tasnym001/AbbaBashir93,910827780,main,2025-01-01T14:57:46Z,1,GUI_FOR_SOLAR_RADIATION.ipynb,43748925412a35ebbf49da1c84d4f2e4def62948,96271,https://github.com/Tasnym001/AbbaBashir93/blob/main/GUI_FOR_SOLAR_RADIATION.ipynb,True,python3,python,,2,1,1,0,1,100.0,True,False,0,0,1,1,True,False,False,False,False,True,0,[],False,False,False,False,False,False,False,False,False,False,False,False
Tasnym001/AbbaBashir93,910827780,main,2025-01-01T14:57:46Z,1,GUI_for_MLP_FA.ipynb,36711959b574460c6364530236ed51bf61fa70f3,160390,https://github.com/Tasnym001/AbbaBashir93/blob/main/GUI_for_MLP_FA.ipynb,True,python3,python,,9,8,1,0,8,100.0,True,False,0,0,8,8,True,False,False,False,False,True,3,"[[""mealpy"", 3]]",False,False,False,False,False,False,False,False,False,False,False,False
Tasnym001/AbbaBashir93,910827780,main,2025-01-01T14:57:46Z,1,GUI_for_Transfer_learning_stacked_model.ipynb,d943facdebe31132474fec97988586c409299a95,556072,https://github.com/Tasnym001/AbbaBashir93/blob/main/GUI_for_Transfer_learning_stacked_model.ipynb,True,python3,python,,2,1,1,0,1,100.0,True,False,0,0,2,1,True,False,False,False,False,True,0,[],False,False,False,False,False,False,False,False,False,False,False,False
Tasnym001/AbbaBashir93,910827780,main,2025-01-01T14:57:46Z,1,"XGB_BO,_GB_BO,_ADA_BO,_CAT_BO,.ipynb",92e1ea242d5b09598f130aa45f872dcac2d327ef,1849084,"https://github.com/Tasnym001/AbbaBashir93/blob/main/XGB_BO,_GB_BO,_ADA_BO,_CAT_BO,.ipynb",True,python3,python,,21,20,1,0,10,50.0,True,False,24,24,34,14,True,True,True,False,False,True,42,"[[""sklearn"", 12], [""numpy"", 4], [""time"", 4], [""bayes_opt"", 4], [""catboost"", 4], [""pandas"", 3], [""xgboost"", 3], [""matplotlib"", 2], [""tracemalloc"", 2], [""ipywidgets"", 1]]",False,True,False,True,False,False,False,False,False,False,False,False
AspirinCode/QRCI,910833619,main,2025-01-01T15:18:09Z,9,QRCI/QRCI_calculate_v1.1.ipynb,f447dd83d1016ae1efebdb45f7ac306daae9d380,3220186,https://github.com/AspirinCode/QRCI/blob/main/QRCI/QRCI_calculate_v1.1.ipynb,True,rdkit313,python,3.13.2,42,42,0,0,41,97.61904761904762,True,False,0,0,41,31,True,True,True,False,False,False,22,"[[""rdkit"", 7], [""scipy"", 3], [""sys"", 1], [""collections"", 1], [""pandas"", 1], [""numpy"", 1], [""QEPPI"", 1], [""sascorer"", 1], [""mols2grid"", 1], [""useful_rdkit_utils"", 1]]",False,True,True,True,False,False,False,False,False,False,False,False
AspirinCode/QRCI,910833619,main,2025-01-01T15:18:09Z,9,QRCI_calculate_v2.1.ipynb,789c8d33d5afe62b91a33ab620f4c9ae15665b7f,18891,https://github.com/AspirinCode/QRCI/blob/main/QRCI_calculate_v2.1.ipynb,True,rdkit313,python,3.13.2,5,5,0,0,4,80.0,True,False,0,0,4,4,True,True,False,False,False,False,9,"[[""rdkit"", 4], [""QRCI"", 2], [""sys"", 1], [""pandas"", 1], [""numpy"", 1]]",False,False,False,False,False,False,False,False,False,False,False,False
TheWisp/lerobot,910785325,main,2025-01-01T12:22:40Z,0,notebooks/hil-serl.ipynb,4a207bdfc0dabd0915b689e17a0f473137df64d8,4272,https://github.com/TheWisp/lerobot/blob/main/notebooks/hil-serl.ipynb,True,python3,python,3.10.14,4,2,2,0,2,100.0,True,False,2,0,27,2,False,False,False,False,False,False,0,[],False,False,False,False,False,True,False,False,True,False,False,False
mceoni/dev,910757082,main,2025-01-01T10:22:41Z,0,python/robo_cursor.ipynb,9365fde91975b0b7bb014c83d3bae9266fa73c0b,25146,https://github.com/mceoni/dev/blob/main/python/robo_cursor.ipynb,True,python3,python,3.11.9,5,5,0,0,4,80.0,True,False,4,4,8,4,False,False,False,False,False,False,4,"[[""pyautogui"", 2], [""time"", 1], [""keyboard"", 1]]",False,True,False,True,False,False,False,False,False,False,False,False
kimushun1101/typst-packages,910743251,main,2025-01-01T09:20:17Z,0,packages/preview/callisto/0.1.0/tests/notebooks/Data.ipynb,b2e7ad486aea55bb66fd9c3822a47903639afd00,38658,https://github.com/kimushun1101/typst-packages/blob/main/packages/preview/callisto/0.1.0/tests/notebooks/Data.ipynb,True,python3,python,3.7.3,6,4,2,0,3,75.0,True,True,0,0,4,2,True,False,True,False,False,False,2,"[[""pandas"", 1], [""json"", 1]]",False,False,False,True,False,False,False,False,False,False,False,False
kimushun1101/typst-packages,910743251,main,2025-01-01T09:20:17Z,0,packages/preview/callisto/0.1.0/tests/notebooks/Lorenz.ipynb,f459948e0076fb061182c349c97104f582adc790,245780,https://github.com/kimushun1101/typst-packages/blob/main/packages/preview/callisto/0.1.0/tests/notebooks/Lorenz.ipynb,True,python3,python,3.10.12,16,9,7,0,9,100.0,True,False,0,0,9,5,True,True,False,False,False,True,2,"[[""lorenz"", 1], [""matplotlib"", 1]]",False,False,False,False,False,False,False,False,False,False,False,False
kimushun1101/typst-packages,910743251,main,2025-01-01T09:20:17Z,0,packages/preview/callisto/0.1.0/tests/notebooks/python.ipynb,0214e9a77c182806214e5fd897ca91bc1b015773,4409,https://github.com/kimushun1101/typst-packages/blob/main/packages/preview/callisto/0.1.0/tests/notebooks/python.ipynb,True,python3,python,3.10.12,7,5,2,0,4,80.0,True,True,3,3,10,4,True,True,False,False,False,False,3,"[[""sys"", 1], [""base64"", 1], [""IPython"", 1]]",False,False,False,False,False,False,False,False,False,False,False,False
kimushun1101/typst-packages,910743251,main,2025-01-01T09:20:17Z,0,packages/preview/callisto/0.2.2/docs/example.ipynb,567d695506f3e23881f2d12626a7c385aad6bc18,44135,https://github.com/kimushun1101/typst-packages/blob/main/packages/preview/callisto/0.2.2/docs/example.ipynb,True,python3,python,3.12.9,6,4,2,0,4,100.0,True,False,0,0,4,4,True,True,False,False,False,False,2,"[[""matplotlib"", 2]]",False,False,False,False,False,False,False,False,False,False,False,False
kimushun1101/typst-packages,910743251,main,2025-01-01T09:20:17Z,0,packages/preview/callisto/0.2.3/docs/example.ipynb,567d695506f3e23881f2d12626a7c385aad6bc18,44135,https://github.com/kimushun1101/typst-packages/blob/main/packages/preview/callisto/0.2.3/docs/example.ipynb,True,python3,python,3.12.9,6,4,2,0,4,100.0,True,False,0,0,4,4,True,True,False,False,False,False,2,"[[""matplotlib"", 2]]",False,False,False,False,False,False,False,False,False,False,False,False
kimushun1101/typst-packages,910743251,main,2025-01-01T09:20:17Z,0,packages/preview/callisto/0.2.4/docs/example.ipynb,567d695506f3e23881f2d12626a7c385aad6bc18,44135,https://github.com/kimushun1101/typst-packages/blob/main/packages/preview/callisto/0.2.4/docs/example.ipynb,True,python3,python,3.12.9,6,4,2,0,4,100.0,True,False,0,0,4,4,True,True,False,False,False,False,2,"[[""matplotlib"", 2]]",False,False,False,False,False,False,False,False,False,False,False,False
Lyu6PosHao/HME,910851930,main,2025-01-01T16:22:19Z,10,notebooks/notebook.ipynb,35039d910a3e937b0fad50e446752597bf16f5ab,105777,https://github.com/Lyu6PosHao/HME/blob/main/notebooks/notebook.ipynb,True,python3,python,3.10.13,23,10,13,0,2,20.0,True,False,9,0,11,10,True,True,False,False,False,True,26,"[[""hme"", 11], [""rdkit"", 8], [""torch"", 3], [""transformers"", 3], [""IPython"", 1]]",False,False,False,True,False,True,False,False,True,False,False,False
vannpacks/vannpacks.github.io,910868356,master,2025-01-01T17:18:15Z,0,markdown_generator/publications.ipynb,fa9c89dec3a6cc9f2347690c04f3357dc13d8e67,14391,https://github.com/vannpacks/vannpacks.github.io/blob/master/markdown_generator/publications.ipynb,True,python3,python,3.6.1,15,8,7,0,7,87.5,True,False,0,0,16,4,True,False,True,False,False,False,2,"[[""pandas"", 1], [""os"", 1]]",False,True,False,True,False,False,False,False,False,False,False,False
vannpacks/vannpacks.github.io,910868356,master,2025-01-01T17:18:15Z,0,markdown_generator/talks.ipynb,f7e2347d34f2f3f226a681a4781d66c05160f104,13836,https://github.com/vannpacks/vannpacks.github.io/blob/master/markdown_generator/talks.ipynb,True,python3,python,3.6.1,13,7,6,0,7,100.0,True,False,0,0,7,4,True,False,True,False,False,False,2,"[[""pandas"", 1], [""os"", 1]]",False,True,False,True,False,False,False,False,False,False,False,False
vannpacks/vannpacks.github.io,910868356,master,2025-01-01T17:18:15Z,0,talkmap.ipynb,f3aa57cd3b133d79235473f9590d014bedabeb21,4102,https://github.com/vannpacks/vannpacks.github.io/blob/master/talkmap.ipynb,True,Python [Root],python,3.5.2,7,6,1,0,5,83.33333333333334,True,False,0,0,5,3,True,False,False,False,False,False,0,[],False,False,False,True,False,False,False,False,False,False,False,False
emadmansour86/sweteam1,910897931,main,2025-01-01T18:12:38Z,0,Hands_on_notebook_introduction_to_Python.ipynb,97d2827566d46553f90b1dc2fe11809c7c262fcc,56171,https://github.com/emadmansour86/sweteam1/blob/main/Hands_on_notebook_introduction_to_Python.ipynb,True,python3,python,3.8.8,168,77,91,0,2,2.5974025974025974,True,False,1,0,46,2,False,False,False,True,False,False,0,[],False,False,False,True,False,False,False,False,False,False,False,False
iqbaldiit/leetcode-problem-solution,910723702,main,2025-01-01T07:45:12Z,1,Introduction to Pandas/Change Data Type.ipynb,00e779ee755b2fbc58d89e21ce70f55f1fced5d9,3763,https://github.com/iqbaldiit/leetcode-problem-solution/blob/main/Introduction%20to%20Pandas/Change%20Data%20Type.ipynb,True,python3,python,3.12.4,2,2,0,0,2,100.0,True,False,0,0,13,1,True,False,True,False,False,False,1,"[[""pandas"", 1]]",False,True,False,False,False,False,False,False,False,False,False,False
iqbaldiit/leetcode-problem-solution,910723702,main,2025-01-01T07:45:12Z,1,Introduction to Pandas/Create a New Column.ipynb,5674ae3e1118e8a6c0347589c60efa0195467dc1,4887,https://github.com/iqbaldiit/leetcode-problem-solution/blob/main/Introduction%20to%20Pandas/Create%20a%20New%20Column.ipynb,True,python3,python,3.12.4,2,2,0,0,2,100.0,True,False,0,0,9,1,True,False,True,False,False,False,1,"[[""pandas"", 1]]",False,True,False,False,False,False,False,False,False,False,False,False
iqbaldiit/leetcode-problem-solution,910723702,main,2025-01-01T07:45:12Z,1,Introduction to Pandas/Create a dataframe from list.ipynb,f6d495a2edab31fa6f94c275d07f7512aae23588,3665,https://github.com/iqbaldiit/leetcode-problem-solution/blob/main/Introduction%20to%20Pandas/Create%20a%20dataframe%20from%20list.ipynb,True,python3,python,3.12.4,3,2,1,0,2,100.0,True,False,0,0,6,1,True,False,True,False,False,False,2,"[[""typing"", 1], [""pandas"", 1]]",False,True,False,False,False,False,False,False,False,False,False,False
iqbaldiit/leetcode-problem-solution,910723702,main,2025-01-01T07:45:12Z,1,Introduction to Pandas/Display the First Three Rows.ipynb,6fedc006972a665f5331dcc9d1a3320f1e1a20a6,4904,https://github.com/iqbaldiit/leetcode-problem-solution/blob/main/Introduction%20to%20Pandas/Display%20the%20First%20Three%20Rows.ipynb,True,python3,python,3.12.4,3,2,1,0,2,100.0,True,False,0,0,5,1,True,False,True,False,False,False,1,"[[""pandas"", 1]]",False,True,False,False,False,False,False,False,False,False,False,False
iqbaldiit/leetcode-problem-solution,910723702,main,2025-01-01T07:45:12Z,1,Introduction to Pandas/Drop Duplicate Rows.ipynb,ba2abebbcc092cd514e146e314f6bb596a50c0c2,5336,https://github.com/iqbaldiit/leetcode-problem-solution/blob/main/Introduction%20to%20Pandas/Drop%20Duplicate%20Rows.ipynb,True,python3,python,3.12.4,2,2,0,0,2,100.0,True,False,0,0,16,1,True,False,True,False,False,False,1,"[[""pandas"", 1]]",False,True,False,False,False,False,False,False,False,False,False,False
iqbaldiit/leetcode-problem-solution,910723702,main,2025-01-01T07:45:12Z,1,Introduction to Pandas/Drop Missing Data.ipynb,9e81915bc1cd25dba959f7e7cbc009abea38fe91,4177,https://github.com/iqbaldiit/leetcode-problem-solution/blob/main/Introduction%20to%20Pandas/Drop%20Missing%20Data.ipynb,True,python3,python,3.12.4,2,2,0,0,2,100.0,True,False,1,0,18,1,True,False,True,False,False,False,2,"[[""pandas"", 1], [""numpy"", 1]]",False,True,False,False,False,False,False,False,False,False,False,False
iqbaldiit/leetcode-problem-solution,910723702,main,2025-01-01T07:45:12Z,1,Introduction to Pandas/Fill Missing Data.ipynb,6ff2f83ea77b54a4242dc85ba593cb7a4d99f8c2,5324,https://github.com/iqbaldiit/leetcode-problem-solution/blob/main/Introduction%20to%20Pandas/Fill%20Missing%20Data.ipynb,True,python3,python,3.12.4,2,2,0,0,2,100.0,True,False,1,0,20,1,True,False,True,False,False,False,2,"[[""pandas"", 1], [""numpy"", 1]]",False,True,False,False,False,False,False,False,False,False,False,False
iqbaldiit/leetcode-problem-solution,910723702,main,2025-01-01T07:45:12Z,1,Introduction to Pandas/Get the Size of a DataFrame.ipynb,78cbd4b7c849a016703a042670c9315c449f2bde,3663,https://github.com/iqbaldiit/leetcode-problem-solution/blob/main/Introduction%20to%20Pandas/Get%20the%20Size%20of%20a%20DataFrame.ipynb,True,python3,python,3.12.4,3,2,1,0,2,100.0,True,False,0,0,13,1,True,False,False,False,False,False,2,"[[""pandas"", 1], [""typing"", 1]]",False,True,False,False,False,False,False,False,False,False,False,False
iqbaldiit/leetcode-problem-solution,910723702,main,2025-01-01T07:45:12Z,1,Introduction to Pandas/Method Chaining.ipynb,c12a99b58d5f35f2d206da01a7f696c43d65c92e,4927,https://github.com/iqbaldiit/leetcode-problem-solution/blob/main/Introduction%20to%20Pandas/Method%20Chaining.ipynb,True,python3,python,3.12.4,2,2,0,0,2,100.0,True,False,0,0,2,1,True,False,True,False,False,False,1,"[[""pandas"", 1]]",False,True,False,False,False,False,False,False,False,False,False,False
iqbaldiit/leetcode-problem-solution,910723702,main,2025-01-01T07:45:12Z,1,Introduction to Pandas/Modify Columns.ipynb,4dcb32db152cc18ba2ee61ce68ce00120bdba700,3970,https://github.com/iqbaldiit/leetcode-problem-solution/blob/main/Introduction%20to%20Pandas/Modify%20Columns.ipynb,True,python3,python,3.12.4,2,2,0,0,2,100.0,True,False,2,0,7,1,True,False,True,False,False,False,1,"[[""pandas"", 1]]",False,True,False,False,False,False,False,False,False,False,False,False
iqbaldiit/leetcode-problem-solution,910723702,main,2025-01-01T07:45:12Z,1,Introduction to Pandas/Rename Columns.ipynb,5c90911dda9b36eb29a93de53a79b0342079a62b,5115,https://github.com/iqbaldiit/leetcode-problem-solution/blob/main/Introduction%20to%20Pandas/Rename%20Columns.ipynb,True,python3,python,3.12.4,2,2,0,0,2,100.0,True,False,1,0,14,1,True,False,True,False,False,False,1,"[[""pandas"", 1]]",False,True,False,False,False,False,False,False,False,False,False,False
iqbaldiit/leetcode-problem-solution,910723702,main,2025-01-01T07:45:12Z,1,Introduction to Pandas/Reshape Data-Concatenate.ipynb,e70d55d2c0dd0d1dd697b6b94e766e9a2af02bf5,5493,https://github.com/iqbaldiit/leetcode-problem-solution/blob/main/Introduction%20to%20Pandas/Reshape%20Data-Concatenate.ipynb,True,python3,python,3.12.4,2,2,0,0,2,100.0,True,False,1,0,10,1,True,False,True,False,False,False,1,"[[""pandas"", 1]]",False,True,False,False,False,False,False,False,False,False,False,False
iqbaldiit/leetcode-problem-solution,910723702,main,2025-01-01T07:45:12Z,1,Introduction to Pandas/Reshape Data-Melt.ipynb,995cc3b8901285a04f01d3f9eedf9451256ffe38,6083,https://github.com/iqbaldiit/leetcode-problem-solution/blob/main/Introduction%20to%20Pandas/Reshape%20Data-Melt.ipynb,True,python3,python,3.12.4,2,2,0,0,2,100.0,True,False,0,0,13,1,True,False,True,False,False,False,1,"[[""pandas"", 1]]",False,True,False,False,False,False,False,False,False,False,False,False
iqbaldiit/leetcode-problem-solution,910723702,main,2025-01-01T07:45:12Z,1,Introduction to Pandas/Reshape Data-Pivot.ipynb,bd5b415e65b8a25ae995eaa8c48f0bb10d27729a,5463,https://github.com/iqbaldiit/leetcode-problem-solution/blob/main/Introduction%20to%20Pandas/Reshape%20Data-Pivot.ipynb,True,python3,python,3.12.4,2,2,0,0,2,100.0,True,False,0,0,62,1,True,False,True,False,False,False,1,"[[""pandas"", 1]]",False,True,False,False,False,False,False,False,False,False,False,False
iqbaldiit/leetcode-problem-solution,910723702,main,2025-01-01T07:45:12Z,1,Introduction to Pandas/Select Data.ipynb,12c23fb8e7e28a91fc32e7d374f3fbac04fc70ad,3389,https://github.com/iqbaldiit/leetcode-problem-solution/blob/main/Introduction%20to%20Pandas/Select%20Data.ipynb,True,python3,python,3.12.4,2,2,0,0,2,100.0,True,False,0,0,25,1,True,False,True,False,False,False,1,"[[""pandas"", 1]]",False,True,False,False,False,False,False,False,False,False,False,False
iqbaldiit/leetcode-problem-solution,910723702,main,2025-01-01T07:45:12Z,1,Panda 50/Analyze Subscription Conversion.ipynb,18a889b6581c163c8cdeb68cb3b33f92e95bd927,18918,https://github.com/iqbaldiit/leetcode-problem-solution/blob/main/Panda%2050/Analyze%20Subscription%20Conversion.ipynb,True,python3,python,3.10.11,4,4,0,0,1,25.0,True,False,0,0,17,2,True,False,True,False,False,False,1,"[[""pandas"", 1]]",False,True,False,False,False,False,False,False,False,False,False,False
iqbaldiit/leetcode-problem-solution,910723702,main,2025-01-01T07:45:12Z,1,Panda 50/Article Views I.ipynb,ef2e5b311914ae42b1cb0c936796f7d65119d762,4455,https://github.com/iqbaldiit/leetcode-problem-solution/blob/main/Panda%2050/Article%20Views%20I.ipynb,True,python3,python,3.10.11,2,2,0,0,1,50.0,True,False,0,0,24,1,True,False,True,False,False,False,1,"[[""pandas"", 1]]",False,True,False,False,False,False,False,False,False,False,False,False
iqbaldiit/leetcode-problem-solution,910723702,main,2025-01-01T07:45:12Z,1,Panda 50/Calculate Special Bonus.ipynb,1d37c84a1356cbaee8d9f635a57b19c055935753,5144,https://github.com/iqbaldiit/leetcode-problem-solution/blob/main/Panda%2050/Calculate%20Special%20Bonus.ipynb,True,python3,python,3.10.11,2,2,0,0,2,100.0,True,False,0,0,2,1,True,False,True,False,False,False,1,"[[""pandas"", 1]]",False,True,False,False,False,False,False,False,False,False,False,False
iqbaldiit/leetcode-problem-solution,910723702,main,2025-01-01T07:45:12Z,1,Panda 50/Classes More Than 5 Students.ipynb,f27a269c01ab10405fb05a7cc7a133796e4e98c0,4277,https://github.com/iqbaldiit/leetcode-problem-solution/blob/main/Panda%2050/Classes%20More%20Than%205%20Students.ipynb,True,python3,python,3.12.4,2,2,0,0,1,50.0,True,False,0,0,21,1,True,False,True,False,False,False,1,"[[""pandas"", 1]]",False,True,False,False,False,False,False,False,False,False,False,False
iqbaldiit/leetcode-problem-solution,910723702,main,2025-01-01T07:45:12Z,1,Panda 50/Count Salary Category.ipynb,9dae8010b2a9b34447cf22854cfb571f1caffe14,5145,https://github.com/iqbaldiit/leetcode-problem-solution/blob/main/Panda%2050/Count%20Salary%20Category.ipynb,True,python3,python,3.10.11,2,2,0,0,1,50.0,True,False,0,0,15,1,True,False,True,False,False,False,1,"[[""pandas"", 1]]",False,True,False,False,False,False,False,False,False,False,False,False
iqbaldiit/leetcode-problem-solution,910723702,main,2025-01-01T07:45:12Z,1,Panda 50/Customer Placing the Largest Number of Orders.ipynb,96ef20680dd20b9346168073f44ad45033ddbeec,4884,https://github.com/iqbaldiit/leetcode-problem-solution/blob/main/Panda%2050/Customer%20Placing%20the%20Largest%20Number%20of%20Orders.ipynb,True,python3,python,3.10.11,2,2,0,0,1,50.0,True,False,0,0,13,1,True,False,True,False,False,False,1,"[[""pandas"", 1]]",False,True,False,True,False,False,False,False,False,False,False,False
iqbaldiit/leetcode-problem-solution,910723702,main,2025-01-01T07:45:12Z,1,Panda 50/Customers Who Never Order.ipynb,2afdd0e1a285d7d556c1cbba518cc837bebf472e,4379,https://github.com/iqbaldiit/leetcode-problem-solution/blob/main/Panda%2050/Customers%20Who%20Never%20Order.ipynb,True,python3,python,3.12.4,2,2,0,0,2,100.0,True,False,0,0,19,1,True,False,True,False,False,False,1,"[[""pandas"", 1]]",False,True,False,False,False,False,False,False,False,False,False,False
iqbaldiit/leetcode-problem-solution,910723702,main,2025-01-01T07:45:12Z,1,Panda 50/DNA Pattern Recognition.ipynb,a260ce093631862bfaff517674cd3ebd03bbc5a3,10466,https://github.com/iqbaldiit/leetcode-problem-solution/blob/main/Panda%2050/DNA%20Pattern%20Recognition.ipynb,True,python3,python,3.10.11,3,3,0,0,1,33.33333333333333,True,False,0,0,9,1,True,False,True,False,False,False,1,"[[""pandas"", 1]]",False,True,False,False,False,False,False,False,False,False,False,False
iqbaldiit/leetcode-problem-solution,910723702,main,2025-01-01T07:45:12Z,1,Panda 50/Daily Leads and Partners.ipynb,0502c344e0ff4d9592c2bd535f2bc3a1feded7ae,7222,https://github.com/iqbaldiit/leetcode-problem-solution/blob/main/Panda%2050/Daily%20Leads%20and%20Partners.ipynb,True,python3,python,3.10.11,2,2,0,0,1,50.0,True,False,0,0,14,1,True,False,True,True,False,False,1,"[[""pandas"", 1]]",False,True,False,False,False,False,False,False,False,False,False,False
iqbaldiit/leetcode-problem-solution,910723702,main,2025-01-01T07:45:12Z,1,Panda 50/Department Highest Salary.ipynb,5ea461925c2a1181cad2f5eee3ed45ef82df1cee,6484,https://github.com/iqbaldiit/leetcode-problem-solution/blob/main/Panda%2050/Department%20Highest%20Salary.ipynb,True,python3,python,3.10.11,2,2,0,0,1,50.0,True,False,0,0,18,1,True,False,True,False,False,False,1,"[[""pandas"", 1]]",False,True,False,False,False,False,False,False,False,False,False,False
iqbaldiit/leetcode-problem-solution,910723702,main,2025-01-01T07:45:12Z,1,Panda 50/Employee Earning more than manager.ipynb,b32328726c7e87b52c929d59ab4ec059670b5e89,4353,https://github.com/iqbaldiit/leetcode-problem-solution/blob/main/Panda%2050/Employee%20Earning%20more%20than%20manager.ipynb,True,python3,python,3.10.11,2,2,0,0,1,50.0,True,False,0,0,9,1,True,False,True,False,False,False,1,"[[""pandas"", 1]]",False,True,False,False,False,False,False,False,False,False,False,False
iqbaldiit/leetcode-problem-solution,910723702,main,2025-01-01T07:45:12Z,1,Panda 50/Employees With Missing Information.ipynb,ee9cfca03db623f0139c970baeb8eac505a28b65,5193,https://github.com/iqbaldiit/leetcode-problem-solution/blob/main/Panda%2050/Employees%20With%20Missing%20Information.ipynb,True,python3,python,3.12.4,2,2,0,0,2,100.0,True,False,0,0,45,1,True,False,True,False,False,False,1,"[[""pandas"", 1]]",False,True,False,False,False,False,False,False,False,False,False,False
iqbaldiit/leetcode-problem-solution,910723702,main,2025-01-01T07:45:12Z,1,Panda 50/Find COVID Recovery Patients.ipynb,5d0f48af2e59cd6fde8814a4b5a39ca3ee53ed58,10583,https://github.com/iqbaldiit/leetcode-problem-solution/blob/main/Panda%2050/Find%20COVID%20Recovery%20Patients.ipynb,True,python3,python,3.10.11,3,3,0,0,2,66.66666666666666,True,False,0,0,15,1,True,False,True,False,False,False,1,"[[""pandas"", 1]]",False,True,False,False,False,False,False,False,False,False,False,False
iqbaldiit/leetcode-problem-solution,910723702,main,2025-01-01T07:45:12Z,1,Panda 50/Find Category Recommendation Pairs.ipynb,c674c889474c163e17956bd48eda539b013ae26c,10698,https://github.com/iqbaldiit/leetcode-problem-solution/blob/main/Panda%2050/Find%20Category%20Recommendation%20Pairs.ipynb,True,python3,python,3.10.11,3,3,0,0,2,66.66666666666666,True,False,0,0,26,1,True,False,True,False,False,False,1,"[[""pandas"", 1]]",False,True,False,False,False,False,False,False,False,False,False,False
iqbaldiit/leetcode-problem-solution,910723702,main,2025-01-01T07:45:12Z,1,Panda 50/Find Consistently Improving Employees.ipynb,ba46b0a8a93d0516b8205f5933669512483e0337,10531,https://github.com/iqbaldiit/leetcode-problem-solution/blob/main/Panda%2050/Find%20Consistently%20Improving%20Employees.ipynb,True,python3,python,3.10.11,3,3,0,0,2,66.66666666666666,True,False,0,0,38,1,True,False,True,False,False,False,1,"[[""pandas"", 1]]",False,True,False,False,False,False,False,False,False,False,False,False
iqbaldiit/leetcode-problem-solution,910723702,main,2025-01-01T07:45:12Z,1,Panda 50/Find Loyal Customer.ipynb,6c6d35fa220c49bf90ab0db73266f8483970ae43,8999,https://github.com/iqbaldiit/leetcode-problem-solution/blob/main/Panda%2050/Find%20Loyal%20Customer.ipynb,True,python3,python,3.10.11,3,3,0,0,2,66.66666666666666,True,False,0,0,19,1,True,False,True,False,False,False,1,"[[""pandas"", 1]]",False,True,False,False,False,False,False,False,False,False,False,False
iqbaldiit/leetcode-problem-solution,910723702,main,2025-01-01T07:45:12Z,1,Panda 50/Find Product Recommendation Pairs.ipynb,a6f701ebef48779d08c6e134ef22cc6e10fbad6d,11192,https://github.com/iqbaldiit/leetcode-problem-solution/blob/main/Panda%2050/Find%20Product%20Recommendation%20Pairs.ipynb,True,python3,python,3.10.11,3,3,0,0,2,66.66666666666666,True,False,0,0,17,1,True,False,True,False,False,False,1,"[[""pandas"", 1]]",False,True,False,False,False,False,False,False,False,False,False,False
iqbaldiit/leetcode-problem-solution,910723702,main,2025-01-01T07:45:12Z,1,Panda 50/Find Stores With Inventory Imbalance.ipynb,487789312a719bc20c3a14f6816a520619399f7b,12800,https://github.com/iqbaldiit/leetcode-problem-solution/blob/main/Panda%2050/Find%20Stores%20With%20Inventory%20Imbalance.ipynb,True,python3,python,3.10.11,3,3,0,0,2,66.66666666666666,True,False,0,0,14,1,True,False,True,False,False,False,1,"[[""pandas"", 1]]",False,True,False,False,False,False,False,False,False,False,False,False
iqbaldiit/leetcode-problem-solution,910723702,main,2025-01-01T07:45:12Z,1,Panda 50/Find Total Time Spent by Each Employee.ipynb,b46a3fdc88a015d933e40d31fbc8acdfaec2de2f,6058,https://github.com/iqbaldiit/leetcode-problem-solution/blob/main/Panda%2050/Find%20Total%20Time%20Spent%20by%20Each%20Employee.ipynb,True,python3,python,3.10.11,2,2,0,0,1,50.0,True,False,0,0,20,1,True,False,True,False,False,False,1,"[[""pandas"", 1]]",False,True,False,False,False,False,False,False,False,False,False,False
iqbaldiit/leetcode-problem-solution,910723702,main,2025-01-01T07:45:12Z,1,Panda 50/Find Users With Valid E-Mails.ipynb,2d3008fd59ef319071c63c7a8bf8fb88a67c1b4c,6798,https://github.com/iqbaldiit/leetcode-problem-solution/blob/main/Panda%2050/Find%20Users%20With%20Valid%20E-Mails.ipynb,True,python3,python,3.10.11,2,2,0,0,1,50.0,True,False,0,0,10,1,True,False,True,False,False,False,2,"[[""pandas"", 1], [""re"", 1]]",False,True,False,False,False,False,False,False,False,False,False,False
iqbaldiit/leetcode-problem-solution,910723702,main,2025-01-01T07:45:12Z,1,Panda 50/Find Zombie Session.ipynb,89b51181f8a658f7125472a9f5f35d0212d88c43,12782,https://github.com/iqbaldiit/leetcode-problem-solution/blob/main/Panda%2050/Find%20Zombie%20Session.ipynb,True,python3,python,3.10.11,3,3,0,0,1,33.33333333333333,True,False,0,0,39,1,True,False,True,False,False,False,1,"[[""pandas"", 1]]",False,True,False,False,False,False,False,False,False,False,False,False
iqbaldiit/leetcode-problem-solution,910723702,main,2025-01-01T07:45:12Z,1,Panda 50/Find drivers with improved fuel effeciency.ipynb,11037b75f6a9a2f79c95b0c5a3784c1e1bf67eb3,12220,https://github.com/iqbaldiit/leetcode-problem-solution/blob/main/Panda%2050/Find%20drivers%20with%20improved%20fuel%20effeciency.ipynb,True,python3,python,3.10.11,3,3,0,0,2,66.66666666666666,True,False,0,0,38,1,True,False,True,False,False,False,1,"[[""pandas"", 1]]",False,True,False,False,False,False,False,False,False,False,False,False
iqbaldiit/leetcode-problem-solution,910723702,main,2025-01-01T07:45:12Z,1,Panda 50/Finds Books with No available Copies.ipynb,22d6bf7fce6410caf72f49a8a5757588f627938a,14355,https://github.com/iqbaldiit/leetcode-problem-solution/blob/main/Panda%2050/Finds%20Books%20with%20No%20available%20Copies.ipynb,True,python3,python,3.10.11,3,3,0,0,2,66.66666666666666,True,False,1,0,27,1,True,False,True,False,False,False,1,"[[""pandas"", 1]]",False,True,False,False,False,False,False,False,False,False,False,False
iqbaldiit/leetcode-problem-solution,910723702,main,2025-01-01T07:45:12Z,1,Panda 50/Finds Products with valid serial number.ipynb,fc3f568391a84d45bd48c7a36fa09548c6523ece,7585,https://github.com/iqbaldiit/leetcode-problem-solution/blob/main/Panda%2050/Finds%20Products%20with%20valid%20serial%20number.ipynb,True,python3,python,3.10.11,3,3,0,0,2,66.66666666666666,True,False,0,0,6,1,True,False,True,False,False,False,2,"[[""pandas"", 1], [""re"", 1]]",False,True,False,False,False,False,False,False,False,False,False,False
iqbaldiit/leetcode-problem-solution,910723702,main,2025-01-01T07:45:12Z,1,Panda 50/Finds Students Who Improved.ipynb,308de95318593a1718e8cac9d31f90c2a6183459,6702,https://github.com/iqbaldiit/leetcode-problem-solution/blob/main/Panda%2050/Finds%20Students%20Who%20Improved.ipynb,True,python3,python,3.10.11,3,3,0,0,2,66.66666666666666,True,False,1,0,8,1,True,False,True,False,False,False,1,"[[""pandas"", 1]]",False,True,False,False,False,False,False,False,False,False,False,False
iqbaldiit/leetcode-problem-solution,910723702,main,2025-01-01T07:45:12Z,1,Panda 50/First Letter Capitalization II.ipynb,aae01c5cdadf4be54d4a9d3a2e4a4d306d1ef2da,10471,https://github.com/iqbaldiit/leetcode-problem-solution/blob/main/Panda%2050/First%20Letter%20Capitalization%20II.ipynb,True,python3,python,3.10.11,3,3,0,0,3,100.0,True,True,0,0,18,2,True,False,True,False,False,False,1,"[[""pandas"", 1]]",False,True,False,False,False,False,False,False,False,False,False,False
iqbaldiit/leetcode-problem-solution,910723702,main,2025-01-01T07:45:12Z,1,Panda 50/Fix Names in a Table.ipynb,319ad87813c996368e49916cd8c583b10b32b59c,3985,https://github.com/iqbaldiit/leetcode-problem-solution/blob/main/Panda%2050/Fix%20Names%20in%20a%20Table.ipynb,True,python3,python,3.12.4,2,2,0,0,1,50.0,True,False,0,0,6,1,True,False,True,False,False,False,1,"[[""pandas"", 1]]",False,True,False,False,False,False,False,False,False,False,False,False
iqbaldiit/leetcode-problem-solution,910723702,main,2025-01-01T07:45:12Z,1,Panda 50/Game Play Analysis I.ipynb,bca9253da0d754ea3d5a73451d8e6367f0e50b36,4906,https://github.com/iqbaldiit/leetcode-problem-solution/blob/main/Panda%2050/Game%20Play%20Analysis%20I.ipynb,True,python3,python,3.10.11,2,2,0,0,1,50.0,True,False,0,0,12,1,True,False,True,False,False,False,1,"[[""pandas"", 1]]",False,True,False,False,False,False,False,False,False,False,False,False
iqbaldiit/leetcode-problem-solution,910723702,main,2025-01-01T07:45:12Z,1,Panda 50/Group Sold Products By The Date.ipynb,1e6132d763db8839ec1067e647a27a4e25a31680,5899,https://github.com/iqbaldiit/leetcode-problem-solution/blob/main/Panda%2050/Group%20Sold%20Products%20By%20The%20Date.ipynb,True,python3,python,3.12.4,2,2,0,0,2,100.0,True,False,2,0,22,1,True,False,True,False,False,False,1,"[[""pandas"", 1]]",False,True,False,False,False,False,False,False,False,False,False,False
iqbaldiit/leetcode-problem-solution,910723702,main,2025-01-01T07:45:12Z,1,Panda 50/Human traffic Stadium.ipynb,46b699635a3f99df51b6cb4575e1fc1ce75b30f8,6262,https://github.com/iqbaldiit/leetcode-problem-solution/blob/main/Panda%2050/Human%20traffic%20Stadium.ipynb,True,python3,python,3.10.11,2,2,0,0,1,50.0,True,False,0,0,12,1,True,False,True,False,False,False,1,"[[""pandas"", 1]]",False,True,False,False,False,False,False,False,False,False,False,False
iqbaldiit/leetcode-problem-solution,910723702,main,2025-01-01T07:45:12Z,1,Panda 50/Nth Highest Salary.ipynb,95766026aab4314af2fdaa7979143a8c7785dbcf,3654,https://github.com/iqbaldiit/leetcode-problem-solution/blob/main/Panda%2050/Nth%20Highest%20Salary.ipynb,True,python3,python,3.10.11,2,2,0,0,1,50.0,True,False,0,0,11,1,False,False,False,False,False,False,1,"[[""pandas"", 1]]",False,True,False,True,False,False,False,False,False,False,False,False
iqbaldiit/leetcode-problem-solution,910723702,main,2025-01-01T07:45:12Z,1,Panda 50/Number of Unique Subjects Taught by Each Teacher.ipynb,0e1e3c02d02de405d16b41054a0785a35cfdb36d,4876,https://github.com/iqbaldiit/leetcode-problem-solution/blob/main/Panda%2050/Number%20of%20Unique%20Subjects%20Taught%20by%20Each%20Teacher.ipynb,True,python3,python,3.12.4,2,2,0,0,1,50.0,True,False,0,0,11,1,True,False,True,False,False,False,1,"[[""pandas"", 1]]",False,True,False,False,False,False,False,False,False,False,False,False
iqbaldiit/leetcode-problem-solution,910723702,main,2025-01-01T07:45:12Z,1,Panda 50/Patients With a Condition.ipynb,dbc9d6bea760b22aa9bc199b402f6f1015ae64bb,5173,https://github.com/iqbaldiit/leetcode-problem-solution/blob/main/Panda%2050/Patients%20With%20a%20Condition.ipynb,True,python3,python,3.12.4,2,2,0,0,2,100.0,True,False,2,0,54,1,True,False,True,False,False,False,1,"[[""pandas"", 1]]",False,True,False,False,False,False,False,False,False,False,False,False
iqbaldiit/leetcode-problem-solution,910723702,main,2025-01-01T07:45:12Z,1,Panda 50/Rank Scores.ipynb,185231ce0dbb467c9fc6049c7a024da9be38b207,5066,https://github.com/iqbaldiit/leetcode-problem-solution/blob/main/Panda%2050/Rank%20Scores.ipynb,True,python3,python,3.10.11,2,2,0,0,1,50.0,True,False,0,0,17,1,True,False,True,False,False,False,1,"[[""pandas"", 1]]",False,True,False,False,False,False,False,False,False,False,False,False
iqbaldiit/leetcode-problem-solution,910723702,main,2025-01-01T07:45:12Z,1,Panda 50/Rearrange Products Table.ipynb,4e3103600d789862e5fa454c38145a8bd499f73e,5720,https://github.com/iqbaldiit/leetcode-problem-solution/blob/main/Panda%2050/Rearrange%20Products%20Table.ipynb,True,python3,python,3.12.4,2,2,0,0,2,100.0,True,False,0,0,8,1,True,False,True,False,False,False,2,"[[""pandas"", 1], [""numpy"", 1]]",False,True,False,False,False,False,False,False,False,False,False,False
iqbaldiit/leetcode-problem-solution,910723702,main,2025-01-01T07:45:12Z,1,Panda 50/Reformat Department Table.ipynb,6416b8664888050064a095f125dd166669ca34c8,7795,https://github.com/iqbaldiit/leetcode-problem-solution/blob/main/Panda%2050/Reformat%20Department%20Table.ipynb,True,python3,python,3.10.11,3,3,0,0,2,66.66666666666666,True,False,0,0,8,1,True,False,True,False,False,False,1,"[[""pandas"", 1]]",False,True,False,False,False,False,False,False,False,False,False,False
iqbaldiit/leetcode-problem-solution,910723702,main,2025-01-01T07:45:12Z,1,Panda 50/Replace Employee ID With The Unique Identifier.ipynb,7f7671d51e972840e69e78446294e92e6d4751aa,5989,https://github.com/iqbaldiit/leetcode-problem-solution/blob/main/Panda%2050/Replace%20Employee%20ID%20With%20The%20Unique%20Identifier.ipynb,True,python3,python,3.10.11,2,2,0,0,1,50.0,True,False,0,0,15,1,True,False,True,False,False,False,1,"[[""pandas"", 1]]",False,True,False,False,False,False,False,False,False,False,False,False
iqbaldiit/leetcode-problem-solution,910723702,main,2025-01-01T07:45:12Z,1,Panda 50/Sales Person.ipynb,36403ac702d5119a9808c5f84441a79ec60be1d0,11970,https://github.com/iqbaldiit/leetcode-problem-solution/blob/main/Panda%2050/Sales%20Person.ipynb,True,python3,python,3.10.11,2,2,0,0,2,100.0,True,False,0,0,19,2,True,False,True,False,False,False,1,"[[""pandas"", 1]]",False,True,False,False,False,False,False,False,False,False,False,False
iqbaldiit/leetcode-problem-solution,910723702,main,2025-01-01T07:45:12Z,1,Panda 50/Seasonal Sales Analysis.ipynb,4dfc5176d3c8c5ee1761ad0fca1cd03a22f1eb00,11461,https://github.com/iqbaldiit/leetcode-problem-solution/blob/main/Panda%2050/Seasonal%20Sales%20Analysis.ipynb,True,python3,python,3.10.11,4,4,0,0,2,50.0,True,True,0,0,31,1,True,False,True,False,False,False,1,"[[""pandas"", 1]]",False,True,False,False,False,False,False,False,False,False,False,False
iqbaldiit/leetcode-problem-solution,910723702,main,2025-01-01T07:45:12Z,1,Panda 50/Second Highest Salary.ipynb,cfc0b303f6291d9bc6d52a40eff2dc6663312d3a,3259,https://github.com/iqbaldiit/leetcode-problem-solution/blob/main/Panda%2050/Second%20Highest%20Salary.ipynb,True,python3,python,3.10.11,2,2,0,0,1,50.0,True,False,0,0,2,1,False,False,False,False,False,False,1,"[[""pandas"", 1]]",False,True,False,True,False,False,False,False,False,False,False,False
iqbaldiit/leetcode-problem-solution,910723702,main,2025-01-01T07:45:12Z,1,Panda 50/Swap Salary.ipynb,f46fd2b191fd5c6d34c7b707ab356a79eaa5d1b4,4957,https://github.com/iqbaldiit/leetcode-problem-solution/blob/main/Panda%2050/Swap%20Salary.ipynb,True,python3,python,3.12.4,2,2,0,0,2,100.0,True,False,0,0,5,1,True,False,True,False,False,False,1,"[[""pandas"", 1]]",False,True,False,False,False,False,False,False,False,False,False,False
iqbaldiit/leetcode-problem-solution,910723702,main,2025-01-01T07:45:12Z,1,Panda 50/Trips and Users.ipynb,5879411d329eaf3047edcc6ba3af3d48747177ba,10815,https://github.com/iqbaldiit/leetcode-problem-solution/blob/main/Panda%2050/Trips%20and%20Users.ipynb,True,python3,python,3.10.11,3,3,0,0,2,66.66666666666666,True,True,0,0,24,1,True,False,True,False,False,False,1,"[[""pandas"", 1]]",False,True,False,False,False,False,False,False,False,False,False,False
rimas-kudelis/wingsearch,910856286,master,2025-01-01T16:37:08Z,0,scripts/json-transformer.ipynb,9a52f3dc1b0dbcebf4bc8ffd745f2bb1669ad95b,10779,https://github.com/rimas-kudelis/wingsearch/blob/master/scripts/json-transformer.ipynb,True,python3,python,3.12.2,9,9,0,0,9,100.0,True,False,0,0,9,4,True,False,False,False,False,False,5,"[[""os"", 1], [""re"", 1], [""functools"", 1], [""pandas"", 1], [""general_rulings_map"", 1]]",False,True,False,True,False,True,False,False,True,False,False,False
anilkamber/anilkamber.github.io,910949586,main,2025-01-01T21:58:59Z,0,assets/jupyter/blog.ipynb,bc870dcd161e97a1cb6e5d7193a8e0228e4fa9e7,865,https://github.com/anilkamber/anilkamber.github.io/blob/main/assets/jupyter/blog.ipynb,True,python3,python,3.6.2,1,1,0,0,1,100.0,True,False,0,0,1,1,True,False,False,False,False,False,1,"[[""sys"", 1]]",False,False,False,False,False,True,False,False,True,False,False,False
SongQingHao-Yang/SongQingHao-Yang.github.io,910864524,master,2025-01-01T17:05:06Z,0,markdown_generator/publications.ipynb,fa9c89dec3a6cc9f2347690c04f3357dc13d8e67,14391,https://github.com/SongQingHao-Yang/SongQingHao-Yang.github.io/blob/master/markdown_generator/publications.ipynb,True,python3,python,3.6.1,15,8,7,0,7,87.5,True,False,0,0,16,4,True,False,True,False,False,False,2,"[[""pandas"", 1], [""os"", 1]]",False,True,False,True,False,False,False,False,False,False,False,False
SongQingHao-Yang/SongQingHao-Yang.github.io,910864524,master,2025-01-01T17:05:06Z,0,markdown_generator/talks.ipynb,f7e2347d34f2f3f226a681a4781d66c05160f104,13836,https://github.com/SongQingHao-Yang/SongQingHao-Yang.github.io/blob/master/markdown_generator/talks.ipynb,True,python3,python,3.6.1,13,7,6,0,7,100.0,True,False,0,0,7,4,True,False,True,False,False,False,2,"[[""pandas"", 1], [""os"", 1]]",False,True,False,True,False,False,False,False,False,False,False,False
SongQingHao-Yang/SongQingHao-Yang.github.io,910864524,master,2025-01-01T17:05:06Z,0,talkmap.ipynb,f3aa57cd3b133d79235473f9590d014bedabeb21,4102,https://github.com/SongQingHao-Yang/SongQingHao-Yang.github.io/blob/master/talkmap.ipynb,True,Python [Root],python,3.5.2,7,6,1,0,5,83.33333333333334,True,False,0,0,5,3,True,False,False,False,False,False,0,[],False,False,False,True,False,False,False,False,False,False,False,False
lstbl/DENV_cleavage_predictor,910914886,main,2025-01-01T19:18:35Z,0,DengueProtease.ipynb,9391623d542696f02b3def12c3bbd19892b14fb4,128454,https://github.com/lstbl/DENV_cleavage_predictor/blob/main/DengueProtease.ipynb,True,python3,python,3.12.11,12,12,0,0,11,91.66666666666666,True,True,2,2,27,8,True,True,False,False,False,False,16,"[[""torch"", 5], [""matplotlib"", 2], [""re"", 1], [""os"", 1], [""glob"", 1], [""numpy"", 1], [""pickle"", 1], [""sklearn"", 1], [""gzip"", 1], [""pandas"", 1]]",False,True,True,True,False,False,False,False,False,False,False,False
garthajon/QuantFinanceIntro,910796668,main,2025-01-01T13:06:48Z,0,52weekGraph.ipynb,c9180f2358d74a85118a221a1e4926ee8e2ab329,833764,https://github.com/garthajon/QuantFinanceIntro/blob/main/52weekGraph.ipynb,True,python3,python,,2,1,1,0,1,100.0,True,False,0,0,2,1,True,True,False,False,False,False,4,"[[""yfinance"", 1], [""pandas"", 1], [""numpy"", 1], [""matplotlib"", 1]]",False,False,False,True,False,False,False,False,False,False,False,False
garthajon/QuantFinanceIntro,910796668,main,2025-01-01T13:06:48Z,0,AMD_GeometricBrownianMotion_SDE_Monte_Carlo_future.ipynb,e5e0d74f54cd2c1637e5d2c750fbe92f5de20611,334796,https://github.com/garthajon/QuantFinanceIntro/blob/main/AMD_GeometricBrownianMotion_SDE_Monte_Carlo_future.ipynb,True,python3,python,,9,7,2,0,5,71.42857142857143,True,False,7,5,12,4,True,True,False,False,False,False,0,[],False,False,False,True,False,False,False,False,False,False,False,False
garthajon/QuantFinanceIntro,910796668,main,2025-01-01T13:06:48Z,0,COIN_CallOptionPriceChangeProjection.ipynb,f3400c89afe2be11fe87ac7ffd491caf088a31c6,75536,https://github.com/garthajon/QuantFinanceIntro/blob/main/COIN_CallOptionPriceChangeProjection.ipynb,True,python3,python,,3,2,1,0,2,100.0,True,False,0,0,2,2,True,True,False,False,False,False,4,"[[""numpy"", 1], [""matplotlib"", 1], [""scipy"", 1], [""yfinance"", 1]]",False,True,False,False,False,False,False,False,False,False,False,False
garthajon/QuantFinanceIntro,910796668,main,2025-01-01T13:06:48Z,0,COIN_GeometricBrownianMotion_SDE_Monte_Carlo_future.ipynb,e61827efe04da57babe9ffc6ae90b4da77ef9fc5,344896,https://github.com/garthajon/QuantFinanceIntro/blob/main/COIN_GeometricBrownianMotion_SDE_Monte_Carlo_future.ipynb,True,python3,python,,9,7,2,0,7,100.0,True,False,0,0,22,4,True,True,False,False,False,False,0,[],False,False,False,True,False,False,False,False,False,False,False,False
garthajon/QuantFinanceIntro,910796668,main,2025-01-01T13:06:48Z,0,CallOptionPriceChangeProjection.ipynb,2cb5b4f4eeb2dde7c57ce762c0f3057d94c6aa3a,79848,https://github.com/garthajon/QuantFinanceIntro/blob/main/CallOptionPriceChangeProjection.ipynb,True,python3,python,,3,2,1,0,2,100.0,True,False,14,0,18,2,True,True,False,False,False,False,4,"[[""numpy"", 1], [""matplotlib"", 1], [""scipy"", 1], [""yfinance"", 1]]",False,True,False,False,False,False,False,False,False,False,False,False
garthajon/QuantFinanceIntro,910796668,main,2025-01-01T13:06:48Z,0,PutOptionPriceChangeProjection.ipynb,5e3569cd16a2136843a11cb749f12a6cad5e59da,86360,https://github.com/garthajon/QuantFinanceIntro/blob/main/PutOptionPriceChangeProjection.ipynb,True,python3,python,,3,2,1,0,2,100.0,True,True,0,0,7,2,True,True,False,False,False,False,4,"[[""numpy"", 1], [""matplotlib"", 1], [""scipy"", 1], [""yfinance"", 1]]",False,True,False,False,False,False,False,False,False,False,False,False
garthajon/QuantFinanceIntro,910796668,main,2025-01-01T13:06:48Z,0,TopUSDigitalStocks_MainStats.ipynb,89e9ea7bb4a5846741c60c82b2b89975ca60d877,98189,https://github.com/garthajon/QuantFinanceIntro/blob/main/TopUSDigitalStocks_MainStats.ipynb,True,python3,python,,2,1,1,0,1,100.0,True,False,0,0,27,1,True,False,True,False,False,True,4,"[[""yfinance"", 1], [""pandas"", 1], [""tabulate"", 1], [""datetime"", 1]]",False,False,False,True,False,False,False,False,False,False,False,False
garthajon/QuantFinanceIntro,910796668,main,2025-01-01T13:06:48Z,0,ZSCORE_ANNUALISED_UNIQUE_STOCK_GOOD_ONE.ipynb,7643231319a4a938c1d86009b265ba6d388411a9,107986,https://github.com/garthajon/QuantFinanceIntro/blob/main/ZSCORE_ANNUALISED_UNIQUE_STOCK_GOOD_ONE.ipynb,True,python3,python,,2,1,1,0,1,100.0,True,False,0,0,2,1,True,True,False,False,False,False,4,"[[""yfinance"", 1], [""pandas"", 1], [""matplotlib"", 1], [""datetime"", 1]]",False,False,False,True,False,False,False,False,False,False,False,False
garthajon/QuantFinanceIntro,910796668,main,2025-01-01T13:06:48Z,0,ZSCORE_GARCH_PREDICTION_WITH_MONTE_CARLO_SIM.ipynb,7492beda7c6c33186973585202b152b08d2d969d,241019,https://github.com/garthajon/QuantFinanceIntro/blob/main/ZSCORE_GARCH_PREDICTION_WITH_MONTE_CARLO_SIM.ipynb,True,python3,python,,3,2,1,0,2,100.0,True,False,2,0,9,2,True,True,False,False,False,False,5,"[[""yfinance"", 1], [""pandas"", 1], [""numpy"", 1], [""matplotlib"", 1], [""arch"", 1]]",False,False,False,True,False,False,False,False,False,False,False,False
garthajon/QuantFinanceIntro,910796668,main,2025-01-01T13:06:48Z,0,ZSCORE_TRACKING_WEEKLY.ipynb,63315f3d7c4e8ef34fd613de50490eca402bd466,143606,https://github.com/garthajon/QuantFinanceIntro/blob/main/ZSCORE_TRACKING_WEEKLY.ipynb,True,python3,python,,2,1,1,0,1,100.0,True,False,0,0,6,1,True,True,False,False,False,False,4,"[[""yfinance"", 1], [""pandas"", 1], [""matplotlib"", 1], [""numpy"", 1]]",False,False,False,True,False,False,False,False,False,False,False,False
garthajon/QuantFinanceIntro,910796668,main,2025-01-01T13:06:48Z,0,ZSCORE_WEEKLY_WITH_GARCH.ipynb,785b02cc4a2e0fc0fb5a76bcb24c6ee6dfbf6294,201359,https://github.com/garthajon/QuantFinanceIntro/blob/main/ZSCORE_WEEKLY_WITH_GARCH.ipynb,True,python3,python,,3,2,1,0,2,100.0,True,False,15,0,18,2,True,True,False,False,False,False,5,"[[""yfinance"", 1], [""pandas"", 1], [""matplotlib"", 1], [""numpy"", 1], [""arch"", 1]]",False,False,False,True,False,False,False,False,False,False,False,False
garthajon/QuantFinanceIntro,910796668,main,2025-01-01T13:06:48Z,0,findingbestfitdistribution_forPLTR.ipynb,e67352545fad905853ee9bb63ce325cc1d9e06d5,66061,https://github.com/garthajon/QuantFinanceIntro/blob/main/findingbestfitdistribution_forPLTR.ipynb,True,python3,python,,3,2,1,0,2,100.0,True,False,2,0,5,2,True,True,False,True,False,False,6,"[[""yfinance"", 1], [""numpy"", 1], [""pandas"", 1], [""matplotlib"", 1], [""scipy"", 1], [""fitter"", 1]]",False,False,False,False,False,False,False,False,False,False,False,False
garthajon/QuantFinanceIntro,910796668,main,2025-01-01T13:06:48Z,0,itosLemma_splitbetweendrift_and_weinerprocess_inbrownianMotion.ipynb,6725b0c742e2dd2fda67625b987e810e7a4cc3ce,73888,https://github.com/garthajon/QuantFinanceIntro/blob/main/itosLemma_splitbetweendrift_and_weinerprocess_inbrownianMotion.ipynb,True,python3,python,,2,1,1,0,1,100.0,True,False,0,0,1,1,True,True,False,False,False,False,2,"[[""numpy"", 1], [""matplotlib"", 1]]",False,False,False,True,False,False,False,False,False,False,False,False
garthajon/QuantFinanceIntro,910796668,main,2025-01-01T13:06:48Z,0,stockcorrelation.ipynb,f7a5f8bd1ace037b55f43e107e031c6c18ba5ae9,874857,https://github.com/garthajon/QuantFinanceIntro/blob/main/stockcorrelation.ipynb,True,python3,python,3.8.8,17,16,1,0,14,87.5,True,False,8,0,22,14,True,True,True,False,False,True,7,"[[""yfinance"", 1], [""numpy"", 1], [""pandas"", 1], [""matplotlib"", 1], [""seaborn"", 1], [""datetime"", 1], [""nsepy"", 1]]",False,False,False,True,False,False,False,False,False,False,False,False
garthajon/QuantFinanceIntro,910796668,main,2025-01-01T13:06:48Z,0,zSCORE_TIMESERIES_HIGHVOLATILE_STOCKS.ipynb,20601f160ffad2d747fef62188b83c1b325c92ad,145552,https://github.com/garthajon/QuantFinanceIntro/blob/main/zSCORE_TIMESERIES_HIGHVOLATILE_STOCKS.ipynb,True,python3,python,,2,1,1,0,1,100.0,True,False,0,0,1,1,True,True,False,False,False,False,4,"[[""yfinance"", 1], [""pandas"", 1], [""matplotlib"", 1], [""numpy"", 1]]",False,False,False,True,False,False,False,False,False,False,False,False
garthajon/QuantFinanceIntro,910796668,main,2025-01-01T13:06:48Z,0,zcore_stock_screen_ftse100_UK.ipynb,99bb6e6dc3f8c429fef48cb7465ff81c983214f2,6288,https://github.com/garthajon/QuantFinanceIntro/blob/main/zcore_stock_screen_ftse100_UK.ipynb,True,python3,python,,2,1,1,0,1,100.0,True,False,0,0,3,1,False,False,False,False,False,False,5,"[[""yfinance"", 1], [""pandas"", 1], [""numpy"", 1], [""requests"", 1], [""datetime"", 1]]",False,False,False,True,False,False,False,False,False,False,False,False
garthajon/QuantFinanceIntro,910796668,main,2025-01-01T13:06:48Z,0,zscore_stock_screener_weekly.ipynb,673e5b869369bf754db5ac970b45078f4205fb8b,5257,https://github.com/garthajon/QuantFinanceIntro/blob/main/zscore_stock_screener_weekly.ipynb,True,python3,python,,2,1,1,0,1,100.0,True,False,0,0,12,1,False,False,False,False,False,False,5,"[[""yfinance"", 1], [""pandas"", 1], [""numpy"", 1], [""requests"", 1], [""datetime"", 1]]",False,False,False,True,False,False,False,False,False,False,False,False
garthajon/QuantFinanceIntro,910796668,main,2025-01-01T13:06:48Z,0,zscorestockscreen_annualised_goodone.ipynb,5196eebf4b2813f49dbd06ba867eb06f0947de2a,123819,https://github.com/garthajon/QuantFinanceIntro/blob/main/zscorestockscreen_annualised_goodone.ipynb,True,python3,python,,2,1,1,0,1,100.0,True,False,0,0,2,1,False,False,False,False,False,False,4,"[[""yfinance"", 1], [""pandas"", 1], [""requests"", 1], [""datetime"", 1]]",False,True,False,True,False,False,False,False,False,False,False,False
As17-01/brain_signals,910910663,main,2025-01-01T19:00:53Z,0,notebooks/embedded/Comparison_plot.ipynb,4078a4ca73eb2256de14763018d373ec02899621,352517,https://github.com/As17-01/brain_signals/blob/main/notebooks/embedded/Comparison_plot.ipynb,True,python3,python,3.10.12,3,3,0,0,2,66.66666666666666,True,False,0,0,2,1,True,True,False,False,False,False,3,"[[""os"", 1], [""re"", 1], [""matplotlib"", 1]]",False,True,False,True,False,False,False,False,False,False,False,False
As17-01/brain_signals,910910663,main,2025-01-01T19:00:53Z,0,notebooks/embedded/GRUv1.ipynb,6cc809b84053fe25dc6ce9a83dca12d8b3a927e5,350922,https://github.com/As17-01/brain_signals/blob/main/notebooks/embedded/GRUv1.ipynb,True,python3,python,3.10.12,10,8,2,0,8,100.0,True,False,1,1,9,5,True,False,True,False,False,False,12,"[[""tensorflow"", 5], [""ncps"", 2], [""numpy"", 1], [""pandas"", 1], [""random"", 1], [""pathlib"", 1], [""tqdm"", 1]]",False,True,False,True,False,False,False,False,False,False,False,False
As17-01/brain_signals,910910663,main,2025-01-01T19:00:53Z,0,notebooks/embedded/GRUv1_emb1.ipynb,e7a1fa2a3ab164a4c323e60f64fa1cb7f790cd1f,352994,https://github.com/As17-01/brain_signals/blob/main/notebooks/embedded/GRUv1_emb1.ipynb,True,python3,python,3.10.12,10,8,2,0,8,100.0,True,False,0,0,8,5,True,False,True,False,False,False,12,"[[""tensorflow"", 5], [""ncps"", 2], [""numpy"", 1], [""pandas"", 1], [""random"", 1], [""pathlib"", 1], [""tqdm"", 1]]",False,True,False,True,False,False,False,False,False,False,False,False
As17-01/brain_signals,910910663,main,2025-01-01T19:00:53Z,0,notebooks/embedded/GRUv1_emb2.ipynb,26848317ff3e65fa9c4e5ab10122951357d99a24,352946,https://github.com/As17-01/brain_signals/blob/main/notebooks/embedded/GRUv1_emb2.ipynb,True,python3,python,3.10.12,10,8,2,0,8,100.0,True,False,0,0,8,5,True,False,True,False,False,False,12,"[[""tensorflow"", 5], [""ncps"", 2], [""numpy"", 1], [""pandas"", 1], [""random"", 1], [""pathlib"", 1], [""tqdm"", 1]]",False,True,False,True,False,False,False,False,False,False,False,False
As17-01/brain_signals,910910663,main,2025-01-01T19:00:53Z,0,notebooks/embedded/GRUv1_emb3.ipynb,9b505685a975f0c492c8c88eeccf1a8a04185747,352962,https://github.com/As17-01/brain_signals/blob/main/notebooks/embedded/GRUv1_emb3.ipynb,True,python3,python,3.10.12,10,8,2,0,8,100.0,True,False,0,0,8,5,True,False,True,False,False,False,12,"[[""tensorflow"", 5], [""ncps"", 2], [""numpy"", 1], [""pandas"", 1], [""random"", 1], [""pathlib"", 1], [""tqdm"", 1]]",False,True,False,True,False,False,False,False,False,False,False,False
As17-01/brain_signals,910910663,main,2025-01-01T19:00:53Z,0,notebooks/embedded/GRUv1_emb4.ipynb,9a5ca9fbc284b534160224ef3dace34297887ff5,350034,https://github.com/As17-01/brain_signals/blob/main/notebooks/embedded/GRUv1_emb4.ipynb,True,python3,python,3.10.12,10,8,2,0,8,100.0,True,False,0,0,13,4,True,False,True,False,False,False,12,"[[""tensorflow"", 5], [""ncps"", 2], [""numpy"", 1], [""pandas"", 1], [""random"", 1], [""pathlib"", 1], [""tqdm"", 1]]",False,True,False,True,False,False,False,False,False,False,False,False
As17-01/brain_signals,910910663,main,2025-01-01T19:00:53Z,0,notebooks/embedded/GRUv1_plot.ipynb,f016f4b0b3da42e5a824ef8bf22d6e6e904afafd,390853,https://github.com/As17-01/brain_signals/blob/main/notebooks/embedded/GRUv1_plot.ipynb,True,python3,python,3.10.12,3,3,0,0,1,33.33333333333333,True,False,0,0,1,1,True,True,False,False,False,False,3,"[[""os"", 1], [""re"", 1], [""matplotlib"", 1]]",False,True,False,True,False,False,False,False,False,False,False,False
As17-01/brain_signals,910910663,main,2025-01-01T19:00:53Z,0,notebooks/embedded/GRUv2.ipynb,d799c95e003c1657af1c31a9183c3b9cf1a00a64,351679,https://github.com/As17-01/brain_signals/blob/main/notebooks/embedded/GRUv2.ipynb,True,python3,python,3.10.12,11,9,2,0,8,88.88888888888889,True,False,0,0,11,5,True,False,True,False,False,False,12,"[[""tensorflow"", 5], [""ncps"", 2], [""numpy"", 1], [""pandas"", 1], [""random"", 1], [""pathlib"", 1], [""tqdm"", 1]]",False,True,False,True,False,False,False,False,False,False,False,False
As17-01/brain_signals,910910663,main,2025-01-01T19:00:53Z,0,notebooks/embedded/GRUv2_conv.ipynb,630076e2b7be08984839bfb660c25410e1559c84,352915,https://github.com/As17-01/brain_signals/blob/main/notebooks/embedded/GRUv2_conv.ipynb,True,python3,python,3.10.12,11,9,2,0,8,88.88888888888889,True,False,0,0,8,5,True,False,True,False,False,False,12,"[[""tensorflow"", 5], [""ncps"", 2], [""numpy"", 1], [""pandas"", 1], [""random"", 1], [""pathlib"", 1], [""tqdm"", 1]]",False,True,False,True,False,False,False,False,False,False,False,False
As17-01/brain_signals,910910663,main,2025-01-01T19:00:53Z,0,notebooks/embedded/GRUv2_conv2.ipynb,85c4565252d9867dc79f099abeee1df9d17f2083,354167,https://github.com/As17-01/brain_signals/blob/main/notebooks/embedded/GRUv2_conv2.ipynb,True,python3,python,3.10.12,11,9,2,0,8,88.88888888888889,True,False,0,0,8,5,True,False,True,False,False,False,12,"[[""tensorflow"", 5], [""ncps"", 2], [""numpy"", 1], [""pandas"", 1], [""random"", 1], [""pathlib"", 1], [""tqdm"", 1]]",False,True,False,True,False,False,False,False,False,False,False,False
As17-01/brain_signals,910910663,main,2025-01-01T19:00:53Z,0,notebooks/embedded/GRUv2_conv_expanded.ipynb,f1f7654313eb5e232f00def07b0a1bcca8213511,677364,https://github.com/As17-01/brain_signals/blob/main/notebooks/embedded/GRUv2_conv_expanded.ipynb,True,python3,python,3.10.12,11,9,2,0,8,88.88888888888889,True,False,0,0,8,5,True,False,True,False,False,False,12,"[[""tensorflow"", 5], [""ncps"", 2], [""numpy"", 1], [""pandas"", 1], [""random"", 1], [""pathlib"", 1], [""tqdm"", 1]]",False,True,False,True,False,False,False,False,False,False,False,False
As17-01/brain_signals,910910663,main,2025-01-01T19:00:53Z,0,notebooks/embedded/GRUv2_emb1.ipynb,5b35cf0b61c727f4b377fa2a75dbc2e22c5d7fe8,353393,https://github.com/As17-01/brain_signals/blob/main/notebooks/embedded/GRUv2_emb1.ipynb,True,python3,python,3.10.12,10,8,2,0,8,100.0,True,False,0,0,11,5,True,False,True,False,False,False,12,"[[""tensorflow"", 5], [""ncps"", 2], [""numpy"", 1], [""pandas"", 1], [""random"", 1], [""pathlib"", 1], [""tqdm"", 1]]",False,True,False,True,False,False,False,False,False,False,False,False
As17-01/brain_signals,910910663,main,2025-01-01T19:00:53Z,0,notebooks/embedded/GRUv2_emb1_expanded.ipynb,be5df083a99764dd6ecab14f9e51ab4a5c93d49e,677823,https://github.com/As17-01/brain_signals/blob/main/notebooks/embedded/GRUv2_emb1_expanded.ipynb,True,python3,python,3.10.12,10,8,2,0,8,100.0,True,False,0,0,8,5,True,False,True,False,False,False,12,"[[""tensorflow"", 5], [""ncps"", 2], [""numpy"", 1], [""pandas"", 1], [""random"", 1], [""pathlib"", 1], [""tqdm"", 1]]",False,True,False,True,False,False,False,False,False,False,False,False
As17-01/brain_signals,910910663,main,2025-01-01T19:00:53Z,0,notebooks/embedded/GRUv2_emb2.ipynb,ba8b2f46182284171cca235b4ab55cc9b88d54f0,353787,https://github.com/As17-01/brain_signals/blob/main/notebooks/embedded/GRUv2_emb2.ipynb,True,python3,python,3.10.12,10,8,2,0,8,100.0,True,False,0,0,11,5,True,False,True,False,False,False,12,"[[""tensorflow"", 5], [""ncps"", 2], [""numpy"", 1], [""pandas"", 1], [""random"", 1], [""pathlib"", 1], [""tqdm"", 1]]",False,True,False,True,False,False,False,False,False,False,False,False
As17-01/brain_signals,910910663,main,2025-01-01T19:00:53Z,0,notebooks/embedded/GRUv2_emb3.ipynb,7e01e5ab02857ed91256498aa638e6394c7fe19c,353389,https://github.com/As17-01/brain_signals/blob/main/notebooks/embedded/GRUv2_emb3.ipynb,True,python3,python,3.10.12,10,8,2,0,8,100.0,True,False,0,0,11,5,True,False,True,False,False,False,12,"[[""tensorflow"", 5], [""ncps"", 2], [""numpy"", 1], [""pandas"", 1], [""random"", 1], [""pathlib"", 1], [""tqdm"", 1]]",False,True,False,True,False,False,False,False,False,False,False,False
As17-01/brain_signals,910910663,main,2025-01-01T19:00:53Z,0,notebooks/embedded/GRUv2_emb4.ipynb,03f5d56f1575fba5dc7594416e316f7bb5b76b76,352154,https://github.com/As17-01/brain_signals/blob/main/notebooks/embedded/GRUv2_emb4.ipynb,True,python3,python,3.10.12,10,8,2,0,8,100.0,True,False,0,0,11,5,True,False,True,False,False,False,12,"[[""tensorflow"", 5], [""ncps"", 2], [""numpy"", 1], [""pandas"", 1], [""random"", 1], [""pathlib"", 1], [""tqdm"", 1]]",False,True,False,True,False,False,False,False,False,False,False,False
As17-01/brain_signals,910910663,main,2025-01-01T19:00:53Z,0,notebooks/embedded/GRUv2_expanded.ipynb,1e9ee4dd19aada2d41d005e30518efca36522002,676116,https://github.com/As17-01/brain_signals/blob/main/notebooks/embedded/GRUv2_expanded.ipynb,True,python3,python,3.10.12,11,9,2,0,8,88.88888888888889,True,False,0,0,8,5,True,False,True,False,False,False,12,"[[""tensorflow"", 5], [""ncps"", 2], [""numpy"", 1], [""pandas"", 1], [""random"", 1], [""pathlib"", 1], [""tqdm"", 1]]",False,True,False,True,False,False,False,False,False,False,False,False
As17-01/brain_signals,910910663,main,2025-01-01T19:00:53Z,0,notebooks/embedded/GRUv2_plot.ipynb,c51084a5d7b3b5a116e37b75d66746cea8b3c697,570900,https://github.com/As17-01/brain_signals/blob/main/notebooks/embedded/GRUv2_plot.ipynb,True,python3,python,3.10.12,3,3,0,0,2,66.66666666666666,True,False,0,0,14,1,True,True,False,False,False,False,3,"[[""os"", 1], [""re"", 1], [""matplotlib"", 1]]",False,True,False,True,False,False,False,False,False,False,False,False
As17-01/brain_signals,910910663,main,2025-01-01T19:00:53Z,0,notebooks/embedded/LSTMv1.ipynb,3a5c6fdfedfd4fa017efa3ec75f7f3956e794e93,350943,https://github.com/As17-01/brain_signals/blob/main/notebooks/embedded/LSTMv1.ipynb,True,python3,python,3.10.12,10,8,2,0,8,100.0,True,False,2,2,10,5,True,False,True,False,False,False,12,"[[""tensorflow"", 5], [""ncps"", 2], [""numpy"", 1], [""pandas"", 1], [""random"", 1], [""pathlib"", 1], [""tqdm"", 1]]",False,True,False,True,False,False,False,False,False,False,False,False
As17-01/brain_signals,910910663,main,2025-01-01T19:00:53Z,0,notebooks/embedded/LSTMv1_emb1.ipynb,c7be57a8471d777c6cad7ffdb18ae068010cb581,352977,https://github.com/As17-01/brain_signals/blob/main/notebooks/embedded/LSTMv1_emb1.ipynb,True,python3,python,3.10.12,10,8,2,0,8,100.0,True,False,0,0,8,5,True,False,True,False,False,False,12,"[[""tensorflow"", 5], [""ncps"", 2], [""numpy"", 1], [""pandas"", 1], [""random"", 1], [""pathlib"", 1], [""tqdm"", 1]]",False,True,False,True,False,False,False,False,False,False,False,False
As17-01/brain_signals,910910663,main,2025-01-01T19:00:53Z,0,notebooks/embedded/LSTMv1_emb2.ipynb,36b39b6968c3743b518ffcf1d0e5d6a72afd682f,352975,https://github.com/As17-01/brain_signals/blob/main/notebooks/embedded/LSTMv1_emb2.ipynb,True,python3,python,3.10.12,10,8,2,0,8,100.0,True,False,0,0,8,5,True,False,True,False,False,False,12,"[[""tensorflow"", 5], [""ncps"", 2], [""numpy"", 1], [""pandas"", 1], [""random"", 1], [""pathlib"", 1], [""tqdm"", 1]]",False,True,False,True,False,False,False,False,False,False,False,False
As17-01/brain_signals,910910663,main,2025-01-01T19:00:53Z,0,notebooks/embedded/LSTMv1_emb3.ipynb,f0aca6ff1e190c87e00e32eaab0b6f633513330d,352967,https://github.com/As17-01/brain_signals/blob/main/notebooks/embedded/LSTMv1_emb3.ipynb,True,python3,python,3.10.12,10,8,2,0,8,100.0,True,False,0,0,8,5,True,False,True,False,False,False,12,"[[""tensorflow"", 5], [""ncps"", 2], [""numpy"", 1], [""pandas"", 1], [""random"", 1], [""pathlib"", 1], [""tqdm"", 1]]",False,True,False,True,False,False,False,False,False,False,False,False
As17-01/brain_signals,910910663,main,2025-01-01T19:00:53Z,0,notebooks/embedded/LSTMv1_emb4.ipynb,fc42bfb6ec09059c0c3fea0469e4def4206bcfdf,351564,https://github.com/As17-01/brain_signals/blob/main/notebooks/embedded/LSTMv1_emb4.ipynb,True,python3,python,3.10.12,10,8,2,0,8,100.0,True,False,0,0,8,5,True,False,True,False,False,False,12,"[[""tensorflow"", 5], [""ncps"", 2], [""numpy"", 1], [""pandas"", 1], [""random"", 1], [""pathlib"", 1], [""tqdm"", 1]]",False,True,False,True,False,False,False,False,False,False,False,False
As17-01/brain_signals,910910663,main,2025-01-01T19:00:53Z,0,notebooks/embedded/LSTMv1_plot.ipynb,8f378fc902cf396f0b6ff268cdc0dba83a2c467a,425974,https://github.com/As17-01/brain_signals/blob/main/notebooks/embedded/LSTMv1_plot.ipynb,True,python3,python,3.10.12,3,3,0,0,1,33.33333333333333,True,False,0,0,1,1,True,True,False,False,False,False,3,"[[""os"", 1], [""re"", 1], [""matplotlib"", 1]]",False,True,False,True,False,False,False,False,False,False,False,False
As17-01/brain_signals,910910663,main,2025-01-01T19:00:53Z,0,notebooks/embedded/LSTMv2.ipynb,772538172e1301e273e5f2b8e4fc6daa1f54154a,351647,https://github.com/As17-01/brain_signals/blob/main/notebooks/embedded/LSTMv2.ipynb,True,python3,python,3.10.12,11,9,2,0,8,88.88888888888889,True,False,0,0,8,5,True,False,True,False,False,False,12,"[[""tensorflow"", 5], [""ncps"", 2], [""numpy"", 1], [""pandas"", 1], [""random"", 1], [""pathlib"", 1], [""tqdm"", 1]]",False,True,False,True,False,False,False,False,False,False,False,False
As17-01/brain_signals,910910663,main,2025-01-01T19:00:53Z,0,notebooks/embedded/LSTMv2_conv.ipynb,1751ddeb915b54b048564f9906fc31ed616e6339,352920,https://github.com/As17-01/brain_signals/blob/main/notebooks/embedded/LSTMv2_conv.ipynb,True,python3,python,3.10.12,11,9,2,0,8,88.88888888888889,True,False,0,0,8,5,True,False,True,False,False,False,12,"[[""tensorflow"", 5], [""ncps"", 2], [""numpy"", 1], [""pandas"", 1], [""random"", 1], [""pathlib"", 1], [""tqdm"", 1]]",False,True,False,True,False,False,False,False,False,False,False,False
As17-01/brain_signals,910910663,main,2025-01-01T19:00:53Z,0,notebooks/embedded/LSTMv2_conv2.ipynb,40a43eb16d47bdc22113a0581b89bed9bb42dc16,354173,https://github.com/As17-01/brain_signals/blob/main/notebooks/embedded/LSTMv2_conv2.ipynb,True,python3,python,3.10.12,11,9,2,0,8,88.88888888888889,True,False,0,0,8,5,True,False,True,False,False,False,12,"[[""tensorflow"", 5], [""ncps"", 2], [""numpy"", 1], [""pandas"", 1], [""random"", 1], [""pathlib"", 1], [""tqdm"", 1]]",False,True,False,True,False,False,False,False,False,False,False,False
As17-01/brain_signals,910910663,main,2025-01-01T19:00:53Z,0,notebooks/embedded/LSTMv2_conv_expanded.ipynb,c37b7d4b9a42288229a90d98696a7652a0af1900,677323,https://github.com/As17-01/brain_signals/blob/main/notebooks/embedded/LSTMv2_conv_expanded.ipynb,True,python3,python,3.10.12,11,9,2,0,8,88.88888888888889,True,False,0,0,8,5,True,False,True,False,False,False,12,"[[""tensorflow"", 5], [""ncps"", 2], [""numpy"", 1], [""pandas"", 1], [""random"", 1], [""pathlib"", 1], [""tqdm"", 1]]",False,True,False,True,False,False,False,False,False,False,False,False
As17-01/brain_signals,910910663,main,2025-01-01T19:00:53Z,0,notebooks/embedded/LSTMv2_emb1.ipynb,3c06842dc42b6e421a8de8d08c4ad517cce9cce6,353433,https://github.com/As17-01/brain_signals/blob/main/notebooks/embedded/LSTMv2_emb1.ipynb,True,python3,python,3.10.12,10,8,2,0,8,100.0,True,False,0,0,8,5,True,False,True,False,False,False,12,"[[""tensorflow"", 5], [""ncps"", 2], [""numpy"", 1], [""pandas"", 1], [""random"", 1], [""pathlib"", 1], [""tqdm"", 1]]",False,True,False,True,False,False,False,False,False,False,False,False
As17-01/brain_signals,910910663,main,2025-01-01T19:00:53Z,0,notebooks/embedded/LSTMv2_emb1_expanded.ipynb,4393a728fbc7211589d0effaf46bdf07550363cd,677835,https://github.com/As17-01/brain_signals/blob/main/notebooks/embedded/LSTMv2_emb1_expanded.ipynb,True,python3,python,3.10.12,10,8,2,0,8,100.0,True,False,0,0,8,5,True,False,True,False,False,False,12,"[[""tensorflow"", 5], [""ncps"", 2], [""numpy"", 1], [""pandas"", 1], [""random"", 1], [""pathlib"", 1], [""tqdm"", 1]]",False,True,False,True,False,False,False,False,False,False,False,False
As17-01/brain_signals,910910663,main,2025-01-01T19:00:53Z,0,notebooks/embedded/LSTMv2_emb2.ipynb,6b7d87031a6e78e17a3e2559b6804fcfb17ca3ed,353772,https://github.com/As17-01/brain_signals/blob/main/notebooks/embedded/LSTMv2_emb2.ipynb,True,python3,python,3.10.12,10,8,2,0,8,100.0,True,False,0,0,8,5,True,False,True,False,False,False,12,"[[""tensorflow"", 5], [""ncps"", 2], [""numpy"", 1], [""pandas"", 1], [""random"", 1], [""pathlib"", 1], [""tqdm"", 1]]",False,True,False,True,False,False,False,False,False,False,False,False
As17-01/brain_signals,910910663,main,2025-01-01T19:00:53Z,0,notebooks/embedded/LSTMv2_emb3.ipynb,1b7a9ff47728554a350f06e11dce92e017dae25a,353383,https://github.com/As17-01/brain_signals/blob/main/notebooks/embedded/LSTMv2_emb3.ipynb,True,python3,python,3.10.12,10,8,2,0,8,100.0,True,False,0,0,8,5,True,False,True,False,False,False,12,"[[""tensorflow"", 5], [""ncps"", 2], [""numpy"", 1], [""pandas"", 1], [""random"", 1], [""pathlib"", 1], [""tqdm"", 1]]",False,True,False,True,False,False,False,False,False,False,False,False
