2025-11-14 18:54:01,303 | INFO | == Iniciando executor de notebooks (headless + timeout real) ==
2025-11-14 18:54:01,303 | INFO | Parâmetros: input=/home/asu/reproducibility_of_jupyter_notebooks-1/data/outputs/collection.csv output=/home/asu/reproducibility_of_jupyter_notebooks-1/data/outputs/execution_results.csv policy=strict timeout=300s limit=None originals_dir=/home/asu/reproducibility_of_jupyter_notebooks-1/data/outputs/notebooks_originais full_repos_dir=/home/asu/reproducibility_of_jupyter_notebooks-1/data/outputs/repositorios_completos
2025-11-14 18:54:01,303 | INFO | 🔍 Analisando versões Python nos notebooks...
2025-11-14 18:54:01,309 | INFO | 📊 Versões Python encontradas: {'3.13': 32, '3.6': 15, 'unknown': 44, '3.12': 36, '3.10': 132, '3.9': 34, '3.8': 23, '3.11': 48, '3.7': 27, '3.14': 1, '3.5': 3}
2025-11-14 18:54:01,309 | INFO | 🎯 Versão mais comum: Python 3.10
2025-11-14 18:54:01,309 | INFO | 🐳 Imagem Docker sugerida: notebook-executor
2025-11-14 18:54:01,309 | INFO | 💡 Para usar a versão correta, execute:
2025-11-14 18:54:01,309 | INFO |    docker build -t notebook-executor -f Dockerfile.python310 .
2025-11-14 18:54:01,310 | INFO | Workspace temporário: /tmp/nbexec_m791dz6c
2025-11-14 18:54:01,653 | INFO | Usando repositório completo: /home/asu/reproducibility_of_jupyter_notebooks-1/data/outputs/repositorios_completos/wewnumam/learn-ai/8ab772e1ed75123431f37ef9483e6c15dba4d264
2025-11-14 18:54:01,691 | INFO | Executando via Docker: image=notebook-executor-py313 nb=data-analysis/FreeCodeCamp-Pandas-Real-Life-Example/Exercises_1.ipynb
2025-11-14 18:54:01,691 | INFO | docker run: docker run --rm -v /home/asu/reproducibility_of_jupyter_notebooks-1/data/outputs/repositorios_completos/wewnumam/learn-ai/8ab772e1ed75123431f37ef9483e6c15dba4d264:/workspace/repo:ro -v /home/asu/reproducibility_of_jupyter_notebooks-1/data/outputs/repositorios_completos/wewnumam/learn-ai/8ab772e1ed75123431f37ef9483e6c15dba4d264/_out/data-analysis__FreeCodeCamp-Pandas-Real-Life-Example__Exercises_1.ipynb:/workspace/out -e NOTEBOOK_REL_PATH=data-analysis/FreeCodeCamp-Pandas-Real-Life-Example/Exercises_1.ipynb -e TIMEOUT_SECONDS=300 -e PYTHON_VERSION_DECLARED=3.13 -e POLICY=strict -e NOTEBOOK_ID=c2e53f77127f68dd7cb996540e06a7bfa63d1b63cc2fa697c00f311cf42dd2d6 -e RUN_ID=1763157241691-c2e53f77127f68dd7cb996540e06a7bf notebook-executor-py313 python -m scripts.container_worker
2025-11-14 18:54:05,796 | WARNING | Docker returned 1. STDOUT/ERR tail:

2025-11-14 21:54:02,928 | INFO | Executing notebook: data-analysis/FreeCodeCamp-Pandas-Real-Life-Example/Exercises_1.ipynb
2025-11-14 21:54:02,928 | INFO | Timeout: 300s, Run ID: 1763157241691-c2e53f77127f68dd7cb996540e06a7bf
2025-11-14 21:54:03,769 | INFO | Executing notebook with kernel: python3
2025-11-14 21:54:05,241 | INFO | Result written to /workspace/out/result.json

2025-11-14 18:54:05,809 | INFO | Usando repositório completo: /home/asu/reproducibility_of_jupyter_notebooks-1/data/outputs/repositorios_completos/wewnumam/learn-ai/8ab772e1ed75123431f37ef9483e6c15dba4d264
2025-11-14 18:54:05,810 | INFO | Executando via Docker: image=notebook-executor-py313 nb=data-analysis/FreeCodeCamp-Pandas-Real-Life-Example/Exercises_2.ipynb
2025-11-14 18:54:05,810 | INFO | docker run: docker run --rm -v /home/asu/reproducibility_of_jupyter_notebooks-1/data/outputs/repositorios_completos/wewnumam/learn-ai/8ab772e1ed75123431f37ef9483e6c15dba4d264:/workspace/repo:ro -v /home/asu/reproducibility_of_jupyter_notebooks-1/data/outputs/repositorios_completos/wewnumam/learn-ai/8ab772e1ed75123431f37ef9483e6c15dba4d264/_out/data-analysis__FreeCodeCamp-Pandas-Real-Life-Example__Exercises_2.ipynb:/workspace/out -e NOTEBOOK_REL_PATH=data-analysis/FreeCodeCamp-Pandas-Real-Life-Example/Exercises_2.ipynb -e TIMEOUT_SECONDS=300 -e PYTHON_VERSION_DECLARED=3.13 -e POLICY=strict -e NOTEBOOK_ID=d97db5d1574e42f3c2700c5f9fae8c9e5858a5b4a8ec6810b0e9fea3a50a9a7f -e RUN_ID=1763157245810-d97db5d1574e42f3c2700c5f9fae8c9e notebook-executor-py313 python -m scripts.container_worker
2025-11-14 18:54:09,663 | WARNING | Docker returned 1. STDOUT/ERR tail:

2025-11-14 21:54:07,073 | INFO | Executing notebook: data-analysis/FreeCodeCamp-Pandas-Real-Life-Example/Exercises_2.ipynb
2025-11-14 21:54:07,073 | INFO | Timeout: 300s, Run ID: 1763157245810-d97db5d1574e42f3c2700c5f9fae8c9e
2025-11-14 21:54:07,876 | INFO | Executing notebook with kernel: python3
2025-11-14 21:54:09,185 | INFO | Result written to /workspace/out/result.json

2025-11-14 18:54:09,677 | INFO | Usando repositório completo: /home/asu/reproducibility_of_jupyter_notebooks-1/data/outputs/repositorios_completos/wewnumam/learn-ai/8ab772e1ed75123431f37ef9483e6c15dba4d264
2025-11-14 18:54:09,677 | INFO | Executando via Docker: image=notebook-executor-py313 nb=data-analysis/FreeCodeCamp-Pandas-Real-Life-Example/Lecture_1.ipynb
2025-11-14 18:54:09,677 | INFO | docker run: docker run --rm -v /home/asu/reproducibility_of_jupyter_notebooks-1/data/outputs/repositorios_completos/wewnumam/learn-ai/8ab772e1ed75123431f37ef9483e6c15dba4d264:/workspace/repo:ro -v /home/asu/reproducibility_of_jupyter_notebooks-1/data/outputs/repositorios_completos/wewnumam/learn-ai/8ab772e1ed75123431f37ef9483e6c15dba4d264/_out/data-analysis__FreeCodeCamp-Pandas-Real-Life-Example__Lecture_1.ipynb:/workspace/out -e NOTEBOOK_REL_PATH=data-analysis/FreeCodeCamp-Pandas-Real-Life-Example/Lecture_1.ipynb -e TIMEOUT_SECONDS=300 -e PYTHON_VERSION_DECLARED=3.13 -e POLICY=strict -e NOTEBOOK_ID=931de126d369b599ed4f430b7c00ff9973990ffee7777a99daf51daa70586392 -e RUN_ID=1763157249677-931de126d369b599ed4f430b7c00ff99 notebook-executor-py313 python -m scripts.container_worker
2025-11-14 18:54:13,477 | WARNING | Docker returned 1. STDOUT/ERR tail:

2025-11-14 21:54:10,910 | INFO | Executing notebook: data-analysis/FreeCodeCamp-Pandas-Real-Life-Example/Lecture_1.ipynb
2025-11-14 21:54:10,911 | INFO | Timeout: 300s, Run ID: 1763157249677-931de126d369b599ed4f430b7c00ff99
2025-11-14 21:54:11,723 | INFO | Executing notebook with kernel: python3
2025-11-14 21:54:13,013 | INFO | Result written to /workspace/out/result.json

2025-11-14 18:54:13,486 | INFO | Usando repositório completo: /home/asu/reproducibility_of_jupyter_notebooks-1/data/outputs/repositorios_completos/wewnumam/learn-ai/8ab772e1ed75123431f37ef9483e6c15dba4d264
2025-11-14 18:54:13,486 | INFO | Executando via Docker: image=notebook-executor-py313 nb=data-analysis/FreeCodeCamp-Pandas-Real-Life-Example/Lecture_2.ipynb
2025-11-14 18:54:13,486 | INFO | docker run: docker run --rm -v /home/asu/reproducibility_of_jupyter_notebooks-1/data/outputs/repositorios_completos/wewnumam/learn-ai/8ab772e1ed75123431f37ef9483e6c15dba4d264:/workspace/repo:ro -v /home/asu/reproducibility_of_jupyter_notebooks-1/data/outputs/repositorios_completos/wewnumam/learn-ai/8ab772e1ed75123431f37ef9483e6c15dba4d264/_out/data-analysis__FreeCodeCamp-Pandas-Real-Life-Example__Lecture_2.ipynb:/workspace/out -e NOTEBOOK_REL_PATH=data-analysis/FreeCodeCamp-Pandas-Real-Life-Example/Lecture_2.ipynb -e TIMEOUT_SECONDS=300 -e PYTHON_VERSION_DECLARED=3.13 -e POLICY=strict -e NOTEBOOK_ID=7707961d01863dfa29aded1f2a9291575746cfd0ffc12753383f619b11166303 -e RUN_ID=1763157253486-7707961d01863dfa29aded1f2a929157 notebook-executor-py313 python -m scripts.container_worker
2025-11-14 18:54:17,039 | WARNING | Docker returned 1. STDOUT/ERR tail:

2025-11-14 21:54:14,649 | INFO | Executing notebook: data-analysis/FreeCodeCamp-Pandas-Real-Life-Example/Lecture_2.ipynb
2025-11-14 21:54:14,649 | INFO | Timeout: 300s, Run ID: 1763157253486-7707961d01863dfa29aded1f2a929157
2025-11-14 21:54:15,416 | INFO | Executing notebook with kernel: python3
2025-11-14 21:54:16,560 | INFO | Result written to /workspace/out/result.json

2025-11-14 18:54:17,070 | INFO | Usando repositório completo: /home/asu/reproducibility_of_jupyter_notebooks-1/data/outputs/repositorios_completos/wewnumam/learn-ai/8ab772e1ed75123431f37ef9483e6c15dba4d264
2025-11-14 18:54:17,124 | INFO | Executando via Docker: image=notebook-executor-py36 nb=data-analysis/RDP-Reading-Data-with-Python-and-Pandas/unit-1-reading-data-with-python-and-pandas/lesson-1-reading-csv-and-txt-files/files/Lecture.ipynb
2025-11-14 18:54:17,125 | INFO | docker run: docker run --rm -v /home/asu/reproducibility_of_jupyter_notebooks-1/data/outputs/repositorios_completos/wewnumam/learn-ai/8ab772e1ed75123431f37ef9483e6c15dba4d264:/workspace/repo:ro -v /home/asu/reproducibility_of_jupyter_notebooks-1/data/outputs/repositorios_completos/wewnumam/learn-ai/8ab772e1ed75123431f37ef9483e6c15dba4d264/_out/data-analysis__RDP-Reading-Data-with-Python-and-Pandas__unit-1-reading-data-with-python-and-pandas__lesson-1-reading-csv-and-txt-files__files__Lecture.ipynb:/workspace/out -e NOTEBOOK_REL_PATH=data-analysis/RDP-Reading-Data-with-Python-and-Pandas/unit-1-reading-data-with-python-and-pandas/lesson-1-reading-csv-and-txt-files/files/Lecture.ipynb -e TIMEOUT_SECONDS=300 -e PYTHON_VERSION_DECLARED=3.6 -e POLICY=strict -e NOTEBOOK_ID=da43bbd214c4f8acd75fb7b713ecc219b3232971f8589d7058f57bd1cd7074cc -e RUN_ID=1763157257125-da43bbd214c4f8acd75fb7b713ecc219 notebook-executor-py36 python -m scripts.container_worker
2025-11-14 18:54:19,260 | WARNING | Docker returned 1. STDOUT/ERR tail:

2025-11-14 21:54:17,781 | INFO | Executing notebook: data-analysis/RDP-Reading-Data-with-Python-and-Pandas/unit-1-reading-data-with-python-and-pandas/lesson-1-reading-csv-and-txt-files/files/Lecture.ipynb
2025-11-14 21:54:17,782 | INFO | Timeout: 300s, Run ID: 1763157257125-da43bbd214c4f8acd75fb7b713ecc219
2025-11-14 21:54:18,694 | INFO | Executing notebook with kernel: python3
2025-11-14 21:54:18,958 | INFO | ModuleNotFoundError detected: pandas. Attempting to install...
2025-11-14 21:54:18,958 | WARNING | Error installing pandas: __init__() got an unexpected keyword argument 'text'
2025-11-14 21:54:18,958 | WARNING | Failed to install pandas. Stopping retry.
2025-11-14 21:54:18,959 | INFO | Result written to /workspace/out/result.json

2025-11-14 18:54:19,267 | INFO | Usando repositório completo: /home/asu/reproducibility_of_jupyter_notebooks-1/data/outputs/repositorios_completos/wewnumam/learn-ai/8ab772e1ed75123431f37ef9483e6c15dba4d264
2025-11-14 18:54:19,267 | INFO | Executando via Docker: image=notebook-executor-py36 nb=data-analysis/RDP-Reading-Data-with-Python-and-Pandas/unit-1-reading-data-with-python-and-pandas/lesson-11-reading-data-from-relational-databases/files/Lecture.ipynb
2025-11-14 18:54:19,268 | INFO | docker run: docker run --rm -v /home/asu/reproducibility_of_jupyter_notebooks-1/data/outputs/repositorios_completos/wewnumam/learn-ai/8ab772e1ed75123431f37ef9483e6c15dba4d264:/workspace/repo:ro -v /home/asu/reproducibility_of_jupyter_notebooks-1/data/outputs/repositorios_completos/wewnumam/learn-ai/8ab772e1ed75123431f37ef9483e6c15dba4d264/_out/data-analysis__RDP-Reading-Data-with-Python-and-Pandas__unit-1-reading-data-with-python-and-pandas__lesson-11-reading-data-from-relational-databases__files__Lecture.ipynb:/workspace/out -e NOTEBOOK_REL_PATH=data-analysis/RDP-Reading-Data-with-Python-and-Pandas/unit-1-reading-data-with-python-and-pandas/lesson-11-reading-data-from-relational-databases/files/Lecture.ipynb -e TIMEOUT_SECONDS=300 -e PYTHON_VERSION_DECLARED=3.6 -e POLICY=strict -e NOTEBOOK_ID=ce1f0f4876ea82818df6638f3e3554aa22fbfc48a8a238f86e3d4f01b29252ce -e RUN_ID=1763157259267-ce1f0f4876ea82818df6638f3e3554aa notebook-executor-py36 python -m scripts.container_worker
2025-11-14 18:54:24,558 | WARNING | Docker returned 1. STDOUT/ERR tail:

2025-11-14 21:54:19,729 | INFO | Executing notebook: data-analysis/RDP-Reading-Data-with-Python-and-Pandas/unit-1-reading-data-with-python-and-pandas/lesson-11-reading-data-from-relational-databases/files/Lecture.ipynb
2025-11-14 21:54:19,729 | INFO | Timeout: 300s, Run ID: 1763157259267-ce1f0f4876ea82818df6638f3e3554aa
2025-11-14 21:54:20,483 | INFO | Executing notebook with kernel: python3
2025-11-14 21:54:24,207 | INFO | ModuleNotFoundError detected: pandas. Attempting to install...
2025-11-14 21:54:24,207 | WARNING | Error installing pandas: __init__() got an unexpected keyword argument 'text'
2025-11-14 21:54:24,207 | WARNING | Failed to install pandas. Stopping retry.
2025-11-14 21:54:24,207 | INFO | Result written to /workspace/out/result.json

2025-11-14 18:54:24,567 | INFO | Usando repositório completo: /home/asu/reproducibility_of_jupyter_notebooks-1/data/outputs/repositorios_completos/wewnumam/learn-ai/8ab772e1ed75123431f37ef9483e6c15dba4d264
2025-11-14 18:54:24,567 | INFO | Executando via Docker: image=notebook-executor-py36 nb=data-analysis/RDP-Reading-Data-with-Python-and-Pandas/unit-1-reading-data-with-python-and-pandas/lesson-15-fetching-data-from-a-rest-api/files/Lecture.ipynb
2025-11-14 18:54:24,567 | INFO | docker run: docker run --rm -v /home/asu/reproducibility_of_jupyter_notebooks-1/data/outputs/repositorios_completos/wewnumam/learn-ai/8ab772e1ed75123431f37ef9483e6c15dba4d264:/workspace/repo:ro -v /home/asu/reproducibility_of_jupyter_notebooks-1/data/outputs/repositorios_completos/wewnumam/learn-ai/8ab772e1ed75123431f37ef9483e6c15dba4d264/_out/data-analysis__RDP-Reading-Data-with-Python-and-Pandas__unit-1-reading-data-with-python-and-pandas__lesson-15-fetching-data-from-a-rest-api__files__Lecture.ipynb:/workspace/out -e NOTEBOOK_REL_PATH=data-analysis/RDP-Reading-Data-with-Python-and-Pandas/unit-1-reading-data-with-python-and-pandas/lesson-15-fetching-data-from-a-rest-api/files/Lecture.ipynb -e TIMEOUT_SECONDS=300 -e PYTHON_VERSION_DECLARED=3.6 -e POLICY=strict -e NOTEBOOK_ID=1d9cb73d5cdab6459a7a262a588541a57bca90f86ca81296e28e45b90f21758f -e RUN_ID=1763157264567-1d9cb73d5cdab6459a7a262a588541a5 notebook-executor-py36 python -m scripts.container_worker
2025-11-14 18:54:26,471 | WARNING | Docker returned 1. STDOUT/ERR tail:

2025-11-14 21:54:25,076 | INFO | Executing notebook: data-analysis/RDP-Reading-Data-with-Python-and-Pandas/unit-1-reading-data-with-python-and-pandas/lesson-15-fetching-data-from-a-rest-api/files/Lecture.ipynb
2025-11-14 21:54:25,077 | INFO | Timeout: 300s, Run ID: 1763157264567-1d9cb73d5cdab6459a7a262a588541a5
2025-11-14 21:54:25,867 | INFO | Executing notebook with kernel: python3
2025-11-14 21:54:26,123 | INFO | ModuleNotFoundError detected: pandas. Attempting to install...
2025-11-14 21:54:26,123 | WARNING | Error installing pandas: __init__() got an unexpected keyword argument 'text'
2025-11-14 21:54:26,123 | WARNING | Failed to install pandas. Stopping retry.
2025-11-14 21:54:26,123 | INFO | Result written to /workspace/out/result.json

2025-11-14 18:54:26,479 | INFO | Usando repositório completo: /home/asu/reproducibility_of_jupyter_notebooks-1/data/outputs/repositorios_completos/wewnumam/learn-ai/8ab772e1ed75123431f37ef9483e6c15dba4d264
2025-11-14 18:54:26,480 | INFO | Executando via Docker: image=notebook-executor-py36 nb=data-analysis/RDP-Reading-Data-with-Python-and-Pandas/unit-1-reading-data-with-python-and-pandas/lesson-17-reading-html-tables/files/Lecture.ipynb
2025-11-14 18:54:26,480 | INFO | docker run: docker run --rm -v /home/asu/reproducibility_of_jupyter_notebooks-1/data/outputs/repositorios_completos/wewnumam/learn-ai/8ab772e1ed75123431f37ef9483e6c15dba4d264:/workspace/repo:ro -v /home/asu/reproducibility_of_jupyter_notebooks-1/data/outputs/repositorios_completos/wewnumam/learn-ai/8ab772e1ed75123431f37ef9483e6c15dba4d264/_out/data-analysis__RDP-Reading-Data-with-Python-and-Pandas__unit-1-reading-data-with-python-and-pandas__lesson-17-reading-html-tables__files__Lecture.ipynb:/workspace/out -e NOTEBOOK_REL_PATH=data-analysis/RDP-Reading-Data-with-Python-and-Pandas/unit-1-reading-data-with-python-and-pandas/lesson-17-reading-html-tables/files/Lecture.ipynb -e TIMEOUT_SECONDS=300 -e PYTHON_VERSION_DECLARED=3.6 -e POLICY=strict -e NOTEBOOK_ID=58a25dbb7e3cee5c8b8343fda33bfc2b2522263ecc613cadd6dfb163005c9f3b -e RUN_ID=1763157266480-58a25dbb7e3cee5c8b8343fda33bfc2b notebook-executor-py36 python -m scripts.container_worker
2025-11-14 18:54:30,554 | WARNING | Docker returned 1. STDOUT/ERR tail:

2025-11-14 21:54:26,971 | INFO | Executing notebook: data-analysis/RDP-Reading-Data-with-Python-and-Pandas/unit-1-reading-data-with-python-and-pandas/lesson-17-reading-html-tables/files/Lecture.ipynb
2025-11-14 21:54:26,971 | INFO | Timeout: 300s, Run ID: 1763157266480-58a25dbb7e3cee5c8b8343fda33bfc2b
2025-11-14 21:54:27,741 | INFO | Executing notebook with kernel: python3
2025-11-14 21:54:30,214 | INFO | ModuleNotFoundError detected: pandas. Attempting to install...
2025-11-14 21:54:30,214 | WARNING | Error installing pandas: __init__() got an unexpected keyword argument 'text'
2025-11-14 21:54:30,214 | WARNING | Failed to install pandas. Stopping retry.
2025-11-14 21:54:30,214 | INFO | Result written to /workspace/out/result.json

2025-11-14 18:54:30,563 | INFO | Usando repositório completo: /home/asu/reproducibility_of_jupyter_notebooks-1/data/outputs/repositorios_completos/wewnumam/learn-ai/8ab772e1ed75123431f37ef9483e6c15dba4d264
2025-11-14 18:54:30,563 | INFO | Executando via Docker: image=notebook-executor-py36 nb=data-analysis/RDP-Reading-Data-with-Python-and-Pandas/unit-1-reading-data-with-python-and-pandas/lesson-19-complementary-file-types-and-io-tools/files/Lecture.ipynb
2025-11-14 18:54:30,564 | INFO | docker run: docker run --rm -v /home/asu/reproducibility_of_jupyter_notebooks-1/data/outputs/repositorios_completos/wewnumam/learn-ai/8ab772e1ed75123431f37ef9483e6c15dba4d264:/workspace/repo:ro -v /home/asu/reproducibility_of_jupyter_notebooks-1/data/outputs/repositorios_completos/wewnumam/learn-ai/8ab772e1ed75123431f37ef9483e6c15dba4d264/_out/data-analysis__RDP-Reading-Data-with-Python-and-Pandas__unit-1-reading-data-with-python-and-pandas__lesson-19-complementary-file-types-and-io-tools__files__Lecture.ipynb:/workspace/out -e NOTEBOOK_REL_PATH=data-analysis/RDP-Reading-Data-with-Python-and-Pandas/unit-1-reading-data-with-python-and-pandas/lesson-19-complementary-file-types-and-io-tools/files/Lecture.ipynb -e TIMEOUT_SECONDS=300 -e PYTHON_VERSION_DECLARED=3.6 -e POLICY=strict -e NOTEBOOK_ID=92fdf1af23611040cb77056b3548ff872db87baae81cf3b5210229778fa730db -e RUN_ID=1763157270563-92fdf1af23611040cb77056b3548ff87 notebook-executor-py36 python -m scripts.container_worker
2025-11-14 18:54:32,429 | WARNING | Docker returned 1. STDOUT/ERR tail:

2025-11-14 21:54:31,026 | INFO | Executing notebook: data-analysis/RDP-Reading-Data-with-Python-and-Pandas/unit-1-reading-data-with-python-and-pandas/lesson-19-complementary-file-types-and-io-tools/files/Lecture.ipynb
2025-11-14 21:54:31,026 | INFO | Timeout: 300s, Run ID: 1763157270563-92fdf1af23611040cb77056b3548ff87
2025-11-14 21:54:31,793 | INFO | Executing notebook with kernel: python3
2025-11-14 21:54:32,053 | INFO | ModuleNotFoundError detected: pandas. Attempting to install...
2025-11-14 21:54:32,053 | WARNING | Error installing pandas: __init__() got an unexpected keyword argument 'text'
2025-11-14 21:54:32,053 | WARNING | Failed to install pandas. Stopping retry.
2025-11-14 21:54:32,053 | INFO | Result written to /workspace/out/result.json

2025-11-14 18:54:32,437 | INFO | Usando repositório completo: /home/asu/reproducibility_of_jupyter_notebooks-1/data/outputs/repositorios_completos/wewnumam/learn-ai/8ab772e1ed75123431f37ef9483e6c15dba4d264
2025-11-14 18:54:32,437 | INFO | Executando via Docker: image=notebook-executor-py36 nb=data-analysis/RDP-Reading-Data-with-Python-and-Pandas/unit-1-reading-data-with-python-and-pandas/lesson-5-reading-excel-files/files/Lecture.ipynb
2025-11-14 18:54:32,437 | INFO | docker run: docker run --rm -v /home/asu/reproducibility_of_jupyter_notebooks-1/data/outputs/repositorios_completos/wewnumam/learn-ai/8ab772e1ed75123431f37ef9483e6c15dba4d264:/workspace/repo:ro -v /home/asu/reproducibility_of_jupyter_notebooks-1/data/outputs/repositorios_completos/wewnumam/learn-ai/8ab772e1ed75123431f37ef9483e6c15dba4d264/_out/data-analysis__RDP-Reading-Data-with-Python-and-Pandas__unit-1-reading-data-with-python-and-pandas__lesson-5-reading-excel-files__files__Lecture.ipynb:/workspace/out -e NOTEBOOK_REL_PATH=data-analysis/RDP-Reading-Data-with-Python-and-Pandas/unit-1-reading-data-with-python-and-pandas/lesson-5-reading-excel-files/files/Lecture.ipynb -e TIMEOUT_SECONDS=300 -e PYTHON_VERSION_DECLARED=3.6 -e POLICY=strict -e NOTEBOOK_ID=965bbf9ab3550a9dac0de3fbaefd2fc63786416c11cf844a12c307bc62621ffd -e RUN_ID=1763157272437-965bbf9ab3550a9dac0de3fbaefd2fc6 notebook-executor-py36 python -m scripts.container_worker
2025-11-14 18:54:34,240 | WARNING | Docker returned 1. STDOUT/ERR tail:

2025-11-14 21:54:32,947 | INFO | Executing notebook: data-analysis/RDP-Reading-Data-with-Python-and-Pandas/unit-1-reading-data-with-python-and-pandas/lesson-5-reading-excel-files/files/Lecture.ipynb
2025-11-14 21:54:32,947 | INFO | Timeout: 300s, Run ID: 1763157272437-965bbf9ab3550a9dac0de3fbaefd2fc6
2025-11-14 21:54:33,703 | INFO | Executing notebook with kernel: python3
2025-11-14 21:54:33,958 | INFO | ModuleNotFoundError detected: pandas. Attempting to install...
2025-11-14 21:54:33,958 | WARNING | Error installing pandas: __init__() got an unexpected keyword argument 'text'
2025-11-14 21:54:33,958 | WARNING | Failed to install pandas. Stopping retry.
2025-11-14 21:54:33,958 | INFO | Result written to /workspace/out/result.json

2025-11-14 18:54:34,248 | INFO | Usando repositório completo: /home/asu/reproducibility_of_jupyter_notebooks-1/data/outputs/repositorios_completos/wewnumam/learn-ai/8ab772e1ed75123431f37ef9483e6c15dba4d264
2025-11-14 18:54:34,248 | INFO | Executando via Docker: image=notebook-executor-py36 nb=data-analysis/RDP-Reading-Data-with-Python-and-Pandas/unit-1-reading-data-with-python-and-pandas/lesson-8-reading-json-files/files/Lecture.ipynb
2025-11-14 18:54:34,248 | INFO | docker run: docker run --rm -v /home/asu/reproducibility_of_jupyter_notebooks-1/data/outputs/repositorios_completos/wewnumam/learn-ai/8ab772e1ed75123431f37ef9483e6c15dba4d264:/workspace/repo:ro -v /home/asu/reproducibility_of_jupyter_notebooks-1/data/outputs/repositorios_completos/wewnumam/learn-ai/8ab772e1ed75123431f37ef9483e6c15dba4d264/_out/data-analysis__RDP-Reading-Data-with-Python-and-Pandas__unit-1-reading-data-with-python-and-pandas__lesson-8-reading-json-files__files__Lecture.ipynb:/workspace/out -e NOTEBOOK_REL_PATH=data-analysis/RDP-Reading-Data-with-Python-and-Pandas/unit-1-reading-data-with-python-and-pandas/lesson-8-reading-json-files/files/Lecture.ipynb -e TIMEOUT_SECONDS=300 -e PYTHON_VERSION_DECLARED=3.6 -e POLICY=strict -e NOTEBOOK_ID=9c8b089b8a6be14aadb22e01391f07381185feaefaea98a156bc27efc243b939 -e RUN_ID=1763157274248-9c8b089b8a6be14aadb22e01391f0738 notebook-executor-py36 python -m scripts.container_worker
2025-11-14 18:54:36,076 | WARNING | Docker returned 1. STDOUT/ERR tail:

2025-11-14 21:54:34,724 | INFO | Executing notebook: data-analysis/RDP-Reading-Data-with-Python-and-Pandas/unit-1-reading-data-with-python-and-pandas/lesson-8-reading-json-files/files/Lecture.ipynb
2025-11-14 21:54:34,725 | INFO | Timeout: 300s, Run ID: 1763157274248-9c8b089b8a6be14aadb22e01391f0738
2025-11-14 21:54:35,486 | INFO | Executing notebook with kernel: python3
2025-11-14 21:54:35,745 | INFO | ModuleNotFoundError detected: pandas. Attempting to install...
2025-11-14 21:54:35,745 | WARNING | Error installing pandas: __init__() got an unexpected keyword argument 'text'
2025-11-14 21:54:35,745 | WARNING | Failed to install pandas. Stopping retry.
2025-11-14 21:54:35,745 | INFO | Result written to /workspace/out/result.json

2025-11-14 18:54:36,077 | INFO | Usando repositório completo: /home/asu/reproducibility_of_jupyter_notebooks-1/data/outputs/repositorios_completos/wewnumam/learn-ai/8ab772e1ed75123431f37ef9483e6c15dba4d264
2025-11-14 18:54:36,077 | INFO | Executando via Docker: image=notebook-executor-py313 nb=data-analysis/data-cleaning-rmotr-freecodecamp/1 - Missing Data.ipynb
2025-11-14 18:54:36,077 | INFO | docker run: docker run --rm -v /home/asu/reproducibility_of_jupyter_notebooks-1/data/outputs/repositorios_completos/wewnumam/learn-ai/8ab772e1ed75123431f37ef9483e6c15dba4d264:/workspace/repo:ro -v /home/asu/reproducibility_of_jupyter_notebooks-1/data/outputs/repositorios_completos/wewnumam/learn-ai/8ab772e1ed75123431f37ef9483e6c15dba4d264/_out/data-analysis__data-cleaning-rmotr-freecodecamp__1 - Missing Data.ipynb:/workspace/out -e NOTEBOOK_REL_PATH=data-analysis/data-cleaning-rmotr-freecodecamp/1 - Missing Data.ipynb -e TIMEOUT_SECONDS=300 -e PYTHON_VERSION_DECLARED=3.13 -e POLICY=strict -e NOTEBOOK_ID=f5d517369a7c78daae0af067ef014668a4fa800a0565ad0b5fab7bf2f0dbed4d -e RUN_ID=1763157276077-f5d517369a7c78daae0af067ef014668 notebook-executor-py313 python -m scripts.container_worker
2025-11-14 18:54:39,335 | INFO | Usando repositório completo: /home/asu/reproducibility_of_jupyter_notebooks-1/data/outputs/repositorios_completos/wewnumam/learn-ai/8ab772e1ed75123431f37ef9483e6c15dba4d264
2025-11-14 18:54:39,335 | INFO | Executando via Docker: image=notebook-executor-py313 nb=data-analysis/data-cleaning-rmotr-freecodecamp/2 - Handling Missing Data with Pandas.ipynb
2025-11-14 18:54:39,335 | INFO | docker run: docker run --rm -v /home/asu/reproducibility_of_jupyter_notebooks-1/data/outputs/repositorios_completos/wewnumam/learn-ai/8ab772e1ed75123431f37ef9483e6c15dba4d264:/workspace/repo:ro -v /home/asu/reproducibility_of_jupyter_notebooks-1/data/outputs/repositorios_completos/wewnumam/learn-ai/8ab772e1ed75123431f37ef9483e6c15dba4d264/_out/data-analysis__data-cleaning-rmotr-freecodecamp__2 - Handling Missing Data with Pandas.ipynb:/workspace/out -e NOTEBOOK_REL_PATH=data-analysis/data-cleaning-rmotr-freecodecamp/2 - Handling Missing Data with Pandas.ipynb -e TIMEOUT_SECONDS=300 -e PYTHON_VERSION_DECLARED=3.13 -e POLICY=strict -e NOTEBOOK_ID=3602e8019807053a848681da02e9d5f5e5d52b10c020a69cdccfcd5f609cc5b4 -e RUN_ID=1763157279335-3602e8019807053a848681da02e9d5f5 notebook-executor-py313 python -m scripts.container_worker
2025-11-14 18:54:42,635 | INFO | Usando repositório completo: /home/asu/reproducibility_of_jupyter_notebooks-1/data/outputs/repositorios_completos/wewnumam/learn-ai/8ab772e1ed75123431f37ef9483e6c15dba4d264
2025-11-14 18:54:42,635 | INFO | Executando via Docker: image=notebook-executor-py313 nb=data-analysis/data-cleaning-rmotr-freecodecamp/3 - Cleaning Not Null Values.ipynb
2025-11-14 18:54:42,635 | INFO | docker run: docker run --rm -v /home/asu/reproducibility_of_jupyter_notebooks-1/data/outputs/repositorios_completos/wewnumam/learn-ai/8ab772e1ed75123431f37ef9483e6c15dba4d264:/workspace/repo:ro -v /home/asu/reproducibility_of_jupyter_notebooks-1/data/outputs/repositorios_completos/wewnumam/learn-ai/8ab772e1ed75123431f37ef9483e6c15dba4d264/_out/data-analysis__data-cleaning-rmotr-freecodecamp__3 - Cleaning Not Null Values.ipynb:/workspace/out -e NOTEBOOK_REL_PATH=data-analysis/data-cleaning-rmotr-freecodecamp/3 - Cleaning Not Null Values.ipynb -e TIMEOUT_SECONDS=300 -e PYTHON_VERSION_DECLARED=3.13 -e POLICY=strict -e NOTEBOOK_ID=b24652ff968e871c4657d7c602236d0d9dbf128fa6c193ba741fac799f9b4a40 -e RUN_ID=1763157282635-b24652ff968e871c4657d7c602236d0d notebook-executor-py313 python -m scripts.container_worker
2025-11-14 18:54:45,701 | INFO | Usando repositório completo: /home/asu/reproducibility_of_jupyter_notebooks-1/data/outputs/repositorios_completos/wewnumam/learn-ai/8ab772e1ed75123431f37ef9483e6c15dba4d264
2025-11-14 18:54:45,701 | INFO | Executando via Docker: image=notebook-executor-py313 nb=data-analysis/data-cleaning-rmotr-freecodecamp/4 - More Visualizations.ipynb
2025-11-14 18:54:45,701 | INFO | docker run: docker run --rm -v /home/asu/reproducibility_of_jupyter_notebooks-1/data/outputs/repositorios_completos/wewnumam/learn-ai/8ab772e1ed75123431f37ef9483e6c15dba4d264:/workspace/repo:ro -v /home/asu/reproducibility_of_jupyter_notebooks-1/data/outputs/repositorios_completos/wewnumam/learn-ai/8ab772e1ed75123431f37ef9483e6c15dba4d264/_out/data-analysis__data-cleaning-rmotr-freecodecamp__4 - More Visualizations.ipynb:/workspace/out -e NOTEBOOK_REL_PATH=data-analysis/data-cleaning-rmotr-freecodecamp/4 - More Visualizations.ipynb -e TIMEOUT_SECONDS=300 -e PYTHON_VERSION_DECLARED=3.13 -e POLICY=strict -e NOTEBOOK_ID=2983c66ede47e8f995218bc475be10e9eef33bb2b0a996ff54873c16a296f94f -e RUN_ID=1763157285701-2983c66ede47e8f995218bc475be10e9 notebook-executor-py313 python -m scripts.container_worker
2025-11-14 18:54:51,265 | INFO | Usando repositório completo: /home/asu/reproducibility_of_jupyter_notebooks-1/data/outputs/repositorios_completos/wewnumam/learn-ai/8ab772e1ed75123431f37ef9483e6c15dba4d264
2025-11-14 18:54:51,265 | INFO | Executando via Docker: image=notebook-executor-py313 nb=data-analysis/data-cleaning-rmotr-freecodecamp/5 - Real Example.ipynb
2025-11-14 18:54:51,265 | INFO | docker run: docker run --rm -v /home/asu/reproducibility_of_jupyter_notebooks-1/data/outputs/repositorios_completos/wewnumam/learn-ai/8ab772e1ed75123431f37ef9483e6c15dba4d264:/workspace/repo:ro -v /home/asu/reproducibility_of_jupyter_notebooks-1/data/outputs/repositorios_completos/wewnumam/learn-ai/8ab772e1ed75123431f37ef9483e6c15dba4d264/_out/data-analysis__data-cleaning-rmotr-freecodecamp__5 - Real Example.ipynb:/workspace/out -e NOTEBOOK_REL_PATH=data-analysis/data-cleaning-rmotr-freecodecamp/5 - Real Example.ipynb -e TIMEOUT_SECONDS=300 -e PYTHON_VERSION_DECLARED=3.13 -e POLICY=strict -e NOTEBOOK_ID=fb7c2a129af47f80c10156b86679555b32bc98cf3e1fe77ed2fa8723043c0501 -e RUN_ID=1763157291265-fb7c2a129af47f80c10156b86679555b notebook-executor-py313 python -m scripts.container_worker
2025-11-14 18:54:55,838 | WARNING | Docker returned 1. STDOUT/ERR tail:

2025-11-14 21:54:52,622 | INFO | Executing notebook: data-analysis/data-cleaning-rmotr-freecodecamp/5 - Real Example.ipynb
2025-11-14 21:54:52,622 | INFO | Timeout: 300s, Run ID: 1763157291265-fb7c2a129af47f80c10156b86679555b
2025-11-14 21:54:53,444 | INFO | Executing notebook with kernel: python3
2025-11-14 21:54:55,330 | INFO | Result written to /workspace/out/result.json

2025-11-14 18:54:55,840 | INFO | Usando repositório completo: /home/asu/reproducibility_of_jupyter_notebooks-1/data/outputs/repositorios_completos/wewnumam/learn-ai/8ab772e1ed75123431f37ef9483e6c15dba4d264
2025-11-14 18:54:55,840 | INFO | Executando via Docker: image=notebook-executor-py313 nb=data-analysis/freecodecamp-intro-to-pandas/1 - Pandas - Series.ipynb
2025-11-14 18:54:55,840 | INFO | docker run: docker run --rm -v /home/asu/reproducibility_of_jupyter_notebooks-1/data/outputs/repositorios_completos/wewnumam/learn-ai/8ab772e1ed75123431f37ef9483e6c15dba4d264:/workspace/repo:ro -v /home/asu/reproducibility_of_jupyter_notebooks-1/data/outputs/repositorios_completos/wewnumam/learn-ai/8ab772e1ed75123431f37ef9483e6c15dba4d264/_out/data-analysis__freecodecamp-intro-to-pandas__1 - Pandas - Series.ipynb:/workspace/out -e NOTEBOOK_REL_PATH=data-analysis/freecodecamp-intro-to-pandas/1 - Pandas - Series.ipynb -e TIMEOUT_SECONDS=300 -e PYTHON_VERSION_DECLARED=3.13 -e POLICY=strict -e NOTEBOOK_ID=bc2fe5203c71eafe437c4be9f8bcc0a597ec49de634fce790321089ff9435fe7 -e RUN_ID=1763157295840-bc2fe5203c71eafe437c4be9f8bcc0a5 notebook-executor-py313 python -m scripts.container_worker
2025-11-14 18:54:59,281 | INFO | Usando repositório completo: /home/asu/reproducibility_of_jupyter_notebooks-1/data/outputs/repositorios_completos/wewnumam/learn-ai/8ab772e1ed75123431f37ef9483e6c15dba4d264
2025-11-14 18:54:59,282 | INFO | Executando via Docker: image=notebook-executor-py313 nb=data-analysis/freecodecamp-intro-to-pandas/2 - Pandas Series exercises.ipynb
2025-11-14 18:54:59,282 | INFO | docker run: docker run --rm -v /home/asu/reproducibility_of_jupyter_notebooks-1/data/outputs/repositorios_completos/wewnumam/learn-ai/8ab772e1ed75123431f37ef9483e6c15dba4d264:/workspace/repo:ro -v /home/asu/reproducibility_of_jupyter_notebooks-1/data/outputs/repositorios_completos/wewnumam/learn-ai/8ab772e1ed75123431f37ef9483e6c15dba4d264/_out/data-analysis__freecodecamp-intro-to-pandas__2 - Pandas Series exercises.ipynb:/workspace/out -e NOTEBOOK_REL_PATH=data-analysis/freecodecamp-intro-to-pandas/2 - Pandas Series exercises.ipynb -e TIMEOUT_SECONDS=300 -e PYTHON_VERSION_DECLARED=3.13 -e POLICY=strict -e NOTEBOOK_ID=b4e5a597df960403067a9e96c4afdcc44409466d47a7a1f34c0e01ee36f91235 -e RUN_ID=1763157299282-b4e5a597df960403067a9e96c4afdcc4 notebook-executor-py313 python -m scripts.container_worker
2025-11-14 18:55:02,402 | INFO | Usando repositório completo: /home/asu/reproducibility_of_jupyter_notebooks-1/data/outputs/repositorios_completos/wewnumam/learn-ai/8ab772e1ed75123431f37ef9483e6c15dba4d264
2025-11-14 18:55:02,403 | INFO | Executando via Docker: image=notebook-executor-py313 nb=data-analysis/freecodecamp-intro-to-pandas/3 - Pandas - DataFrames.ipynb
2025-11-14 18:55:02,403 | INFO | docker run: docker run --rm -v /home/asu/reproducibility_of_jupyter_notebooks-1/data/outputs/repositorios_completos/wewnumam/learn-ai/8ab772e1ed75123431f37ef9483e6c15dba4d264:/workspace/repo:ro -v /home/asu/reproducibility_of_jupyter_notebooks-1/data/outputs/repositorios_completos/wewnumam/learn-ai/8ab772e1ed75123431f37ef9483e6c15dba4d264/_out/data-analysis__freecodecamp-intro-to-pandas__3 - Pandas - DataFrames.ipynb:/workspace/out -e NOTEBOOK_REL_PATH=data-analysis/freecodecamp-intro-to-pandas/3 - Pandas - DataFrames.ipynb -e TIMEOUT_SECONDS=300 -e PYTHON_VERSION_DECLARED=3.13 -e POLICY=strict -e NOTEBOOK_ID=2a4d7f4eb0d345db0b141ec89440989b9958da7002b122981c91c668a681af73 -e RUN_ID=1763157302403-2a4d7f4eb0d345db0b141ec89440989b notebook-executor-py313 python -m scripts.container_worker
2025-11-14 18:55:05,812 | INFO | Usando repositório completo: /home/asu/reproducibility_of_jupyter_notebooks-1/data/outputs/repositorios_completos/wewnumam/learn-ai/8ab772e1ed75123431f37ef9483e6c15dba4d264
2025-11-14 18:55:05,812 | INFO | Executando via Docker: image=notebook-executor-py313 nb=data-analysis/freecodecamp-intro-to-pandas/4 - Pandas DataFrames exercises.ipynb
2025-11-14 18:55:05,812 | INFO | docker run: docker run --rm -v /home/asu/reproducibility_of_jupyter_notebooks-1/data/outputs/repositorios_completos/wewnumam/learn-ai/8ab772e1ed75123431f37ef9483e6c15dba4d264:/workspace/repo:ro -v /home/asu/reproducibility_of_jupyter_notebooks-1/data/outputs/repositorios_completos/wewnumam/learn-ai/8ab772e1ed75123431f37ef9483e6c15dba4d264/_out/data-analysis__freecodecamp-intro-to-pandas__4 - Pandas DataFrames exercises.ipynb:/workspace/out -e NOTEBOOK_REL_PATH=data-analysis/freecodecamp-intro-to-pandas/4 - Pandas DataFrames exercises.ipynb -e TIMEOUT_SECONDS=300 -e PYTHON_VERSION_DECLARED=3.13 -e POLICY=strict -e NOTEBOOK_ID=415d8ebd1b64e8feaf4a774b21fe884fdb4b1e70c770ec4d1fc877ff08561daf -e RUN_ID=1763157305812-415d8ebd1b64e8feaf4a774b21fe884f notebook-executor-py313 python -m scripts.container_worker
2025-11-14 18:55:09,627 | INFO | Usando repositório completo: /home/asu/reproducibility_of_jupyter_notebooks-1/data/outputs/repositorios_completos/wewnumam/learn-ai/8ab772e1ed75123431f37ef9483e6c15dba4d264
2025-11-14 18:55:09,627 | INFO | Executando via Docker: image=notebook-executor-py313 nb=data-analysis/freecodecamp-intro-to-pandas/5 - Pandas - Reading CSV and Basic Plotting.ipynb
2025-11-14 18:55:09,628 | INFO | docker run: docker run --rm -v /home/asu/reproducibility_of_jupyter_notebooks-1/data/outputs/repositorios_completos/wewnumam/learn-ai/8ab772e1ed75123431f37ef9483e6c15dba4d264:/workspace/repo:ro -v /home/asu/reproducibility_of_jupyter_notebooks-1/data/outputs/repositorios_completos/wewnumam/learn-ai/8ab772e1ed75123431f37ef9483e6c15dba4d264/_out/data-analysis__freecodecamp-intro-to-pandas__5 - Pandas - Reading CSV and Basic Plotting.ipynb:/workspace/out -e NOTEBOOK_REL_PATH=data-analysis/freecodecamp-intro-to-pandas/5 - Pandas - Reading CSV and Basic Plotting.ipynb -e TIMEOUT_SECONDS=300 -e PYTHON_VERSION_DECLARED=3.13 -e POLICY=strict -e NOTEBOOK_ID=e5e6ce15f5a6a5528d6ed0483b1468c9f57a64e9c76cc80e5fffa524985b887c -e RUN_ID=1763157309628-e5e6ce15f5a6a5528d6ed0483b1468c9 notebook-executor-py313 python -m scripts.container_worker
2025-11-14 18:55:13,379 | WARNING | Docker returned 1. STDOUT/ERR tail:

2025-11-14 21:55:10,856 | INFO | Executing notebook: data-analysis/freecodecamp-intro-to-pandas/5 - Pandas - Reading CSV and Basic Plotting.ipynb
2025-11-14 21:55:10,856 | INFO | Timeout: 300s, Run ID: 1763157309628-e5e6ce15f5a6a5528d6ed0483b1468c9
2025-11-14 21:55:11,657 | INFO | Executing notebook with kernel: python3
2025-11-14 21:55:12,879 | INFO | Result written to /workspace/out/result.json

2025-11-14 18:55:13,408 | INFO | Usando repositório completo: /home/asu/reproducibility_of_jupyter_notebooks-1/data/outputs/repositorios_completos/wewnumam/learn-ai/8ab772e1ed75123431f37ef9483e6c15dba4d264
2025-11-14 18:55:13,408 | INFO | Executando via Docker: image=notebook-executor-py313 nb=data-analysis/programming-with-mosh/HelloWorld.ipynb
2025-11-14 18:55:13,408 | INFO | docker run: docker run --rm -v /home/asu/reproducibility_of_jupyter_notebooks-1/data/outputs/repositorios_completos/wewnumam/learn-ai/8ab772e1ed75123431f37ef9483e6c15dba4d264:/workspace/repo:ro -v /home/asu/reproducibility_of_jupyter_notebooks-1/data/outputs/repositorios_completos/wewnumam/learn-ai/8ab772e1ed75123431f37ef9483e6c15dba4d264/_out/data-analysis__programming-with-mosh__HelloWorld.ipynb:/workspace/out -e NOTEBOOK_REL_PATH=data-analysis/programming-with-mosh/HelloWorld.ipynb -e TIMEOUT_SECONDS=300 -e PYTHON_VERSION_DECLARED=3.13 -e POLICY=strict -e NOTEBOOK_ID=c08f6d4f7295a9c8225d9d298f61f7738c3c02b0ee3ea45a2499c8c1d70ce03b -e RUN_ID=1763157313408-c08f6d4f7295a9c8225d9d298f61f773 notebook-executor-py313 python -m scripts.container_worker
2025-11-14 18:55:16,717 | WARNING | Docker returned 1. STDOUT/ERR tail:

2025-11-14 21:55:14,677 | INFO | Executing notebook: data-analysis/programming-with-mosh/HelloWorld.ipynb
2025-11-14 21:55:14,677 | INFO | Timeout: 300s, Run ID: 1763157313408-c08f6d4f7295a9c8225d9d298f61f773
2025-11-14 21:55:15,475 | INFO | Executing notebook with kernel: python3
2025-11-14 21:55:16,229 | INFO | Result written to /workspace/out/result.json

2025-11-14 18:55:16,719 | INFO | Usando repositório completo: /home/asu/reproducibility_of_jupyter_notebooks-1/data/outputs/repositorios_completos/wewnumam/learn-ai/8ab772e1ed75123431f37ef9483e6c15dba4d264
2025-11-14 18:55:16,719 | INFO | Executando via Docker: image=notebook-executor-py313 nb=data-science/freecodecamp-intro-to-numpy/1. Introduction to Data Science.ipynb
2025-11-14 18:55:16,719 | INFO | docker run: docker run --rm -v /home/asu/reproducibility_of_jupyter_notebooks-1/data/outputs/repositorios_completos/wewnumam/learn-ai/8ab772e1ed75123431f37ef9483e6c15dba4d264:/workspace/repo:ro -v /home/asu/reproducibility_of_jupyter_notebooks-1/data/outputs/repositorios_completos/wewnumam/learn-ai/8ab772e1ed75123431f37ef9483e6c15dba4d264/_out/data-science__freecodecamp-intro-to-numpy__1. Introduction to Data Science.ipynb:/workspace/out -e NOTEBOOK_REL_PATH=data-science/freecodecamp-intro-to-numpy/1. Introduction to Data Science.ipynb -e TIMEOUT_SECONDS=300 -e PYTHON_VERSION_DECLARED=3.13 -e POLICY=strict -e NOTEBOOK_ID=2f265f05414c75f1328687c31fd55d8da421470c91e6ae1c7cf920417d3e9196 -e RUN_ID=1763157316719-2f265f05414c75f1328687c31fd55d8d notebook-executor-py313 python -m scripts.container_worker
2025-11-14 18:55:19,330 | INFO | Usando repositório completo: /home/asu/reproducibility_of_jupyter_notebooks-1/data/outputs/repositorios_completos/wewnumam/learn-ai/8ab772e1ed75123431f37ef9483e6c15dba4d264
2025-11-14 18:55:19,330 | INFO | Executando via Docker: image=notebook-executor-py313 nb=data-science/freecodecamp-intro-to-numpy/2. NumPy.ipynb
2025-11-14 18:55:19,330 | INFO | docker run: docker run --rm -v /home/asu/reproducibility_of_jupyter_notebooks-1/data/outputs/repositorios_completos/wewnumam/learn-ai/8ab772e1ed75123431f37ef9483e6c15dba4d264:/workspace/repo:ro -v /home/asu/reproducibility_of_jupyter_notebooks-1/data/outputs/repositorios_completos/wewnumam/learn-ai/8ab772e1ed75123431f37ef9483e6c15dba4d264/_out/data-science__freecodecamp-intro-to-numpy__2. NumPy.ipynb:/workspace/out -e NOTEBOOK_REL_PATH=data-science/freecodecamp-intro-to-numpy/2. NumPy.ipynb -e TIMEOUT_SECONDS=300 -e PYTHON_VERSION_DECLARED=3.13 -e POLICY=strict -e NOTEBOOK_ID=2858f9d33f294a2101304ba8ddd3579cd2f80b2951172ff9558b4a5d9fa51405 -e RUN_ID=1763157319330-2858f9d33f294a2101304ba8ddd3579c notebook-executor-py313 python -m scripts.container_worker
2025-11-14 18:55:22,733 | INFO | Usando repositório completo: /home/asu/reproducibility_of_jupyter_notebooks-1/data/outputs/repositorios_completos/wewnumam/learn-ai/8ab772e1ed75123431f37ef9483e6c15dba4d264
2025-11-14 18:55:22,733 | INFO | Executando via Docker: image=notebook-executor-py313 nb=data-science/freecodecamp-intro-to-numpy/3. NumPy exercises.ipynb
2025-11-14 18:55:22,733 | INFO | docker run: docker run --rm -v /home/asu/reproducibility_of_jupyter_notebooks-1/data/outputs/repositorios_completos/wewnumam/learn-ai/8ab772e1ed75123431f37ef9483e6c15dba4d264:/workspace/repo:ro -v /home/asu/reproducibility_of_jupyter_notebooks-1/data/outputs/repositorios_completos/wewnumam/learn-ai/8ab772e1ed75123431f37ef9483e6c15dba4d264/_out/data-science__freecodecamp-intro-to-numpy__3. NumPy exercises.ipynb:/workspace/out -e NOTEBOOK_REL_PATH=data-science/freecodecamp-intro-to-numpy/3. NumPy exercises.ipynb -e TIMEOUT_SECONDS=300 -e PYTHON_VERSION_DECLARED=3.13 -e POLICY=strict -e NOTEBOOK_ID=5a7650594104fca13d0d714f5807799e84970f7d903125e28eff973ebdbc1c12 -e RUN_ID=1763157322733-5a7650594104fca13d0d714f5807799e notebook-executor-py313 python -m scripts.container_worker
2025-11-14 18:55:25,775 | WARNING | Docker returned 1. STDOUT/ERR tail:

2025-11-14 21:55:24,020 | INFO | Executing notebook: data-science/freecodecamp-intro-to-numpy/3. NumPy exercises.ipynb
2025-11-14 21:55:24,020 | INFO | Timeout: 300s, Run ID: 1763157322733-5a7650594104fca13d0d714f5807799e
2025-11-14 21:55:24,849 | INFO | Executing notebook with kernel: python3
2025-11-14 21:55:25,300 | INFO | Result written to /workspace/out/result.json

2025-11-14 18:55:25,780 | INFO | Usando repositório completo: /home/asu/reproducibility_of_jupyter_notebooks-1/data/outputs/repositorios_completos/wewnumam/learn-ai/8ab772e1ed75123431f37ef9483e6c15dba4d264
2025-11-14 18:55:25,781 | INFO | Executando via Docker: image=notebook-executor-py313 nb=data-science/freecodecamp-intro-to-numpy/Untitled.ipynb
2025-11-14 18:55:25,781 | INFO | docker run: docker run --rm -v /home/asu/reproducibility_of_jupyter_notebooks-1/data/outputs/repositorios_completos/wewnumam/learn-ai/8ab772e1ed75123431f37ef9483e6c15dba4d264:/workspace/repo:ro -v /home/asu/reproducibility_of_jupyter_notebooks-1/data/outputs/repositorios_completos/wewnumam/learn-ai/8ab772e1ed75123431f37ef9483e6c15dba4d264/_out/data-science__freecodecamp-intro-to-numpy__Untitled.ipynb:/workspace/out -e NOTEBOOK_REL_PATH=data-science/freecodecamp-intro-to-numpy/Untitled.ipynb -e TIMEOUT_SECONDS=300 -e PYTHON_VERSION_DECLARED=3.13 -e POLICY=strict -e NOTEBOOK_ID=24d4e9827fa2276e4e0f622db05e7e997d61ca19a778a0e98f2e14e94ee26371 -e RUN_ID=1763157325781-24d4e9827fa2276e4e0f622db05e7e99 notebook-executor-py313 python -m scripts.container_worker
2025-11-14 18:55:28,645 | INFO | Usando repositório completo: /home/asu/reproducibility_of_jupyter_notebooks-1/data/outputs/repositorios_completos/wewnumam/learn-ai/8ab772e1ed75123431f37ef9483e6c15dba4d264
2025-11-14 18:55:28,645 | INFO | Executando via Docker: image=notebook-executor-py313 nb=machine-learning/decision-tree-classifier/MusicGenreClassifier.ipynb
2025-11-14 18:55:28,645 | INFO | docker run: docker run --rm -v /home/asu/reproducibility_of_jupyter_notebooks-1/data/outputs/repositorios_completos/wewnumam/learn-ai/8ab772e1ed75123431f37ef9483e6c15dba4d264:/workspace/repo:ro -v /home/asu/reproducibility_of_jupyter_notebooks-1/data/outputs/repositorios_completos/wewnumam/learn-ai/8ab772e1ed75123431f37ef9483e6c15dba4d264/_out/machine-learning__decision-tree-classifier__MusicGenreClassifier.ipynb:/workspace/out -e NOTEBOOK_REL_PATH=machine-learning/decision-tree-classifier/MusicGenreClassifier.ipynb -e TIMEOUT_SECONDS=300 -e PYTHON_VERSION_DECLARED=3.13 -e POLICY=strict -e NOTEBOOK_ID=9a72d4b0ff503a4548aa3a128e4957eded8c5971d9a184683789c34edd8d5482 -e RUN_ID=1763157328645-9a72d4b0ff503a4548aa3a128e4957ed notebook-executor-py313 python -m scripts.container_worker
2025-11-14 18:55:32,998 | WARNING | Docker returned 1. STDOUT/ERR tail:

2025-11-14 21:55:29,857 | INFO | Executing notebook: machine-learning/decision-tree-classifier/MusicGenreClassifier.ipynb
2025-11-14 21:55:29,857 | INFO | Timeout: 300s, Run ID: 1763157328645-9a72d4b0ff503a4548aa3a128e4957ed
2025-11-14 21:55:30,628 | INFO | Executing notebook with kernel: python3
2025-11-14 21:55:32,400 | INFO | Result written to /workspace/out/result.json

2025-11-14 18:55:33,000 | INFO | Usando repositório completo: /home/asu/reproducibility_of_jupyter_notebooks-1/data/outputs/repositorios_completos/wewnumam/learn-ai/8ab772e1ed75123431f37ef9483e6c15dba4d264
2025-11-14 18:55:33,000 | INFO | Executando via Docker: image=notebook-executor-py313 nb=machine-learning/decision-tree-classifier/PresistingModel.ipynb
2025-11-14 18:55:33,000 | INFO | docker run: docker run --rm -v /home/asu/reproducibility_of_jupyter_notebooks-1/data/outputs/repositorios_completos/wewnumam/learn-ai/8ab772e1ed75123431f37ef9483e6c15dba4d264:/workspace/repo:ro -v /home/asu/reproducibility_of_jupyter_notebooks-1/data/outputs/repositorios_completos/wewnumam/learn-ai/8ab772e1ed75123431f37ef9483e6c15dba4d264/_out/machine-learning__decision-tree-classifier__PresistingModel.ipynb:/workspace/out -e NOTEBOOK_REL_PATH=machine-learning/decision-tree-classifier/PresistingModel.ipynb -e TIMEOUT_SECONDS=300 -e PYTHON_VERSION_DECLARED=3.13 -e POLICY=strict -e NOTEBOOK_ID=becfe407b02fcdaa75a18aad5d90699def023b2fcc133e4900be03e443f0bfb9 -e RUN_ID=1763157333000-becfe407b02fcdaa75a18aad5d90699d notebook-executor-py313 python -m scripts.container_worker
2025-11-14 18:55:36,898 | WARNING | Docker returned 1. STDOUT/ERR tail:

2025-11-14 21:55:34,252 | INFO | Executing notebook: machine-learning/decision-tree-classifier/PresistingModel.ipynb
2025-11-14 21:55:34,252 | INFO | Timeout: 300s, Run ID: 1763157333000-becfe407b02fcdaa75a18aad5d90699d
2025-11-14 21:55:35,051 | INFO | Executing notebook with kernel: python3
2025-11-14 21:55:36,423 | INFO | Result written to /workspace/out/result.json

2025-11-14 18:55:36,930 | INFO | Usando repositório completo: /home/asu/reproducibility_of_jupyter_notebooks-1/data/outputs/repositorios_completos/wewnumam/learn-ai/8ab772e1ed75123431f37ef9483e6c15dba4d264
2025-11-14 18:55:36,986 | INFO | Executando via Docker: image=notebook-executor nb=mka-ugm/ace/summary/Summarizer.ipynb
2025-11-14 18:55:36,987 | INFO | docker run: docker run --rm -v /home/asu/reproducibility_of_jupyter_notebooks-1/data/outputs/repositorios_completos/wewnumam/learn-ai/8ab772e1ed75123431f37ef9483e6c15dba4d264:/workspace/repo:ro -v /home/asu/reproducibility_of_jupyter_notebooks-1/data/outputs/repositorios_completos/wewnumam/learn-ai/8ab772e1ed75123431f37ef9483e6c15dba4d264/_out/mka-ugm__ace__summary__Summarizer.ipynb:/workspace/out -e NOTEBOOK_REL_PATH=mka-ugm/ace/summary/Summarizer.ipynb -e TIMEOUT_SECONDS=300 -e PYTHON_VERSION_DECLARED= -e POLICY=strict -e NOTEBOOK_ID=aa94d220b7d39f342b8835e43cbb1039c7fefc988db4011a7ba536c2a2056503 -e RUN_ID=1763157336986-aa94d220b7d39f342b8835e43cbb1039 notebook-executor python -m scripts.container_worker
2025-11-14 18:56:14,438 | WARNING | Docker returned 1. STDOUT/ERR tail:

2025-11-14 21:55:38,332 | INFO | Executing notebook: mka-ugm/ace/summary/Summarizer.ipynb
2025-11-14 21:55:38,332 | INFO | Timeout: 300s, Run ID: 1763157336986-aa94d220b7d39f342b8835e43cbb1039
2025-11-14 21:55:39,079 | INFO | Executing notebook with kernel: python3
2025-11-14 21:56:11,446 | INFO | Result written to /workspace/out/result.json

2025-11-14 18:56:14,530 | INFO | Usando repositório completo: /home/asu/reproducibility_of_jupyter_notebooks-1/data/outputs/repositorios_completos/wewnumam/learn-ai/8ab772e1ed75123431f37ef9483e6c15dba4d264
2025-11-14 18:56:14,530 | INFO | Executando via Docker: image=notebook-executor nb=mka-ugm/pma/Tugas_1_Exploratory_Data_Analysis.ipynb
2025-11-14 18:56:14,530 | INFO | docker run: docker run --rm -v /home/asu/reproducibility_of_jupyter_notebooks-1/data/outputs/repositorios_completos/wewnumam/learn-ai/8ab772e1ed75123431f37ef9483e6c15dba4d264:/workspace/repo:ro -v /home/asu/reproducibility_of_jupyter_notebooks-1/data/outputs/repositorios_completos/wewnumam/learn-ai/8ab772e1ed75123431f37ef9483e6c15dba4d264/_out/mka-ugm__pma__Tugas_1_Exploratory_Data_Analysis.ipynb:/workspace/out -e NOTEBOOK_REL_PATH=mka-ugm/pma/Tugas_1_Exploratory_Data_Analysis.ipynb -e TIMEOUT_SECONDS=300 -e PYTHON_VERSION_DECLARED= -e POLICY=strict -e NOTEBOOK_ID=bb642fb641415bdb4da4192112567696b410a2bfc3ac3f9f1e079b22183e1ddb -e RUN_ID=1763157374530-bb642fb641415bdb4da4192112567696 notebook-executor python -m scripts.container_worker
/home/asu/reproducibility_of_jupyter_notebooks-1/.venv-for-project/lib/python3.13/site-packages/nbformat/__init__.py:96: MissingIDFieldWarning: Cell is missing an id field, this will become a hard error in future nbformat versions. You may want to use `normalize()` on your notebooks before validations (available since nbformat 5.1.4). Previous versions of nbformat are fixing this issue transparently, and will stop doing so in the future.
  validate(nb)
2025-11-14 18:56:55,409 | INFO | Usando repositório completo: /home/asu/reproducibility_of_jupyter_notebooks-1/data/outputs/repositorios_completos/wewnumam/learn-ai/8ab772e1ed75123431f37ef9483e6c15dba4d264
2025-11-14 18:56:55,410 | INFO | Executando via Docker: image=notebook-executor-py313 nb=mka-ugm/stmh/Analysis_of_Algorithms.ipynb
2025-11-14 18:56:55,410 | INFO | docker run: docker run --rm -v /home/asu/reproducibility_of_jupyter_notebooks-1/data/outputs/repositorios_completos/wewnumam/learn-ai/8ab772e1ed75123431f37ef9483e6c15dba4d264:/workspace/repo:ro -v /home/asu/reproducibility_of_jupyter_notebooks-1/data/outputs/repositorios_completos/wewnumam/learn-ai/8ab772e1ed75123431f37ef9483e6c15dba4d264/_out/mka-ugm__stmh__Analysis_of_Algorithms.ipynb:/workspace/out -e NOTEBOOK_REL_PATH=mka-ugm/stmh/Analysis_of_Algorithms.ipynb -e TIMEOUT_SECONDS=300 -e PYTHON_VERSION_DECLARED=3.13 -e POLICY=strict -e NOTEBOOK_ID=9753aac533759c40772a38c4ee3a9e849cdb2ef3980de12ef96a4244674e5663 -e RUN_ID=1763157415410-9753aac533759c40772a38c4ee3a9e84 notebook-executor-py313 python -m scripts.container_worker
/home/asu/reproducibility_of_jupyter_notebooks-1/.venv-for-project/lib/python3.13/site-packages/nbformat/__init__.py:96: MissingIDFieldWarning: Cell is missing an id field, this will become a hard error in future nbformat versions. You may want to use `normalize()` on your notebooks before validations (available since nbformat 5.1.4). Previous versions of nbformat are fixing this issue transparently, and will stop doing so in the future.
  validate(nb)
2025-11-14 18:56:58,531 | INFO | Usando repositório completo: /home/asu/reproducibility_of_jupyter_notebooks-1/data/outputs/repositorios_completos/wewnumam/learn-ai/8ab772e1ed75123431f37ef9483e6c15dba4d264
2025-11-14 18:56:58,531 | INFO | Executando via Docker: image=notebook-executor-py313 nb=mka-ugm/stmh/Analysis_of_Algorithms_Enhanced.ipynb
2025-11-14 18:56:58,531 | INFO | docker run: docker run --rm -v /home/asu/reproducibility_of_jupyter_notebooks-1/data/outputs/repositorios_completos/wewnumam/learn-ai/8ab772e1ed75123431f37ef9483e6c15dba4d264:/workspace/repo:ro -v /home/asu/reproducibility_of_jupyter_notebooks-1/data/outputs/repositorios_completos/wewnumam/learn-ai/8ab772e1ed75123431f37ef9483e6c15dba4d264/_out/mka-ugm__stmh__Analysis_of_Algorithms_Enhanced.ipynb:/workspace/out -e NOTEBOOK_REL_PATH=mka-ugm/stmh/Analysis_of_Algorithms_Enhanced.ipynb -e TIMEOUT_SECONDS=300 -e PYTHON_VERSION_DECLARED=3.13 -e POLICY=strict -e NOTEBOOK_ID=57fa626092a7d919a3a82d4acb3e35c7163a581058361bc8a3d0992f14267acf -e RUN_ID=1763157418531-57fa626092a7d919a3a82d4acb3e35c7 notebook-executor-py313 python -m scripts.container_worker
2025-11-14 18:57:01,734 | INFO | Usando repositório completo: /home/asu/reproducibility_of_jupyter_notebooks-1/data/outputs/repositorios_completos/wewnumam/learn-ai/8ab772e1ed75123431f37ef9483e6c15dba4d264
2025-11-14 18:57:01,734 | INFO | Executando via Docker: image=notebook-executor-py313 nb=mka-ugm/stmh/FeatureSelectionGA.ipynb
2025-11-14 18:57:01,734 | INFO | docker run: docker run --rm -v /home/asu/reproducibility_of_jupyter_notebooks-1/data/outputs/repositorios_completos/wewnumam/learn-ai/8ab772e1ed75123431f37ef9483e6c15dba4d264:/workspace/repo:ro -v /home/asu/reproducibility_of_jupyter_notebooks-1/data/outputs/repositorios_completos/wewnumam/learn-ai/8ab772e1ed75123431f37ef9483e6c15dba4d264/_out/mka-ugm__stmh__FeatureSelectionGA.ipynb:/workspace/out -e NOTEBOOK_REL_PATH=mka-ugm/stmh/FeatureSelectionGA.ipynb -e TIMEOUT_SECONDS=300 -e PYTHON_VERSION_DECLARED=3.13 -e POLICY=strict -e NOTEBOOK_ID=91c0afbec4ee0321728abfb490cbb5e1b950af359bb20cfc57d843939ffbb200 -e RUN_ID=1763157421734-91c0afbec4ee0321728abfb490cbb5e1 notebook-executor-py313 python -m scripts.container_worker
2025-11-14 18:57:05,903 | WARNING | Docker returned 1. STDOUT/ERR tail:

2025-11-14 21:57:02,960 | INFO | Executing notebook: mka-ugm/stmh/FeatureSelectionGA.ipynb
2025-11-14 21:57:02,960 | INFO | Timeout: 300s, Run ID: 1763157421734-91c0afbec4ee0321728abfb490cbb5e1
2025-11-14 21:57:03,789 | INFO | Executing notebook with kernel: python3
2025-11-14 21:57:05,318 | INFO | Result written to /workspace/out/result.json

2025-11-14 18:57:05,910 | INFO | Usando repositório completo: /home/asu/reproducibility_of_jupyter_notebooks-1/data/outputs/repositorios_completos/wewnumam/learn-ai/8ab772e1ed75123431f37ef9483e6c15dba4d264
2025-11-14 18:57:05,910 | INFO | Executando via Docker: image=notebook-executor-py313 nb=mka-ugm/stmh/GeneticAlgorithm.ipynb
2025-11-14 18:57:05,910 | INFO | docker run: docker run --rm -v /home/asu/reproducibility_of_jupyter_notebooks-1/data/outputs/repositorios_completos/wewnumam/learn-ai/8ab772e1ed75123431f37ef9483e6c15dba4d264:/workspace/repo:ro -v /home/asu/reproducibility_of_jupyter_notebooks-1/data/outputs/repositorios_completos/wewnumam/learn-ai/8ab772e1ed75123431f37ef9483e6c15dba4d264/_out/mka-ugm__stmh__GeneticAlgorithm.ipynb:/workspace/out -e NOTEBOOK_REL_PATH=mka-ugm/stmh/GeneticAlgorithm.ipynb -e TIMEOUT_SECONDS=300 -e PYTHON_VERSION_DECLARED=3.13 -e POLICY=strict -e NOTEBOOK_ID=6c6014b6d0af72ea41093534b5c5df3cca8422ae9e241709ee6a49e62663b0c4 -e RUN_ID=1763157425910-6c6014b6d0af72ea41093534b5c5df3c notebook-executor-py313 python -m scripts.container_worker
2025-11-14 18:57:11,893 | INFO | Usando repositório completo: /home/asu/reproducibility_of_jupyter_notebooks-1/data/outputs/repositorios_completos/wewnumam/learn-ai/8ab772e1ed75123431f37ef9483e6c15dba4d264
2025-11-14 18:57:11,893 | INFO | Executando via Docker: image=notebook-executor-py313 nb=mka-ugm/stmh/Quiz.ipynb
2025-11-14 18:57:11,893 | INFO | docker run: docker run --rm -v /home/asu/reproducibility_of_jupyter_notebooks-1/data/outputs/repositorios_completos/wewnumam/learn-ai/8ab772e1ed75123431f37ef9483e6c15dba4d264:/workspace/repo:ro -v /home/asu/reproducibility_of_jupyter_notebooks-1/data/outputs/repositorios_completos/wewnumam/learn-ai/8ab772e1ed75123431f37ef9483e6c15dba4d264/_out/mka-ugm__stmh__Quiz.ipynb:/workspace/out -e NOTEBOOK_REL_PATH=mka-ugm/stmh/Quiz.ipynb -e TIMEOUT_SECONDS=300 -e PYTHON_VERSION_DECLARED=3.13 -e POLICY=strict -e NOTEBOOK_ID=d43509acb374901552d7384fa55bf29f5ac2a60d99ccf8934def0d630ac5f798 -e RUN_ID=1763157431893-d43509acb374901552d7384fa55bf29f notebook-executor-py313 python -m scripts.container_worker
2025-11-14 18:57:14,805 | INFO | Usando repositório completo: /home/asu/reproducibility_of_jupyter_notebooks-1/data/outputs/repositorios_completos/wewnumam/learn-ai/8ab772e1ed75123431f37ef9483e6c15dba4d264
2025-11-14 18:57:14,806 | INFO | Executando via Docker: image=notebook-executor-py313 nb=projects/data-analysis-with-python-projects/demographic-data-analysis/Untitled.ipynb
2025-11-14 18:57:14,806 | INFO | docker run: docker run --rm -v /home/asu/reproducibility_of_jupyter_notebooks-1/data/outputs/repositorios_completos/wewnumam/learn-ai/8ab772e1ed75123431f37ef9483e6c15dba4d264:/workspace/repo:ro -v /home/asu/reproducibility_of_jupyter_notebooks-1/data/outputs/repositorios_completos/wewnumam/learn-ai/8ab772e1ed75123431f37ef9483e6c15dba4d264/_out/projects__data-analysis-with-python-projects__demographic-data-analysis__Untitled.ipynb:/workspace/out -e NOTEBOOK_REL_PATH=projects/data-analysis-with-python-projects/demographic-data-analysis/Untitled.ipynb -e TIMEOUT_SECONDS=300 -e PYTHON_VERSION_DECLARED=3.13 -e POLICY=strict -e NOTEBOOK_ID=541a16f5eb0f2b6d438e62aaa5a6c67400e709d757e8bf4859fe7dbb688cbdf4 -e RUN_ID=1763157434806-541a16f5eb0f2b6d438e62aaa5a6c674 notebook-executor-py313 python -m scripts.container_worker
2025-11-14 18:57:18,373 | WARNING | Docker returned 1. STDOUT/ERR tail:

2025-11-14 21:57:16,088 | INFO | Executing notebook: projects/data-analysis-with-python-projects/demographic-data-analysis/Untitled.ipynb
2025-11-14 21:57:16,088 | INFO | Timeout: 300s, Run ID: 1763157434806-541a16f5eb0f2b6d438e62aaa5a6c674
2025-11-14 21:57:17,127 | INFO | Executing notebook with kernel: python3
2025-11-14 21:57:17,899 | INFO | Result written to /workspace/out/result.json

2025-11-14 18:57:18,377 | INFO | Usando repositório completo: /home/asu/reproducibility_of_jupyter_notebooks-1/data/outputs/repositorios_completos/wewnumam/learn-ai/8ab772e1ed75123431f37ef9483e6c15dba4d264
2025-11-14 18:57:18,377 | INFO | Executando via Docker: image=notebook-executor-py313 nb=projects/data-analysis-with-python-projects/medical-data-visualizer/Untitled.ipynb
2025-11-14 18:57:18,378 | INFO | docker run: docker run --rm -v /home/asu/reproducibility_of_jupyter_notebooks-1/data/outputs/repositorios_completos/wewnumam/learn-ai/8ab772e1ed75123431f37ef9483e6c15dba4d264:/workspace/repo:ro -v /home/asu/reproducibility_of_jupyter_notebooks-1/data/outputs/repositorios_completos/wewnumam/learn-ai/8ab772e1ed75123431f37ef9483e6c15dba4d264/_out/projects__data-analysis-with-python-projects__medical-data-visualizer__Untitled.ipynb:/workspace/out -e NOTEBOOK_REL_PATH=projects/data-analysis-with-python-projects/medical-data-visualizer/Untitled.ipynb -e TIMEOUT_SECONDS=300 -e PYTHON_VERSION_DECLARED=3.13 -e POLICY=strict -e NOTEBOOK_ID=c6144e14aa7154ba913b5260f08376fb63251e12b754d77cd5d7cbe64c365c95 -e RUN_ID=1763157438377-c6144e14aa7154ba913b5260f08376fb notebook-executor-py313 python -m scripts.container_worker
2025-11-14 18:57:22,679 | WARNING | Docker returned 1. STDOUT/ERR tail:

2025-11-14 21:57:19,572 | INFO | Executing notebook: projects/data-analysis-with-python-projects/medical-data-visualizer/Untitled.ipynb
2025-11-14 21:57:19,572 | INFO | Timeout: 300s, Run ID: 1763157438377-c6144e14aa7154ba913b5260f08376fb
2025-11-14 21:57:20,365 | INFO | Executing notebook with kernel: python3
2025-11-14 21:57:22,162 | INFO | Result written to /workspace/out/result.json

2025-11-14 18:57:22,683 | INFO | Usando repositório completo: /home/asu/reproducibility_of_jupyter_notebooks-1/data/outputs/repositorios_completos/wewnumam/learn-ai/8ab772e1ed75123431f37ef9483e6c15dba4d264
2025-11-14 18:57:22,683 | INFO | Executando via Docker: image=notebook-executor-py313 nb=projects/data-analysis-with-python-projects/sea-level-predictor/Untitled.ipynb
2025-11-14 18:57:22,683 | INFO | docker run: docker run --rm -v /home/asu/reproducibility_of_jupyter_notebooks-1/data/outputs/repositorios_completos/wewnumam/learn-ai/8ab772e1ed75123431f37ef9483e6c15dba4d264:/workspace/repo:ro -v /home/asu/reproducibility_of_jupyter_notebooks-1/data/outputs/repositorios_completos/wewnumam/learn-ai/8ab772e1ed75123431f37ef9483e6c15dba4d264/_out/projects__data-analysis-with-python-projects__sea-level-predictor__Untitled.ipynb:/workspace/out -e NOTEBOOK_REL_PATH=projects/data-analysis-with-python-projects/sea-level-predictor/Untitled.ipynb -e TIMEOUT_SECONDS=300 -e PYTHON_VERSION_DECLARED=3.13 -e POLICY=strict -e NOTEBOOK_ID=f90bb3769edaee7bb1e23bffcfc00f9fafb9f049543e9d69b948ed883407a21f -e RUN_ID=1763157442683-f90bb3769edaee7bb1e23bffcfc00f9f notebook-executor-py313 python -m scripts.container_worker
2025-11-14 18:57:27,025 | WARNING | Docker returned 1. STDOUT/ERR tail:

2025-11-14 21:57:23,987 | INFO | Executing notebook: projects/data-analysis-with-python-projects/sea-level-predictor/Untitled.ipynb
2025-11-14 21:57:23,987 | INFO | Timeout: 300s, Run ID: 1763157442683-f90bb3769edaee7bb1e23bffcfc00f9f
2025-11-14 21:57:24,797 | INFO | Executing notebook with kernel: python3
2025-11-14 21:57:26,510 | INFO | Result written to /workspace/out/result.json

2025-11-14 18:57:27,030 | INFO | Usando repositório completo: /home/asu/reproducibility_of_jupyter_notebooks-1/data/outputs/repositorios_completos/wewnumam/learn-ai/8ab772e1ed75123431f37ef9483e6c15dba4d264
2025-11-14 18:57:27,031 | INFO | Executando via Docker: image=notebook-executor-py313 nb=projects/data-analysis-with-python-projects/time-series-visualizer/Untitled.ipynb
2025-11-14 18:57:27,031 | INFO | docker run: docker run --rm -v /home/asu/reproducibility_of_jupyter_notebooks-1/data/outputs/repositorios_completos/wewnumam/learn-ai/8ab772e1ed75123431f37ef9483e6c15dba4d264:/workspace/repo:ro -v /home/asu/reproducibility_of_jupyter_notebooks-1/data/outputs/repositorios_completos/wewnumam/learn-ai/8ab772e1ed75123431f37ef9483e6c15dba4d264/_out/projects__data-analysis-with-python-projects__time-series-visualizer__Untitled.ipynb:/workspace/out -e NOTEBOOK_REL_PATH=projects/data-analysis-with-python-projects/time-series-visualizer/Untitled.ipynb -e TIMEOUT_SECONDS=300 -e PYTHON_VERSION_DECLARED=3.13 -e POLICY=strict -e NOTEBOOK_ID=e6e90d26a96ec508860e40cf3b21d0125b4fa69146dd8b683917743c816cc3d0 -e RUN_ID=1763157447031-e6e90d26a96ec508860e40cf3b21d012 notebook-executor-py313 python -m scripts.container_worker
2025-11-14 18:57:31,688 | WARNING | Docker returned 1. STDOUT/ERR tail:

2025-11-14 21:57:28,271 | INFO | Executing notebook: projects/data-analysis-with-python-projects/time-series-visualizer/Untitled.ipynb
2025-11-14 21:57:28,271 | INFO | Timeout: 300s, Run ID: 1763157447031-e6e90d26a96ec508860e40cf3b21d012
2025-11-14 21:57:29,099 | INFO | Executing notebook with kernel: python3
2025-11-14 21:57:31,135 | INFO | Result written to /workspace/out/result.json

2025-11-14 18:57:31,692 | INFO | Usando repositório completo: /home/asu/reproducibility_of_jupyter_notebooks-1/data/outputs/repositorios_completos/jasonkneen/smolagents/9c29c0e00ee86a7eafc0368260ba2500605da09b
2025-11-14 18:57:31,746 | INFO | Executando via Docker: image=notebook-executor-python312 nb=examples/open_deep_research/analysis.ipynb
2025-11-14 18:57:31,747 | INFO | docker run: docker run --rm -v /home/asu/reproducibility_of_jupyter_notebooks-1/data/outputs/repositorios_completos/jasonkneen/smolagents/9c29c0e00ee86a7eafc0368260ba2500605da09b:/workspace/repo:ro -v /home/asu/reproducibility_of_jupyter_notebooks-1/data/outputs/repositorios_completos/jasonkneen/smolagents/9c29c0e00ee86a7eafc0368260ba2500605da09b/_out/examples__open_deep_research__analysis.ipynb:/workspace/out -e NOTEBOOK_REL_PATH=examples/open_deep_research/analysis.ipynb -e TIMEOUT_SECONDS=300 -e PYTHON_VERSION_DECLARED=3.12 -e POLICY=strict -e NOTEBOOK_ID=aaae41c39c5534912ee5fa9094451fe7eab0897c061de6b45fe4e18b0a5a37c5 -e RUN_ID=1763157451746-aaae41c39c5534912ee5fa9094451fe7 notebook-executor-python312 python -m scripts.container_worker
2025-11-14 18:57:43,497 | WARNING | Docker returned 1. STDOUT/ERR tail:

3,193 | INFO | Policy is 'strict': attempting to install repository dependencies...
2025-11-14 21:57:33,193 | INFO | Found pyproject.toml, attempting to install...
2025-11-14 21:57:35,094 | WARNING | Failed to install from pyproject.toml:   error: subprocess-exited-with-error
  
  × Getting requirements to build wheel did not run successfully.
  │ exit code: 1
  ╰─> [3 lines of output]
      running egg_info
      creating src/smolagents.egg-info
      error: could not create 'src/smolagents.egg-info': Read-only file system
      [end of output]
  
  note: This error originates from a subprocess, and is likely not a problem with pip.

[notice] A new release of pip is available: 25.0.1 -> 25.3
[notice] To update, run: pip install 
2025-11-14 21:57:35,094 | INFO | Repository dependency installation completed (may have succeeded or failed)
2025-11-14 21:57:35,941 | INFO | Executing notebook with kernel: python3
2025-11-14 21:57:42,945 | INFO | Result written to /workspace/out/result.json

2025-11-14 18:57:43,501 | INFO | Usando repositório completo: /home/asu/reproducibility_of_jupyter_notebooks-1/data/outputs/repositorios_completos/jasonkneen/smolagents/9c29c0e00ee86a7eafc0368260ba2500605da09b
2025-11-14 18:57:43,501 | INFO | Executando via Docker: image=notebook-executor-python312 nb=examples/open_deep_research/visual_vs_text_browser.ipynb
2025-11-14 18:57:43,501 | INFO | docker run: docker run --rm -v /home/asu/reproducibility_of_jupyter_notebooks-1/data/outputs/repositorios_completos/jasonkneen/smolagents/9c29c0e00ee86a7eafc0368260ba2500605da09b:/workspace/repo:ro -v /home/asu/reproducibility_of_jupyter_notebooks-1/data/outputs/repositorios_completos/jasonkneen/smolagents/9c29c0e00ee86a7eafc0368260ba2500605da09b/_out/examples__open_deep_research__visual_vs_text_browser.ipynb:/workspace/out -e NOTEBOOK_REL_PATH=examples/open_deep_research/visual_vs_text_browser.ipynb -e TIMEOUT_SECONDS=300 -e PYTHON_VERSION_DECLARED=3.12 -e POLICY=strict -e NOTEBOOK_ID=7ffdce5485c1f1a3f36c4199a0751deceb7cbfea05d6af384cfcc00f7aa3239b -e RUN_ID=1763157463501-7ffdce5485c1f1a3f36c4199a0751dec notebook-executor-python312 python -m scripts.container_worker
2025-11-14 18:58:01,861 | WARNING | Docker returned 1. STDOUT/ERR tail:

wheel did not run successfully.
  │ exit code: 1
  ╰─> [3 lines of output]
      running egg_info
      creating src/smolagents.egg-info
      error: could not create 'src/smolagents.egg-info': Read-only file system
      [end of output]
  
  note: This error originates from a subprocess, and is likely not a problem with pip.

[notice] A new release of pip is available: 25.0.1 -> 25.3
[notice] To update, run: pip install 
2025-11-14 21:57:46,773 | INFO | Repository dependency installation completed (may have succeeded or failed)
2025-11-14 21:57:47,590 | INFO | Executing notebook with kernel: python3
2025-11-14 21:57:55,057 | INFO | ModuleNotFoundError detected: datasets. Attempting to install...
2025-11-14 21:57:56,364 | INFO | Successfully installed datasets
2025-11-14 21:57:56,364 | INFO | Installed datasets. Re-executing notebook...
2025-11-14 21:57:56,914 | INFO | Executing notebook with kernel: python3
2025-11-14 21:58:00,958 | INFO | Result written to /workspace/out/result.json

2025-11-14 18:58:01,864 | INFO | Usando repositório completo: /home/asu/reproducibility_of_jupyter_notebooks-1/data/outputs/repositorios_completos/jasonkneen/smolagents/9c29c0e00ee86a7eafc0368260ba2500605da09b
2025-11-14 18:58:01,865 | INFO | Executando via Docker: image=notebook-executor-python312 nb=examples/smolagents_benchmark/score.ipynb
2025-11-14 18:58:01,865 | INFO | docker run: docker run --rm -v /home/asu/reproducibility_of_jupyter_notebooks-1/data/outputs/repositorios_completos/jasonkneen/smolagents/9c29c0e00ee86a7eafc0368260ba2500605da09b:/workspace/repo:ro -v /home/asu/reproducibility_of_jupyter_notebooks-1/data/outputs/repositorios_completos/jasonkneen/smolagents/9c29c0e00ee86a7eafc0368260ba2500605da09b/_out/examples__smolagents_benchmark__score.ipynb:/workspace/out -e NOTEBOOK_REL_PATH=examples/smolagents_benchmark/score.ipynb -e TIMEOUT_SECONDS=300 -e PYTHON_VERSION_DECLARED=3.12 -e POLICY=strict -e NOTEBOOK_ID=9c948c5085a427829c9195bef3cfa770ced3aa5dbedb7fa9498fe26cd6af6f89 -e RUN_ID=1763157481865-9c948c5085a427829c9195bef3cfa770 notebook-executor-python312 python -m scripts.container_worker
2025-11-14 18:58:14,739 | WARNING | Docker returned 1. STDOUT/ERR tail:

wheel did not run successfully.
  │ exit code: 1
  ╰─> [3 lines of output]
      running egg_info
      creating src/smolagents.egg-info
      error: could not create 'src/smolagents.egg-info': Read-only file system
      [end of output]
  
  note: This error originates from a subprocess, and is likely not a problem with pip.

[notice] A new release of pip is available: 25.0.1 -> 25.3
[notice] To update, run: pip install 
2025-11-14 21:58:05,101 | INFO | Repository dependency installation completed (may have succeeded or failed)
2025-11-14 21:58:05,935 | INFO | Executing notebook with kernel: python3
2025-11-14 21:58:06,735 | INFO | ModuleNotFoundError detected: datasets. Attempting to install...
2025-11-14 21:58:09,591 | INFO | Successfully installed datasets
2025-11-14 21:58:09,591 | INFO | Installed datasets. Re-executing notebook...
2025-11-14 21:58:10,353 | INFO | Executing notebook with kernel: python3
2025-11-14 21:58:14,086 | INFO | Result written to /workspace/out/result.json

2025-11-14 18:58:14,756 | INFO | Usando repositório completo: /home/asu/reproducibility_of_jupyter_notebooks-1/data/outputs/repositorios_completos/1drie5/py-playground/c70d89bffb0e3cf6840e1a7d4030eb7ced1e1f11
2025-11-14 18:58:14,756 | INFO | Executando via Docker: image=notebook-executor nb=pytorch-campusx/2_tensors_in_pytorch.ipynb
2025-11-14 18:58:14,756 | INFO | docker run: docker run --rm -v /home/asu/reproducibility_of_jupyter_notebooks-1/data/outputs/repositorios_completos/1drie5/py-playground/c70d89bffb0e3cf6840e1a7d4030eb7ced1e1f11:/workspace/repo:ro -v /home/asu/reproducibility_of_jupyter_notebooks-1/data/outputs/repositorios_completos/1drie5/py-playground/c70d89bffb0e3cf6840e1a7d4030eb7ced1e1f11/_out/pytorch-campusx__2_tensors_in_pytorch.ipynb:/workspace/out -e NOTEBOOK_REL_PATH=pytorch-campusx/2_tensors_in_pytorch.ipynb -e TIMEOUT_SECONDS=300 -e PYTHON_VERSION_DECLARED= -e POLICY=strict -e NOTEBOOK_ID=48c0ad09c6478f1852779c0dce2378c050055abd260d88750421118c7797a620 -e RUN_ID=1763157494756-48c0ad09c6478f1852779c0dce2378c0 notebook-executor python -m scripts.container_worker
2025-11-14 18:58:19,279 | INFO | Usando repositório completo: /home/asu/reproducibility_of_jupyter_notebooks-1/data/outputs/repositorios_completos/1drie5/py-playground/c70d89bffb0e3cf6840e1a7d4030eb7ced1e1f11
2025-11-14 18:58:19,279 | INFO | Executando via Docker: image=notebook-executor nb=pytorch-campusx/3_pytorch_autograd.ipynb
2025-11-14 18:58:19,279 | INFO | docker run: docker run --rm -v /home/asu/reproducibility_of_jupyter_notebooks-1/data/outputs/repositorios_completos/1drie5/py-playground/c70d89bffb0e3cf6840e1a7d4030eb7ced1e1f11:/workspace/repo:ro -v /home/asu/reproducibility_of_jupyter_notebooks-1/data/outputs/repositorios_completos/1drie5/py-playground/c70d89bffb0e3cf6840e1a7d4030eb7ced1e1f11/_out/pytorch-campusx__3_pytorch_autograd.ipynb:/workspace/out -e NOTEBOOK_REL_PATH=pytorch-campusx/3_pytorch_autograd.ipynb -e TIMEOUT_SECONDS=300 -e PYTHON_VERSION_DECLARED= -e POLICY=strict -e NOTEBOOK_ID=bcf3988d483f5877bb571105fb0af7350bef01c840e41411b458325b388a40a2 -e RUN_ID=1763157499279-bcf3988d483f5877bb571105fb0af735 notebook-executor python -m scripts.container_worker
2025-11-14 18:58:23,796 | WARNING | Docker returned 1. STDOUT/ERR tail:

2025-11-14 21:58:20,563 | INFO | Executing notebook: pytorch-campusx/3_pytorch_autograd.ipynb
2025-11-14 21:58:20,563 | INFO | Timeout: 300s, Run ID: 1763157499279-bcf3988d483f5877bb571105fb0af735
2025-11-14 21:58:21,302 | INFO | Executing notebook with kernel: python3
2025-11-14 21:58:23,324 | INFO | Result written to /workspace/out/result.json

2025-11-14 18:58:23,803 | INFO | Usando repositório completo: /home/asu/reproducibility_of_jupyter_notebooks-1/data/outputs/repositorios_completos/1drie5/py-playground/c70d89bffb0e3cf6840e1a7d4030eb7ced1e1f11
2025-11-14 18:58:23,803 | INFO | Executando via Docker: image=notebook-executor nb=pytorch-campusx/4_pytorch_training_pipeline.ipynb
2025-11-14 18:58:23,803 | INFO | docker run: docker run --rm -v /home/asu/reproducibility_of_jupyter_notebooks-1/data/outputs/repositorios_completos/1drie5/py-playground/c70d89bffb0e3cf6840e1a7d4030eb7ced1e1f11:/workspace/repo:ro -v /home/asu/reproducibility_of_jupyter_notebooks-1/data/outputs/repositorios_completos/1drie5/py-playground/c70d89bffb0e3cf6840e1a7d4030eb7ced1e1f11/_out/pytorch-campusx__4_pytorch_training_pipeline.ipynb:/workspace/out -e NOTEBOOK_REL_PATH=pytorch-campusx/4_pytorch_training_pipeline.ipynb -e TIMEOUT_SECONDS=300 -e PYTHON_VERSION_DECLARED= -e POLICY=strict -e NOTEBOOK_ID=201396860268cfc3212f75cde7830699873c61a5ad7e721f6b982479f48fee9c -e RUN_ID=1763157503803-201396860268cfc3212f75cde7830699 notebook-executor python -m scripts.container_worker
2025-11-14 18:58:29,759 | INFO | Usando repositório completo: /home/asu/reproducibility_of_jupyter_notebooks-1/data/outputs/repositorios_completos/1drie5/py-playground/c70d89bffb0e3cf6840e1a7d4030eb7ced1e1f11
2025-11-14 18:58:29,759 | INFO | Executando via Docker: image=notebook-executor nb=pytorch-campusx/5_pytorch_nn_module.ipynb
2025-11-14 18:58:29,759 | INFO | docker run: docker run --rm -v /home/asu/reproducibility_of_jupyter_notebooks-1/data/outputs/repositorios_completos/1drie5/py-playground/c70d89bffb0e3cf6840e1a7d4030eb7ced1e1f11:/workspace/repo:ro -v /home/asu/reproducibility_of_jupyter_notebooks-1/data/outputs/repositorios_completos/1drie5/py-playground/c70d89bffb0e3cf6840e1a7d4030eb7ced1e1f11/_out/pytorch-campusx__5_pytorch_nn_module.ipynb:/workspace/out -e NOTEBOOK_REL_PATH=pytorch-campusx/5_pytorch_nn_module.ipynb -e TIMEOUT_SECONDS=300 -e PYTHON_VERSION_DECLARED= -e POLICY=strict -e NOTEBOOK_ID=0a8ee176667ea5293fd5c9cf42e3b4d0f97fb3420f8d80e8f9a99317976b226b -e RUN_ID=1763157509759-0a8ee176667ea5293fd5c9cf42e3b4d0 notebook-executor python -m scripts.container_worker
2025-11-14 18:58:37,022 | INFO | Usando repositório completo: /home/asu/reproducibility_of_jupyter_notebooks-1/data/outputs/repositorios_completos/As17-01/brain_signals/49706e10b05aa4e2867a12eb6ea507b9fae4fed1
2025-11-14 18:58:37,022 | INFO | Executando via Docker: image=notebook-executor nb=notebooks/archieve/embedded/Comparison_plot.ipynb
2025-11-14 18:58:37,022 | INFO | docker run: docker run --rm -v /home/asu/reproducibility_of_jupyter_notebooks-1/data/outputs/repositorios_completos/As17-01/brain_signals/49706e10b05aa4e2867a12eb6ea507b9fae4fed1:/workspace/repo:ro -v /home/asu/reproducibility_of_jupyter_notebooks-1/data/outputs/repositorios_completos/As17-01/brain_signals/49706e10b05aa4e2867a12eb6ea507b9fae4fed1/_out/notebooks__archieve__embedded__Comparison_plot.ipynb:/workspace/out -e NOTEBOOK_REL_PATH=notebooks/archieve/embedded/Comparison_plot.ipynb -e TIMEOUT_SECONDS=300 -e PYTHON_VERSION_DECLARED=3.10 -e POLICY=strict -e NOTEBOOK_ID=6d095960536f37765ce49e1b402b8c96960e4261bf26b7c9ab398969004365f0 -e RUN_ID=1763157517022-6d095960536f37765ce49e1b402b8c96 notebook-executor python -m scripts.container_worker
2025-11-14 18:58:40,168 | WARNING | Docker returned 1. STDOUT/ERR tail:

2025-11-14 21:58:38,252 | INFO | Executing notebook: notebooks/archieve/embedded/Comparison_plot.ipynb
2025-11-14 21:58:38,253 | INFO | Timeout: 300s, Run ID: 1763157517022-6d095960536f37765ce49e1b402b8c96
2025-11-14 21:58:38,992 | INFO | Executing notebook with kernel: python3
2025-11-14 21:58:39,699 | INFO | Result written to /workspace/out/result.json

2025-11-14 18:58:40,176 | INFO | Usando repositório completo: /home/asu/reproducibility_of_jupyter_notebooks-1/data/outputs/repositorios_completos/As17-01/brain_signals/49706e10b05aa4e2867a12eb6ea507b9fae4fed1
2025-11-14 18:58:40,177 | INFO | Executando via Docker: image=notebook-executor nb=notebooks/archieve/embedded/GRUv1.ipynb
2025-11-14 18:58:40,177 | INFO | docker run: docker run --rm -v /home/asu/reproducibility_of_jupyter_notebooks-1/data/outputs/repositorios_completos/As17-01/brain_signals/49706e10b05aa4e2867a12eb6ea507b9fae4fed1:/workspace/repo:ro -v /home/asu/reproducibility_of_jupyter_notebooks-1/data/outputs/repositorios_completos/As17-01/brain_signals/49706e10b05aa4e2867a12eb6ea507b9fae4fed1/_out/notebooks__archieve__embedded__GRUv1.ipynb:/workspace/out -e NOTEBOOK_REL_PATH=notebooks/archieve/embedded/GRUv1.ipynb -e TIMEOUT_SECONDS=300 -e PYTHON_VERSION_DECLARED=3.10 -e POLICY=strict -e NOTEBOOK_ID=b62468a341b4a7f414c2366044c12a8228ca898be5d59a73d2e9b91690c34f26 -e RUN_ID=1763157520177-b62468a341b4a7f414c2366044c12a82 notebook-executor python -m scripts.container_worker
2025-11-14 19:00:08,109 | WARNING | Docker returned 1. STDOUT/ERR tail:

 22:00:02.800201: I tensorflow/core/util/port.cc:153] oneDNN custom operations are on. You may see slightly different numerical results due to floating-point round-off errors from different computation orders. To turn them off, set the environment variable `TF_ENABLE_ONEDNN_OPTS=0`.
2025-11-14 22:00:02.848438: I tensorflow/core/platform/cpu_feature_guard.cc:210] This TensorFlow binary is optimized to use available CPU instructions in performance-critical operations.
To enable the following instructions: AVX2 AVX512F AVX512_VNNI AVX512_BF16 FMA, in other operations, rebuild TensorFlow with the appropriate compiler flags.
2025-11-14 22:00:03.889575: I tensorflow/core/util/port.cc:153] oneDNN custom operations are on. You may see slightly different numerical results due to floating-point round-off errors from different computation orders. To turn them off, set the environment variable `TF_ENABLE_ONEDNN_OPTS=0`.
2025-11-14 22:00:05,972 | INFO | Result written to /workspace/out/result.json

2025-11-14 19:00:08,118 | INFO | Usando repositório completo: /home/asu/reproducibility_of_jupyter_notebooks-1/data/outputs/repositorios_completos/As17-01/brain_signals/49706e10b05aa4e2867a12eb6ea507b9fae4fed1
2025-11-14 19:00:08,119 | INFO | Executando via Docker: image=notebook-executor nb=notebooks/archieve/embedded/GRUv1_emb1.ipynb
2025-11-14 19:00:08,119 | INFO | docker run: docker run --rm -v /home/asu/reproducibility_of_jupyter_notebooks-1/data/outputs/repositorios_completos/As17-01/brain_signals/49706e10b05aa4e2867a12eb6ea507b9fae4fed1:/workspace/repo:ro -v /home/asu/reproducibility_of_jupyter_notebooks-1/data/outputs/repositorios_completos/As17-01/brain_signals/49706e10b05aa4e2867a12eb6ea507b9fae4fed1/_out/notebooks__archieve__embedded__GRUv1_emb1.ipynb:/workspace/out -e NOTEBOOK_REL_PATH=notebooks/archieve/embedded/GRUv1_emb1.ipynb -e TIMEOUT_SECONDS=300 -e PYTHON_VERSION_DECLARED=3.10 -e POLICY=strict -e NOTEBOOK_ID=29749a476c884fbb71e2a090e184ecad49e8cfc0b1ee5185e3b1f81735a725cb -e RUN_ID=1763157608119-29749a476c884fbb71e2a090e184ecad notebook-executor python -m scripts.container_worker
2025-11-14 19:01:33,847 | WARNING | Docker returned 1. STDOUT/ERR tail:

 22:01:28.394019: I tensorflow/core/util/port.cc:153] oneDNN custom operations are on. You may see slightly different numerical results due to floating-point round-off errors from different computation orders. To turn them off, set the environment variable `TF_ENABLE_ONEDNN_OPTS=0`.
2025-11-14 22:01:28.442548: I tensorflow/core/platform/cpu_feature_guard.cc:210] This TensorFlow binary is optimized to use available CPU instructions in performance-critical operations.
To enable the following instructions: AVX2 AVX512F AVX512_VNNI AVX512_BF16 FMA, in other operations, rebuild TensorFlow with the appropriate compiler flags.
2025-11-14 22:01:29.518686: I tensorflow/core/util/port.cc:153] oneDNN custom operations are on. You may see slightly different numerical results due to floating-point round-off errors from different computation orders. To turn them off, set the environment variable `TF_ENABLE_ONEDNN_OPTS=0`.
2025-11-14 22:01:31,641 | INFO | Result written to /workspace/out/result.json

2025-11-14 19:01:33,859 | INFO | Usando repositório completo: /home/asu/reproducibility_of_jupyter_notebooks-1/data/outputs/repositorios_completos/As17-01/brain_signals/49706e10b05aa4e2867a12eb6ea507b9fae4fed1
2025-11-14 19:01:33,859 | INFO | Executando via Docker: image=notebook-executor nb=notebooks/archieve/embedded/GRUv1_emb2.ipynb
2025-11-14 19:01:33,859 | INFO | docker run: docker run --rm -v /home/asu/reproducibility_of_jupyter_notebooks-1/data/outputs/repositorios_completos/As17-01/brain_signals/49706e10b05aa4e2867a12eb6ea507b9fae4fed1:/workspace/repo:ro -v /home/asu/reproducibility_of_jupyter_notebooks-1/data/outputs/repositorios_completos/As17-01/brain_signals/49706e10b05aa4e2867a12eb6ea507b9fae4fed1/_out/notebooks__archieve__embedded__GRUv1_emb2.ipynb:/workspace/out -e NOTEBOOK_REL_PATH=notebooks/archieve/embedded/GRUv1_emb2.ipynb -e TIMEOUT_SECONDS=300 -e PYTHON_VERSION_DECLARED=3.10 -e POLICY=strict -e NOTEBOOK_ID=50b5838c4f9c3905b47af7b0aa2ab5f7f419be5a45d953d40e54d1c2e967a64c -e RUN_ID=1763157693859-50b5838c4f9c3905b47af7b0aa2ab5f7 notebook-executor python -m scripts.container_worker
2025-11-14 19:03:04,072 | WARNING | Docker returned 1. STDOUT/ERR tail:

 22:02:58.625373: I tensorflow/core/util/port.cc:153] oneDNN custom operations are on. You may see slightly different numerical results due to floating-point round-off errors from different computation orders. To turn them off, set the environment variable `TF_ENABLE_ONEDNN_OPTS=0`.
2025-11-14 22:02:58.674497: I tensorflow/core/platform/cpu_feature_guard.cc:210] This TensorFlow binary is optimized to use available CPU instructions in performance-critical operations.
To enable the following instructions: AVX2 AVX512F AVX512_VNNI AVX512_BF16 FMA, in other operations, rebuild TensorFlow with the appropriate compiler flags.
2025-11-14 22:02:59.754574: I tensorflow/core/util/port.cc:153] oneDNN custom operations are on. You may see slightly different numerical results due to floating-point round-off errors from different computation orders. To turn them off, set the environment variable `TF_ENABLE_ONEDNN_OPTS=0`.
2025-11-14 22:03:01,901 | INFO | Result written to /workspace/out/result.json

2025-11-14 19:03:04,081 | INFO | Usando repositório completo: /home/asu/reproducibility_of_jupyter_notebooks-1/data/outputs/repositorios_completos/As17-01/brain_signals/49706e10b05aa4e2867a12eb6ea507b9fae4fed1
2025-11-14 19:03:04,081 | INFO | Executando via Docker: image=notebook-executor nb=notebooks/archieve/embedded/GRUv1_emb3.ipynb
2025-11-14 19:03:04,082 | INFO | docker run: docker run --rm -v /home/asu/reproducibility_of_jupyter_notebooks-1/data/outputs/repositorios_completos/As17-01/brain_signals/49706e10b05aa4e2867a12eb6ea507b9fae4fed1:/workspace/repo:ro -v /home/asu/reproducibility_of_jupyter_notebooks-1/data/outputs/repositorios_completos/As17-01/brain_signals/49706e10b05aa4e2867a12eb6ea507b9fae4fed1/_out/notebooks__archieve__embedded__GRUv1_emb3.ipynb:/workspace/out -e NOTEBOOK_REL_PATH=notebooks/archieve/embedded/GRUv1_emb3.ipynb -e TIMEOUT_SECONDS=300 -e PYTHON_VERSION_DECLARED=3.10 -e POLICY=strict -e NOTEBOOK_ID=10ec2fea97899b80746a27d29d4a4499b85d802de7381e629bca25c6a84d3b6d -e RUN_ID=1763157784082-10ec2fea97899b80746a27d29d4a4499 notebook-executor python -m scripts.container_worker
2025-11-14 19:04:35,855 | WARNING | Docker returned 1. STDOUT/ERR tail:

 22:04:29.840810: I tensorflow/core/util/port.cc:153] oneDNN custom operations are on. You may see slightly different numerical results due to floating-point round-off errors from different computation orders. To turn them off, set the environment variable `TF_ENABLE_ONEDNN_OPTS=0`.
2025-11-14 22:04:29.897702: I tensorflow/core/platform/cpu_feature_guard.cc:210] This TensorFlow binary is optimized to use available CPU instructions in performance-critical operations.
To enable the following instructions: AVX2 AVX512F AVX512_VNNI AVX512_BF16 FMA, in other operations, rebuild TensorFlow with the appropriate compiler flags.
2025-11-14 22:04:30.977463: I tensorflow/core/util/port.cc:153] oneDNN custom operations are on. You may see slightly different numerical results due to floating-point round-off errors from different computation orders. To turn them off, set the environment variable `TF_ENABLE_ONEDNN_OPTS=0`.
2025-11-14 22:04:33,315 | INFO | Result written to /workspace/out/result.json

2025-11-14 19:04:35,867 | INFO | Usando repositório completo: /home/asu/reproducibility_of_jupyter_notebooks-1/data/outputs/repositorios_completos/As17-01/brain_signals/49706e10b05aa4e2867a12eb6ea507b9fae4fed1
2025-11-14 19:04:35,867 | INFO | Executando via Docker: image=notebook-executor nb=notebooks/archieve/embedded/GRUv1_emb4.ipynb
2025-11-14 19:04:35,868 | INFO | docker run: docker run --rm -v /home/asu/reproducibility_of_jupyter_notebooks-1/data/outputs/repositorios_completos/As17-01/brain_signals/49706e10b05aa4e2867a12eb6ea507b9fae4fed1:/workspace/repo:ro -v /home/asu/reproducibility_of_jupyter_notebooks-1/data/outputs/repositorios_completos/As17-01/brain_signals/49706e10b05aa4e2867a12eb6ea507b9fae4fed1/_out/notebooks__archieve__embedded__GRUv1_emb4.ipynb:/workspace/out -e NOTEBOOK_REL_PATH=notebooks/archieve/embedded/GRUv1_emb4.ipynb -e TIMEOUT_SECONDS=300 -e PYTHON_VERSION_DECLARED=3.10 -e POLICY=strict -e NOTEBOOK_ID=f29f7d0b3c59d8fb6f341fa8459ffb6fa8aacd6af587ce8fada4ad2e584cd11a -e RUN_ID=1763157875867-f29f7d0b3c59d8fb6f341fa8459ffb6f notebook-executor python -m scripts.container_worker
2025-11-14 19:06:08,362 | WARNING | Docker returned 1. STDOUT/ERR tail:

 22:06:03.215056: I tensorflow/core/util/port.cc:153] oneDNN custom operations are on. You may see slightly different numerical results due to floating-point round-off errors from different computation orders. To turn them off, set the environment variable `TF_ENABLE_ONEDNN_OPTS=0`.
2025-11-14 22:06:03.264065: I tensorflow/core/platform/cpu_feature_guard.cc:210] This TensorFlow binary is optimized to use available CPU instructions in performance-critical operations.
To enable the following instructions: AVX2 AVX512F AVX512_VNNI AVX512_BF16 FMA, in other operations, rebuild TensorFlow with the appropriate compiler flags.
2025-11-14 22:06:04.351717: I tensorflow/core/util/port.cc:153] oneDNN custom operations are on. You may see slightly different numerical results due to floating-point round-off errors from different computation orders. To turn them off, set the environment variable `TF_ENABLE_ONEDNN_OPTS=0`.
2025-11-14 22:06:06,471 | INFO | Result written to /workspace/out/result.json

2025-11-14 19:06:08,368 | INFO | Usando repositório completo: /home/asu/reproducibility_of_jupyter_notebooks-1/data/outputs/repositorios_completos/As17-01/brain_signals/49706e10b05aa4e2867a12eb6ea507b9fae4fed1
2025-11-14 19:06:08,368 | INFO | Executando via Docker: image=notebook-executor nb=notebooks/archieve/embedded/GRUv1_plot.ipynb
2025-11-14 19:06:08,369 | INFO | docker run: docker run --rm -v /home/asu/reproducibility_of_jupyter_notebooks-1/data/outputs/repositorios_completos/As17-01/brain_signals/49706e10b05aa4e2867a12eb6ea507b9fae4fed1:/workspace/repo:ro -v /home/asu/reproducibility_of_jupyter_notebooks-1/data/outputs/repositorios_completos/As17-01/brain_signals/49706e10b05aa4e2867a12eb6ea507b9fae4fed1/_out/notebooks__archieve__embedded__GRUv1_plot.ipynb:/workspace/out -e NOTEBOOK_REL_PATH=notebooks/archieve/embedded/GRUv1_plot.ipynb -e TIMEOUT_SECONDS=300 -e PYTHON_VERSION_DECLARED=3.10 -e POLICY=strict -e NOTEBOOK_ID=66e6669556225c07779e5fb99d8c6dedf333edb06314af9412361db24af32ac8 -e RUN_ID=1763157968368-66e6669556225c07779e5fb99d8c6ded notebook-executor python -m scripts.container_worker
2025-11-14 19:06:12,034 | WARNING | Docker returned 1. STDOUT/ERR tail:

2025-11-14 22:06:09,775 | INFO | Executing notebook: notebooks/archieve/embedded/GRUv1_plot.ipynb
2025-11-14 22:06:09,775 | INFO | Timeout: 300s, Run ID: 1763157968368-66e6669556225c07779e5fb99d8c6ded
2025-11-14 22:06:10,523 | INFO | Executing notebook with kernel: python3
2025-11-14 22:06:11,388 | INFO | Result written to /workspace/out/result.json

2025-11-14 19:06:12,049 | INFO | Usando repositório completo: /home/asu/reproducibility_of_jupyter_notebooks-1/data/outputs/repositorios_completos/As17-01/brain_signals/49706e10b05aa4e2867a12eb6ea507b9fae4fed1
2025-11-14 19:06:12,049 | INFO | Executando via Docker: image=notebook-executor nb=notebooks/archieve/embedded/GRUv2.ipynb
2025-11-14 19:06:12,050 | INFO | docker run: docker run --rm -v /home/asu/reproducibility_of_jupyter_notebooks-1/data/outputs/repositorios_completos/As17-01/brain_signals/49706e10b05aa4e2867a12eb6ea507b9fae4fed1:/workspace/repo:ro -v /home/asu/reproducibility_of_jupyter_notebooks-1/data/outputs/repositorios_completos/As17-01/brain_signals/49706e10b05aa4e2867a12eb6ea507b9fae4fed1/_out/notebooks__archieve__embedded__GRUv2.ipynb:/workspace/out -e NOTEBOOK_REL_PATH=notebooks/archieve/embedded/GRUv2.ipynb -e TIMEOUT_SECONDS=300 -e PYTHON_VERSION_DECLARED=3.10 -e POLICY=strict -e NOTEBOOK_ID=edcf05c91e54f51f7afb82a8eccfb1dff13b208745b891ae210bfdb0e924d77f -e RUN_ID=1763157972049-edcf05c91e54f51f7afb82a8eccfb1df notebook-executor python -m scripts.container_worker
2025-11-14 19:07:51,074 | WARNING | Docker returned 1. STDOUT/ERR tail:

 22:07:45.811727: I tensorflow/core/util/port.cc:153] oneDNN custom operations are on. You may see slightly different numerical results due to floating-point round-off errors from different computation orders. To turn them off, set the environment variable `TF_ENABLE_ONEDNN_OPTS=0`.
2025-11-14 22:07:45.859374: I tensorflow/core/platform/cpu_feature_guard.cc:210] This TensorFlow binary is optimized to use available CPU instructions in performance-critical operations.
To enable the following instructions: AVX2 AVX512F AVX512_VNNI AVX512_BF16 FMA, in other operations, rebuild TensorFlow with the appropriate compiler flags.
2025-11-14 22:07:46.897324: I tensorflow/core/util/port.cc:153] oneDNN custom operations are on. You may see slightly different numerical results due to floating-point round-off errors from different computation orders. To turn them off, set the environment variable `TF_ENABLE_ONEDNN_OPTS=0`.
2025-11-14 22:07:48,858 | INFO | Result written to /workspace/out/result.json

2025-11-14 19:07:51,084 | INFO | Usando repositório completo: /home/asu/reproducibility_of_jupyter_notebooks-1/data/outputs/repositorios_completos/As17-01/brain_signals/49706e10b05aa4e2867a12eb6ea507b9fae4fed1
2025-11-14 19:07:51,084 | INFO | Executando via Docker: image=notebook-executor nb=notebooks/archieve/embedded/GRUv2_conv.ipynb
2025-11-14 19:07:51,085 | INFO | docker run: docker run --rm -v /home/asu/reproducibility_of_jupyter_notebooks-1/data/outputs/repositorios_completos/As17-01/brain_signals/49706e10b05aa4e2867a12eb6ea507b9fae4fed1:/workspace/repo:ro -v /home/asu/reproducibility_of_jupyter_notebooks-1/data/outputs/repositorios_completos/As17-01/brain_signals/49706e10b05aa4e2867a12eb6ea507b9fae4fed1/_out/notebooks__archieve__embedded__GRUv2_conv.ipynb:/workspace/out -e NOTEBOOK_REL_PATH=notebooks/archieve/embedded/GRUv2_conv.ipynb -e TIMEOUT_SECONDS=300 -e PYTHON_VERSION_DECLARED=3.10 -e POLICY=strict -e NOTEBOOK_ID=0d5c11a76cb54d4e3b4853bb1899ead2ce910a7fd8e960ad721142c3cd8f455f -e RUN_ID=1763158071084-0d5c11a76cb54d4e3b4853bb1899ead2 notebook-executor python -m scripts.container_worker
2025-11-14 19:09:17,222 | WARNING | Docker returned 1. STDOUT/ERR tail:

 22:09:11.728191: I tensorflow/core/util/port.cc:153] oneDNN custom operations are on. You may see slightly different numerical results due to floating-point round-off errors from different computation orders. To turn them off, set the environment variable `TF_ENABLE_ONEDNN_OPTS=0`.
2025-11-14 22:09:11.779645: I tensorflow/core/platform/cpu_feature_guard.cc:210] This TensorFlow binary is optimized to use available CPU instructions in performance-critical operations.
To enable the following instructions: AVX2 AVX512F AVX512_VNNI AVX512_BF16 FMA, in other operations, rebuild TensorFlow with the appropriate compiler flags.
2025-11-14 22:09:12.847872: I tensorflow/core/util/port.cc:153] oneDNN custom operations are on. You may see slightly different numerical results due to floating-point round-off errors from different computation orders. To turn them off, set the environment variable `TF_ENABLE_ONEDNN_OPTS=0`.
2025-11-14 22:09:14,975 | INFO | Result written to /workspace/out/result.json

2025-11-14 19:09:17,233 | INFO | Usando repositório completo: /home/asu/reproducibility_of_jupyter_notebooks-1/data/outputs/repositorios_completos/As17-01/brain_signals/49706e10b05aa4e2867a12eb6ea507b9fae4fed1
2025-11-14 19:09:17,234 | INFO | Executando via Docker: image=notebook-executor nb=notebooks/archieve/embedded/GRUv2_conv2.ipynb
2025-11-14 19:09:17,235 | INFO | docker run: docker run --rm -v /home/asu/reproducibility_of_jupyter_notebooks-1/data/outputs/repositorios_completos/As17-01/brain_signals/49706e10b05aa4e2867a12eb6ea507b9fae4fed1:/workspace/repo:ro -v /home/asu/reproducibility_of_jupyter_notebooks-1/data/outputs/repositorios_completos/As17-01/brain_signals/49706e10b05aa4e2867a12eb6ea507b9fae4fed1/_out/notebooks__archieve__embedded__GRUv2_conv2.ipynb:/workspace/out -e NOTEBOOK_REL_PATH=notebooks/archieve/embedded/GRUv2_conv2.ipynb -e TIMEOUT_SECONDS=300 -e PYTHON_VERSION_DECLARED=3.10 -e POLICY=strict -e NOTEBOOK_ID=2819bba1d33cf6383b777587c3b837278bc386ce244c7604046b3eff7923470f -e RUN_ID=1763158157234-2819bba1d33cf6383b777587c3b83727 notebook-executor python -m scripts.container_worker
2025-11-14 19:10:43,221 | WARNING | Docker returned 1. STDOUT/ERR tail:

 22:10:37.362292: I tensorflow/core/util/port.cc:153] oneDNN custom operations are on. You may see slightly different numerical results due to floating-point round-off errors from different computation orders. To turn them off, set the environment variable `TF_ENABLE_ONEDNN_OPTS=0`.
2025-11-14 22:10:37.412335: I tensorflow/core/platform/cpu_feature_guard.cc:210] This TensorFlow binary is optimized to use available CPU instructions in performance-critical operations.
To enable the following instructions: AVX2 AVX512F AVX512_VNNI AVX512_BF16 FMA, in other operations, rebuild TensorFlow with the appropriate compiler flags.
2025-11-14 22:10:38.504165: I tensorflow/core/util/port.cc:153] oneDNN custom operations are on. You may see slightly different numerical results due to floating-point round-off errors from different computation orders. To turn them off, set the environment variable `TF_ENABLE_ONEDNN_OPTS=0`.
2025-11-14 22:10:40,708 | INFO | Result written to /workspace/out/result.json

2025-11-14 19:10:43,242 | INFO | Usando repositório completo: /home/asu/reproducibility_of_jupyter_notebooks-1/data/outputs/repositorios_completos/As17-01/brain_signals/49706e10b05aa4e2867a12eb6ea507b9fae4fed1
2025-11-14 19:10:43,242 | INFO | Executando via Docker: image=notebook-executor nb=notebooks/archieve/embedded/GRUv2_conv_expanded.ipynb
2025-11-14 19:10:43,243 | INFO | docker run: docker run --rm -v /home/asu/reproducibility_of_jupyter_notebooks-1/data/outputs/repositorios_completos/As17-01/brain_signals/49706e10b05aa4e2867a12eb6ea507b9fae4fed1:/workspace/repo:ro -v /home/asu/reproducibility_of_jupyter_notebooks-1/data/outputs/repositorios_completos/As17-01/brain_signals/49706e10b05aa4e2867a12eb6ea507b9fae4fed1/_out/notebooks__archieve__embedded__GRUv2_conv_expanded.ipynb:/workspace/out -e NOTEBOOK_REL_PATH=notebooks/archieve/embedded/GRUv2_conv_expanded.ipynb -e TIMEOUT_SECONDS=300 -e PYTHON_VERSION_DECLARED=3.10 -e POLICY=strict -e NOTEBOOK_ID=1105097479a1f5bfcd3a1dc7ea6017f6cacb73296fac654112dd4bf199537210 -e RUN_ID=1763158243242-1105097479a1f5bfcd3a1dc7ea6017f6 notebook-executor python -m scripts.container_worker
2025-11-14 19:12:16,896 | WARNING | Docker returned 1. STDOUT/ERR tail:

 22:12:11.470041: I tensorflow/core/util/port.cc:153] oneDNN custom operations are on. You may see slightly different numerical results due to floating-point round-off errors from different computation orders. To turn them off, set the environment variable `TF_ENABLE_ONEDNN_OPTS=0`.
2025-11-14 22:12:11.518402: I tensorflow/core/platform/cpu_feature_guard.cc:210] This TensorFlow binary is optimized to use available CPU instructions in performance-critical operations.
To enable the following instructions: AVX2 AVX512F AVX512_VNNI AVX512_BF16 FMA, in other operations, rebuild TensorFlow with the appropriate compiler flags.
2025-11-14 22:12:12.585960: I tensorflow/core/util/port.cc:153] oneDNN custom operations are on. You may see slightly different numerical results due to floating-point round-off errors from different computation orders. To turn them off, set the environment variable `TF_ENABLE_ONEDNN_OPTS=0`.
2025-11-14 22:12:14,753 | INFO | Result written to /workspace/out/result.json

2025-11-14 19:12:16,908 | INFO | Usando repositório completo: /home/asu/reproducibility_of_jupyter_notebooks-1/data/outputs/repositorios_completos/As17-01/brain_signals/49706e10b05aa4e2867a12eb6ea507b9fae4fed1
2025-11-14 19:12:16,908 | INFO | Executando via Docker: image=notebook-executor nb=notebooks/archieve/embedded/GRUv2_emb1.ipynb
2025-11-14 19:12:16,910 | INFO | docker run: docker run --rm -v /home/asu/reproducibility_of_jupyter_notebooks-1/data/outputs/repositorios_completos/As17-01/brain_signals/49706e10b05aa4e2867a12eb6ea507b9fae4fed1:/workspace/repo:ro -v /home/asu/reproducibility_of_jupyter_notebooks-1/data/outputs/repositorios_completos/As17-01/brain_signals/49706e10b05aa4e2867a12eb6ea507b9fae4fed1/_out/notebooks__archieve__embedded__GRUv2_emb1.ipynb:/workspace/out -e NOTEBOOK_REL_PATH=notebooks/archieve/embedded/GRUv2_emb1.ipynb -e TIMEOUT_SECONDS=300 -e PYTHON_VERSION_DECLARED=3.10 -e POLICY=strict -e NOTEBOOK_ID=d80b1e41346f6f8e301c5f92ef82939597776660727ba4cc678b00d6d07ed97f -e RUN_ID=1763158336909-d80b1e41346f6f8e301c5f92ef829395 notebook-executor python -m scripts.container_worker
2025-11-14 19:13:47,830 | WARNING | Docker returned 1. STDOUT/ERR tail:

 22:13:42.513928: I tensorflow/core/util/port.cc:153] oneDNN custom operations are on. You may see slightly different numerical results due to floating-point round-off errors from different computation orders. To turn them off, set the environment variable `TF_ENABLE_ONEDNN_OPTS=0`.
2025-11-14 22:13:42.564024: I tensorflow/core/platform/cpu_feature_guard.cc:210] This TensorFlow binary is optimized to use available CPU instructions in performance-critical operations.
To enable the following instructions: AVX2 AVX512F AVX512_VNNI AVX512_BF16 FMA, in other operations, rebuild TensorFlow with the appropriate compiler flags.
2025-11-14 22:13:43.738079: I tensorflow/core/util/port.cc:153] oneDNN custom operations are on. You may see slightly different numerical results due to floating-point round-off errors from different computation orders. To turn them off, set the environment variable `TF_ENABLE_ONEDNN_OPTS=0`.
2025-11-14 22:13:45,960 | INFO | Result written to /workspace/out/result.json

2025-11-14 19:13:47,848 | INFO | Usando repositório completo: /home/asu/reproducibility_of_jupyter_notebooks-1/data/outputs/repositorios_completos/As17-01/brain_signals/49706e10b05aa4e2867a12eb6ea507b9fae4fed1
2025-11-14 19:13:47,848 | INFO | Executando via Docker: image=notebook-executor nb=notebooks/archieve/embedded/GRUv2_emb1_expanded.ipynb
2025-11-14 19:13:47,849 | INFO | docker run: docker run --rm -v /home/asu/reproducibility_of_jupyter_notebooks-1/data/outputs/repositorios_completos/As17-01/brain_signals/49706e10b05aa4e2867a12eb6ea507b9fae4fed1:/workspace/repo:ro -v /home/asu/reproducibility_of_jupyter_notebooks-1/data/outputs/repositorios_completos/As17-01/brain_signals/49706e10b05aa4e2867a12eb6ea507b9fae4fed1/_out/notebooks__archieve__embedded__GRUv2_emb1_expanded.ipynb:/workspace/out -e NOTEBOOK_REL_PATH=notebooks/archieve/embedded/GRUv2_emb1_expanded.ipynb -e TIMEOUT_SECONDS=300 -e PYTHON_VERSION_DECLARED=3.10 -e POLICY=strict -e NOTEBOOK_ID=3604ecc09e4297d6f6742ac1510bc51e005fba58bdd383a80b85a0d173eb0a52 -e RUN_ID=1763158427848-3604ecc09e4297d6f6742ac1510bc51e notebook-executor python -m scripts.container_worker
2025-11-14 19:15:14,158 | WARNING | Docker returned 1. STDOUT/ERR tail:

 22:15:08.497906: I tensorflow/core/util/port.cc:153] oneDNN custom operations are on. You may see slightly different numerical results due to floating-point round-off errors from different computation orders. To turn them off, set the environment variable `TF_ENABLE_ONEDNN_OPTS=0`.
2025-11-14 22:15:08.543504: I tensorflow/core/platform/cpu_feature_guard.cc:210] This TensorFlow binary is optimized to use available CPU instructions in performance-critical operations.
To enable the following instructions: AVX2 AVX512F AVX512_VNNI AVX512_BF16 FMA, in other operations, rebuild TensorFlow with the appropriate compiler flags.
2025-11-14 22:15:09.670264: I tensorflow/core/util/port.cc:153] oneDNN custom operations are on. You may see slightly different numerical results due to floating-point round-off errors from different computation orders. To turn them off, set the environment variable `TF_ENABLE_ONEDNN_OPTS=0`.
2025-11-14 22:15:11,813 | INFO | Result written to /workspace/out/result.json

2025-11-14 19:15:14,170 | INFO | Usando repositório completo: /home/asu/reproducibility_of_jupyter_notebooks-1/data/outputs/repositorios_completos/As17-01/brain_signals/49706e10b05aa4e2867a12eb6ea507b9fae4fed1
2025-11-14 19:15:14,170 | INFO | Executando via Docker: image=notebook-executor nb=notebooks/archieve/embedded/GRUv2_emb2.ipynb
2025-11-14 19:15:14,172 | INFO | docker run: docker run --rm -v /home/asu/reproducibility_of_jupyter_notebooks-1/data/outputs/repositorios_completos/As17-01/brain_signals/49706e10b05aa4e2867a12eb6ea507b9fae4fed1:/workspace/repo:ro -v /home/asu/reproducibility_of_jupyter_notebooks-1/data/outputs/repositorios_completos/As17-01/brain_signals/49706e10b05aa4e2867a12eb6ea507b9fae4fed1/_out/notebooks__archieve__embedded__GRUv2_emb2.ipynb:/workspace/out -e NOTEBOOK_REL_PATH=notebooks/archieve/embedded/GRUv2_emb2.ipynb -e TIMEOUT_SECONDS=300 -e PYTHON_VERSION_DECLARED=3.10 -e POLICY=strict -e NOTEBOOK_ID=6bb52f0637c505526faaa6cfbe8ad0453e1c5b4d1f113ca821448ad7d4a70821 -e RUN_ID=1763158514170-6bb52f0637c505526faaa6cfbe8ad045 notebook-executor python -m scripts.container_worker
2025-11-14 19:16:44,420 | WARNING | Docker returned 1. STDOUT/ERR tail:

 22:16:39.283370: I tensorflow/core/util/port.cc:153] oneDNN custom operations are on. You may see slightly different numerical results due to floating-point round-off errors from different computation orders. To turn them off, set the environment variable `TF_ENABLE_ONEDNN_OPTS=0`.
2025-11-14 22:16:39.328144: I tensorflow/core/platform/cpu_feature_guard.cc:210] This TensorFlow binary is optimized to use available CPU instructions in performance-critical operations.
To enable the following instructions: AVX2 AVX512F AVX512_VNNI AVX512_BF16 FMA, in other operations, rebuild TensorFlow with the appropriate compiler flags.
2025-11-14 22:16:40.403902: I tensorflow/core/util/port.cc:153] oneDNN custom operations are on. You may see slightly different numerical results due to floating-point round-off errors from different computation orders. To turn them off, set the environment variable `TF_ENABLE_ONEDNN_OPTS=0`.
2025-11-14 22:16:42,531 | INFO | Result written to /workspace/out/result.json

2025-11-14 19:16:44,430 | INFO | Usando repositório completo: /home/asu/reproducibility_of_jupyter_notebooks-1/data/outputs/repositorios_completos/As17-01/brain_signals/49706e10b05aa4e2867a12eb6ea507b9fae4fed1
2025-11-14 19:16:44,431 | INFO | Executando via Docker: image=notebook-executor nb=notebooks/archieve/embedded/GRUv2_emb3.ipynb
2025-11-14 19:16:44,432 | INFO | docker run: docker run --rm -v /home/asu/reproducibility_of_jupyter_notebooks-1/data/outputs/repositorios_completos/As17-01/brain_signals/49706e10b05aa4e2867a12eb6ea507b9fae4fed1:/workspace/repo:ro -v /home/asu/reproducibility_of_jupyter_notebooks-1/data/outputs/repositorios_completos/As17-01/brain_signals/49706e10b05aa4e2867a12eb6ea507b9fae4fed1/_out/notebooks__archieve__embedded__GRUv2_emb3.ipynb:/workspace/out -e NOTEBOOK_REL_PATH=notebooks/archieve/embedded/GRUv2_emb3.ipynb -e TIMEOUT_SECONDS=300 -e PYTHON_VERSION_DECLARED=3.10 -e POLICY=strict -e NOTEBOOK_ID=68d81e3f60999eadd95f8820ddc23105d6fc2dcec157166a82329988f2fba56c -e RUN_ID=1763158604431-68d81e3f60999eadd95f8820ddc23105 notebook-executor python -m scripts.container_worker
2025-11-14 19:18:14,145 | WARNING | Docker returned 1. STDOUT/ERR tail:

 22:18:08.987700: I tensorflow/core/util/port.cc:153] oneDNN custom operations are on. You may see slightly different numerical results due to floating-point round-off errors from different computation orders. To turn them off, set the environment variable `TF_ENABLE_ONEDNN_OPTS=0`.
2025-11-14 22:18:09.039723: I tensorflow/core/platform/cpu_feature_guard.cc:210] This TensorFlow binary is optimized to use available CPU instructions in performance-critical operations.
To enable the following instructions: AVX2 AVX512F AVX512_VNNI AVX512_BF16 FMA, in other operations, rebuild TensorFlow with the appropriate compiler flags.
2025-11-14 22:18:10.152582: I tensorflow/core/util/port.cc:153] oneDNN custom operations are on. You may see slightly different numerical results due to floating-point round-off errors from different computation orders. To turn them off, set the environment variable `TF_ENABLE_ONEDNN_OPTS=0`.
2025-11-14 22:18:12,305 | INFO | Result written to /workspace/out/result.json

2025-11-14 19:18:14,156 | INFO | Usando repositório completo: /home/asu/reproducibility_of_jupyter_notebooks-1/data/outputs/repositorios_completos/As17-01/brain_signals/49706e10b05aa4e2867a12eb6ea507b9fae4fed1
2025-11-14 19:18:14,156 | INFO | Executando via Docker: image=notebook-executor nb=notebooks/archieve/embedded/GRUv2_emb4.ipynb
2025-11-14 19:18:14,158 | INFO | docker run: docker run --rm -v /home/asu/reproducibility_of_jupyter_notebooks-1/data/outputs/repositorios_completos/As17-01/brain_signals/49706e10b05aa4e2867a12eb6ea507b9fae4fed1:/workspace/repo:ro -v /home/asu/reproducibility_of_jupyter_notebooks-1/data/outputs/repositorios_completos/As17-01/brain_signals/49706e10b05aa4e2867a12eb6ea507b9fae4fed1/_out/notebooks__archieve__embedded__GRUv2_emb4.ipynb:/workspace/out -e NOTEBOOK_REL_PATH=notebooks/archieve/embedded/GRUv2_emb4.ipynb -e TIMEOUT_SECONDS=300 -e PYTHON_VERSION_DECLARED=3.10 -e POLICY=strict -e NOTEBOOK_ID=f9c1f81c1f3f532f0993fb5d555a7f001c84fee54e73ec630b85a15f9b2f7a87 -e RUN_ID=1763158694156-f9c1f81c1f3f532f0993fb5d555a7f00 notebook-executor python -m scripts.container_worker
2025-11-14 19:19:50,200 | WARNING | Docker returned 1. STDOUT/ERR tail:

 22:19:43.861000: I tensorflow/core/util/port.cc:153] oneDNN custom operations are on. You may see slightly different numerical results due to floating-point round-off errors from different computation orders. To turn them off, set the environment variable `TF_ENABLE_ONEDNN_OPTS=0`.
2025-11-14 22:19:43.908877: I tensorflow/core/platform/cpu_feature_guard.cc:210] This TensorFlow binary is optimized to use available CPU instructions in performance-critical operations.
To enable the following instructions: AVX2 AVX512F AVX512_VNNI AVX512_BF16 FMA, in other operations, rebuild TensorFlow with the appropriate compiler flags.
2025-11-14 22:19:45.014758: I tensorflow/core/util/port.cc:153] oneDNN custom operations are on. You may see slightly different numerical results due to floating-point round-off errors from different computation orders. To turn them off, set the environment variable `TF_ENABLE_ONEDNN_OPTS=0`.
2025-11-14 22:19:47,266 | INFO | Result written to /workspace/out/result.json

2025-11-14 19:19:50,224 | INFO | Usando repositório completo: /home/asu/reproducibility_of_jupyter_notebooks-1/data/outputs/repositorios_completos/As17-01/brain_signals/49706e10b05aa4e2867a12eb6ea507b9fae4fed1
2025-11-14 19:19:50,224 | INFO | Executando via Docker: image=notebook-executor nb=notebooks/archieve/embedded/GRUv2_expanded.ipynb
2025-11-14 19:19:50,225 | INFO | docker run: docker run --rm -v /home/asu/reproducibility_of_jupyter_notebooks-1/data/outputs/repositorios_completos/As17-01/brain_signals/49706e10b05aa4e2867a12eb6ea507b9fae4fed1:/workspace/repo:ro -v /home/asu/reproducibility_of_jupyter_notebooks-1/data/outputs/repositorios_completos/As17-01/brain_signals/49706e10b05aa4e2867a12eb6ea507b9fae4fed1/_out/notebooks__archieve__embedded__GRUv2_expanded.ipynb:/workspace/out -e NOTEBOOK_REL_PATH=notebooks/archieve/embedded/GRUv2_expanded.ipynb -e TIMEOUT_SECONDS=300 -e PYTHON_VERSION_DECLARED=3.10 -e POLICY=strict -e NOTEBOOK_ID=b83a736791bd617ee21dba619732c2fdc0ed498674beeef0fa3cb465fe753d28 -e RUN_ID=1763158790224-b83a736791bd617ee21dba619732c2fd notebook-executor python -m scripts.container_worker
2025-11-14 19:21:21,889 | WARNING | Docker returned 1. STDOUT/ERR tail:

 22:21:16.461906: I tensorflow/core/util/port.cc:153] oneDNN custom operations are on. You may see slightly different numerical results due to floating-point round-off errors from different computation orders. To turn them off, set the environment variable `TF_ENABLE_ONEDNN_OPTS=0`.
2025-11-14 22:21:16.507136: I tensorflow/core/platform/cpu_feature_guard.cc:210] This TensorFlow binary is optimized to use available CPU instructions in performance-critical operations.
To enable the following instructions: AVX2 AVX512F AVX512_VNNI AVX512_BF16 FMA, in other operations, rebuild TensorFlow with the appropriate compiler flags.
2025-11-14 22:21:17.589806: I tensorflow/core/util/port.cc:153] oneDNN custom operations are on. You may see slightly different numerical results due to floating-point round-off errors from different computation orders. To turn them off, set the environment variable `TF_ENABLE_ONEDNN_OPTS=0`.
2025-11-14 22:21:19,788 | INFO | Result written to /workspace/out/result.json

2025-11-14 19:21:21,899 | INFO | Usando repositório completo: /home/asu/reproducibility_of_jupyter_notebooks-1/data/outputs/repositorios_completos/As17-01/brain_signals/49706e10b05aa4e2867a12eb6ea507b9fae4fed1
2025-11-14 19:21:21,900 | INFO | Executando via Docker: image=notebook-executor nb=notebooks/archieve/embedded/GRUv2_plot.ipynb
2025-11-14 19:21:21,901 | INFO | docker run: docker run --rm -v /home/asu/reproducibility_of_jupyter_notebooks-1/data/outputs/repositorios_completos/As17-01/brain_signals/49706e10b05aa4e2867a12eb6ea507b9fae4fed1:/workspace/repo:ro -v /home/asu/reproducibility_of_jupyter_notebooks-1/data/outputs/repositorios_completos/As17-01/brain_signals/49706e10b05aa4e2867a12eb6ea507b9fae4fed1/_out/notebooks__archieve__embedded__GRUv2_plot.ipynb:/workspace/out -e NOTEBOOK_REL_PATH=notebooks/archieve/embedded/GRUv2_plot.ipynb -e TIMEOUT_SECONDS=300 -e PYTHON_VERSION_DECLARED=3.10 -e POLICY=strict -e NOTEBOOK_ID=7cfd054176913b00ffcfd300a16b6a09a1c9253c208bdcb654ca2e0a9fc6333a -e RUN_ID=1763158881900-7cfd054176913b00ffcfd300a16b6a09 notebook-executor python -m scripts.container_worker
2025-11-14 19:21:25,607 | WARNING | Docker returned 1. STDOUT/ERR tail:

2025-11-14 22:21:23,290 | INFO | Executing notebook: notebooks/archieve/embedded/GRUv2_plot.ipynb
2025-11-14 22:21:23,290 | INFO | Timeout: 300s, Run ID: 1763158881900-7cfd054176913b00ffcfd300a16b6a09
2025-11-14 22:21:24,073 | INFO | Executing notebook with kernel: python3
2025-11-14 22:21:24,987 | INFO | Result written to /workspace/out/result.json

2025-11-14 19:21:25,621 | INFO | Usando repositório completo: /home/asu/reproducibility_of_jupyter_notebooks-1/data/outputs/repositorios_completos/As17-01/brain_signals/49706e10b05aa4e2867a12eb6ea507b9fae4fed1
2025-11-14 19:21:25,621 | INFO | Executando via Docker: image=notebook-executor nb=notebooks/archieve/embedded/LSTMv1.ipynb
2025-11-14 19:21:25,622 | INFO | docker run: docker run --rm -v /home/asu/reproducibility_of_jupyter_notebooks-1/data/outputs/repositorios_completos/As17-01/brain_signals/49706e10b05aa4e2867a12eb6ea507b9fae4fed1:/workspace/repo:ro -v /home/asu/reproducibility_of_jupyter_notebooks-1/data/outputs/repositorios_completos/As17-01/brain_signals/49706e10b05aa4e2867a12eb6ea507b9fae4fed1/_out/notebooks__archieve__embedded__LSTMv1.ipynb:/workspace/out -e NOTEBOOK_REL_PATH=notebooks/archieve/embedded/LSTMv1.ipynb -e TIMEOUT_SECONDS=300 -e PYTHON_VERSION_DECLARED=3.10 -e POLICY=strict -e NOTEBOOK_ID=a4b2c58bcffbe05efcd1e26878a1cc7296b8545035a5011f1b11a6894c5582ae -e RUN_ID=1763158885621-a4b2c58bcffbe05efcd1e26878a1cc72 notebook-executor python -m scripts.container_worker
2025-11-14 19:23:01,329 | WARNING | Docker returned 1. STDOUT/ERR tail:

 22:22:56.310462: I tensorflow/core/util/port.cc:153] oneDNN custom operations are on. You may see slightly different numerical results due to floating-point round-off errors from different computation orders. To turn them off, set the environment variable `TF_ENABLE_ONEDNN_OPTS=0`.
2025-11-14 22:22:56.354807: I tensorflow/core/platform/cpu_feature_guard.cc:210] This TensorFlow binary is optimized to use available CPU instructions in performance-critical operations.
To enable the following instructions: AVX2 AVX512F AVX512_VNNI AVX512_BF16 FMA, in other operations, rebuild TensorFlow with the appropriate compiler flags.
2025-11-14 22:22:57.374914: I tensorflow/core/util/port.cc:153] oneDNN custom operations are on. You may see slightly different numerical results due to floating-point round-off errors from different computation orders. To turn them off, set the environment variable `TF_ENABLE_ONEDNN_OPTS=0`.
2025-11-14 22:22:59,386 | INFO | Result written to /workspace/out/result.json

2025-11-14 19:23:01,345 | INFO | Usando repositório completo: /home/asu/reproducibility_of_jupyter_notebooks-1/data/outputs/repositorios_completos/As17-01/brain_signals/49706e10b05aa4e2867a12eb6ea507b9fae4fed1
2025-11-14 19:23:01,345 | INFO | Executando via Docker: image=notebook-executor nb=notebooks/archieve/embedded/LSTMv1_emb1.ipynb
2025-11-14 19:23:01,347 | INFO | docker run: docker run --rm -v /home/asu/reproducibility_of_jupyter_notebooks-1/data/outputs/repositorios_completos/As17-01/brain_signals/49706e10b05aa4e2867a12eb6ea507b9fae4fed1:/workspace/repo:ro -v /home/asu/reproducibility_of_jupyter_notebooks-1/data/outputs/repositorios_completos/As17-01/brain_signals/49706e10b05aa4e2867a12eb6ea507b9fae4fed1/_out/notebooks__archieve__embedded__LSTMv1_emb1.ipynb:/workspace/out -e NOTEBOOK_REL_PATH=notebooks/archieve/embedded/LSTMv1_emb1.ipynb -e TIMEOUT_SECONDS=300 -e PYTHON_VERSION_DECLARED=3.10 -e POLICY=strict -e NOTEBOOK_ID=36dabb87eeee7dfa110f401a971cac1a27400051fa88d033e58be12b78d0ca84 -e RUN_ID=1763158981345-36dabb87eeee7dfa110f401a971cac1a notebook-executor python -m scripts.container_worker
2025-11-14 19:24:28,254 | WARNING | Docker returned 1. STDOUT/ERR tail:

 22:24:22.446906: I tensorflow/core/util/port.cc:153] oneDNN custom operations are on. You may see slightly different numerical results due to floating-point round-off errors from different computation orders. To turn them off, set the environment variable `TF_ENABLE_ONEDNN_OPTS=0`.
2025-11-14 22:24:22.493477: I tensorflow/core/platform/cpu_feature_guard.cc:210] This TensorFlow binary is optimized to use available CPU instructions in performance-critical operations.
To enable the following instructions: AVX2 AVX512F AVX512_VNNI AVX512_BF16 FMA, in other operations, rebuild TensorFlow with the appropriate compiler flags.
2025-11-14 22:24:23.599661: I tensorflow/core/util/port.cc:153] oneDNN custom operations are on. You may see slightly different numerical results due to floating-point round-off errors from different computation orders. To turn them off, set the environment variable `TF_ENABLE_ONEDNN_OPTS=0`.
2025-11-14 22:24:25,703 | INFO | Result written to /workspace/out/result.json

2025-11-14 19:24:28,267 | INFO | Usando repositório completo: /home/asu/reproducibility_of_jupyter_notebooks-1/data/outputs/repositorios_completos/As17-01/brain_signals/49706e10b05aa4e2867a12eb6ea507b9fae4fed1
2025-11-14 19:24:28,267 | INFO | Executando via Docker: image=notebook-executor nb=notebooks/archieve/embedded/LSTMv1_emb2.ipynb
2025-11-14 19:24:28,269 | INFO | docker run: docker run --rm -v /home/asu/reproducibility_of_jupyter_notebooks-1/data/outputs/repositorios_completos/As17-01/brain_signals/49706e10b05aa4e2867a12eb6ea507b9fae4fed1:/workspace/repo:ro -v /home/asu/reproducibility_of_jupyter_notebooks-1/data/outputs/repositorios_completos/As17-01/brain_signals/49706e10b05aa4e2867a12eb6ea507b9fae4fed1/_out/notebooks__archieve__embedded__LSTMv1_emb2.ipynb:/workspace/out -e NOTEBOOK_REL_PATH=notebooks/archieve/embedded/LSTMv1_emb2.ipynb -e TIMEOUT_SECONDS=300 -e PYTHON_VERSION_DECLARED=3.10 -e POLICY=strict -e NOTEBOOK_ID=ce45bc8ac818de4757f4fa2e153585cb8c20393c64d5acff9bd7b2ff510d93ce -e RUN_ID=1763159068267-ce45bc8ac818de4757f4fa2e153585cb notebook-executor python -m scripts.container_worker
2025-11-14 19:25:55,142 | WARNING | Docker returned 1. STDOUT/ERR tail:

 22:25:49.859031: I tensorflow/core/util/port.cc:153] oneDNN custom operations are on. You may see slightly different numerical results due to floating-point round-off errors from different computation orders. To turn them off, set the environment variable `TF_ENABLE_ONEDNN_OPTS=0`.
2025-11-14 22:25:49.903330: I tensorflow/core/platform/cpu_feature_guard.cc:210] This TensorFlow binary is optimized to use available CPU instructions in performance-critical operations.
To enable the following instructions: AVX2 AVX512F AVX512_VNNI AVX512_BF16 FMA, in other operations, rebuild TensorFlow with the appropriate compiler flags.
2025-11-14 22:25:50.902860: I tensorflow/core/util/port.cc:153] oneDNN custom operations are on. You may see slightly different numerical results due to floating-point round-off errors from different computation orders. To turn them off, set the environment variable `TF_ENABLE_ONEDNN_OPTS=0`.
2025-11-14 22:25:52,858 | INFO | Result written to /workspace/out/result.json

2025-11-14 19:25:55,152 | INFO | Usando repositório completo: /home/asu/reproducibility_of_jupyter_notebooks-1/data/outputs/repositorios_completos/As17-01/brain_signals/49706e10b05aa4e2867a12eb6ea507b9fae4fed1
2025-11-14 19:25:55,153 | INFO | Executando via Docker: image=notebook-executor nb=notebooks/archieve/embedded/LSTMv1_emb3.ipynb
2025-11-14 19:25:55,154 | INFO | docker run: docker run --rm -v /home/asu/reproducibility_of_jupyter_notebooks-1/data/outputs/repositorios_completos/As17-01/brain_signals/49706e10b05aa4e2867a12eb6ea507b9fae4fed1:/workspace/repo:ro -v /home/asu/reproducibility_of_jupyter_notebooks-1/data/outputs/repositorios_completos/As17-01/brain_signals/49706e10b05aa4e2867a12eb6ea507b9fae4fed1/_out/notebooks__archieve__embedded__LSTMv1_emb3.ipynb:/workspace/out -e NOTEBOOK_REL_PATH=notebooks/archieve/embedded/LSTMv1_emb3.ipynb -e TIMEOUT_SECONDS=300 -e PYTHON_VERSION_DECLARED=3.10 -e POLICY=strict -e NOTEBOOK_ID=113b80f0eb527a22281b022f988295263ce617946ffdccb50a1c730e55cecbd0 -e RUN_ID=1763159155153-113b80f0eb527a22281b022f98829526 notebook-executor python -m scripts.container_worker
2025-11-14 19:27:27,042 | WARNING | Docker returned 1. STDOUT/ERR tail:

 22:27:21.907883: I tensorflow/core/util/port.cc:153] oneDNN custom operations are on. You may see slightly different numerical results due to floating-point round-off errors from different computation orders. To turn them off, set the environment variable `TF_ENABLE_ONEDNN_OPTS=0`.
2025-11-14 22:27:21.953285: I tensorflow/core/platform/cpu_feature_guard.cc:210] This TensorFlow binary is optimized to use available CPU instructions in performance-critical operations.
To enable the following instructions: AVX2 AVX512F AVX512_VNNI AVX512_BF16 FMA, in other operations, rebuild TensorFlow with the appropriate compiler flags.
2025-11-14 22:27:23.034096: I tensorflow/core/util/port.cc:153] oneDNN custom operations are on. You may see slightly different numerical results due to floating-point round-off errors from different computation orders. To turn them off, set the environment variable `TF_ENABLE_ONEDNN_OPTS=0`.
2025-11-14 22:27:25,150 | INFO | Result written to /workspace/out/result.json

2025-11-14 19:27:27,054 | INFO | Usando repositório completo: /home/asu/reproducibility_of_jupyter_notebooks-1/data/outputs/repositorios_completos/As17-01/brain_signals/49706e10b05aa4e2867a12eb6ea507b9fae4fed1
2025-11-14 19:27:27,054 | INFO | Executando via Docker: image=notebook-executor nb=notebooks/archieve/embedded/LSTMv1_emb4.ipynb
2025-11-14 19:27:27,055 | INFO | docker run: docker run --rm -v /home/asu/reproducibility_of_jupyter_notebooks-1/data/outputs/repositorios_completos/As17-01/brain_signals/49706e10b05aa4e2867a12eb6ea507b9fae4fed1:/workspace/repo:ro -v /home/asu/reproducibility_of_jupyter_notebooks-1/data/outputs/repositorios_completos/As17-01/brain_signals/49706e10b05aa4e2867a12eb6ea507b9fae4fed1/_out/notebooks__archieve__embedded__LSTMv1_emb4.ipynb:/workspace/out -e NOTEBOOK_REL_PATH=notebooks/archieve/embedded/LSTMv1_emb4.ipynb -e TIMEOUT_SECONDS=300 -e PYTHON_VERSION_DECLARED=3.10 -e POLICY=strict -e NOTEBOOK_ID=511721d35c24b47570287fdc5d995c527dfdcfdc7199a41aac4a599b39ab6852 -e RUN_ID=1763159247054-511721d35c24b47570287fdc5d995c52 notebook-executor python -m scripts.container_worker
2025-11-14 19:29:00,264 | WARNING | Docker returned 1. STDOUT/ERR tail:

 22:28:55.275282: I tensorflow/core/util/port.cc:153] oneDNN custom operations are on. You may see slightly different numerical results due to floating-point round-off errors from different computation orders. To turn them off, set the environment variable `TF_ENABLE_ONEDNN_OPTS=0`.
2025-11-14 22:28:55.323136: I tensorflow/core/platform/cpu_feature_guard.cc:210] This TensorFlow binary is optimized to use available CPU instructions in performance-critical operations.
To enable the following instructions: AVX2 AVX512F AVX512_VNNI AVX512_BF16 FMA, in other operations, rebuild TensorFlow with the appropriate compiler flags.
2025-11-14 22:28:56.311337: I tensorflow/core/util/port.cc:153] oneDNN custom operations are on. You may see slightly different numerical results due to floating-point round-off errors from different computation orders. To turn them off, set the environment variable `TF_ENABLE_ONEDNN_OPTS=0`.
2025-11-14 22:28:58,267 | INFO | Result written to /workspace/out/result.json

2025-11-14 19:29:00,271 | INFO | Usando repositório completo: /home/asu/reproducibility_of_jupyter_notebooks-1/data/outputs/repositorios_completos/As17-01/brain_signals/49706e10b05aa4e2867a12eb6ea507b9fae4fed1
2025-11-14 19:29:00,271 | INFO | Executando via Docker: image=notebook-executor nb=notebooks/archieve/embedded/LSTMv1_plot.ipynb
2025-11-14 19:29:00,272 | INFO | docker run: docker run --rm -v /home/asu/reproducibility_of_jupyter_notebooks-1/data/outputs/repositorios_completos/As17-01/brain_signals/49706e10b05aa4e2867a12eb6ea507b9fae4fed1:/workspace/repo:ro -v /home/asu/reproducibility_of_jupyter_notebooks-1/data/outputs/repositorios_completos/As17-01/brain_signals/49706e10b05aa4e2867a12eb6ea507b9fae4fed1/_out/notebooks__archieve__embedded__LSTMv1_plot.ipynb:/workspace/out -e NOTEBOOK_REL_PATH=notebooks/archieve/embedded/LSTMv1_plot.ipynb -e TIMEOUT_SECONDS=300 -e PYTHON_VERSION_DECLARED=3.10 -e POLICY=strict -e NOTEBOOK_ID=60e95fd06ae906ab6e63e8d2384981432bb4a81515d78f0640967332fdb910e2 -e RUN_ID=1763159340271-60e95fd06ae906ab6e63e8d238498143 notebook-executor python -m scripts.container_worker
2025-11-14 19:29:03,652 | WARNING | Docker returned 1. STDOUT/ERR tail:

2025-11-14 22:29:01,525 | INFO | Executing notebook: notebooks/archieve/embedded/LSTMv1_plot.ipynb
2025-11-14 22:29:01,525 | INFO | Timeout: 300s, Run ID: 1763159340271-60e95fd06ae906ab6e63e8d238498143
2025-11-14 22:29:02,253 | INFO | Executing notebook with kernel: python3
2025-11-14 22:29:03,085 | INFO | Result written to /workspace/out/result.json

2025-11-14 19:29:03,664 | INFO | Usando repositório completo: /home/asu/reproducibility_of_jupyter_notebooks-1/data/outputs/repositorios_completos/As17-01/brain_signals/49706e10b05aa4e2867a12eb6ea507b9fae4fed1
2025-11-14 19:29:03,664 | INFO | Executando via Docker: image=notebook-executor nb=notebooks/archieve/embedded/LSTMv2.ipynb
2025-11-14 19:29:03,666 | INFO | docker run: docker run --rm -v /home/asu/reproducibility_of_jupyter_notebooks-1/data/outputs/repositorios_completos/As17-01/brain_signals/49706e10b05aa4e2867a12eb6ea507b9fae4fed1:/workspace/repo:ro -v /home/asu/reproducibility_of_jupyter_notebooks-1/data/outputs/repositorios_completos/As17-01/brain_signals/49706e10b05aa4e2867a12eb6ea507b9fae4fed1/_out/notebooks__archieve__embedded__LSTMv2.ipynb:/workspace/out -e NOTEBOOK_REL_PATH=notebooks/archieve/embedded/LSTMv2.ipynb -e TIMEOUT_SECONDS=300 -e PYTHON_VERSION_DECLARED=3.10 -e POLICY=strict -e NOTEBOOK_ID=330abbdb0c0f18dc0c474fd5a5e3a87b66b9045456979f280ac28912f76e96c7 -e RUN_ID=1763159343665-330abbdb0c0f18dc0c474fd5a5e3a87b notebook-executor python -m scripts.container_worker
2025-11-14 19:30:36,025 | WARNING | Docker returned 1. STDOUT/ERR tail:

 22:30:30.601886: I tensorflow/core/util/port.cc:153] oneDNN custom operations are on. You may see slightly different numerical results due to floating-point round-off errors from different computation orders. To turn them off, set the environment variable `TF_ENABLE_ONEDNN_OPTS=0`.
2025-11-14 22:30:30.645751: I tensorflow/core/platform/cpu_feature_guard.cc:210] This TensorFlow binary is optimized to use available CPU instructions in performance-critical operations.
To enable the following instructions: AVX2 AVX512F AVX512_VNNI AVX512_BF16 FMA, in other operations, rebuild TensorFlow with the appropriate compiler flags.
2025-11-14 22:30:31.641540: I tensorflow/core/util/port.cc:153] oneDNN custom operations are on. You may see slightly different numerical results due to floating-point round-off errors from different computation orders. To turn them off, set the environment variable `TF_ENABLE_ONEDNN_OPTS=0`.
2025-11-14 22:30:33,750 | INFO | Result written to /workspace/out/result.json

2025-11-14 19:30:36,039 | INFO | Usando repositório completo: /home/asu/reproducibility_of_jupyter_notebooks-1/data/outputs/repositorios_completos/As17-01/brain_signals/49706e10b05aa4e2867a12eb6ea507b9fae4fed1
2025-11-14 19:30:36,039 | INFO | Executando via Docker: image=notebook-executor nb=notebooks/archieve/embedded/LSTMv2_conv.ipynb
2025-11-14 19:30:36,040 | INFO | docker run: docker run --rm -v /home/asu/reproducibility_of_jupyter_notebooks-1/data/outputs/repositorios_completos/As17-01/brain_signals/49706e10b05aa4e2867a12eb6ea507b9fae4fed1:/workspace/repo:ro -v /home/asu/reproducibility_of_jupyter_notebooks-1/data/outputs/repositorios_completos/As17-01/brain_signals/49706e10b05aa4e2867a12eb6ea507b9fae4fed1/_out/notebooks__archieve__embedded__LSTMv2_conv.ipynb:/workspace/out -e NOTEBOOK_REL_PATH=notebooks/archieve/embedded/LSTMv2_conv.ipynb -e TIMEOUT_SECONDS=300 -e PYTHON_VERSION_DECLARED=3.10 -e POLICY=strict -e NOTEBOOK_ID=c7401cecfd08a93b5dffb0b5299d6ca56792e6432db8792bc205db46565c8dd6 -e RUN_ID=1763159436039-c7401cecfd08a93b5dffb0b5299d6ca5 notebook-executor python -m scripts.container_worker
2025-11-14 19:32:11,599 | WARNING | Docker returned 1. STDOUT/ERR tail:

 22:31:56.665751: I tensorflow/core/util/port.cc:153] oneDNN custom operations are on. You may see slightly different numerical results due to floating-point round-off errors from different computation orders. To turn them off, set the environment variable `TF_ENABLE_ONEDNN_OPTS=0`.
2025-11-14 22:31:56.711733: I tensorflow/core/platform/cpu_feature_guard.cc:210] This TensorFlow binary is optimized to use available CPU instructions in performance-critical operations.
To enable the following instructions: AVX2 AVX512F AVX512_VNNI AVX512_BF16 FMA, in other operations, rebuild TensorFlow with the appropriate compiler flags.
2025-11-14 22:31:57.730904: I tensorflow/core/util/port.cc:153] oneDNN custom operations are on. You may see slightly different numerical results due to floating-point round-off errors from different computation orders. To turn them off, set the environment variable `TF_ENABLE_ONEDNN_OPTS=0`.
2025-11-14 22:31:59,702 | INFO | Result written to /workspace/out/result.json

2025-11-14 19:32:11,612 | INFO | Usando repositório completo: /home/asu/reproducibility_of_jupyter_notebooks-1/data/outputs/repositorios_completos/As17-01/brain_signals/49706e10b05aa4e2867a12eb6ea507b9fae4fed1
2025-11-14 19:32:11,613 | INFO | Executando via Docker: image=notebook-executor nb=notebooks/archieve/embedded/LSTMv2_conv2.ipynb
2025-11-14 19:32:11,614 | INFO | docker run: docker run --rm -v /home/asu/reproducibility_of_jupyter_notebooks-1/data/outputs/repositorios_completos/As17-01/brain_signals/49706e10b05aa4e2867a12eb6ea507b9fae4fed1:/workspace/repo:ro -v /home/asu/reproducibility_of_jupyter_notebooks-1/data/outputs/repositorios_completos/As17-01/brain_signals/49706e10b05aa4e2867a12eb6ea507b9fae4fed1/_out/notebooks__archieve__embedded__LSTMv2_conv2.ipynb:/workspace/out -e NOTEBOOK_REL_PATH=notebooks/archieve/embedded/LSTMv2_conv2.ipynb -e TIMEOUT_SECONDS=300 -e PYTHON_VERSION_DECLARED=3.10 -e POLICY=strict -e NOTEBOOK_ID=319ffbaf2b8f2b5f5ee142c7ee8374a364d492b65095c12fad8dcb666458aef4 -e RUN_ID=1763159531613-319ffbaf2b8f2b5f5ee142c7ee8374a3 notebook-executor python -m scripts.container_worker
2025-11-14 19:33:36,974 | WARNING | Docker returned 1. STDOUT/ERR tail:

 22:33:31.607691: I tensorflow/core/util/port.cc:153] oneDNN custom operations are on. You may see slightly different numerical results due to floating-point round-off errors from different computation orders. To turn them off, set the environment variable `TF_ENABLE_ONEDNN_OPTS=0`.
2025-11-14 22:33:31.654391: I tensorflow/core/platform/cpu_feature_guard.cc:210] This TensorFlow binary is optimized to use available CPU instructions in performance-critical operations.
To enable the following instructions: AVX2 AVX512F AVX512_VNNI AVX512_BF16 FMA, in other operations, rebuild TensorFlow with the appropriate compiler flags.
2025-11-14 22:33:32.653868: I tensorflow/core/util/port.cc:153] oneDNN custom operations are on. You may see slightly different numerical results due to floating-point round-off errors from different computation orders. To turn them off, set the environment variable `TF_ENABLE_ONEDNN_OPTS=0`.
2025-11-14 22:33:34,675 | INFO | Result written to /workspace/out/result.json

2025-11-14 19:33:36,993 | INFO | Usando repositório completo: /home/asu/reproducibility_of_jupyter_notebooks-1/data/outputs/repositorios_completos/As17-01/brain_signals/49706e10b05aa4e2867a12eb6ea507b9fae4fed1
2025-11-14 19:33:36,994 | INFO | Executando via Docker: image=notebook-executor nb=notebooks/archieve/embedded/LSTMv2_conv_expanded.ipynb
2025-11-14 19:33:36,994 | INFO | docker run: docker run --rm -v /home/asu/reproducibility_of_jupyter_notebooks-1/data/outputs/repositorios_completos/As17-01/brain_signals/49706e10b05aa4e2867a12eb6ea507b9fae4fed1:/workspace/repo:ro -v /home/asu/reproducibility_of_jupyter_notebooks-1/data/outputs/repositorios_completos/As17-01/brain_signals/49706e10b05aa4e2867a12eb6ea507b9fae4fed1/_out/notebooks__archieve__embedded__LSTMv2_conv_expanded.ipynb:/workspace/out -e NOTEBOOK_REL_PATH=notebooks/archieve/embedded/LSTMv2_conv_expanded.ipynb -e TIMEOUT_SECONDS=300 -e PYTHON_VERSION_DECLARED=3.10 -e POLICY=strict -e NOTEBOOK_ID=37655e8f566034bae2f5a88a0328dbe2208051a693aed9606b4b5f163f08c345 -e RUN_ID=1763159616994-37655e8f566034bae2f5a88a0328dbe2 notebook-executor python -m scripts.container_worker
2025-11-14 19:35:04,603 | WARNING | Docker returned 1. STDOUT/ERR tail:

 22:34:58.241296: I tensorflow/core/util/port.cc:153] oneDNN custom operations are on. You may see slightly different numerical results due to floating-point round-off errors from different computation orders. To turn them off, set the environment variable `TF_ENABLE_ONEDNN_OPTS=0`.
2025-11-14 22:34:58.286202: I tensorflow/core/platform/cpu_feature_guard.cc:210] This TensorFlow binary is optimized to use available CPU instructions in performance-critical operations.
To enable the following instructions: AVX2 AVX512F AVX512_VNNI AVX512_BF16 FMA, in other operations, rebuild TensorFlow with the appropriate compiler flags.
2025-11-14 22:34:59.343700: I tensorflow/core/util/port.cc:153] oneDNN custom operations are on. You may see slightly different numerical results due to floating-point round-off errors from different computation orders. To turn them off, set the environment variable `TF_ENABLE_ONEDNN_OPTS=0`.
2025-11-14 22:35:01,805 | INFO | Result written to /workspace/out/result.json

2025-11-14 19:35:04,621 | INFO | Usando repositório completo: /home/asu/reproducibility_of_jupyter_notebooks-1/data/outputs/repositorios_completos/As17-01/brain_signals/49706e10b05aa4e2867a12eb6ea507b9fae4fed1
2025-11-14 19:35:04,622 | INFO | Executando via Docker: image=notebook-executor nb=notebooks/archieve/embedded/LSTMv2_emb1.ipynb
2025-11-14 19:35:04,623 | INFO | docker run: docker run --rm -v /home/asu/reproducibility_of_jupyter_notebooks-1/data/outputs/repositorios_completos/As17-01/brain_signals/49706e10b05aa4e2867a12eb6ea507b9fae4fed1:/workspace/repo:ro -v /home/asu/reproducibility_of_jupyter_notebooks-1/data/outputs/repositorios_completos/As17-01/brain_signals/49706e10b05aa4e2867a12eb6ea507b9fae4fed1/_out/notebooks__archieve__embedded__LSTMv2_emb1.ipynb:/workspace/out -e NOTEBOOK_REL_PATH=notebooks/archieve/embedded/LSTMv2_emb1.ipynb -e TIMEOUT_SECONDS=300 -e PYTHON_VERSION_DECLARED=3.10 -e POLICY=strict -e NOTEBOOK_ID=47e293285bc58ffe8d814bde08199e782c94e452f396b4a8426b326993e9e489 -e RUN_ID=1763159704622-47e293285bc58ffe8d814bde08199e78 notebook-executor python -m scripts.container_worker
2025-11-14 19:36:37,573 | WARNING | Docker returned 1. STDOUT/ERR tail:

 22:36:32.443147: I tensorflow/core/util/port.cc:153] oneDNN custom operations are on. You may see slightly different numerical results due to floating-point round-off errors from different computation orders. To turn them off, set the environment variable `TF_ENABLE_ONEDNN_OPTS=0`.
2025-11-14 22:36:32.489490: I tensorflow/core/platform/cpu_feature_guard.cc:210] This TensorFlow binary is optimized to use available CPU instructions in performance-critical operations.
To enable the following instructions: AVX2 AVX512F AVX512_VNNI AVX512_BF16 FMA, in other operations, rebuild TensorFlow with the appropriate compiler flags.
2025-11-14 22:36:33.582928: I tensorflow/core/util/port.cc:153] oneDNN custom operations are on. You may see slightly different numerical results due to floating-point round-off errors from different computation orders. To turn them off, set the environment variable `TF_ENABLE_ONEDNN_OPTS=0`.
2025-11-14 22:36:35,661 | INFO | Result written to /workspace/out/result.json

2025-11-14 19:36:37,597 | INFO | Usando repositório completo: /home/asu/reproducibility_of_jupyter_notebooks-1/data/outputs/repositorios_completos/As17-01/brain_signals/49706e10b05aa4e2867a12eb6ea507b9fae4fed1
2025-11-14 19:36:37,597 | INFO | Executando via Docker: image=notebook-executor nb=notebooks/archieve/embedded/LSTMv2_emb1_expanded.ipynb
2025-11-14 19:36:37,599 | INFO | docker run: docker run --rm -v /home/asu/reproducibility_of_jupyter_notebooks-1/data/outputs/repositorios_completos/As17-01/brain_signals/49706e10b05aa4e2867a12eb6ea507b9fae4fed1:/workspace/repo:ro -v /home/asu/reproducibility_of_jupyter_notebooks-1/data/outputs/repositorios_completos/As17-01/brain_signals/49706e10b05aa4e2867a12eb6ea507b9fae4fed1/_out/notebooks__archieve__embedded__LSTMv2_emb1_expanded.ipynb:/workspace/out -e NOTEBOOK_REL_PATH=notebooks/archieve/embedded/LSTMv2_emb1_expanded.ipynb -e TIMEOUT_SECONDS=300 -e PYTHON_VERSION_DECLARED=3.10 -e POLICY=strict -e NOTEBOOK_ID=49930e800c2ae4e8ffdc23be7b554191c2286eae63647db929f560234cb5fc25 -e RUN_ID=1763159797598-49930e800c2ae4e8ffdc23be7b554191 notebook-executor python -m scripts.container_worker
2025-11-14 19:38:02,999 | WARNING | Docker returned 1. STDOUT/ERR tail:

 22:37:57.850557: I tensorflow/core/util/port.cc:153] oneDNN custom operations are on. You may see slightly different numerical results due to floating-point round-off errors from different computation orders. To turn them off, set the environment variable `TF_ENABLE_ONEDNN_OPTS=0`.
2025-11-14 22:37:57.896280: I tensorflow/core/platform/cpu_feature_guard.cc:210] This TensorFlow binary is optimized to use available CPU instructions in performance-critical operations.
To enable the following instructions: AVX2 AVX512F AVX512_VNNI AVX512_BF16 FMA, in other operations, rebuild TensorFlow with the appropriate compiler flags.
2025-11-14 22:37:58.899509: I tensorflow/core/util/port.cc:153] oneDNN custom operations are on. You may see slightly different numerical results due to floating-point round-off errors from different computation orders. To turn them off, set the environment variable `TF_ENABLE_ONEDNN_OPTS=0`.
2025-11-14 22:38:00,833 | INFO | Result written to /workspace/out/result.json

2025-11-14 19:38:03,016 | INFO | Usando repositório completo: /home/asu/reproducibility_of_jupyter_notebooks-1/data/outputs/repositorios_completos/As17-01/brain_signals/49706e10b05aa4e2867a12eb6ea507b9fae4fed1
2025-11-14 19:38:03,016 | INFO | Executando via Docker: image=notebook-executor nb=notebooks/archieve/embedded/LSTMv2_emb2.ipynb
2025-11-14 19:38:03,017 | INFO | docker run: docker run --rm -v /home/asu/reproducibility_of_jupyter_notebooks-1/data/outputs/repositorios_completos/As17-01/brain_signals/49706e10b05aa4e2867a12eb6ea507b9fae4fed1:/workspace/repo:ro -v /home/asu/reproducibility_of_jupyter_notebooks-1/data/outputs/repositorios_completos/As17-01/brain_signals/49706e10b05aa4e2867a12eb6ea507b9fae4fed1/_out/notebooks__archieve__embedded__LSTMv2_emb2.ipynb:/workspace/out -e NOTEBOOK_REL_PATH=notebooks/archieve/embedded/LSTMv2_emb2.ipynb -e TIMEOUT_SECONDS=300 -e PYTHON_VERSION_DECLARED=3.10 -e POLICY=strict -e NOTEBOOK_ID=644fa10e7baa411a478044d7c1f79acd5bd649046bfcdd4f973c42cdc57a3f25 -e RUN_ID=1763159883016-644fa10e7baa411a478044d7c1f79acd notebook-executor python -m scripts.container_worker
2025-11-14 19:39:28,829 | WARNING | Docker returned 1. STDOUT/ERR tail:

 22:39:23.274642: I tensorflow/core/util/port.cc:153] oneDNN custom operations are on. You may see slightly different numerical results due to floating-point round-off errors from different computation orders. To turn them off, set the environment variable `TF_ENABLE_ONEDNN_OPTS=0`.
2025-11-14 22:39:23.320654: I tensorflow/core/platform/cpu_feature_guard.cc:210] This TensorFlow binary is optimized to use available CPU instructions in performance-critical operations.
To enable the following instructions: AVX2 AVX512F AVX512_VNNI AVX512_BF16 FMA, in other operations, rebuild TensorFlow with the appropriate compiler flags.
2025-11-14 22:39:24.350540: I tensorflow/core/util/port.cc:153] oneDNN custom operations are on. You may see slightly different numerical results due to floating-point round-off errors from different computation orders. To turn them off, set the environment variable `TF_ENABLE_ONEDNN_OPTS=0`.
2025-11-14 22:39:26,334 | INFO | Result written to /workspace/out/result.json

2025-11-14 19:39:28,846 | INFO | Usando repositório completo: /home/asu/reproducibility_of_jupyter_notebooks-1/data/outputs/repositorios_completos/As17-01/brain_signals/49706e10b05aa4e2867a12eb6ea507b9fae4fed1
2025-11-14 19:39:28,846 | INFO | Executando via Docker: image=notebook-executor nb=notebooks/archieve/embedded/LSTMv2_emb3.ipynb
2025-11-14 19:39:28,847 | INFO | docker run: docker run --rm -v /home/asu/reproducibility_of_jupyter_notebooks-1/data/outputs/repositorios_completos/As17-01/brain_signals/49706e10b05aa4e2867a12eb6ea507b9fae4fed1:/workspace/repo:ro -v /home/asu/reproducibility_of_jupyter_notebooks-1/data/outputs/repositorios_completos/As17-01/brain_signals/49706e10b05aa4e2867a12eb6ea507b9fae4fed1/_out/notebooks__archieve__embedded__LSTMv2_emb3.ipynb:/workspace/out -e NOTEBOOK_REL_PATH=notebooks/archieve/embedded/LSTMv2_emb3.ipynb -e TIMEOUT_SECONDS=300 -e PYTHON_VERSION_DECLARED=3.10 -e POLICY=strict -e NOTEBOOK_ID=d3bdd6bbbe574ed862dd07d8d9c44007c7139c9eb85ce671ca5d50b9d68d3a6b -e RUN_ID=1763159968846-d3bdd6bbbe574ed862dd07d8d9c44007 notebook-executor python -m scripts.container_worker
2025-11-14 19:40:58,050 | WARNING | Docker returned 1. STDOUT/ERR tail:

 22:40:52.516239: I tensorflow/core/util/port.cc:153] oneDNN custom operations are on. You may see slightly different numerical results due to floating-point round-off errors from different computation orders. To turn them off, set the environment variable `TF_ENABLE_ONEDNN_OPTS=0`.
2025-11-14 22:40:52.560433: I tensorflow/core/platform/cpu_feature_guard.cc:210] This TensorFlow binary is optimized to use available CPU instructions in performance-critical operations.
To enable the following instructions: AVX2 AVX512F AVX512_VNNI AVX512_BF16 FMA, in other operations, rebuild TensorFlow with the appropriate compiler flags.
2025-11-14 22:40:53.616115: I tensorflow/core/util/port.cc:153] oneDNN custom operations are on. You may see slightly different numerical results due to floating-point round-off errors from different computation orders. To turn them off, set the environment variable `TF_ENABLE_ONEDNN_OPTS=0`.
2025-11-14 22:40:55,685 | INFO | Result written to /workspace/out/result.json

2025-11-14 19:40:58,068 | INFO | Usando repositório completo: /home/asu/reproducibility_of_jupyter_notebooks-1/data/outputs/repositorios_completos/As17-01/brain_signals/49706e10b05aa4e2867a12eb6ea507b9fae4fed1
2025-11-14 19:40:58,068 | INFO | Executando via Docker: image=notebook-executor nb=notebooks/archieve/embedded/LSTMv2_emb4.ipynb
2025-11-14 19:40:58,069 | INFO | docker run: docker run --rm -v /home/asu/reproducibility_of_jupyter_notebooks-1/data/outputs/repositorios_completos/As17-01/brain_signals/49706e10b05aa4e2867a12eb6ea507b9fae4fed1:/workspace/repo:ro -v /home/asu/reproducibility_of_jupyter_notebooks-1/data/outputs/repositorios_completos/As17-01/brain_signals/49706e10b05aa4e2867a12eb6ea507b9fae4fed1/_out/notebooks__archieve__embedded__LSTMv2_emb4.ipynb:/workspace/out -e NOTEBOOK_REL_PATH=notebooks/archieve/embedded/LSTMv2_emb4.ipynb -e TIMEOUT_SECONDS=300 -e PYTHON_VERSION_DECLARED=3.10 -e POLICY=strict -e NOTEBOOK_ID=0033813e43938d90787beb6089f3a29c2068526305d16cc63fe5e62c78e367aa -e RUN_ID=1763160058068-0033813e43938d90787beb6089f3a29c notebook-executor python -m scripts.container_worker
2025-11-14 19:42:29,311 | WARNING | Docker returned 1. STDOUT/ERR tail:

 22:42:24.400557: I tensorflow/core/util/port.cc:153] oneDNN custom operations are on. You may see slightly different numerical results due to floating-point round-off errors from different computation orders. To turn them off, set the environment variable `TF_ENABLE_ONEDNN_OPTS=0`.
2025-11-14 22:42:24.447630: I tensorflow/core/platform/cpu_feature_guard.cc:210] This TensorFlow binary is optimized to use available CPU instructions in performance-critical operations.
To enable the following instructions: AVX2 AVX512F AVX512_VNNI AVX512_BF16 FMA, in other operations, rebuild TensorFlow with the appropriate compiler flags.
2025-11-14 22:42:25.517208: I tensorflow/core/util/port.cc:153] oneDNN custom operations are on. You may see slightly different numerical results due to floating-point round-off errors from different computation orders. To turn them off, set the environment variable `TF_ENABLE_ONEDNN_OPTS=0`.
2025-11-14 22:42:27,511 | INFO | Result written to /workspace/out/result.json

2025-11-14 19:42:29,349 | INFO | Usando repositório completo: /home/asu/reproducibility_of_jupyter_notebooks-1/data/outputs/repositorios_completos/As17-01/brain_signals/49706e10b05aa4e2867a12eb6ea507b9fae4fed1
2025-11-14 19:42:29,350 | INFO | Executando via Docker: image=notebook-executor nb=notebooks/archieve/embedded/LSTMv2_expanded.ipynb
2025-11-14 19:42:29,350 | INFO | docker run: docker run --rm -v /home/asu/reproducibility_of_jupyter_notebooks-1/data/outputs/repositorios_completos/As17-01/brain_signals/49706e10b05aa4e2867a12eb6ea507b9fae4fed1:/workspace/repo:ro -v /home/asu/reproducibility_of_jupyter_notebooks-1/data/outputs/repositorios_completos/As17-01/brain_signals/49706e10b05aa4e2867a12eb6ea507b9fae4fed1/_out/notebooks__archieve__embedded__LSTMv2_expanded.ipynb:/workspace/out -e NOTEBOOK_REL_PATH=notebooks/archieve/embedded/LSTMv2_expanded.ipynb -e TIMEOUT_SECONDS=300 -e PYTHON_VERSION_DECLARED=3.10 -e POLICY=strict -e NOTEBOOK_ID=aea04662572daa0f1705ebd3f943e459e7cbb2fbdefc53204e287c3230cfe988 -e RUN_ID=1763160149350-aea04662572daa0f1705ebd3f943e459 notebook-executor python -m scripts.container_worker
2025-11-14 19:43:58,821 | WARNING | Docker returned 1. STDOUT/ERR tail:

 22:43:54.022288: I tensorflow/core/util/port.cc:153] oneDNN custom operations are on. You may see slightly different numerical results due to floating-point round-off errors from different computation orders. To turn them off, set the environment variable `TF_ENABLE_ONEDNN_OPTS=0`.
2025-11-14 22:43:54.068768: I tensorflow/core/platform/cpu_feature_guard.cc:210] This TensorFlow binary is optimized to use available CPU instructions in performance-critical operations.
To enable the following instructions: AVX2 AVX512F AVX512_VNNI AVX512_BF16 FMA, in other operations, rebuild TensorFlow with the appropriate compiler flags.
2025-11-14 22:43:55.082952: I tensorflow/core/util/port.cc:153] oneDNN custom operations are on. You may see slightly different numerical results due to floating-point round-off errors from different computation orders. To turn them off, set the environment variable `TF_ENABLE_ONEDNN_OPTS=0`.
2025-11-14 22:43:57,049 | INFO | Result written to /workspace/out/result.json

2025-11-14 19:43:58,847 | INFO | Usando repositório completo: /home/asu/reproducibility_of_jupyter_notebooks-1/data/outputs/repositorios_completos/As17-01/brain_signals/49706e10b05aa4e2867a12eb6ea507b9fae4fed1
2025-11-14 19:43:58,848 | INFO | Executando via Docker: image=notebook-executor nb=notebooks/archieve/embedded/LSTMv2_plot.ipynb
2025-11-14 19:43:58,849 | INFO | docker run: docker run --rm -v /home/asu/reproducibility_of_jupyter_notebooks-1/data/outputs/repositorios_completos/As17-01/brain_signals/49706e10b05aa4e2867a12eb6ea507b9fae4fed1:/workspace/repo:ro -v /home/asu/reproducibility_of_jupyter_notebooks-1/data/outputs/repositorios_completos/As17-01/brain_signals/49706e10b05aa4e2867a12eb6ea507b9fae4fed1/_out/notebooks__archieve__embedded__LSTMv2_plot.ipynb:/workspace/out -e NOTEBOOK_REL_PATH=notebooks/archieve/embedded/LSTMv2_plot.ipynb -e TIMEOUT_SECONDS=300 -e PYTHON_VERSION_DECLARED=3.10 -e POLICY=strict -e NOTEBOOK_ID=6295c18ab9415ed023588a0aef621d001f692da18ca5e8f0ea0eb260c6eb00ff -e RUN_ID=1763160238848-6295c18ab9415ed023588a0aef621d00 notebook-executor python -m scripts.container_worker
2025-11-14 19:44:02,302 | WARNING | Docker returned 1. STDOUT/ERR tail:

2025-11-14 22:44:00,249 | INFO | Executing notebook: notebooks/archieve/embedded/LSTMv2_plot.ipynb
2025-11-14 22:44:00,249 | INFO | Timeout: 300s, Run ID: 1763160238848-6295c18ab9415ed023588a0aef621d00
2025-11-14 22:44:00,957 | INFO | Executing notebook with kernel: python3
2025-11-14 22:44:01,721 | INFO | Result written to /workspace/out/result.json

2025-11-14 19:44:02,328 | INFO | Usando repositório completo: /home/asu/reproducibility_of_jupyter_notebooks-1/data/outputs/repositorios_completos/As17-01/brain_signals/49706e10b05aa4e2867a12eb6ea507b9fae4fed1
2025-11-14 19:44:02,328 | INFO | Executando via Docker: image=notebook-executor nb=notebooks/archieve/embedded/Linearv1_expanded.ipynb
2025-11-14 19:44:02,329 | INFO | docker run: docker run --rm -v /home/asu/reproducibility_of_jupyter_notebooks-1/data/outputs/repositorios_completos/As17-01/brain_signals/49706e10b05aa4e2867a12eb6ea507b9fae4fed1:/workspace/repo:ro -v /home/asu/reproducibility_of_jupyter_notebooks-1/data/outputs/repositorios_completos/As17-01/brain_signals/49706e10b05aa4e2867a12eb6ea507b9fae4fed1/_out/notebooks__archieve__embedded__Linearv1_expanded.ipynb:/workspace/out -e NOTEBOOK_REL_PATH=notebooks/archieve/embedded/Linearv1_expanded.ipynb -e TIMEOUT_SECONDS=300 -e PYTHON_VERSION_DECLARED=3.10 -e POLICY=strict -e NOTEBOOK_ID=f876e471a621f8e7792a8d85f802dcf907924dd6c535fcffe4f6f23697478378 -e RUN_ID=1763160242328-f876e471a621f8e7792a8d85f802dcf9 notebook-executor python -m scripts.container_worker
2025-11-14 19:45:27,312 | WARNING | Docker returned 1. STDOUT/ERR tail:

 22:45:21.920071: I tensorflow/core/util/port.cc:153] oneDNN custom operations are on. You may see slightly different numerical results due to floating-point round-off errors from different computation orders. To turn them off, set the environment variable `TF_ENABLE_ONEDNN_OPTS=0`.
2025-11-14 22:45:21.964742: I tensorflow/core/platform/cpu_feature_guard.cc:210] This TensorFlow binary is optimized to use available CPU instructions in performance-critical operations.
To enable the following instructions: AVX2 AVX512F AVX512_VNNI AVX512_BF16 FMA, in other operations, rebuild TensorFlow with the appropriate compiler flags.
2025-11-14 22:45:22.967455: I tensorflow/core/util/port.cc:153] oneDNN custom operations are on. You may see slightly different numerical results due to floating-point round-off errors from different computation orders. To turn them off, set the environment variable `TF_ENABLE_ONEDNN_OPTS=0`.
2025-11-14 22:45:24,921 | INFO | Result written to /workspace/out/result.json

2025-11-14 19:45:27,324 | INFO | Usando repositório completo: /home/asu/reproducibility_of_jupyter_notebooks-1/data/outputs/repositorios_completos/As17-01/brain_signals/49706e10b05aa4e2867a12eb6ea507b9fae4fed1
2025-11-14 19:45:27,324 | INFO | Executando via Docker: image=notebook-executor nb=notebooks/archieve/embedded/Liquidv1.ipynb
2025-11-14 19:45:27,325 | INFO | docker run: docker run --rm -v /home/asu/reproducibility_of_jupyter_notebooks-1/data/outputs/repositorios_completos/As17-01/brain_signals/49706e10b05aa4e2867a12eb6ea507b9fae4fed1:/workspace/repo:ro -v /home/asu/reproducibility_of_jupyter_notebooks-1/data/outputs/repositorios_completos/As17-01/brain_signals/49706e10b05aa4e2867a12eb6ea507b9fae4fed1/_out/notebooks__archieve__embedded__Liquidv1.ipynb:/workspace/out -e NOTEBOOK_REL_PATH=notebooks/archieve/embedded/Liquidv1.ipynb -e TIMEOUT_SECONDS=300 -e PYTHON_VERSION_DECLARED=3.10 -e POLICY=strict -e NOTEBOOK_ID=cbb0c61ef1927dbe868dcd10c388554de831018b84cd1b7dcddf4ec960f5d16f -e RUN_ID=1763160327324-cbb0c61ef1927dbe868dcd10c388554d notebook-executor python -m scripts.container_worker
2025-11-14 19:46:54,083 | WARNING | Docker returned 1. STDOUT/ERR tail:

 22:46:48.476269: I tensorflow/core/util/port.cc:153] oneDNN custom operations are on. You may see slightly different numerical results due to floating-point round-off errors from different computation orders. To turn them off, set the environment variable `TF_ENABLE_ONEDNN_OPTS=0`.
2025-11-14 22:46:48.520239: I tensorflow/core/platform/cpu_feature_guard.cc:210] This TensorFlow binary is optimized to use available CPU instructions in performance-critical operations.
To enable the following instructions: AVX2 AVX512F AVX512_VNNI AVX512_BF16 FMA, in other operations, rebuild TensorFlow with the appropriate compiler flags.
2025-11-14 22:46:49.600222: I tensorflow/core/util/port.cc:153] oneDNN custom operations are on. You may see slightly different numerical results due to floating-point round-off errors from different computation orders. To turn them off, set the environment variable `TF_ENABLE_ONEDNN_OPTS=0`.
2025-11-14 22:46:51,825 | INFO | Result written to /workspace/out/result.json

2025-11-14 19:46:54,102 | INFO | Usando repositório completo: /home/asu/reproducibility_of_jupyter_notebooks-1/data/outputs/repositorios_completos/As17-01/brain_signals/49706e10b05aa4e2867a12eb6ea507b9fae4fed1
2025-11-14 19:46:54,103 | INFO | Executando via Docker: image=notebook-executor nb=notebooks/archieve/embedded/Liquidv1_emb1.ipynb
2025-11-14 19:46:54,104 | INFO | docker run: docker run --rm -v /home/asu/reproducibility_of_jupyter_notebooks-1/data/outputs/repositorios_completos/As17-01/brain_signals/49706e10b05aa4e2867a12eb6ea507b9fae4fed1:/workspace/repo:ro -v /home/asu/reproducibility_of_jupyter_notebooks-1/data/outputs/repositorios_completos/As17-01/brain_signals/49706e10b05aa4e2867a12eb6ea507b9fae4fed1/_out/notebooks__archieve__embedded__Liquidv1_emb1.ipynb:/workspace/out -e NOTEBOOK_REL_PATH=notebooks/archieve/embedded/Liquidv1_emb1.ipynb -e TIMEOUT_SECONDS=300 -e PYTHON_VERSION_DECLARED=3.10 -e POLICY=strict -e NOTEBOOK_ID=12faea6f5c95bf1abae6c92fb03271e9e3d8169a6361c3f73a97172efaf0fc8a -e RUN_ID=1763160414103-12faea6f5c95bf1abae6c92fb03271e9 notebook-executor python -m scripts.container_worker
2025-11-14 19:48:21,844 | WARNING | Docker returned 1. STDOUT/ERR tail:

 22:48:16.140936: I tensorflow/core/util/port.cc:153] oneDNN custom operations are on. You may see slightly different numerical results due to floating-point round-off errors from different computation orders. To turn them off, set the environment variable `TF_ENABLE_ONEDNN_OPTS=0`.
2025-11-14 22:48:16.186830: I tensorflow/core/platform/cpu_feature_guard.cc:210] This TensorFlow binary is optimized to use available CPU instructions in performance-critical operations.
To enable the following instructions: AVX2 AVX512F AVX512_VNNI AVX512_BF16 FMA, in other operations, rebuild TensorFlow with the appropriate compiler flags.
2025-11-14 22:48:17.543625: I tensorflow/core/util/port.cc:153] oneDNN custom operations are on. You may see slightly different numerical results due to floating-point round-off errors from different computation orders. To turn them off, set the environment variable `TF_ENABLE_ONEDNN_OPTS=0`.
2025-11-14 22:48:19,671 | INFO | Result written to /workspace/out/result.json

2025-11-14 19:48:21,863 | INFO | Usando repositório completo: /home/asu/reproducibility_of_jupyter_notebooks-1/data/outputs/repositorios_completos/As17-01/brain_signals/49706e10b05aa4e2867a12eb6ea507b9fae4fed1
2025-11-14 19:48:21,864 | INFO | Executando via Docker: image=notebook-executor nb=notebooks/archieve/embedded/Liquidv1_emb2.ipynb
2025-11-14 19:48:21,865 | INFO | docker run: docker run --rm -v /home/asu/reproducibility_of_jupyter_notebooks-1/data/outputs/repositorios_completos/As17-01/brain_signals/49706e10b05aa4e2867a12eb6ea507b9fae4fed1:/workspace/repo:ro -v /home/asu/reproducibility_of_jupyter_notebooks-1/data/outputs/repositorios_completos/As17-01/brain_signals/49706e10b05aa4e2867a12eb6ea507b9fae4fed1/_out/notebooks__archieve__embedded__Liquidv1_emb2.ipynb:/workspace/out -e NOTEBOOK_REL_PATH=notebooks/archieve/embedded/Liquidv1_emb2.ipynb -e TIMEOUT_SECONDS=300 -e PYTHON_VERSION_DECLARED=3.10 -e POLICY=strict -e NOTEBOOK_ID=29b254a93e01f4a984c26c478ce847321d54f30022c34eaac9aefe8c90a140b6 -e RUN_ID=1763160501864-29b254a93e01f4a984c26c478ce84732 notebook-executor python -m scripts.container_worker
2025-11-14 19:49:50,721 | WARNING | Docker returned 1. STDOUT/ERR tail:

 22:49:45.284489: I tensorflow/core/util/port.cc:153] oneDNN custom operations are on. You may see slightly different numerical results due to floating-point round-off errors from different computation orders. To turn them off, set the environment variable `TF_ENABLE_ONEDNN_OPTS=0`.
2025-11-14 22:49:45.330288: I tensorflow/core/platform/cpu_feature_guard.cc:210] This TensorFlow binary is optimized to use available CPU instructions in performance-critical operations.
To enable the following instructions: AVX2 AVX512F AVX512_VNNI AVX512_BF16 FMA, in other operations, rebuild TensorFlow with the appropriate compiler flags.
2025-11-14 22:49:46.326564: I tensorflow/core/util/port.cc:153] oneDNN custom operations are on. You may see slightly different numerical results due to floating-point round-off errors from different computation orders. To turn them off, set the environment variable `TF_ENABLE_ONEDNN_OPTS=0`.
2025-11-14 22:49:48,291 | INFO | Result written to /workspace/out/result.json

2025-11-14 19:49:50,742 | INFO | Usando repositório completo: /home/asu/reproducibility_of_jupyter_notebooks-1/data/outputs/repositorios_completos/As17-01/brain_signals/49706e10b05aa4e2867a12eb6ea507b9fae4fed1
2025-11-14 19:49:50,742 | INFO | Executando via Docker: image=notebook-executor nb=notebooks/archieve/embedded/Liquidv1_emb3.ipynb
2025-11-14 19:49:50,743 | INFO | docker run: docker run --rm -v /home/asu/reproducibility_of_jupyter_notebooks-1/data/outputs/repositorios_completos/As17-01/brain_signals/49706e10b05aa4e2867a12eb6ea507b9fae4fed1:/workspace/repo:ro -v /home/asu/reproducibility_of_jupyter_notebooks-1/data/outputs/repositorios_completos/As17-01/brain_signals/49706e10b05aa4e2867a12eb6ea507b9fae4fed1/_out/notebooks__archieve__embedded__Liquidv1_emb3.ipynb:/workspace/out -e NOTEBOOK_REL_PATH=notebooks/archieve/embedded/Liquidv1_emb3.ipynb -e TIMEOUT_SECONDS=300 -e PYTHON_VERSION_DECLARED=3.10 -e POLICY=strict -e NOTEBOOK_ID=7fc571434509ff9edcd8bf67d9707534d4a06e1f7ee69c640df240839dd80d85 -e RUN_ID=1763160590742-7fc571434509ff9edcd8bf67d9707534 notebook-executor python -m scripts.container_worker
2025-11-14 19:51:21,956 | WARNING | Docker returned 1. STDOUT/ERR tail:

 22:51:16.878256: I tensorflow/core/util/port.cc:153] oneDNN custom operations are on. You may see slightly different numerical results due to floating-point round-off errors from different computation orders. To turn them off, set the environment variable `TF_ENABLE_ONEDNN_OPTS=0`.
2025-11-14 22:51:16.922985: I tensorflow/core/platform/cpu_feature_guard.cc:210] This TensorFlow binary is optimized to use available CPU instructions in performance-critical operations.
To enable the following instructions: AVX2 AVX512F AVX512_VNNI AVX512_BF16 FMA, in other operations, rebuild TensorFlow with the appropriate compiler flags.
2025-11-14 22:51:17.926303: I tensorflow/core/util/port.cc:153] oneDNN custom operations are on. You may see slightly different numerical results due to floating-point round-off errors from different computation orders. To turn them off, set the environment variable `TF_ENABLE_ONEDNN_OPTS=0`.
2025-11-14 22:51:19,880 | INFO | Result written to /workspace/out/result.json

2025-11-14 19:51:21,974 | INFO | Usando repositório completo: /home/asu/reproducibility_of_jupyter_notebooks-1/data/outputs/repositorios_completos/As17-01/brain_signals/49706e10b05aa4e2867a12eb6ea507b9fae4fed1
2025-11-14 19:51:21,974 | INFO | Executando via Docker: image=notebook-executor nb=notebooks/archieve/embedded/Liquidv1_emb4.ipynb
2025-11-14 19:51:21,975 | INFO | docker run: docker run --rm -v /home/asu/reproducibility_of_jupyter_notebooks-1/data/outputs/repositorios_completos/As17-01/brain_signals/49706e10b05aa4e2867a12eb6ea507b9fae4fed1:/workspace/repo:ro -v /home/asu/reproducibility_of_jupyter_notebooks-1/data/outputs/repositorios_completos/As17-01/brain_signals/49706e10b05aa4e2867a12eb6ea507b9fae4fed1/_out/notebooks__archieve__embedded__Liquidv1_emb4.ipynb:/workspace/out -e NOTEBOOK_REL_PATH=notebooks/archieve/embedded/Liquidv1_emb4.ipynb -e TIMEOUT_SECONDS=300 -e PYTHON_VERSION_DECLARED=3.10 -e POLICY=strict -e NOTEBOOK_ID=c93b6159869da3cb48a99ce58aaf0a197c0f5e4279036710962ed5bcc02a687d -e RUN_ID=1763160681974-c93b6159869da3cb48a99ce58aaf0a19 notebook-executor python -m scripts.container_worker
2025-11-14 19:52:47,139 | WARNING | Docker returned 1. STDOUT/ERR tail:

 22:52:41.868336: I tensorflow/core/util/port.cc:153] oneDNN custom operations are on. You may see slightly different numerical results due to floating-point round-off errors from different computation orders. To turn them off, set the environment variable `TF_ENABLE_ONEDNN_OPTS=0`.
2025-11-14 22:52:41.912563: I tensorflow/core/platform/cpu_feature_guard.cc:210] This TensorFlow binary is optimized to use available CPU instructions in performance-critical operations.
To enable the following instructions: AVX2 AVX512F AVX512_VNNI AVX512_BF16 FMA, in other operations, rebuild TensorFlow with the appropriate compiler flags.
2025-11-14 22:52:42.903307: I tensorflow/core/util/port.cc:153] oneDNN custom operations are on. You may see slightly different numerical results due to floating-point round-off errors from different computation orders. To turn them off, set the environment variable `TF_ENABLE_ONEDNN_OPTS=0`.
2025-11-14 22:52:44,978 | INFO | Result written to /workspace/out/result.json

2025-11-14 19:52:47,157 | INFO | Usando repositório completo: /home/asu/reproducibility_of_jupyter_notebooks-1/data/outputs/repositorios_completos/As17-01/brain_signals/49706e10b05aa4e2867a12eb6ea507b9fae4fed1
2025-11-14 19:52:47,157 | INFO | Executando via Docker: image=notebook-executor nb=notebooks/archieve/embedded/Liquidv1_plot.ipynb
2025-11-14 19:52:47,157 | INFO | docker run: docker run --rm -v /home/asu/reproducibility_of_jupyter_notebooks-1/data/outputs/repositorios_completos/As17-01/brain_signals/49706e10b05aa4e2867a12eb6ea507b9fae4fed1:/workspace/repo:ro -v /home/asu/reproducibility_of_jupyter_notebooks-1/data/outputs/repositorios_completos/As17-01/brain_signals/49706e10b05aa4e2867a12eb6ea507b9fae4fed1/_out/notebooks__archieve__embedded__Liquidv1_plot.ipynb:/workspace/out -e NOTEBOOK_REL_PATH=notebooks/archieve/embedded/Liquidv1_plot.ipynb -e TIMEOUT_SECONDS=300 -e PYTHON_VERSION_DECLARED=3.10 -e POLICY=strict -e NOTEBOOK_ID=8f314e62fc09466e0117d41ce3cd7256cf9463972aa2374b2146218cda726bba -e RUN_ID=1763160767157-8f314e62fc09466e0117d41ce3cd7256 notebook-executor python -m scripts.container_worker
2025-11-14 19:52:50,928 | WARNING | Docker returned 1. STDOUT/ERR tail:

2025-11-14 22:52:48,882 | INFO | Executing notebook: notebooks/archieve/embedded/Liquidv1_plot.ipynb
2025-11-14 22:52:48,882 | INFO | Timeout: 300s, Run ID: 1763160767157-8f314e62fc09466e0117d41ce3cd7256
2025-11-14 22:52:49,618 | INFO | Executing notebook with kernel: python3
2025-11-14 22:52:50,348 | INFO | Result written to /workspace/out/result.json

2025-11-14 19:52:50,947 | INFO | Usando repositório completo: /home/asu/reproducibility_of_jupyter_notebooks-1/data/outputs/repositorios_completos/As17-01/brain_signals/49706e10b05aa4e2867a12eb6ea507b9fae4fed1
2025-11-14 19:52:50,947 | INFO | Executando via Docker: image=notebook-executor nb=notebooks/archieve/embedded/Liquidv2.ipynb
2025-11-14 19:52:50,948 | INFO | docker run: docker run --rm -v /home/asu/reproducibility_of_jupyter_notebooks-1/data/outputs/repositorios_completos/As17-01/brain_signals/49706e10b05aa4e2867a12eb6ea507b9fae4fed1:/workspace/repo:ro -v /home/asu/reproducibility_of_jupyter_notebooks-1/data/outputs/repositorios_completos/As17-01/brain_signals/49706e10b05aa4e2867a12eb6ea507b9fae4fed1/_out/notebooks__archieve__embedded__Liquidv2.ipynb:/workspace/out -e NOTEBOOK_REL_PATH=notebooks/archieve/embedded/Liquidv2.ipynb -e TIMEOUT_SECONDS=300 -e PYTHON_VERSION_DECLARED=3.10 -e POLICY=strict -e NOTEBOOK_ID=0d58c2f778cf76bd117b556345b314cb56ad7caa99b1854543e59d1a1a1ebdd1 -e RUN_ID=1763160770947-0d58c2f778cf76bd117b556345b314cb notebook-executor python -m scripts.container_worker
2025-11-14 19:54:16,114 | WARNING | Docker returned 1. STDOUT/ERR tail:

 22:54:10.665310: I tensorflow/core/util/port.cc:153] oneDNN custom operations are on. You may see slightly different numerical results due to floating-point round-off errors from different computation orders. To turn them off, set the environment variable `TF_ENABLE_ONEDNN_OPTS=0`.
2025-11-14 22:54:10.710283: I tensorflow/core/platform/cpu_feature_guard.cc:210] This TensorFlow binary is optimized to use available CPU instructions in performance-critical operations.
To enable the following instructions: AVX2 AVX512F AVX512_VNNI AVX512_BF16 FMA, in other operations, rebuild TensorFlow with the appropriate compiler flags.
2025-11-14 22:54:11.725023: I tensorflow/core/util/port.cc:153] oneDNN custom operations are on. You may see slightly different numerical results due to floating-point round-off errors from different computation orders. To turn them off, set the environment variable `TF_ENABLE_ONEDNN_OPTS=0`.
2025-11-14 22:54:13,711 | INFO | Result written to /workspace/out/result.json

2025-11-14 19:54:16,133 | INFO | Usando repositório completo: /home/asu/reproducibility_of_jupyter_notebooks-1/data/outputs/repositorios_completos/As17-01/brain_signals/49706e10b05aa4e2867a12eb6ea507b9fae4fed1
2025-11-14 19:54:16,133 | INFO | Executando via Docker: image=notebook-executor nb=notebooks/archieve/embedded/Liquidv2_emb1.ipynb
2025-11-14 19:54:16,134 | INFO | docker run: docker run --rm -v /home/asu/reproducibility_of_jupyter_notebooks-1/data/outputs/repositorios_completos/As17-01/brain_signals/49706e10b05aa4e2867a12eb6ea507b9fae4fed1:/workspace/repo:ro -v /home/asu/reproducibility_of_jupyter_notebooks-1/data/outputs/repositorios_completos/As17-01/brain_signals/49706e10b05aa4e2867a12eb6ea507b9fae4fed1/_out/notebooks__archieve__embedded__Liquidv2_emb1.ipynb:/workspace/out -e NOTEBOOK_REL_PATH=notebooks/archieve/embedded/Liquidv2_emb1.ipynb -e TIMEOUT_SECONDS=300 -e PYTHON_VERSION_DECLARED=3.10 -e POLICY=strict -e NOTEBOOK_ID=8ba95e4d72410ddbf280119982e5820579e191b79b2e96a514ba6fccdca52788 -e RUN_ID=1763160856133-8ba95e4d72410ddbf280119982e58205 notebook-executor python -m scripts.container_worker
2025-11-14 19:55:42,028 | WARNING | Docker returned 1. STDOUT/ERR tail:

 22:55:36.508352: I tensorflow/core/util/port.cc:153] oneDNN custom operations are on. You may see slightly different numerical results due to floating-point round-off errors from different computation orders. To turn them off, set the environment variable `TF_ENABLE_ONEDNN_OPTS=0`.
2025-11-14 22:55:36.553351: I tensorflow/core/platform/cpu_feature_guard.cc:210] This TensorFlow binary is optimized to use available CPU instructions in performance-critical operations.
To enable the following instructions: AVX2 AVX512F AVX512_VNNI AVX512_BF16 FMA, in other operations, rebuild TensorFlow with the appropriate compiler flags.
2025-11-14 22:55:37.586234: I tensorflow/core/util/port.cc:153] oneDNN custom operations are on. You may see slightly different numerical results due to floating-point round-off errors from different computation orders. To turn them off, set the environment variable `TF_ENABLE_ONEDNN_OPTS=0`.
2025-11-14 22:55:39,554 | INFO | Result written to /workspace/out/result.json

2025-11-14 19:55:42,045 | INFO | Usando repositório completo: /home/asu/reproducibility_of_jupyter_notebooks-1/data/outputs/repositorios_completos/As17-01/brain_signals/49706e10b05aa4e2867a12eb6ea507b9fae4fed1
2025-11-14 19:55:42,045 | INFO | Executando via Docker: image=notebook-executor nb=notebooks/archieve/embedded/Liquidv2_emb2.ipynb
2025-11-14 19:55:42,046 | INFO | docker run: docker run --rm -v /home/asu/reproducibility_of_jupyter_notebooks-1/data/outputs/repositorios_completos/As17-01/brain_signals/49706e10b05aa4e2867a12eb6ea507b9fae4fed1:/workspace/repo:ro -v /home/asu/reproducibility_of_jupyter_notebooks-1/data/outputs/repositorios_completos/As17-01/brain_signals/49706e10b05aa4e2867a12eb6ea507b9fae4fed1/_out/notebooks__archieve__embedded__Liquidv2_emb2.ipynb:/workspace/out -e NOTEBOOK_REL_PATH=notebooks/archieve/embedded/Liquidv2_emb2.ipynb -e TIMEOUT_SECONDS=300 -e PYTHON_VERSION_DECLARED=3.10 -e POLICY=strict -e NOTEBOOK_ID=d7227316e2eb5313704ad5bbc9aa2e0e39abb8aa02ca2fa2b218bfdb310c7015 -e RUN_ID=1763160942045-d7227316e2eb5313704ad5bbc9aa2e0e notebook-executor python -m scripts.container_worker
2025-11-14 19:57:07,184 | WARNING | Docker returned 1. STDOUT/ERR tail:

 22:57:01.708223: I tensorflow/core/util/port.cc:153] oneDNN custom operations are on. You may see slightly different numerical results due to floating-point round-off errors from different computation orders. To turn them off, set the environment variable `TF_ENABLE_ONEDNN_OPTS=0`.
2025-11-14 22:57:01.754161: I tensorflow/core/platform/cpu_feature_guard.cc:210] This TensorFlow binary is optimized to use available CPU instructions in performance-critical operations.
To enable the following instructions: AVX2 AVX512F AVX512_VNNI AVX512_BF16 FMA, in other operations, rebuild TensorFlow with the appropriate compiler flags.
2025-11-14 22:57:02.829281: I tensorflow/core/util/port.cc:153] oneDNN custom operations are on. You may see slightly different numerical results due to floating-point round-off errors from different computation orders. To turn them off, set the environment variable `TF_ENABLE_ONEDNN_OPTS=0`.
2025-11-14 22:57:04,790 | INFO | Result written to /workspace/out/result.json

2025-11-14 19:57:07,201 | INFO | Usando repositório completo: /home/asu/reproducibility_of_jupyter_notebooks-1/data/outputs/repositorios_completos/As17-01/brain_signals/49706e10b05aa4e2867a12eb6ea507b9fae4fed1
2025-11-14 19:57:07,202 | INFO | Executando via Docker: image=notebook-executor nb=notebooks/archieve/embedded/Liquidv2_emb3.ipynb
2025-11-14 19:57:07,203 | INFO | docker run: docker run --rm -v /home/asu/reproducibility_of_jupyter_notebooks-1/data/outputs/repositorios_completos/As17-01/brain_signals/49706e10b05aa4e2867a12eb6ea507b9fae4fed1:/workspace/repo:ro -v /home/asu/reproducibility_of_jupyter_notebooks-1/data/outputs/repositorios_completos/As17-01/brain_signals/49706e10b05aa4e2867a12eb6ea507b9fae4fed1/_out/notebooks__archieve__embedded__Liquidv2_emb3.ipynb:/workspace/out -e NOTEBOOK_REL_PATH=notebooks/archieve/embedded/Liquidv2_emb3.ipynb -e TIMEOUT_SECONDS=300 -e PYTHON_VERSION_DECLARED=3.10 -e POLICY=strict -e NOTEBOOK_ID=a72a54d40e16d7a40b34dc6db41047795ad90ad4c8f654abca6db2f180af40ff -e RUN_ID=1763161027202-a72a54d40e16d7a40b34dc6db4104779 notebook-executor python -m scripts.container_worker
2025-11-14 19:58:32,625 | WARNING | Docker returned 1. STDOUT/ERR tail:

 22:58:27.226552: I tensorflow/core/util/port.cc:153] oneDNN custom operations are on. You may see slightly different numerical results due to floating-point round-off errors from different computation orders. To turn them off, set the environment variable `TF_ENABLE_ONEDNN_OPTS=0`.
2025-11-14 22:58:27.271099: I tensorflow/core/platform/cpu_feature_guard.cc:210] This TensorFlow binary is optimized to use available CPU instructions in performance-critical operations.
To enable the following instructions: AVX2 AVX512F AVX512_VNNI AVX512_BF16 FMA, in other operations, rebuild TensorFlow with the appropriate compiler flags.
2025-11-14 22:58:28.266029: I tensorflow/core/util/port.cc:153] oneDNN custom operations are on. You may see slightly different numerical results due to floating-point round-off errors from different computation orders. To turn them off, set the environment variable `TF_ENABLE_ONEDNN_OPTS=0`.
2025-11-14 22:58:30,239 | INFO | Result written to /workspace/out/result.json

2025-11-14 19:58:32,641 | INFO | Usando repositório completo: /home/asu/reproducibility_of_jupyter_notebooks-1/data/outputs/repositorios_completos/As17-01/brain_signals/49706e10b05aa4e2867a12eb6ea507b9fae4fed1
2025-11-14 19:58:32,641 | INFO | Executando via Docker: image=notebook-executor nb=notebooks/archieve/embedded/Liquidv2_emb4.ipynb
2025-11-14 19:58:32,642 | INFO | docker run: docker run --rm -v /home/asu/reproducibility_of_jupyter_notebooks-1/data/outputs/repositorios_completos/As17-01/brain_signals/49706e10b05aa4e2867a12eb6ea507b9fae4fed1:/workspace/repo:ro -v /home/asu/reproducibility_of_jupyter_notebooks-1/data/outputs/repositorios_completos/As17-01/brain_signals/49706e10b05aa4e2867a12eb6ea507b9fae4fed1/_out/notebooks__archieve__embedded__Liquidv2_emb4.ipynb:/workspace/out -e NOTEBOOK_REL_PATH=notebooks/archieve/embedded/Liquidv2_emb4.ipynb -e TIMEOUT_SECONDS=300 -e PYTHON_VERSION_DECLARED=3.10 -e POLICY=strict -e NOTEBOOK_ID=9fb85fa18802cc0e0d663eee38f5c5ca64266c740962272903f02806e13b1ff4 -e RUN_ID=1763161112641-9fb85fa18802cc0e0d663eee38f5c5ca notebook-executor python -m scripts.container_worker
2025-11-14 19:59:57,315 | WARNING | Docker returned 1. STDOUT/ERR tail:

 22:59:51.960432: I tensorflow/core/util/port.cc:153] oneDNN custom operations are on. You may see slightly different numerical results due to floating-point round-off errors from different computation orders. To turn them off, set the environment variable `TF_ENABLE_ONEDNN_OPTS=0`.
2025-11-14 22:59:52.004318: I tensorflow/core/platform/cpu_feature_guard.cc:210] This TensorFlow binary is optimized to use available CPU instructions in performance-critical operations.
To enable the following instructions: AVX2 AVX512F AVX512_VNNI AVX512_BF16 FMA, in other operations, rebuild TensorFlow with the appropriate compiler flags.
2025-11-14 22:59:52.990405: I tensorflow/core/util/port.cc:153] oneDNN custom operations are on. You may see slightly different numerical results due to floating-point round-off errors from different computation orders. To turn them off, set the environment variable `TF_ENABLE_ONEDNN_OPTS=0`.
2025-11-14 22:59:55,042 | INFO | Result written to /workspace/out/result.json

2025-11-14 19:59:57,333 | INFO | Usando repositório completo: /home/asu/reproducibility_of_jupyter_notebooks-1/data/outputs/repositorios_completos/As17-01/brain_signals/49706e10b05aa4e2867a12eb6ea507b9fae4fed1
2025-11-14 19:59:57,333 | INFO | Executando via Docker: image=notebook-executor nb=notebooks/archieve/embedded/Liquidv2_plot.ipynb
2025-11-14 19:59:57,334 | INFO | docker run: docker run --rm -v /home/asu/reproducibility_of_jupyter_notebooks-1/data/outputs/repositorios_completos/As17-01/brain_signals/49706e10b05aa4e2867a12eb6ea507b9fae4fed1:/workspace/repo:ro -v /home/asu/reproducibility_of_jupyter_notebooks-1/data/outputs/repositorios_completos/As17-01/brain_signals/49706e10b05aa4e2867a12eb6ea507b9fae4fed1/_out/notebooks__archieve__embedded__Liquidv2_plot.ipynb:/workspace/out -e NOTEBOOK_REL_PATH=notebooks/archieve/embedded/Liquidv2_plot.ipynb -e TIMEOUT_SECONDS=300 -e PYTHON_VERSION_DECLARED=3.10 -e POLICY=strict -e NOTEBOOK_ID=85ba8ba048a284ef752b2d13ff7d3461cf0dec73c17b68b2aa6c72004346617e -e RUN_ID=1763161197334-85ba8ba048a284ef752b2d13ff7d3461 notebook-executor python -m scripts.container_worker
2025-11-14 20:00:00,680 | WARNING | Docker returned 1. STDOUT/ERR tail:

2025-11-14 22:59:58,587 | INFO | Executing notebook: notebooks/archieve/embedded/Liquidv2_plot.ipynb
2025-11-14 22:59:58,587 | INFO | Timeout: 300s, Run ID: 1763161197334-85ba8ba048a284ef752b2d13ff7d3461
2025-11-14 22:59:59,333 | INFO | Executing notebook with kernel: python3
2025-11-14 23:00:00,169 | INFO | Result written to /workspace/out/result.json

2025-11-14 20:00:00,698 | INFO | Usando repositório completo: /home/asu/reproducibility_of_jupyter_notebooks-1/data/outputs/repositorios_completos/As17-01/brain_signals/49706e10b05aa4e2867a12eb6ea507b9fae4fed1
2025-11-14 20:00:00,698 | INFO | Executando via Docker: image=notebook-executor nb=notebooks/archieve/embedded/Liquidv3.ipynb
2025-11-14 20:00:00,699 | INFO | docker run: docker run --rm -v /home/asu/reproducibility_of_jupyter_notebooks-1/data/outputs/repositorios_completos/As17-01/brain_signals/49706e10b05aa4e2867a12eb6ea507b9fae4fed1:/workspace/repo:ro -v /home/asu/reproducibility_of_jupyter_notebooks-1/data/outputs/repositorios_completos/As17-01/brain_signals/49706e10b05aa4e2867a12eb6ea507b9fae4fed1/_out/notebooks__archieve__embedded__Liquidv3.ipynb:/workspace/out -e NOTEBOOK_REL_PATH=notebooks/archieve/embedded/Liquidv3.ipynb -e TIMEOUT_SECONDS=300 -e PYTHON_VERSION_DECLARED=3.10 -e POLICY=strict -e NOTEBOOK_ID=24933d78b1e29e8575845412f8f9f8df3b34f6cb0cf7ce182b8d514149c5be0d -e RUN_ID=1763161200698-24933d78b1e29e8575845412f8f9f8df notebook-executor python -m scripts.container_worker
2025-11-14 20:01:24,772 | WARNING | Docker returned 1. STDOUT/ERR tail:

 23:01:19.338084: I tensorflow/core/util/port.cc:153] oneDNN custom operations are on. You may see slightly different numerical results due to floating-point round-off errors from different computation orders. To turn them off, set the environment variable `TF_ENABLE_ONEDNN_OPTS=0`.
2025-11-14 23:01:19.383716: I tensorflow/core/platform/cpu_feature_guard.cc:210] This TensorFlow binary is optimized to use available CPU instructions in performance-critical operations.
To enable the following instructions: AVX2 AVX512F AVX512_VNNI AVX512_BF16 FMA, in other operations, rebuild TensorFlow with the appropriate compiler flags.
2025-11-14 23:01:20.373198: I tensorflow/core/util/port.cc:153] oneDNN custom operations are on. You may see slightly different numerical results due to floating-point round-off errors from different computation orders. To turn them off, set the environment variable `TF_ENABLE_ONEDNN_OPTS=0`.
2025-11-14 23:01:22,373 | INFO | Result written to /workspace/out/result.json

2025-11-14 20:01:24,785 | INFO | Usando repositório completo: /home/asu/reproducibility_of_jupyter_notebooks-1/data/outputs/repositorios_completos/As17-01/brain_signals/49706e10b05aa4e2867a12eb6ea507b9fae4fed1
2025-11-14 20:01:24,785 | INFO | Executando via Docker: image=notebook-executor nb=notebooks/archieve/embedded/Liquidv3_conv.ipynb
2025-11-14 20:01:24,786 | INFO | docker run: docker run --rm -v /home/asu/reproducibility_of_jupyter_notebooks-1/data/outputs/repositorios_completos/As17-01/brain_signals/49706e10b05aa4e2867a12eb6ea507b9fae4fed1:/workspace/repo:ro -v /home/asu/reproducibility_of_jupyter_notebooks-1/data/outputs/repositorios_completos/As17-01/brain_signals/49706e10b05aa4e2867a12eb6ea507b9fae4fed1/_out/notebooks__archieve__embedded__Liquidv3_conv.ipynb:/workspace/out -e NOTEBOOK_REL_PATH=notebooks/archieve/embedded/Liquidv3_conv.ipynb -e TIMEOUT_SECONDS=300 -e PYTHON_VERSION_DECLARED=3.10 -e POLICY=strict -e NOTEBOOK_ID=418eedc1a73b8bbff2dfcdad6278eab1a6e0330611a753bb57771111e561130c -e RUN_ID=1763161284785-418eedc1a73b8bbff2dfcdad6278eab1 notebook-executor python -m scripts.container_worker
2025-11-14 20:02:49,999 | WARNING | Docker returned 1. STDOUT/ERR tail:

 23:02:44.569477: I tensorflow/core/util/port.cc:153] oneDNN custom operations are on. You may see slightly different numerical results due to floating-point round-off errors from different computation orders. To turn them off, set the environment variable `TF_ENABLE_ONEDNN_OPTS=0`.
2025-11-14 23:02:44.613605: I tensorflow/core/platform/cpu_feature_guard.cc:210] This TensorFlow binary is optimized to use available CPU instructions in performance-critical operations.
To enable the following instructions: AVX2 AVX512F AVX512_VNNI AVX512_BF16 FMA, in other operations, rebuild TensorFlow with the appropriate compiler flags.
2025-11-14 23:02:45.596178: I tensorflow/core/util/port.cc:153] oneDNN custom operations are on. You may see slightly different numerical results due to floating-point round-off errors from different computation orders. To turn them off, set the environment variable `TF_ENABLE_ONEDNN_OPTS=0`.
2025-11-14 23:02:47,559 | INFO | Result written to /workspace/out/result.json

2025-11-14 20:02:50,015 | INFO | Usando repositório completo: /home/asu/reproducibility_of_jupyter_notebooks-1/data/outputs/repositorios_completos/As17-01/brain_signals/49706e10b05aa4e2867a12eb6ea507b9fae4fed1
2025-11-14 20:02:50,016 | INFO | Executando via Docker: image=notebook-executor nb=notebooks/archieve/embedded/Liquidv3_emb1.ipynb
2025-11-14 20:02:50,017 | INFO | docker run: docker run --rm -v /home/asu/reproducibility_of_jupyter_notebooks-1/data/outputs/repositorios_completos/As17-01/brain_signals/49706e10b05aa4e2867a12eb6ea507b9fae4fed1:/workspace/repo:ro -v /home/asu/reproducibility_of_jupyter_notebooks-1/data/outputs/repositorios_completos/As17-01/brain_signals/49706e10b05aa4e2867a12eb6ea507b9fae4fed1/_out/notebooks__archieve__embedded__Liquidv3_emb1.ipynb:/workspace/out -e NOTEBOOK_REL_PATH=notebooks/archieve/embedded/Liquidv3_emb1.ipynb -e TIMEOUT_SECONDS=300 -e PYTHON_VERSION_DECLARED=3.10 -e POLICY=strict -e NOTEBOOK_ID=edf0b8f118629b2b8094d359fb7469a04e50abce6ae72fe5d7a5335dd46d7cc4 -e RUN_ID=1763161370016-edf0b8f118629b2b8094d359fb7469a0 notebook-executor python -m scripts.container_worker
2025-11-14 20:04:14,882 | WARNING | Docker returned 1. STDOUT/ERR tail:

 23:04:09.406559: I tensorflow/core/util/port.cc:153] oneDNN custom operations are on. You may see slightly different numerical results due to floating-point round-off errors from different computation orders. To turn them off, set the environment variable `TF_ENABLE_ONEDNN_OPTS=0`.
2025-11-14 23:04:09.451076: I tensorflow/core/platform/cpu_feature_guard.cc:210] This TensorFlow binary is optimized to use available CPU instructions in performance-critical operations.
To enable the following instructions: AVX2 AVX512F AVX512_VNNI AVX512_BF16 FMA, in other operations, rebuild TensorFlow with the appropriate compiler flags.
2025-11-14 23:04:10.494657: I tensorflow/core/util/port.cc:153] oneDNN custom operations are on. You may see slightly different numerical results due to floating-point round-off errors from different computation orders. To turn them off, set the environment variable `TF_ENABLE_ONEDNN_OPTS=0`.
2025-11-14 23:04:12,470 | INFO | Result written to /workspace/out/result.json

2025-11-14 20:04:14,909 | INFO | Usando repositório completo: /home/asu/reproducibility_of_jupyter_notebooks-1/data/outputs/repositorios_completos/As17-01/brain_signals/49706e10b05aa4e2867a12eb6ea507b9fae4fed1
2025-11-14 20:04:14,909 | INFO | Executando via Docker: image=notebook-executor nb=notebooks/archieve/embedded/Liquidv3_emb1_expanded.ipynb
2025-11-14 20:04:14,911 | INFO | docker run: docker run --rm -v /home/asu/reproducibility_of_jupyter_notebooks-1/data/outputs/repositorios_completos/As17-01/brain_signals/49706e10b05aa4e2867a12eb6ea507b9fae4fed1:/workspace/repo:ro -v /home/asu/reproducibility_of_jupyter_notebooks-1/data/outputs/repositorios_completos/As17-01/brain_signals/49706e10b05aa4e2867a12eb6ea507b9fae4fed1/_out/notebooks__archieve__embedded__Liquidv3_emb1_expanded.ipynb:/workspace/out -e NOTEBOOK_REL_PATH=notebooks/archieve/embedded/Liquidv3_emb1_expanded.ipynb -e TIMEOUT_SECONDS=300 -e PYTHON_VERSION_DECLARED=3.10 -e POLICY=strict -e NOTEBOOK_ID=a26d8094389b4f09ed58c3e452a898b087cf59243fc8342cb6cd840b541e1c10 -e RUN_ID=1763161454909-a26d8094389b4f09ed58c3e452a898b0 notebook-executor python -m scripts.container_worker
2025-11-14 20:05:38,913 | WARNING | Docker returned 1. STDOUT/ERR tail:

 23:05:33.540208: I tensorflow/core/util/port.cc:153] oneDNN custom operations are on. You may see slightly different numerical results due to floating-point round-off errors from different computation orders. To turn them off, set the environment variable `TF_ENABLE_ONEDNN_OPTS=0`.
2025-11-14 23:05:33.584492: I tensorflow/core/platform/cpu_feature_guard.cc:210] This TensorFlow binary is optimized to use available CPU instructions in performance-critical operations.
To enable the following instructions: AVX2 AVX512F AVX512_VNNI AVX512_BF16 FMA, in other operations, rebuild TensorFlow with the appropriate compiler flags.
2025-11-14 23:05:34.576875: I tensorflow/core/util/port.cc:153] oneDNN custom operations are on. You may see slightly different numerical results due to floating-point round-off errors from different computation orders. To turn them off, set the environment variable `TF_ENABLE_ONEDNN_OPTS=0`.
2025-11-14 23:05:36,540 | INFO | Result written to /workspace/out/result.json

2025-11-14 20:05:38,951 | INFO | Usando repositório completo: /home/asu/reproducibility_of_jupyter_notebooks-1/data/outputs/repositorios_completos/As17-01/brain_signals/49706e10b05aa4e2867a12eb6ea507b9fae4fed1
2025-11-14 20:05:38,951 | INFO | Executando via Docker: image=notebook-executor nb=notebooks/archieve/embedded/Liquidv3_expanded.ipynb
2025-11-14 20:05:38,952 | INFO | docker run: docker run --rm -v /home/asu/reproducibility_of_jupyter_notebooks-1/data/outputs/repositorios_completos/As17-01/brain_signals/49706e10b05aa4e2867a12eb6ea507b9fae4fed1:/workspace/repo:ro -v /home/asu/reproducibility_of_jupyter_notebooks-1/data/outputs/repositorios_completos/As17-01/brain_signals/49706e10b05aa4e2867a12eb6ea507b9fae4fed1/_out/notebooks__archieve__embedded__Liquidv3_expanded.ipynb:/workspace/out -e NOTEBOOK_REL_PATH=notebooks/archieve/embedded/Liquidv3_expanded.ipynb -e TIMEOUT_SECONDS=300 -e PYTHON_VERSION_DECLARED=3.10 -e POLICY=strict -e NOTEBOOK_ID=987c1cd2032d5ff8079c36157b26f0ca7f77c9dbe55b0d6bad9c22fe0faa0fcf -e RUN_ID=1763161538951-987c1cd2032d5ff8079c36157b26f0ca notebook-executor python -m scripts.container_worker
2025-11-14 20:07:03,461 | WARNING | Docker returned 1. STDOUT/ERR tail:

 23:06:57.799041: I tensorflow/core/util/port.cc:153] oneDNN custom operations are on. You may see slightly different numerical results due to floating-point round-off errors from different computation orders. To turn them off, set the environment variable `TF_ENABLE_ONEDNN_OPTS=0`.
2025-11-14 23:06:57.843511: I tensorflow/core/platform/cpu_feature_guard.cc:210] This TensorFlow binary is optimized to use available CPU instructions in performance-critical operations.
To enable the following instructions: AVX2 AVX512F AVX512_VNNI AVX512_BF16 FMA, in other operations, rebuild TensorFlow with the appropriate compiler flags.
2025-11-14 23:06:58.897582: I tensorflow/core/util/port.cc:153] oneDNN custom operations are on. You may see slightly different numerical results due to floating-point round-off errors from different computation orders. To turn them off, set the environment variable `TF_ENABLE_ONEDNN_OPTS=0`.
2025-11-14 23:07:00,893 | INFO | Result written to /workspace/out/result.json

2025-11-14 20:07:03,477 | INFO | Usando repositório completo: /home/asu/reproducibility_of_jupyter_notebooks-1/data/outputs/repositorios_completos/As17-01/brain_signals/49706e10b05aa4e2867a12eb6ea507b9fae4fed1
2025-11-14 20:07:03,478 | INFO | Executando via Docker: image=notebook-executor nb=notebooks/archieve/embedded/Liquidv3_plot.ipynb
2025-11-14 20:07:03,479 | INFO | docker run: docker run --rm -v /home/asu/reproducibility_of_jupyter_notebooks-1/data/outputs/repositorios_completos/As17-01/brain_signals/49706e10b05aa4e2867a12eb6ea507b9fae4fed1:/workspace/repo:ro -v /home/asu/reproducibility_of_jupyter_notebooks-1/data/outputs/repositorios_completos/As17-01/brain_signals/49706e10b05aa4e2867a12eb6ea507b9fae4fed1/_out/notebooks__archieve__embedded__Liquidv3_plot.ipynb:/workspace/out -e NOTEBOOK_REL_PATH=notebooks/archieve/embedded/Liquidv3_plot.ipynb -e TIMEOUT_SECONDS=300 -e PYTHON_VERSION_DECLARED=3.10 -e POLICY=strict -e NOTEBOOK_ID=24271785b55879d0a6144ebcf966afd05bb38dccbc2ca650d4750995bc09f938 -e RUN_ID=1763161623478-24271785b55879d0a6144ebcf966afd0 notebook-executor python -m scripts.container_worker
2025-11-14 20:07:06,934 | WARNING | Docker returned 1. STDOUT/ERR tail:

2025-11-14 23:07:04,866 | INFO | Executing notebook: notebooks/archieve/embedded/Liquidv3_plot.ipynb
2025-11-14 23:07:04,866 | INFO | Timeout: 300s, Run ID: 1763161623478-24271785b55879d0a6144ebcf966afd0
2025-11-14 23:07:05,602 | INFO | Executing notebook with kernel: python3
2025-11-14 23:07:06,429 | INFO | Result written to /workspace/out/result.json

2025-11-14 20:07:06,943 | INFO | Usando repositório completo: /home/asu/reproducibility_of_jupyter_notebooks-1/data/outputs/repositorios_completos/As17-01/brain_signals/49706e10b05aa4e2867a12eb6ea507b9fae4fed1
2025-11-14 20:07:06,943 | INFO | Executando via Docker: image=notebook-executor nb=notebooks/archieve/feature_importance/GRUv1.ipynb
2025-11-14 20:07:06,944 | INFO | docker run: docker run --rm -v /home/asu/reproducibility_of_jupyter_notebooks-1/data/outputs/repositorios_completos/As17-01/brain_signals/49706e10b05aa4e2867a12eb6ea507b9fae4fed1:/workspace/repo:ro -v /home/asu/reproducibility_of_jupyter_notebooks-1/data/outputs/repositorios_completos/As17-01/brain_signals/49706e10b05aa4e2867a12eb6ea507b9fae4fed1/_out/notebooks__archieve__feature_importance__GRUv1.ipynb:/workspace/out -e NOTEBOOK_REL_PATH=notebooks/archieve/feature_importance/GRUv1.ipynb -e TIMEOUT_SECONDS=300 -e PYTHON_VERSION_DECLARED=3.10 -e POLICY=strict -e NOTEBOOK_ID=150e2075373625001d974a4dca8a9215f70d3d6dcd8619a107dc704b06b98011 -e RUN_ID=1763161626943-150e2075373625001d974a4dca8a9215 notebook-executor python -m scripts.container_worker
2025-11-14 20:08:31,337 | WARNING | Docker returned 1. STDOUT/ERR tail:

 23:08:26.299139: I tensorflow/core/util/port.cc:153] oneDNN custom operations are on. You may see slightly different numerical results due to floating-point round-off errors from different computation orders. To turn them off, set the environment variable `TF_ENABLE_ONEDNN_OPTS=0`.
2025-11-14 23:08:26.342567: I tensorflow/core/platform/cpu_feature_guard.cc:210] This TensorFlow binary is optimized to use available CPU instructions in performance-critical operations.
To enable the following instructions: AVX2 AVX512F AVX512_VNNI AVX512_BF16 FMA, in other operations, rebuild TensorFlow with the appropriate compiler flags.
2025-11-14 23:08:27.327118: I tensorflow/core/util/port.cc:153] oneDNN custom operations are on. You may see slightly different numerical results due to floating-point round-off errors from different computation orders. To turn them off, set the environment variable `TF_ENABLE_ONEDNN_OPTS=0`.
2025-11-14 23:08:29,261 | INFO | Result written to /workspace/out/result.json

2025-11-14 20:08:31,352 | INFO | Usando repositório completo: /home/asu/reproducibility_of_jupyter_notebooks-1/data/outputs/repositorios_completos/As17-01/brain_signals/49706e10b05aa4e2867a12eb6ea507b9fae4fed1
2025-11-14 20:08:31,352 | INFO | Executando via Docker: image=notebook-executor nb=notebooks/archieve/feature_importance/GRUv2_conv.ipynb
2025-11-14 20:08:31,353 | INFO | docker run: docker run --rm -v /home/asu/reproducibility_of_jupyter_notebooks-1/data/outputs/repositorios_completos/As17-01/brain_signals/49706e10b05aa4e2867a12eb6ea507b9fae4fed1:/workspace/repo:ro -v /home/asu/reproducibility_of_jupyter_notebooks-1/data/outputs/repositorios_completos/As17-01/brain_signals/49706e10b05aa4e2867a12eb6ea507b9fae4fed1/_out/notebooks__archieve__feature_importance__GRUv2_conv.ipynb:/workspace/out -e NOTEBOOK_REL_PATH=notebooks/archieve/feature_importance/GRUv2_conv.ipynb -e TIMEOUT_SECONDS=300 -e PYTHON_VERSION_DECLARED=3.10 -e POLICY=strict -e NOTEBOOK_ID=d49abee8695e6584a2f500d957308d73e8b26832247e8de4f21470468f63f593 -e RUN_ID=1763161711352-d49abee8695e6584a2f500d957308d73 notebook-executor python -m scripts.container_worker
2025-11-14 20:09:55,919 | WARNING | Docker returned 1. STDOUT/ERR tail:

 23:09:50.380391: I tensorflow/core/util/port.cc:153] oneDNN custom operations are on. You may see slightly different numerical results due to floating-point round-off errors from different computation orders. To turn them off, set the environment variable `TF_ENABLE_ONEDNN_OPTS=0`.
2025-11-14 23:09:50.432135: I tensorflow/core/platform/cpu_feature_guard.cc:210] This TensorFlow binary is optimized to use available CPU instructions in performance-critical operations.
To enable the following instructions: AVX2 AVX512F AVX512_VNNI AVX512_BF16 FMA, in other operations, rebuild TensorFlow with the appropriate compiler flags.
2025-11-14 23:09:51.417151: I tensorflow/core/util/port.cc:153] oneDNN custom operations are on. You may see slightly different numerical results due to floating-point round-off errors from different computation orders. To turn them off, set the environment variable `TF_ENABLE_ONEDNN_OPTS=0`.
2025-11-14 23:09:53,372 | INFO | Result written to /workspace/out/result.json

2025-11-14 20:09:55,930 | INFO | Usando repositório completo: /home/asu/reproducibility_of_jupyter_notebooks-1/data/outputs/repositorios_completos/As17-01/brain_signals/49706e10b05aa4e2867a12eb6ea507b9fae4fed1
2025-11-14 20:09:55,930 | INFO | Executando via Docker: image=notebook-executor nb=notebooks/archieve/feature_importance/GRUv2_emb1.ipynb
2025-11-14 20:09:55,931 | INFO | docker run: docker run --rm -v /home/asu/reproducibility_of_jupyter_notebooks-1/data/outputs/repositorios_completos/As17-01/brain_signals/49706e10b05aa4e2867a12eb6ea507b9fae4fed1:/workspace/repo:ro -v /home/asu/reproducibility_of_jupyter_notebooks-1/data/outputs/repositorios_completos/As17-01/brain_signals/49706e10b05aa4e2867a12eb6ea507b9fae4fed1/_out/notebooks__archieve__feature_importance__GRUv2_emb1.ipynb:/workspace/out -e NOTEBOOK_REL_PATH=notebooks/archieve/feature_importance/GRUv2_emb1.ipynb -e TIMEOUT_SECONDS=300 -e PYTHON_VERSION_DECLARED=3.10 -e POLICY=strict -e NOTEBOOK_ID=1217a3a893d9073fb7f938ebfbbe3b1951e713deffebb02f619f6722d3c439a8 -e RUN_ID=1763161795930-1217a3a893d9073fb7f938ebfbbe3b19 notebook-executor python -m scripts.container_worker
2025-11-14 20:11:19,739 | WARNING | Docker returned 1. STDOUT/ERR tail:

 23:11:14.336806: I tensorflow/core/util/port.cc:153] oneDNN custom operations are on. You may see slightly different numerical results due to floating-point round-off errors from different computation orders. To turn them off, set the environment variable `TF_ENABLE_ONEDNN_OPTS=0`.
2025-11-14 23:11:14.386576: I tensorflow/core/platform/cpu_feature_guard.cc:210] This TensorFlow binary is optimized to use available CPU instructions in performance-critical operations.
To enable the following instructions: AVX2 AVX512F AVX512_VNNI AVX512_BF16 FMA, in other operations, rebuild TensorFlow with the appropriate compiler flags.
2025-11-14 23:11:15.395042: I tensorflow/core/util/port.cc:153] oneDNN custom operations are on. You may see slightly different numerical results due to floating-point round-off errors from different computation orders. To turn them off, set the environment variable `TF_ENABLE_ONEDNN_OPTS=0`.
2025-11-14 23:11:17,344 | INFO | Result written to /workspace/out/result.json

2025-11-14 20:11:19,751 | INFO | Usando repositório completo: /home/asu/reproducibility_of_jupyter_notebooks-1/data/outputs/repositorios_completos/As17-01/brain_signals/49706e10b05aa4e2867a12eb6ea507b9fae4fed1
2025-11-14 20:11:19,751 | INFO | Executando via Docker: image=notebook-executor nb=notebooks/archieve/feature_importance/LSTMv1.ipynb
2025-11-14 20:11:19,753 | INFO | docker run: docker run --rm -v /home/asu/reproducibility_of_jupyter_notebooks-1/data/outputs/repositorios_completos/As17-01/brain_signals/49706e10b05aa4e2867a12eb6ea507b9fae4fed1:/workspace/repo:ro -v /home/asu/reproducibility_of_jupyter_notebooks-1/data/outputs/repositorios_completos/As17-01/brain_signals/49706e10b05aa4e2867a12eb6ea507b9fae4fed1/_out/notebooks__archieve__feature_importance__LSTMv1.ipynb:/workspace/out -e NOTEBOOK_REL_PATH=notebooks/archieve/feature_importance/LSTMv1.ipynb -e TIMEOUT_SECONDS=300 -e PYTHON_VERSION_DECLARED=3.10 -e POLICY=strict -e NOTEBOOK_ID=edaf501cc0daebe3e265528dfd439081c3b6b4f42c413c4b259bbd2560a49b55 -e RUN_ID=1763161879752-edaf501cc0daebe3e265528dfd439081 notebook-executor python -m scripts.container_worker
2025-11-14 20:12:44,469 | WARNING | Docker returned 1. STDOUT/ERR tail:

 23:12:38.761184: I tensorflow/core/util/port.cc:153] oneDNN custom operations are on. You may see slightly different numerical results due to floating-point round-off errors from different computation orders. To turn them off, set the environment variable `TF_ENABLE_ONEDNN_OPTS=0`.
2025-11-14 23:12:38.808088: I tensorflow/core/platform/cpu_feature_guard.cc:210] This TensorFlow binary is optimized to use available CPU instructions in performance-critical operations.
To enable the following instructions: AVX2 AVX512F AVX512_VNNI AVX512_BF16 FMA, in other operations, rebuild TensorFlow with the appropriate compiler flags.
2025-11-14 23:12:39.908169: I tensorflow/core/util/port.cc:153] oneDNN custom operations are on. You may see slightly different numerical results due to floating-point round-off errors from different computation orders. To turn them off, set the environment variable `TF_ENABLE_ONEDNN_OPTS=0`.
2025-11-14 23:12:42,021 | INFO | Result written to /workspace/out/result.json

2025-11-14 20:12:44,480 | INFO | Usando repositório completo: /home/asu/reproducibility_of_jupyter_notebooks-1/data/outputs/repositorios_completos/As17-01/brain_signals/49706e10b05aa4e2867a12eb6ea507b9fae4fed1
2025-11-14 20:12:44,481 | INFO | Executando via Docker: image=notebook-executor nb=notebooks/archieve/feature_importance/LSTMv2_conv.ipynb
2025-11-14 20:12:44,482 | INFO | docker run: docker run --rm -v /home/asu/reproducibility_of_jupyter_notebooks-1/data/outputs/repositorios_completos/As17-01/brain_signals/49706e10b05aa4e2867a12eb6ea507b9fae4fed1:/workspace/repo:ro -v /home/asu/reproducibility_of_jupyter_notebooks-1/data/outputs/repositorios_completos/As17-01/brain_signals/49706e10b05aa4e2867a12eb6ea507b9fae4fed1/_out/notebooks__archieve__feature_importance__LSTMv2_conv.ipynb:/workspace/out -e NOTEBOOK_REL_PATH=notebooks/archieve/feature_importance/LSTMv2_conv.ipynb -e TIMEOUT_SECONDS=300 -e PYTHON_VERSION_DECLARED=3.10 -e POLICY=strict -e NOTEBOOK_ID=25c5e89847c6d796d9b16ab79c1cff82255fd1be570fdee5dcc17e4f67293f6d -e RUN_ID=1763161964481-25c5e89847c6d796d9b16ab79c1cff82 notebook-executor python -m scripts.container_worker
2025-11-14 20:14:09,605 | WARNING | Docker returned 1. STDOUT/ERR tail:

 23:14:04.181751: I tensorflow/core/util/port.cc:153] oneDNN custom operations are on. You may see slightly different numerical results due to floating-point round-off errors from different computation orders. To turn them off, set the environment variable `TF_ENABLE_ONEDNN_OPTS=0`.
2025-11-14 23:14:04.226993: I tensorflow/core/platform/cpu_feature_guard.cc:210] This TensorFlow binary is optimized to use available CPU instructions in performance-critical operations.
To enable the following instructions: AVX2 AVX512F AVX512_VNNI AVX512_BF16 FMA, in other operations, rebuild TensorFlow with the appropriate compiler flags.
2025-11-14 23:14:05.228884: I tensorflow/core/util/port.cc:153] oneDNN custom operations are on. You may see slightly different numerical results due to floating-point round-off errors from different computation orders. To turn them off, set the environment variable `TF_ENABLE_ONEDNN_OPTS=0`.
2025-11-14 23:14:07,184 | INFO | Result written to /workspace/out/result.json

2025-11-14 20:14:09,618 | INFO | Usando repositório completo: /home/asu/reproducibility_of_jupyter_notebooks-1/data/outputs/repositorios_completos/As17-01/brain_signals/49706e10b05aa4e2867a12eb6ea507b9fae4fed1
2025-11-14 20:14:09,618 | INFO | Executando via Docker: image=notebook-executor nb=notebooks/archieve/feature_importance/LSTMv2_emb1.ipynb
2025-11-14 20:14:09,619 | INFO | docker run: docker run --rm -v /home/asu/reproducibility_of_jupyter_notebooks-1/data/outputs/repositorios_completos/As17-01/brain_signals/49706e10b05aa4e2867a12eb6ea507b9fae4fed1:/workspace/repo:ro -v /home/asu/reproducibility_of_jupyter_notebooks-1/data/outputs/repositorios_completos/As17-01/brain_signals/49706e10b05aa4e2867a12eb6ea507b9fae4fed1/_out/notebooks__archieve__feature_importance__LSTMv2_emb1.ipynb:/workspace/out -e NOTEBOOK_REL_PATH=notebooks/archieve/feature_importance/LSTMv2_emb1.ipynb -e TIMEOUT_SECONDS=300 -e PYTHON_VERSION_DECLARED=3.10 -e POLICY=strict -e NOTEBOOK_ID=9fae7201076fb5c0586f3b09aa502f3b1ec46d7be43c169bfa70c1000fe0c25b -e RUN_ID=1763162049618-9fae7201076fb5c0586f3b09aa502f3b notebook-executor python -m scripts.container_worker
2025-11-14 20:15:52,422 | WARNING | Docker returned 1. STDOUT/ERR tail:

 23:15:47.252272: I tensorflow/core/util/port.cc:153] oneDNN custom operations are on. You may see slightly different numerical results due to floating-point round-off errors from different computation orders. To turn them off, set the environment variable `TF_ENABLE_ONEDNN_OPTS=0`.
2025-11-14 23:15:47.296776: I tensorflow/core/platform/cpu_feature_guard.cc:210] This TensorFlow binary is optimized to use available CPU instructions in performance-critical operations.
To enable the following instructions: AVX2 AVX512F AVX512_VNNI AVX512_BF16 FMA, in other operations, rebuild TensorFlow with the appropriate compiler flags.
2025-11-14 23:15:48.276466: I tensorflow/core/util/port.cc:153] oneDNN custom operations are on. You may see slightly different numerical results due to floating-point round-off errors from different computation orders. To turn them off, set the environment variable `TF_ENABLE_ONEDNN_OPTS=0`.
2025-11-14 23:15:50,268 | INFO | Result written to /workspace/out/result.json

2025-11-14 20:15:52,433 | INFO | Usando repositório completo: /home/asu/reproducibility_of_jupyter_notebooks-1/data/outputs/repositorios_completos/As17-01/brain_signals/49706e10b05aa4e2867a12eb6ea507b9fae4fed1
2025-11-14 20:15:52,433 | INFO | Executando via Docker: image=notebook-executor nb=notebooks/archieve/feature_importance/Liquidv1.ipynb
2025-11-14 20:15:52,434 | INFO | docker run: docker run --rm -v /home/asu/reproducibility_of_jupyter_notebooks-1/data/outputs/repositorios_completos/As17-01/brain_signals/49706e10b05aa4e2867a12eb6ea507b9fae4fed1:/workspace/repo:ro -v /home/asu/reproducibility_of_jupyter_notebooks-1/data/outputs/repositorios_completos/As17-01/brain_signals/49706e10b05aa4e2867a12eb6ea507b9fae4fed1/_out/notebooks__archieve__feature_importance__Liquidv1.ipynb:/workspace/out -e NOTEBOOK_REL_PATH=notebooks/archieve/feature_importance/Liquidv1.ipynb -e TIMEOUT_SECONDS=300 -e PYTHON_VERSION_DECLARED=3.10 -e POLICY=strict -e NOTEBOOK_ID=416b1a89298de8760aaaa1b6b459304d550de5770c48366bfe99dae9a3427521 -e RUN_ID=1763162152433-416b1a89298de8760aaaa1b6b459304d notebook-executor python -m scripts.container_worker
2025-11-14 20:17:16,855 | WARNING | Docker returned 1. STDOUT/ERR tail:

 23:17:11.481715: I tensorflow/core/util/port.cc:153] oneDNN custom operations are on. You may see slightly different numerical results due to floating-point round-off errors from different computation orders. To turn them off, set the environment variable `TF_ENABLE_ONEDNN_OPTS=0`.
2025-11-14 23:17:11.526872: I tensorflow/core/platform/cpu_feature_guard.cc:210] This TensorFlow binary is optimized to use available CPU instructions in performance-critical operations.
To enable the following instructions: AVX2 AVX512F AVX512_VNNI AVX512_BF16 FMA, in other operations, rebuild TensorFlow with the appropriate compiler flags.
2025-11-14 23:17:12.541591: I tensorflow/core/util/port.cc:153] oneDNN custom operations are on. You may see slightly different numerical results due to floating-point round-off errors from different computation orders. To turn them off, set the environment variable `TF_ENABLE_ONEDNN_OPTS=0`.
2025-11-14 23:17:14,476 | INFO | Result written to /workspace/out/result.json

2025-11-14 20:17:16,861 | INFO | Usando repositório completo: /home/asu/reproducibility_of_jupyter_notebooks-1/data/outputs/repositorios_completos/As17-01/brain_signals/49706e10b05aa4e2867a12eb6ea507b9fae4fed1
2025-11-14 20:17:16,861 | INFO | Executando via Docker: image=notebook-executor nb=notebooks/archieve/feature_importance/Liquidv3_conv.ipynb
2025-11-14 20:17:16,862 | INFO | docker run: docker run --rm -v /home/asu/reproducibility_of_jupyter_notebooks-1/data/outputs/repositorios_completos/As17-01/brain_signals/49706e10b05aa4e2867a12eb6ea507b9fae4fed1:/workspace/repo:ro -v /home/asu/reproducibility_of_jupyter_notebooks-1/data/outputs/repositorios_completos/As17-01/brain_signals/49706e10b05aa4e2867a12eb6ea507b9fae4fed1/_out/notebooks__archieve__feature_importance__Liquidv3_conv.ipynb:/workspace/out -e NOTEBOOK_REL_PATH=notebooks/archieve/feature_importance/Liquidv3_conv.ipynb -e TIMEOUT_SECONDS=300 -e PYTHON_VERSION_DECLARED=3.10 -e POLICY=strict -e NOTEBOOK_ID=bceb459ba135047b2d6be094b74525363bd8efc003fd547f9bd781cc389f71b8 -e RUN_ID=1763162236861-bceb459ba135047b2d6be094b7452536 notebook-executor python -m scripts.container_worker
2025-11-14 20:18:41,565 | WARNING | Docker returned 1. STDOUT/ERR tail:

 23:18:36.447586: I tensorflow/core/util/port.cc:153] oneDNN custom operations are on. You may see slightly different numerical results due to floating-point round-off errors from different computation orders. To turn them off, set the environment variable `TF_ENABLE_ONEDNN_OPTS=0`.
2025-11-14 23:18:36.490506: I tensorflow/core/platform/cpu_feature_guard.cc:210] This TensorFlow binary is optimized to use available CPU instructions in performance-critical operations.
To enable the following instructions: AVX2 AVX512F AVX512_VNNI AVX512_BF16 FMA, in other operations, rebuild TensorFlow with the appropriate compiler flags.
2025-11-14 23:18:37.463921: I tensorflow/core/util/port.cc:153] oneDNN custom operations are on. You may see slightly different numerical results due to floating-point round-off errors from different computation orders. To turn them off, set the environment variable `TF_ENABLE_ONEDNN_OPTS=0`.
2025-11-14 23:18:39,405 | INFO | Result written to /workspace/out/result.json

2025-11-14 20:18:41,576 | INFO | Usando repositório completo: /home/asu/reproducibility_of_jupyter_notebooks-1/data/outputs/repositorios_completos/As17-01/brain_signals/49706e10b05aa4e2867a12eb6ea507b9fae4fed1
2025-11-14 20:18:41,576 | INFO | Executando via Docker: image=notebook-executor nb=notebooks/archieve/feature_importance/Liquidv3_emb1.ipynb
2025-11-14 20:18:41,578 | INFO | docker run: docker run --rm -v /home/asu/reproducibility_of_jupyter_notebooks-1/data/outputs/repositorios_completos/As17-01/brain_signals/49706e10b05aa4e2867a12eb6ea507b9fae4fed1:/workspace/repo:ro -v /home/asu/reproducibility_of_jupyter_notebooks-1/data/outputs/repositorios_completos/As17-01/brain_signals/49706e10b05aa4e2867a12eb6ea507b9fae4fed1/_out/notebooks__archieve__feature_importance__Liquidv3_emb1.ipynb:/workspace/out -e NOTEBOOK_REL_PATH=notebooks/archieve/feature_importance/Liquidv3_emb1.ipynb -e TIMEOUT_SECONDS=300 -e PYTHON_VERSION_DECLARED=3.10 -e POLICY=strict -e NOTEBOOK_ID=0a420e5b60eaf312b7c08efa499d374a9a3b66df93d6a0fd32ed4cb5b4cccb11 -e RUN_ID=1763162321576-0a420e5b60eaf312b7c08efa499d374a notebook-executor python -m scripts.container_worker
2025-11-14 20:20:06,239 | WARNING | Docker returned 1. STDOUT/ERR tail:

 23:20:00.835635: I tensorflow/core/util/port.cc:153] oneDNN custom operations are on. You may see slightly different numerical results due to floating-point round-off errors from different computation orders. To turn them off, set the environment variable `TF_ENABLE_ONEDNN_OPTS=0`.
2025-11-14 23:20:00.880260: I tensorflow/core/platform/cpu_feature_guard.cc:210] This TensorFlow binary is optimized to use available CPU instructions in performance-critical operations.
To enable the following instructions: AVX2 AVX512F AVX512_VNNI AVX512_BF16 FMA, in other operations, rebuild TensorFlow with the appropriate compiler flags.
2025-11-14 23:20:01.858262: I tensorflow/core/util/port.cc:153] oneDNN custom operations are on. You may see slightly different numerical results due to floating-point round-off errors from different computation orders. To turn them off, set the environment variable `TF_ENABLE_ONEDNN_OPTS=0`.
2025-11-14 23:20:03,820 | INFO | Result written to /workspace/out/result.json

2025-11-14 20:20:06,254 | INFO | Usando repositório completo: /home/asu/reproducibility_of_jupyter_notebooks-1/data/outputs/repositorios_completos/As17-01/brain_signals/49706e10b05aa4e2867a12eb6ea507b9fae4fed1
2025-11-14 20:20:06,254 | INFO | Executando via Docker: image=notebook-executor nb=notebooks/archieve/no_embeddings/Combined.ipynb
2025-11-14 20:20:06,255 | INFO | docker run: docker run --rm -v /home/asu/reproducibility_of_jupyter_notebooks-1/data/outputs/repositorios_completos/As17-01/brain_signals/49706e10b05aa4e2867a12eb6ea507b9fae4fed1:/workspace/repo:ro -v /home/asu/reproducibility_of_jupyter_notebooks-1/data/outputs/repositorios_completos/As17-01/brain_signals/49706e10b05aa4e2867a12eb6ea507b9fae4fed1/_out/notebooks__archieve__no_embeddings__Combined.ipynb:/workspace/out -e NOTEBOOK_REL_PATH=notebooks/archieve/no_embeddings/Combined.ipynb -e TIMEOUT_SECONDS=300 -e PYTHON_VERSION_DECLARED=3.10 -e POLICY=strict -e NOTEBOOK_ID=89e2aa9f01d437d1e68d9f8586ad0f16a29c469f93343049ee0b8abc346741d8 -e RUN_ID=1763162406254-89e2aa9f01d437d1e68d9f8586ad0f16 notebook-executor python -m scripts.container_worker
2025-11-14 20:21:30,824 | WARNING | Docker returned 1. STDOUT/ERR tail:

 23:21:25.377806: I tensorflow/core/util/port.cc:153] oneDNN custom operations are on. You may see slightly different numerical results due to floating-point round-off errors from different computation orders. To turn them off, set the environment variable `TF_ENABLE_ONEDNN_OPTS=0`.
2025-11-14 23:21:25.422269: I tensorflow/core/platform/cpu_feature_guard.cc:210] This TensorFlow binary is optimized to use available CPU instructions in performance-critical operations.
To enable the following instructions: AVX2 AVX512F AVX512_VNNI AVX512_BF16 FMA, in other operations, rebuild TensorFlow with the appropriate compiler flags.
2025-11-14 23:21:26.409359: I tensorflow/core/util/port.cc:153] oneDNN custom operations are on. You may see slightly different numerical results due to floating-point round-off errors from different computation orders. To turn them off, set the environment variable `TF_ENABLE_ONEDNN_OPTS=0`.
2025-11-14 23:21:28,371 | INFO | Result written to /workspace/out/result.json

2025-11-14 20:21:30,836 | INFO | Usando repositório completo: /home/asu/reproducibility_of_jupyter_notebooks-1/data/outputs/repositorios_completos/As17-01/brain_signals/49706e10b05aa4e2867a12eb6ea507b9fae4fed1
2025-11-14 20:21:30,837 | INFO | Executando via Docker: image=notebook-executor nb=notebooks/archieve/no_embeddings/Combined_consequitive.ipynb
2025-11-14 20:21:30,838 | INFO | docker run: docker run --rm -v /home/asu/reproducibility_of_jupyter_notebooks-1/data/outputs/repositorios_completos/As17-01/brain_signals/49706e10b05aa4e2867a12eb6ea507b9fae4fed1:/workspace/repo:ro -v /home/asu/reproducibility_of_jupyter_notebooks-1/data/outputs/repositorios_completos/As17-01/brain_signals/49706e10b05aa4e2867a12eb6ea507b9fae4fed1/_out/notebooks__archieve__no_embeddings__Combined_consequitive.ipynb:/workspace/out -e NOTEBOOK_REL_PATH=notebooks/archieve/no_embeddings/Combined_consequitive.ipynb -e TIMEOUT_SECONDS=300 -e PYTHON_VERSION_DECLARED=3.10 -e POLICY=strict -e NOTEBOOK_ID=5194f62f6f195184117e9338ecc77c8134a8d2a8534207cc105f6772355e7a61 -e RUN_ID=1763162490837-5194f62f6f195184117e9338ecc77c81 notebook-executor python -m scripts.container_worker
2025-11-14 20:22:56,098 | WARNING | Docker returned 1. STDOUT/ERR tail:

 23:22:50.254143: I tensorflow/core/util/port.cc:153] oneDNN custom operations are on. You may see slightly different numerical results due to floating-point round-off errors from different computation orders. To turn them off, set the environment variable `TF_ENABLE_ONEDNN_OPTS=0`.
2025-11-14 23:22:50.298346: I tensorflow/core/platform/cpu_feature_guard.cc:210] This TensorFlow binary is optimized to use available CPU instructions in performance-critical operations.
To enable the following instructions: AVX2 AVX512F AVX512_VNNI AVX512_BF16 FMA, in other operations, rebuild TensorFlow with the appropriate compiler flags.
2025-11-14 23:22:51.294601: I tensorflow/core/util/port.cc:153] oneDNN custom operations are on. You may see slightly different numerical results due to floating-point round-off errors from different computation orders. To turn them off, set the environment variable `TF_ENABLE_ONEDNN_OPTS=0`.
2025-11-14 23:22:53,239 | INFO | Result written to /workspace/out/result.json

2025-11-14 20:22:56,112 | INFO | Usando repositório completo: /home/asu/reproducibility_of_jupyter_notebooks-1/data/outputs/repositorios_completos/As17-01/brain_signals/49706e10b05aa4e2867a12eb6ea507b9fae4fed1
2025-11-14 20:22:56,112 | INFO | Executando via Docker: image=notebook-executor nb=notebooks/archieve/no_embeddings/GRU_Liquidv1_autoencoder.ipynb
2025-11-14 20:22:56,113 | INFO | docker run: docker run --rm -v /home/asu/reproducibility_of_jupyter_notebooks-1/data/outputs/repositorios_completos/As17-01/brain_signals/49706e10b05aa4e2867a12eb6ea507b9fae4fed1:/workspace/repo:ro -v /home/asu/reproducibility_of_jupyter_notebooks-1/data/outputs/repositorios_completos/As17-01/brain_signals/49706e10b05aa4e2867a12eb6ea507b9fae4fed1/_out/notebooks__archieve__no_embeddings__GRU_Liquidv1_autoencoder.ipynb:/workspace/out -e NOTEBOOK_REL_PATH=notebooks/archieve/no_embeddings/GRU_Liquidv1_autoencoder.ipynb -e TIMEOUT_SECONDS=300 -e PYTHON_VERSION_DECLARED=3.10 -e POLICY=strict -e NOTEBOOK_ID=9ca3a296538c9aaeb27d92a31ac0d9ac90aae35122da286228d86d009b5a5a49 -e RUN_ID=1763162576112-9ca3a296538c9aaeb27d92a31ac0d9ac notebook-executor python -m scripts.container_worker
2025-11-14 20:24:20,210 | WARNING | Docker returned 1. STDOUT/ERR tail:

 23:24:14.838310: I tensorflow/core/util/port.cc:153] oneDNN custom operations are on. You may see slightly different numerical results due to floating-point round-off errors from different computation orders. To turn them off, set the environment variable `TF_ENABLE_ONEDNN_OPTS=0`.
2025-11-14 23:24:14.882101: I tensorflow/core/platform/cpu_feature_guard.cc:210] This TensorFlow binary is optimized to use available CPU instructions in performance-critical operations.
To enable the following instructions: AVX2 AVX512F AVX512_VNNI AVX512_BF16 FMA, in other operations, rebuild TensorFlow with the appropriate compiler flags.
2025-11-14 23:24:15.872029: I tensorflow/core/util/port.cc:153] oneDNN custom operations are on. You may see slightly different numerical results due to floating-point round-off errors from different computation orders. To turn them off, set the environment variable `TF_ENABLE_ONEDNN_OPTS=0`.
2025-11-14 23:24:17,820 | INFO | Result written to /workspace/out/result.json

2025-11-14 20:24:20,222 | INFO | Usando repositório completo: /home/asu/reproducibility_of_jupyter_notebooks-1/data/outputs/repositorios_completos/As17-01/brain_signals/49706e10b05aa4e2867a12eb6ea507b9fae4fed1
2025-11-14 20:24:20,222 | INFO | Executando via Docker: image=notebook-executor nb=notebooks/archieve/no_embeddings/GRUv1.ipynb
2025-11-14 20:24:20,223 | INFO | docker run: docker run --rm -v /home/asu/reproducibility_of_jupyter_notebooks-1/data/outputs/repositorios_completos/As17-01/brain_signals/49706e10b05aa4e2867a12eb6ea507b9fae4fed1:/workspace/repo:ro -v /home/asu/reproducibility_of_jupyter_notebooks-1/data/outputs/repositorios_completos/As17-01/brain_signals/49706e10b05aa4e2867a12eb6ea507b9fae4fed1/_out/notebooks__archieve__no_embeddings__GRUv1.ipynb:/workspace/out -e NOTEBOOK_REL_PATH=notebooks/archieve/no_embeddings/GRUv1.ipynb -e TIMEOUT_SECONDS=300 -e PYTHON_VERSION_DECLARED=3.10 -e POLICY=strict -e NOTEBOOK_ID=49eea4f68c32113d423385d431a8a81000e4345c949223a893e0a72ef565df08 -e RUN_ID=1763162660222-49eea4f68c32113d423385d431a8a810 notebook-executor python -m scripts.container_worker
2025-11-14 20:25:44,806 | WARNING | Docker returned 1. STDOUT/ERR tail:

 23:25:39.324376: I tensorflow/core/util/port.cc:153] oneDNN custom operations are on. You may see slightly different numerical results due to floating-point round-off errors from different computation orders. To turn them off, set the environment variable `TF_ENABLE_ONEDNN_OPTS=0`.
2025-11-14 23:25:39.372142: I tensorflow/core/platform/cpu_feature_guard.cc:210] This TensorFlow binary is optimized to use available CPU instructions in performance-critical operations.
To enable the following instructions: AVX2 AVX512F AVX512_VNNI AVX512_BF16 FMA, in other operations, rebuild TensorFlow with the appropriate compiler flags.
2025-11-14 23:25:40.395594: I tensorflow/core/util/port.cc:153] oneDNN custom operations are on. You may see slightly different numerical results due to floating-point round-off errors from different computation orders. To turn them off, set the environment variable `TF_ENABLE_ONEDNN_OPTS=0`.
2025-11-14 23:25:42,376 | INFO | Result written to /workspace/out/result.json

2025-11-14 20:25:44,823 | INFO | Usando repositório completo: /home/asu/reproducibility_of_jupyter_notebooks-1/data/outputs/repositorios_completos/As17-01/brain_signals/49706e10b05aa4e2867a12eb6ea507b9fae4fed1
2025-11-14 20:25:44,824 | INFO | Executando via Docker: image=notebook-executor nb=notebooks/archieve/no_embeddings/GRUv2.ipynb
2025-11-14 20:25:44,824 | INFO | docker run: docker run --rm -v /home/asu/reproducibility_of_jupyter_notebooks-1/data/outputs/repositorios_completos/As17-01/brain_signals/49706e10b05aa4e2867a12eb6ea507b9fae4fed1:/workspace/repo:ro -v /home/asu/reproducibility_of_jupyter_notebooks-1/data/outputs/repositorios_completos/As17-01/brain_signals/49706e10b05aa4e2867a12eb6ea507b9fae4fed1/_out/notebooks__archieve__no_embeddings__GRUv2.ipynb:/workspace/out -e NOTEBOOK_REL_PATH=notebooks/archieve/no_embeddings/GRUv2.ipynb -e TIMEOUT_SECONDS=300 -e PYTHON_VERSION_DECLARED=3.10 -e POLICY=strict -e NOTEBOOK_ID=afd265b25c1246a2dcf08398d5ff0a453600336d66632a897cfdeff68e4f3ae2 -e RUN_ID=1763162744824-afd265b25c1246a2dcf08398d5ff0a45 notebook-executor python -m scripts.container_worker
2025-11-14 20:27:08,935 | WARNING | Docker returned 1. STDOUT/ERR tail:

 23:27:03.545766: I tensorflow/core/util/port.cc:153] oneDNN custom operations are on. You may see slightly different numerical results due to floating-point round-off errors from different computation orders. To turn them off, set the environment variable `TF_ENABLE_ONEDNN_OPTS=0`.
2025-11-14 23:27:03.590704: I tensorflow/core/platform/cpu_feature_guard.cc:210] This TensorFlow binary is optimized to use available CPU instructions in performance-critical operations.
To enable the following instructions: AVX2 AVX512F AVX512_VNNI AVX512_BF16 FMA, in other operations, rebuild TensorFlow with the appropriate compiler flags.
2025-11-14 23:27:04.581920: I tensorflow/core/util/port.cc:153] oneDNN custom operations are on. You may see slightly different numerical results due to floating-point round-off errors from different computation orders. To turn them off, set the environment variable `TF_ENABLE_ONEDNN_OPTS=0`.
2025-11-14 23:27:06,550 | INFO | Result written to /workspace/out/result.json

2025-11-14 20:27:08,946 | INFO | Usando repositório completo: /home/asu/reproducibility_of_jupyter_notebooks-1/data/outputs/repositorios_completos/As17-01/brain_signals/49706e10b05aa4e2867a12eb6ea507b9fae4fed1
2025-11-14 20:27:08,947 | INFO | Executando via Docker: image=notebook-executor nb=notebooks/archieve/no_embeddings/GRUv3.ipynb
2025-11-14 20:27:08,949 | INFO | docker run: docker run --rm -v /home/asu/reproducibility_of_jupyter_notebooks-1/data/outputs/repositorios_completos/As17-01/brain_signals/49706e10b05aa4e2867a12eb6ea507b9fae4fed1:/workspace/repo:ro -v /home/asu/reproducibility_of_jupyter_notebooks-1/data/outputs/repositorios_completos/As17-01/brain_signals/49706e10b05aa4e2867a12eb6ea507b9fae4fed1/_out/notebooks__archieve__no_embeddings__GRUv3.ipynb:/workspace/out -e NOTEBOOK_REL_PATH=notebooks/archieve/no_embeddings/GRUv3.ipynb -e TIMEOUT_SECONDS=300 -e PYTHON_VERSION_DECLARED=3.10 -e POLICY=strict -e NOTEBOOK_ID=352eb94d07750f5a2d58df4dd5f7d29d42a455255dce2e4b697621a2b7354ba7 -e RUN_ID=1763162828947-352eb94d07750f5a2d58df4dd5f7d29d notebook-executor python -m scripts.container_worker
2025-11-14 20:28:34,042 | WARNING | Docker returned 1. STDOUT/ERR tail:

 23:28:28.941516: I tensorflow/core/util/port.cc:153] oneDNN custom operations are on. You may see slightly different numerical results due to floating-point round-off errors from different computation orders. To turn them off, set the environment variable `TF_ENABLE_ONEDNN_OPTS=0`.
2025-11-14 23:28:28.986404: I tensorflow/core/platform/cpu_feature_guard.cc:210] This TensorFlow binary is optimized to use available CPU instructions in performance-critical operations.
To enable the following instructions: AVX2 AVX512F AVX512_VNNI AVX512_BF16 FMA, in other operations, rebuild TensorFlow with the appropriate compiler flags.
2025-11-14 23:28:29.982171: I tensorflow/core/util/port.cc:153] oneDNN custom operations are on. You may see slightly different numerical results due to floating-point round-off errors from different computation orders. To turn them off, set the environment variable `TF_ENABLE_ONEDNN_OPTS=0`.
2025-11-14 23:28:31,925 | INFO | Result written to /workspace/out/result.json

2025-11-14 20:28:34,054 | INFO | Usando repositório completo: /home/asu/reproducibility_of_jupyter_notebooks-1/data/outputs/repositorios_completos/As17-01/brain_signals/49706e10b05aa4e2867a12eb6ea507b9fae4fed1
2025-11-14 20:28:34,054 | INFO | Executando via Docker: image=notebook-executor nb=notebooks/archieve/no_embeddings/GRUv4.ipynb
2025-11-14 20:28:34,056 | INFO | docker run: docker run --rm -v /home/asu/reproducibility_of_jupyter_notebooks-1/data/outputs/repositorios_completos/As17-01/brain_signals/49706e10b05aa4e2867a12eb6ea507b9fae4fed1:/workspace/repo:ro -v /home/asu/reproducibility_of_jupyter_notebooks-1/data/outputs/repositorios_completos/As17-01/brain_signals/49706e10b05aa4e2867a12eb6ea507b9fae4fed1/_out/notebooks__archieve__no_embeddings__GRUv4.ipynb:/workspace/out -e NOTEBOOK_REL_PATH=notebooks/archieve/no_embeddings/GRUv4.ipynb -e TIMEOUT_SECONDS=300 -e PYTHON_VERSION_DECLARED=3.10 -e POLICY=strict -e NOTEBOOK_ID=3488e1939e1ae39ee911ae78ae2f5e666aaf428add6ec07ce4634cb50da61995 -e RUN_ID=1763162914055-3488e1939e1ae39ee911ae78ae2f5e66 notebook-executor python -m scripts.container_worker
2025-11-14 20:29:59,258 | WARNING | Docker returned 1. STDOUT/ERR tail:

 23:29:53.715641: I tensorflow/core/util/port.cc:153] oneDNN custom operations are on. You may see slightly different numerical results due to floating-point round-off errors from different computation orders. To turn them off, set the environment variable `TF_ENABLE_ONEDNN_OPTS=0`.
2025-11-14 23:29:53.759603: I tensorflow/core/platform/cpu_feature_guard.cc:210] This TensorFlow binary is optimized to use available CPU instructions in performance-critical operations.
To enable the following instructions: AVX2 AVX512F AVX512_VNNI AVX512_BF16 FMA, in other operations, rebuild TensorFlow with the appropriate compiler flags.
2025-11-14 23:29:54.865695: I tensorflow/core/util/port.cc:153] oneDNN custom operations are on. You may see slightly different numerical results due to floating-point round-off errors from different computation orders. To turn them off, set the environment variable `TF_ENABLE_ONEDNN_OPTS=0`.
2025-11-14 23:29:56,837 | INFO | Result written to /workspace/out/result.json

2025-11-14 20:29:59,270 | INFO | Usando repositório completo: /home/asu/reproducibility_of_jupyter_notebooks-1/data/outputs/repositorios_completos/As17-01/brain_signals/49706e10b05aa4e2867a12eb6ea507b9fae4fed1
2025-11-14 20:29:59,270 | INFO | Executando via Docker: image=notebook-executor nb=notebooks/archieve/no_embeddings/GRUv4_augmentationsv0.ipynb
2025-11-14 20:29:59,272 | INFO | docker run: docker run --rm -v /home/asu/reproducibility_of_jupyter_notebooks-1/data/outputs/repositorios_completos/As17-01/brain_signals/49706e10b05aa4e2867a12eb6ea507b9fae4fed1:/workspace/repo:ro -v /home/asu/reproducibility_of_jupyter_notebooks-1/data/outputs/repositorios_completos/As17-01/brain_signals/49706e10b05aa4e2867a12eb6ea507b9fae4fed1/_out/notebooks__archieve__no_embeddings__GRUv4_augmentationsv0.ipynb:/workspace/out -e NOTEBOOK_REL_PATH=notebooks/archieve/no_embeddings/GRUv4_augmentationsv0.ipynb -e TIMEOUT_SECONDS=300 -e PYTHON_VERSION_DECLARED=3.10 -e POLICY=strict -e NOTEBOOK_ID=a3286ddc1514b3ab11fcb479e1633bbc7e79793533dbfe666026faefa56ce797 -e RUN_ID=1763162999270-a3286ddc1514b3ab11fcb479e1633bbc notebook-executor python -m scripts.container_worker
2025-11-14 20:31:23,605 | WARNING | Docker returned 1. STDOUT/ERR tail:

 23:31:18.224950: I tensorflow/core/util/port.cc:153] oneDNN custom operations are on. You may see slightly different numerical results due to floating-point round-off errors from different computation orders. To turn them off, set the environment variable `TF_ENABLE_ONEDNN_OPTS=0`.
2025-11-14 23:31:18.269265: I tensorflow/core/platform/cpu_feature_guard.cc:210] This TensorFlow binary is optimized to use available CPU instructions in performance-critical operations.
To enable the following instructions: AVX2 AVX512F AVX512_VNNI AVX512_BF16 FMA, in other operations, rebuild TensorFlow with the appropriate compiler flags.
2025-11-14 23:31:19.247378: I tensorflow/core/util/port.cc:153] oneDNN custom operations are on. You may see slightly different numerical results due to floating-point round-off errors from different computation orders. To turn them off, set the environment variable `TF_ENABLE_ONEDNN_OPTS=0`.
2025-11-14 23:31:21,204 | INFO | Result written to /workspace/out/result.json

2025-11-14 20:31:23,619 | INFO | Usando repositório completo: /home/asu/reproducibility_of_jupyter_notebooks-1/data/outputs/repositorios_completos/As17-01/brain_signals/49706e10b05aa4e2867a12eb6ea507b9fae4fed1
2025-11-14 20:31:23,619 | INFO | Executando via Docker: image=notebook-executor nb=notebooks/archieve/no_embeddings/GRUv4_autoencoderv0.ipynb
2025-11-14 20:31:23,620 | INFO | docker run: docker run --rm -v /home/asu/reproducibility_of_jupyter_notebooks-1/data/outputs/repositorios_completos/As17-01/brain_signals/49706e10b05aa4e2867a12eb6ea507b9fae4fed1:/workspace/repo:ro -v /home/asu/reproducibility_of_jupyter_notebooks-1/data/outputs/repositorios_completos/As17-01/brain_signals/49706e10b05aa4e2867a12eb6ea507b9fae4fed1/_out/notebooks__archieve__no_embeddings__GRUv4_autoencoderv0.ipynb:/workspace/out -e NOTEBOOK_REL_PATH=notebooks/archieve/no_embeddings/GRUv4_autoencoderv0.ipynb -e TIMEOUT_SECONDS=300 -e PYTHON_VERSION_DECLARED=3.10 -e POLICY=strict -e NOTEBOOK_ID=ab67738797ee5dcdd7bdc789d2869b3273b56f5604400ee129830d8c9b2eee5c -e RUN_ID=1763163083619-ab67738797ee5dcdd7bdc789d2869b32 notebook-executor python -m scripts.container_worker
2025-11-14 20:32:48,529 | WARNING | Docker returned 1. STDOUT/ERR tail:

 23:32:43.235236: I tensorflow/core/util/port.cc:153] oneDNN custom operations are on. You may see slightly different numerical results due to floating-point round-off errors from different computation orders. To turn them off, set the environment variable `TF_ENABLE_ONEDNN_OPTS=0`.
2025-11-14 23:32:43.280809: I tensorflow/core/platform/cpu_feature_guard.cc:210] This TensorFlow binary is optimized to use available CPU instructions in performance-critical operations.
To enable the following instructions: AVX2 AVX512F AVX512_VNNI AVX512_BF16 FMA, in other operations, rebuild TensorFlow with the appropriate compiler flags.
2025-11-14 23:32:44.290967: I tensorflow/core/util/port.cc:153] oneDNN custom operations are on. You may see slightly different numerical results due to floating-point round-off errors from different computation orders. To turn them off, set the environment variable `TF_ENABLE_ONEDNN_OPTS=0`.
2025-11-14 23:32:46,347 | INFO | Result written to /workspace/out/result.json

2025-11-14 20:32:48,541 | INFO | Usando repositório completo: /home/asu/reproducibility_of_jupyter_notebooks-1/data/outputs/repositorios_completos/As17-01/brain_signals/49706e10b05aa4e2867a12eb6ea507b9fae4fed1
2025-11-14 20:32:48,542 | INFO | Executando via Docker: image=notebook-executor nb=notebooks/archieve/no_embeddings/GRUv4_autoencoderv0_increased_lr.ipynb
2025-11-14 20:32:48,543 | INFO | docker run: docker run --rm -v /home/asu/reproducibility_of_jupyter_notebooks-1/data/outputs/repositorios_completos/As17-01/brain_signals/49706e10b05aa4e2867a12eb6ea507b9fae4fed1:/workspace/repo:ro -v /home/asu/reproducibility_of_jupyter_notebooks-1/data/outputs/repositorios_completos/As17-01/brain_signals/49706e10b05aa4e2867a12eb6ea507b9fae4fed1/_out/notebooks__archieve__no_embeddings__GRUv4_autoencoderv0_increased_lr.ipynb:/workspace/out -e NOTEBOOK_REL_PATH=notebooks/archieve/no_embeddings/GRUv4_autoencoderv0_increased_lr.ipynb -e TIMEOUT_SECONDS=300 -e PYTHON_VERSION_DECLARED=3.10 -e POLICY=strict -e NOTEBOOK_ID=dae09eeb9619872080d32b99990a721fbc77c67cb2402a18f6c694674814e2a7 -e RUN_ID=1763163168542-dae09eeb9619872080d32b99990a721f notebook-executor python -m scripts.container_worker
2025-11-14 20:34:13,300 | WARNING | Docker returned 1. STDOUT/ERR tail:

 23:34:07.749647: I tensorflow/core/util/port.cc:153] oneDNN custom operations are on. You may see slightly different numerical results due to floating-point round-off errors from different computation orders. To turn them off, set the environment variable `TF_ENABLE_ONEDNN_OPTS=0`.
2025-11-14 23:34:07.795923: I tensorflow/core/platform/cpu_feature_guard.cc:210] This TensorFlow binary is optimized to use available CPU instructions in performance-critical operations.
To enable the following instructions: AVX2 AVX512F AVX512_VNNI AVX512_BF16 FMA, in other operations, rebuild TensorFlow with the appropriate compiler flags.
2025-11-14 23:34:08.805889: I tensorflow/core/util/port.cc:153] oneDNN custom operations are on. You may see slightly different numerical results due to floating-point round-off errors from different computation orders. To turn them off, set the environment variable `TF_ENABLE_ONEDNN_OPTS=0`.
2025-11-14 23:34:10,861 | INFO | Result written to /workspace/out/result.json

2025-11-14 20:34:13,311 | INFO | Usando repositório completo: /home/asu/reproducibility_of_jupyter_notebooks-1/data/outputs/repositorios_completos/As17-01/brain_signals/49706e10b05aa4e2867a12eb6ea507b9fae4fed1
2025-11-14 20:34:13,311 | INFO | Executando via Docker: image=notebook-executor nb=notebooks/archieve/no_embeddings/GRUv4_autoencoderv1.ipynb
2025-11-14 20:34:13,313 | INFO | docker run: docker run --rm -v /home/asu/reproducibility_of_jupyter_notebooks-1/data/outputs/repositorios_completos/As17-01/brain_signals/49706e10b05aa4e2867a12eb6ea507b9fae4fed1:/workspace/repo:ro -v /home/asu/reproducibility_of_jupyter_notebooks-1/data/outputs/repositorios_completos/As17-01/brain_signals/49706e10b05aa4e2867a12eb6ea507b9fae4fed1/_out/notebooks__archieve__no_embeddings__GRUv4_autoencoderv1.ipynb:/workspace/out -e NOTEBOOK_REL_PATH=notebooks/archieve/no_embeddings/GRUv4_autoencoderv1.ipynb -e TIMEOUT_SECONDS=300 -e PYTHON_VERSION_DECLARED=3.10 -e POLICY=strict -e NOTEBOOK_ID=945be34bfff0f4190573c5b7bc83a56fc1180fe6d1063495ebda50336fc95e0d -e RUN_ID=1763163253311-945be34bfff0f4190573c5b7bc83a56f notebook-executor python -m scripts.container_worker
2025-11-14 20:35:37,861 | WARNING | Docker returned 1. STDOUT/ERR tail:

 23:35:32.388302: I tensorflow/core/util/port.cc:153] oneDNN custom operations are on. You may see slightly different numerical results due to floating-point round-off errors from different computation orders. To turn them off, set the environment variable `TF_ENABLE_ONEDNN_OPTS=0`.
2025-11-14 23:35:32.432664: I tensorflow/core/platform/cpu_feature_guard.cc:210] This TensorFlow binary is optimized to use available CPU instructions in performance-critical operations.
To enable the following instructions: AVX2 AVX512F AVX512_VNNI AVX512_BF16 FMA, in other operations, rebuild TensorFlow with the appropriate compiler flags.
2025-11-14 23:35:33.462623: I tensorflow/core/util/port.cc:153] oneDNN custom operations are on. You may see slightly different numerical results due to floating-point round-off errors from different computation orders. To turn them off, set the environment variable `TF_ENABLE_ONEDNN_OPTS=0`.
2025-11-14 23:35:35,430 | INFO | Result written to /workspace/out/result.json

2025-11-14 20:35:37,873 | INFO | Usando repositório completo: /home/asu/reproducibility_of_jupyter_notebooks-1/data/outputs/repositorios_completos/As17-01/brain_signals/49706e10b05aa4e2867a12eb6ea507b9fae4fed1
2025-11-14 20:35:37,873 | INFO | Executando via Docker: image=notebook-executor nb=notebooks/archieve/no_embeddings/GRUv4_best_increased_lr.ipynb
2025-11-14 20:35:37,874 | INFO | docker run: docker run --rm -v /home/asu/reproducibility_of_jupyter_notebooks-1/data/outputs/repositorios_completos/As17-01/brain_signals/49706e10b05aa4e2867a12eb6ea507b9fae4fed1:/workspace/repo:ro -v /home/asu/reproducibility_of_jupyter_notebooks-1/data/outputs/repositorios_completos/As17-01/brain_signals/49706e10b05aa4e2867a12eb6ea507b9fae4fed1/_out/notebooks__archieve__no_embeddings__GRUv4_best_increased_lr.ipynb:/workspace/out -e NOTEBOOK_REL_PATH=notebooks/archieve/no_embeddings/GRUv4_best_increased_lr.ipynb -e TIMEOUT_SECONDS=300 -e PYTHON_VERSION_DECLARED=3.10 -e POLICY=strict -e NOTEBOOK_ID=cfbebe8f186efc025486e92261c78a0260f58933e68a5b712ee364111a444440 -e RUN_ID=1763163337873-cfbebe8f186efc025486e92261c78a02 notebook-executor python -m scripts.container_worker
2025-11-14 20:37:02,850 | WARNING | Docker returned 1. STDOUT/ERR tail:

 23:36:57.788368: I tensorflow/core/util/port.cc:153] oneDNN custom operations are on. You may see slightly different numerical results due to floating-point round-off errors from different computation orders. To turn them off, set the environment variable `TF_ENABLE_ONEDNN_OPTS=0`.
2025-11-14 23:36:57.834390: I tensorflow/core/platform/cpu_feature_guard.cc:210] This TensorFlow binary is optimized to use available CPU instructions in performance-critical operations.
To enable the following instructions: AVX2 AVX512F AVX512_VNNI AVX512_BF16 FMA, in other operations, rebuild TensorFlow with the appropriate compiler flags.
2025-11-14 23:36:58.817959: I tensorflow/core/util/port.cc:153] oneDNN custom operations are on. You may see slightly different numerical results due to floating-point round-off errors from different computation orders. To turn them off, set the environment variable `TF_ENABLE_ONEDNN_OPTS=0`.
2025-11-14 23:37:00,781 | INFO | Result written to /workspace/out/result.json

2025-11-14 20:37:02,860 | INFO | Usando repositório completo: /home/asu/reproducibility_of_jupyter_notebooks-1/data/outputs/repositorios_completos/As17-01/brain_signals/49706e10b05aa4e2867a12eb6ea507b9fae4fed1
2025-11-14 20:37:02,861 | INFO | Executando via Docker: image=notebook-executor nb=notebooks/archieve/no_embeddings/GRUv5.ipynb
2025-11-14 20:37:02,862 | INFO | docker run: docker run --rm -v /home/asu/reproducibility_of_jupyter_notebooks-1/data/outputs/repositorios_completos/As17-01/brain_signals/49706e10b05aa4e2867a12eb6ea507b9fae4fed1:/workspace/repo:ro -v /home/asu/reproducibility_of_jupyter_notebooks-1/data/outputs/repositorios_completos/As17-01/brain_signals/49706e10b05aa4e2867a12eb6ea507b9fae4fed1/_out/notebooks__archieve__no_embeddings__GRUv5.ipynb:/workspace/out -e NOTEBOOK_REL_PATH=notebooks/archieve/no_embeddings/GRUv5.ipynb -e TIMEOUT_SECONDS=300 -e PYTHON_VERSION_DECLARED=3.10 -e POLICY=strict -e NOTEBOOK_ID=f87365a91af7623f5082c969c7f671823004b749c1b44c3b391df1cf9813b52d -e RUN_ID=1763163422861-f87365a91af7623f5082c969c7f67182 notebook-executor python -m scripts.container_worker
2025-11-14 20:38:27,512 | WARNING | Docker returned 1. STDOUT/ERR tail:

 23:38:21.880267: I tensorflow/core/util/port.cc:153] oneDNN custom operations are on. You may see slightly different numerical results due to floating-point round-off errors from different computation orders. To turn them off, set the environment variable `TF_ENABLE_ONEDNN_OPTS=0`.
2025-11-14 23:38:21.926634: I tensorflow/core/platform/cpu_feature_guard.cc:210] This TensorFlow binary is optimized to use available CPU instructions in performance-critical operations.
To enable the following instructions: AVX2 AVX512F AVX512_VNNI AVX512_BF16 FMA, in other operations, rebuild TensorFlow with the appropriate compiler flags.
2025-11-14 23:38:23.007224: I tensorflow/core/util/port.cc:153] oneDNN custom operations are on. You may see slightly different numerical results due to floating-point round-off errors from different computation orders. To turn them off, set the environment variable `TF_ENABLE_ONEDNN_OPTS=0`.
2025-11-14 23:38:25,106 | INFO | Result written to /workspace/out/result.json

2025-11-14 20:38:27,525 | INFO | Usando repositório completo: /home/asu/reproducibility_of_jupyter_notebooks-1/data/outputs/repositorios_completos/As17-01/brain_signals/49706e10b05aa4e2867a12eb6ea507b9fae4fed1
2025-11-14 20:38:27,525 | INFO | Executando via Docker: image=notebook-executor nb=notebooks/archieve/no_embeddings/GRUv6.ipynb
2025-11-14 20:38:27,526 | INFO | docker run: docker run --rm -v /home/asu/reproducibility_of_jupyter_notebooks-1/data/outputs/repositorios_completos/As17-01/brain_signals/49706e10b05aa4e2867a12eb6ea507b9fae4fed1:/workspace/repo:ro -v /home/asu/reproducibility_of_jupyter_notebooks-1/data/outputs/repositorios_completos/As17-01/brain_signals/49706e10b05aa4e2867a12eb6ea507b9fae4fed1/_out/notebooks__archieve__no_embeddings__GRUv6.ipynb:/workspace/out -e NOTEBOOK_REL_PATH=notebooks/archieve/no_embeddings/GRUv6.ipynb -e TIMEOUT_SECONDS=300 -e PYTHON_VERSION_DECLARED=3.10 -e POLICY=strict -e NOTEBOOK_ID=bd8654bcd41ffa1f4102a23ce919abaa619a0a444db6be188b5dc2f7c274bcde -e RUN_ID=1763163507525-bd8654bcd41ffa1f4102a23ce919abaa notebook-executor python -m scripts.container_worker
2025-11-14 20:39:52,092 | WARNING | Docker returned 1. STDOUT/ERR tail:

 23:39:46.659212: I tensorflow/core/util/port.cc:153] oneDNN custom operations are on. You may see slightly different numerical results due to floating-point round-off errors from different computation orders. To turn them off, set the environment variable `TF_ENABLE_ONEDNN_OPTS=0`.
2025-11-14 23:39:46.704065: I tensorflow/core/platform/cpu_feature_guard.cc:210] This TensorFlow binary is optimized to use available CPU instructions in performance-critical operations.
To enable the following instructions: AVX2 AVX512F AVX512_VNNI AVX512_BF16 FMA, in other operations, rebuild TensorFlow with the appropriate compiler flags.
2025-11-14 23:39:47.691921: I tensorflow/core/util/port.cc:153] oneDNN custom operations are on. You may see slightly different numerical results due to floating-point round-off errors from different computation orders. To turn them off, set the environment variable `TF_ENABLE_ONEDNN_OPTS=0`.
2025-11-14 23:39:49,642 | INFO | Result written to /workspace/out/result.json

2025-11-14 20:39:52,102 | INFO | Usando repositório completo: /home/asu/reproducibility_of_jupyter_notebooks-1/data/outputs/repositorios_completos/As17-01/brain_signals/49706e10b05aa4e2867a12eb6ea507b9fae4fed1
2025-11-14 20:39:52,102 | INFO | Executando via Docker: image=notebook-executor nb=notebooks/archieve/no_embeddings/GRUv7.ipynb
2025-11-14 20:39:52,104 | INFO | docker run: docker run --rm -v /home/asu/reproducibility_of_jupyter_notebooks-1/data/outputs/repositorios_completos/As17-01/brain_signals/49706e10b05aa4e2867a12eb6ea507b9fae4fed1:/workspace/repo:ro -v /home/asu/reproducibility_of_jupyter_notebooks-1/data/outputs/repositorios_completos/As17-01/brain_signals/49706e10b05aa4e2867a12eb6ea507b9fae4fed1/_out/notebooks__archieve__no_embeddings__GRUv7.ipynb:/workspace/out -e NOTEBOOK_REL_PATH=notebooks/archieve/no_embeddings/GRUv7.ipynb -e TIMEOUT_SECONDS=300 -e PYTHON_VERSION_DECLARED=3.10 -e POLICY=strict -e NOTEBOOK_ID=f60ea8a89ddb2c4a0f21f28576dff99f90d9cc88bb44926537a04a187fd94ce7 -e RUN_ID=1763163592102-f60ea8a89ddb2c4a0f21f28576dff99f notebook-executor python -m scripts.container_worker
2025-11-14 20:41:16,623 | WARNING | Docker returned 1. STDOUT/ERR tail:

 23:41:11.281459: I tensorflow/core/util/port.cc:153] oneDNN custom operations are on. You may see slightly different numerical results due to floating-point round-off errors from different computation orders. To turn them off, set the environment variable `TF_ENABLE_ONEDNN_OPTS=0`.
2025-11-14 23:41:11.326629: I tensorflow/core/platform/cpu_feature_guard.cc:210] This TensorFlow binary is optimized to use available CPU instructions in performance-critical operations.
To enable the following instructions: AVX2 AVX512F AVX512_VNNI AVX512_BF16 FMA, in other operations, rebuild TensorFlow with the appropriate compiler flags.
2025-11-14 23:41:12.315540: I tensorflow/core/util/port.cc:153] oneDNN custom operations are on. You may see slightly different numerical results due to floating-point round-off errors from different computation orders. To turn them off, set the environment variable `TF_ENABLE_ONEDNN_OPTS=0`.
2025-11-14 23:41:14,165 | INFO | Result written to /workspace/out/result.json

2025-11-14 20:41:16,633 | INFO | Usando repositório completo: /home/asu/reproducibility_of_jupyter_notebooks-1/data/outputs/repositorios_completos/As17-01/brain_signals/49706e10b05aa4e2867a12eb6ea507b9fae4fed1
2025-11-14 20:41:16,633 | INFO | Executando via Docker: image=notebook-executor nb=notebooks/archieve/no_embeddings/GRUv8.ipynb
2025-11-14 20:41:16,634 | INFO | docker run: docker run --rm -v /home/asu/reproducibility_of_jupyter_notebooks-1/data/outputs/repositorios_completos/As17-01/brain_signals/49706e10b05aa4e2867a12eb6ea507b9fae4fed1:/workspace/repo:ro -v /home/asu/reproducibility_of_jupyter_notebooks-1/data/outputs/repositorios_completos/As17-01/brain_signals/49706e10b05aa4e2867a12eb6ea507b9fae4fed1/_out/notebooks__archieve__no_embeddings__GRUv8.ipynb:/workspace/out -e NOTEBOOK_REL_PATH=notebooks/archieve/no_embeddings/GRUv8.ipynb -e TIMEOUT_SECONDS=300 -e PYTHON_VERSION_DECLARED=3.10 -e POLICY=strict -e NOTEBOOK_ID=7c89f6c246d0fd325d6a02e9081f87dc8a64d496f313e6c3575ca6f229a6460b -e RUN_ID=1763163676633-7c89f6c246d0fd325d6a02e9081f87dc notebook-executor python -m scripts.container_worker
2025-11-14 20:42:41,034 | WARNING | Docker returned 1. STDOUT/ERR tail:

 23:42:35.261416: I tensorflow/core/util/port.cc:153] oneDNN custom operations are on. You may see slightly different numerical results due to floating-point round-off errors from different computation orders. To turn them off, set the environment variable `TF_ENABLE_ONEDNN_OPTS=0`.
2025-11-14 23:42:35.307051: I tensorflow/core/platform/cpu_feature_guard.cc:210] This TensorFlow binary is optimized to use available CPU instructions in performance-critical operations.
To enable the following instructions: AVX2 AVX512F AVX512_VNNI AVX512_BF16 FMA, in other operations, rebuild TensorFlow with the appropriate compiler flags.
2025-11-14 23:42:36.284840: I tensorflow/core/util/port.cc:153] oneDNN custom operations are on. You may see slightly different numerical results due to floating-point round-off errors from different computation orders. To turn them off, set the environment variable `TF_ENABLE_ONEDNN_OPTS=0`.
2025-11-14 23:42:38,237 | INFO | Result written to /workspace/out/result.json

2025-11-14 20:42:41,045 | INFO | Usando repositório completo: /home/asu/reproducibility_of_jupyter_notebooks-1/data/outputs/repositorios_completos/As17-01/brain_signals/49706e10b05aa4e2867a12eb6ea507b9fae4fed1
2025-11-14 20:42:41,045 | INFO | Executando via Docker: image=notebook-executor nb=notebooks/archieve/no_embeddings/GRUv9.ipynb
2025-11-14 20:42:41,046 | INFO | docker run: docker run --rm -v /home/asu/reproducibility_of_jupyter_notebooks-1/data/outputs/repositorios_completos/As17-01/brain_signals/49706e10b05aa4e2867a12eb6ea507b9fae4fed1:/workspace/repo:ro -v /home/asu/reproducibility_of_jupyter_notebooks-1/data/outputs/repositorios_completos/As17-01/brain_signals/49706e10b05aa4e2867a12eb6ea507b9fae4fed1/_out/notebooks__archieve__no_embeddings__GRUv9.ipynb:/workspace/out -e NOTEBOOK_REL_PATH=notebooks/archieve/no_embeddings/GRUv9.ipynb -e TIMEOUT_SECONDS=300 -e PYTHON_VERSION_DECLARED=3.10 -e POLICY=strict -e NOTEBOOK_ID=5cf507c917f32f12a875b7865db88d4b32bfcd389ba8c1142c1bd8325a223bc1 -e RUN_ID=1763163761045-5cf507c917f32f12a875b7865db88d4b notebook-executor python -m scripts.container_worker
2025-11-14 20:44:06,012 | WARNING | Docker returned 1. STDOUT/ERR tail:

 23:44:00.957967: I tensorflow/core/util/port.cc:153] oneDNN custom operations are on. You may see slightly different numerical results due to floating-point round-off errors from different computation orders. To turn them off, set the environment variable `TF_ENABLE_ONEDNN_OPTS=0`.
2025-11-14 23:44:01.002566: I tensorflow/core/platform/cpu_feature_guard.cc:210] This TensorFlow binary is optimized to use available CPU instructions in performance-critical operations.
To enable the following instructions: AVX2 AVX512F AVX512_VNNI AVX512_BF16 FMA, in other operations, rebuild TensorFlow with the appropriate compiler flags.
2025-11-14 23:44:01.987534: I tensorflow/core/util/port.cc:153] oneDNN custom operations are on. You may see slightly different numerical results due to floating-point round-off errors from different computation orders. To turn them off, set the environment variable `TF_ENABLE_ONEDNN_OPTS=0`.
2025-11-14 23:44:03,968 | INFO | Result written to /workspace/out/result.json

2025-11-14 20:44:06,023 | INFO | Usando repositório completo: /home/asu/reproducibility_of_jupyter_notebooks-1/data/outputs/repositorios_completos/As17-01/brain_signals/49706e10b05aa4e2867a12eb6ea507b9fae4fed1
2025-11-14 20:44:06,024 | INFO | Executando via Docker: image=notebook-executor nb=notebooks/archieve/no_embeddings/LSTMv1.ipynb
2025-11-14 20:44:06,025 | INFO | docker run: docker run --rm -v /home/asu/reproducibility_of_jupyter_notebooks-1/data/outputs/repositorios_completos/As17-01/brain_signals/49706e10b05aa4e2867a12eb6ea507b9fae4fed1:/workspace/repo:ro -v /home/asu/reproducibility_of_jupyter_notebooks-1/data/outputs/repositorios_completos/As17-01/brain_signals/49706e10b05aa4e2867a12eb6ea507b9fae4fed1/_out/notebooks__archieve__no_embeddings__LSTMv1.ipynb:/workspace/out -e NOTEBOOK_REL_PATH=notebooks/archieve/no_embeddings/LSTMv1.ipynb -e TIMEOUT_SECONDS=300 -e PYTHON_VERSION_DECLARED=3.10 -e POLICY=strict -e NOTEBOOK_ID=8793da00610b76fc1929574a2c35880049becdc552f041aaae9ae0aa253de0e7 -e RUN_ID=1763163846024-8793da00610b76fc1929574a2c358800 notebook-executor python -m scripts.container_worker
2025-11-14 20:45:30,911 | WARNING | Docker returned 1. STDOUT/ERR tail:

 23:45:25.463532: I tensorflow/core/util/port.cc:153] oneDNN custom operations are on. You may see slightly different numerical results due to floating-point round-off errors from different computation orders. To turn them off, set the environment variable `TF_ENABLE_ONEDNN_OPTS=0`.
2025-11-14 23:45:25.509435: I tensorflow/core/platform/cpu_feature_guard.cc:210] This TensorFlow binary is optimized to use available CPU instructions in performance-critical operations.
To enable the following instructions: AVX2 AVX512F AVX512_VNNI AVX512_BF16 FMA, in other operations, rebuild TensorFlow with the appropriate compiler flags.
2025-11-14 23:45:26.520846: I tensorflow/core/util/port.cc:153] oneDNN custom operations are on. You may see slightly different numerical results due to floating-point round-off errors from different computation orders. To turn them off, set the environment variable `TF_ENABLE_ONEDNN_OPTS=0`.
2025-11-14 23:45:28,480 | INFO | Result written to /workspace/out/result.json

2025-11-14 20:45:30,921 | INFO | Usando repositório completo: /home/asu/reproducibility_of_jupyter_notebooks-1/data/outputs/repositorios_completos/As17-01/brain_signals/49706e10b05aa4e2867a12eb6ea507b9fae4fed1
2025-11-14 20:45:30,921 | INFO | Executando via Docker: image=notebook-executor nb=notebooks/archieve/no_embeddings/LSTMv2.ipynb
2025-11-14 20:45:30,922 | INFO | docker run: docker run --rm -v /home/asu/reproducibility_of_jupyter_notebooks-1/data/outputs/repositorios_completos/As17-01/brain_signals/49706e10b05aa4e2867a12eb6ea507b9fae4fed1:/workspace/repo:ro -v /home/asu/reproducibility_of_jupyter_notebooks-1/data/outputs/repositorios_completos/As17-01/brain_signals/49706e10b05aa4e2867a12eb6ea507b9fae4fed1/_out/notebooks__archieve__no_embeddings__LSTMv2.ipynb:/workspace/out -e NOTEBOOK_REL_PATH=notebooks/archieve/no_embeddings/LSTMv2.ipynb -e TIMEOUT_SECONDS=300 -e PYTHON_VERSION_DECLARED=3.10 -e POLICY=strict -e NOTEBOOK_ID=fcf4e7a0dd06a5d8057b21af8dfd1db55fb180dc35a7ed454836398e24063b09 -e RUN_ID=1763163930921-fcf4e7a0dd06a5d8057b21af8dfd1db5 notebook-executor python -m scripts.container_worker
2025-11-14 20:46:56,027 | WARNING | Docker returned 1. STDOUT/ERR tail:

 23:46:50.991282: I tensorflow/core/util/port.cc:153] oneDNN custom operations are on. You may see slightly different numerical results due to floating-point round-off errors from different computation orders. To turn them off, set the environment variable `TF_ENABLE_ONEDNN_OPTS=0`.
2025-11-14 23:46:51.035357: I tensorflow/core/platform/cpu_feature_guard.cc:210] This TensorFlow binary is optimized to use available CPU instructions in performance-critical operations.
To enable the following instructions: AVX2 AVX512F AVX512_VNNI AVX512_BF16 FMA, in other operations, rebuild TensorFlow with the appropriate compiler flags.
2025-11-14 23:46:52.013235: I tensorflow/core/util/port.cc:153] oneDNN custom operations are on. You may see slightly different numerical results due to floating-point round-off errors from different computation orders. To turn them off, set the environment variable `TF_ENABLE_ONEDNN_OPTS=0`.
2025-11-14 23:46:53,958 | INFO | Result written to /workspace/out/result.json

2025-11-14 20:46:56,039 | INFO | Usando repositório completo: /home/asu/reproducibility_of_jupyter_notebooks-1/data/outputs/repositorios_completos/As17-01/brain_signals/49706e10b05aa4e2867a12eb6ea507b9fae4fed1
2025-11-14 20:46:56,039 | INFO | Executando via Docker: image=notebook-executor nb=notebooks/archieve/no_embeddings/LSTMv2_best_increased_lr2.ipynb
2025-11-14 20:46:56,040 | INFO | docker run: docker run --rm -v /home/asu/reproducibility_of_jupyter_notebooks-1/data/outputs/repositorios_completos/As17-01/brain_signals/49706e10b05aa4e2867a12eb6ea507b9fae4fed1:/workspace/repo:ro -v /home/asu/reproducibility_of_jupyter_notebooks-1/data/outputs/repositorios_completos/As17-01/brain_signals/49706e10b05aa4e2867a12eb6ea507b9fae4fed1/_out/notebooks__archieve__no_embeddings__LSTMv2_best_increased_lr2.ipynb:/workspace/out -e NOTEBOOK_REL_PATH=notebooks/archieve/no_embeddings/LSTMv2_best_increased_lr2.ipynb -e TIMEOUT_SECONDS=300 -e PYTHON_VERSION_DECLARED=3.10 -e POLICY=strict -e NOTEBOOK_ID=d74f95ee419156d59323f59bfcaf93e59cf1c4e0b8c00440c245ceb1cc7f51c6 -e RUN_ID=1763164016039-d74f95ee419156d59323f59bfcaf93e5 notebook-executor python -m scripts.container_worker
2025-11-14 20:48:20,858 | WARNING | Docker returned 1. STDOUT/ERR tail:

 23:48:15.455378: I tensorflow/core/util/port.cc:153] oneDNN custom operations are on. You may see slightly different numerical results due to floating-point round-off errors from different computation orders. To turn them off, set the environment variable `TF_ENABLE_ONEDNN_OPTS=0`.
2025-11-14 23:48:15.499096: I tensorflow/core/platform/cpu_feature_guard.cc:210] This TensorFlow binary is optimized to use available CPU instructions in performance-critical operations.
To enable the following instructions: AVX2 AVX512F AVX512_VNNI AVX512_BF16 FMA, in other operations, rebuild TensorFlow with the appropriate compiler flags.
2025-11-14 23:48:16.496582: I tensorflow/core/util/port.cc:153] oneDNN custom operations are on. You may see slightly different numerical results due to floating-point round-off errors from different computation orders. To turn them off, set the environment variable `TF_ENABLE_ONEDNN_OPTS=0`.
2025-11-14 23:48:18,440 | INFO | Result written to /workspace/out/result.json

2025-11-14 20:48:20,870 | INFO | Usando repositório completo: /home/asu/reproducibility_of_jupyter_notebooks-1/data/outputs/repositorios_completos/As17-01/brain_signals/49706e10b05aa4e2867a12eb6ea507b9fae4fed1
2025-11-14 20:48:20,871 | INFO | Executando via Docker: image=notebook-executor nb=notebooks/archieve/no_embeddings/LSTMv2_increased_lr1.ipynb
2025-11-14 20:48:20,872 | INFO | docker run: docker run --rm -v /home/asu/reproducibility_of_jupyter_notebooks-1/data/outputs/repositorios_completos/As17-01/brain_signals/49706e10b05aa4e2867a12eb6ea507b9fae4fed1:/workspace/repo:ro -v /home/asu/reproducibility_of_jupyter_notebooks-1/data/outputs/repositorios_completos/As17-01/brain_signals/49706e10b05aa4e2867a12eb6ea507b9fae4fed1/_out/notebooks__archieve__no_embeddings__LSTMv2_increased_lr1.ipynb:/workspace/out -e NOTEBOOK_REL_PATH=notebooks/archieve/no_embeddings/LSTMv2_increased_lr1.ipynb -e TIMEOUT_SECONDS=300 -e PYTHON_VERSION_DECLARED=3.10 -e POLICY=strict -e NOTEBOOK_ID=e0fb59d28b737a21f70737824d1db46036ee5c36064fb1500b6b3875dea1642f -e RUN_ID=1763164100871-e0fb59d28b737a21f70737824d1db460 notebook-executor python -m scripts.container_worker
2025-11-14 20:49:45,454 | WARNING | Docker returned 1. STDOUT/ERR tail:

 23:49:40.000259: I tensorflow/core/util/port.cc:153] oneDNN custom operations are on. You may see slightly different numerical results due to floating-point round-off errors from different computation orders. To turn them off, set the environment variable `TF_ENABLE_ONEDNN_OPTS=0`.
2025-11-14 23:49:40.050106: I tensorflow/core/platform/cpu_feature_guard.cc:210] This TensorFlow binary is optimized to use available CPU instructions in performance-critical operations.
To enable the following instructions: AVX2 AVX512F AVX512_VNNI AVX512_BF16 FMA, in other operations, rebuild TensorFlow with the appropriate compiler flags.
2025-11-14 23:49:41.108249: I tensorflow/core/util/port.cc:153] oneDNN custom operations are on. You may see slightly different numerical results due to floating-point round-off errors from different computation orders. To turn them off, set the environment variable `TF_ENABLE_ONEDNN_OPTS=0`.
2025-11-14 23:49:43,070 | INFO | Result written to /workspace/out/result.json

2025-11-14 20:49:45,466 | INFO | Usando repositório completo: /home/asu/reproducibility_of_jupyter_notebooks-1/data/outputs/repositorios_completos/As17-01/brain_signals/49706e10b05aa4e2867a12eb6ea507b9fae4fed1
2025-11-14 20:49:45,466 | INFO | Executando via Docker: image=notebook-executor nb=notebooks/archieve/no_embeddings/LSTMv3.ipynb
2025-11-14 20:49:45,468 | INFO | docker run: docker run --rm -v /home/asu/reproducibility_of_jupyter_notebooks-1/data/outputs/repositorios_completos/As17-01/brain_signals/49706e10b05aa4e2867a12eb6ea507b9fae4fed1:/workspace/repo:ro -v /home/asu/reproducibility_of_jupyter_notebooks-1/data/outputs/repositorios_completos/As17-01/brain_signals/49706e10b05aa4e2867a12eb6ea507b9fae4fed1/_out/notebooks__archieve__no_embeddings__LSTMv3.ipynb:/workspace/out -e NOTEBOOK_REL_PATH=notebooks/archieve/no_embeddings/LSTMv3.ipynb -e TIMEOUT_SECONDS=300 -e PYTHON_VERSION_DECLARED=3.10 -e POLICY=strict -e NOTEBOOK_ID=6083cb3bb173cede18155cf8bcafa94b17ad72439490e67d6f741b21add39323 -e RUN_ID=1763164185466-6083cb3bb173cede18155cf8bcafa94b notebook-executor python -m scripts.container_worker
2025-11-14 20:51:10,160 | WARNING | Docker returned 1. STDOUT/ERR tail:

 23:51:04.763268: I tensorflow/core/util/port.cc:153] oneDNN custom operations are on. You may see slightly different numerical results due to floating-point round-off errors from different computation orders. To turn them off, set the environment variable `TF_ENABLE_ONEDNN_OPTS=0`.
2025-11-14 23:51:04.808162: I tensorflow/core/platform/cpu_feature_guard.cc:210] This TensorFlow binary is optimized to use available CPU instructions in performance-critical operations.
To enable the following instructions: AVX2 AVX512F AVX512_VNNI AVX512_BF16 FMA, in other operations, rebuild TensorFlow with the appropriate compiler flags.
2025-11-14 23:51:05.806408: I tensorflow/core/util/port.cc:153] oneDNN custom operations are on. You may see slightly different numerical results due to floating-point round-off errors from different computation orders. To turn them off, set the environment variable `TF_ENABLE_ONEDNN_OPTS=0`.
2025-11-14 23:51:07,756 | INFO | Result written to /workspace/out/result.json

2025-11-14 20:51:10,176 | INFO | Usando repositório completo: /home/asu/reproducibility_of_jupyter_notebooks-1/data/outputs/repositorios_completos/As17-01/brain_signals/49706e10b05aa4e2867a12eb6ea507b9fae4fed1
2025-11-14 20:51:10,177 | INFO | Executando via Docker: image=notebook-executor nb=notebooks/archieve/no_embeddings/LSTMv3_increased_lr1.ipynb
2025-11-14 20:51:10,178 | INFO | docker run: docker run --rm -v /home/asu/reproducibility_of_jupyter_notebooks-1/data/outputs/repositorios_completos/As17-01/brain_signals/49706e10b05aa4e2867a12eb6ea507b9fae4fed1:/workspace/repo:ro -v /home/asu/reproducibility_of_jupyter_notebooks-1/data/outputs/repositorios_completos/As17-01/brain_signals/49706e10b05aa4e2867a12eb6ea507b9fae4fed1/_out/notebooks__archieve__no_embeddings__LSTMv3_increased_lr1.ipynb:/workspace/out -e NOTEBOOK_REL_PATH=notebooks/archieve/no_embeddings/LSTMv3_increased_lr1.ipynb -e TIMEOUT_SECONDS=300 -e PYTHON_VERSION_DECLARED=3.10 -e POLICY=strict -e NOTEBOOK_ID=aba5dab3fe04ec9f214efc0c24ae0e8f3dc08bb94fd683a5d03745f4b523cfca -e RUN_ID=1763164270177-aba5dab3fe04ec9f214efc0c24ae0e8f notebook-executor python -m scripts.container_worker
2025-11-14 20:52:34,441 | WARNING | Docker returned 1. STDOUT/ERR tail:

 23:52:29.186709: I tensorflow/core/util/port.cc:153] oneDNN custom operations are on. You may see slightly different numerical results due to floating-point round-off errors from different computation orders. To turn them off, set the environment variable `TF_ENABLE_ONEDNN_OPTS=0`.
2025-11-14 23:52:29.231309: I tensorflow/core/platform/cpu_feature_guard.cc:210] This TensorFlow binary is optimized to use available CPU instructions in performance-critical operations.
To enable the following instructions: AVX2 AVX512F AVX512_VNNI AVX512_BF16 FMA, in other operations, rebuild TensorFlow with the appropriate compiler flags.
2025-11-14 23:52:30.207026: I tensorflow/core/util/port.cc:153] oneDNN custom operations are on. You may see slightly different numerical results due to floating-point round-off errors from different computation orders. To turn them off, set the environment variable `TF_ENABLE_ONEDNN_OPTS=0`.
2025-11-14 23:52:32,053 | INFO | Result written to /workspace/out/result.json

2025-11-14 20:52:34,451 | INFO | Usando repositório completo: /home/asu/reproducibility_of_jupyter_notebooks-1/data/outputs/repositorios_completos/As17-01/brain_signals/49706e10b05aa4e2867a12eb6ea507b9fae4fed1
2025-11-14 20:52:34,451 | INFO | Executando via Docker: image=notebook-executor nb=notebooks/archieve/no_embeddings/LSTMv4.ipynb
2025-11-14 20:52:34,453 | INFO | docker run: docker run --rm -v /home/asu/reproducibility_of_jupyter_notebooks-1/data/outputs/repositorios_completos/As17-01/brain_signals/49706e10b05aa4e2867a12eb6ea507b9fae4fed1:/workspace/repo:ro -v /home/asu/reproducibility_of_jupyter_notebooks-1/data/outputs/repositorios_completos/As17-01/brain_signals/49706e10b05aa4e2867a12eb6ea507b9fae4fed1/_out/notebooks__archieve__no_embeddings__LSTMv4.ipynb:/workspace/out -e NOTEBOOK_REL_PATH=notebooks/archieve/no_embeddings/LSTMv4.ipynb -e TIMEOUT_SECONDS=300 -e PYTHON_VERSION_DECLARED=3.10 -e POLICY=strict -e NOTEBOOK_ID=fcc0190b6bbc6877697f71fbd504fd6e57340f5b8b72a7890614bc23c4e7d4e3 -e RUN_ID=1763164354451-fcc0190b6bbc6877697f71fbd504fd6e notebook-executor python -m scripts.container_worker
2025-11-14 20:53:59,592 | WARNING | Docker returned 1. STDOUT/ERR tail:

 23:53:54.055337: I tensorflow/core/util/port.cc:153] oneDNN custom operations are on. You may see slightly different numerical results due to floating-point round-off errors from different computation orders. To turn them off, set the environment variable `TF_ENABLE_ONEDNN_OPTS=0`.
2025-11-14 23:53:54.111595: I tensorflow/core/platform/cpu_feature_guard.cc:210] This TensorFlow binary is optimized to use available CPU instructions in performance-critical operations.
To enable the following instructions: AVX2 AVX512F AVX512_VNNI AVX512_BF16 FMA, in other operations, rebuild TensorFlow with the appropriate compiler flags.
2025-11-14 23:53:55.171294: I tensorflow/core/util/port.cc:153] oneDNN custom operations are on. You may see slightly different numerical results due to floating-point round-off errors from different computation orders. To turn them off, set the environment variable `TF_ENABLE_ONEDNN_OPTS=0`.
2025-11-14 23:53:57,119 | INFO | Result written to /workspace/out/result.json

2025-11-14 20:53:59,606 | INFO | Usando repositório completo: /home/asu/reproducibility_of_jupyter_notebooks-1/data/outputs/repositorios_completos/As17-01/brain_signals/49706e10b05aa4e2867a12eb6ea507b9fae4fed1
2025-11-14 20:53:59,606 | INFO | Executando via Docker: image=notebook-executor nb=notebooks/archieve/no_embeddings/Linearv1.ipynb
2025-11-14 20:53:59,607 | INFO | docker run: docker run --rm -v /home/asu/reproducibility_of_jupyter_notebooks-1/data/outputs/repositorios_completos/As17-01/brain_signals/49706e10b05aa4e2867a12eb6ea507b9fae4fed1:/workspace/repo:ro -v /home/asu/reproducibility_of_jupyter_notebooks-1/data/outputs/repositorios_completos/As17-01/brain_signals/49706e10b05aa4e2867a12eb6ea507b9fae4fed1/_out/notebooks__archieve__no_embeddings__Linearv1.ipynb:/workspace/out -e NOTEBOOK_REL_PATH=notebooks/archieve/no_embeddings/Linearv1.ipynb -e TIMEOUT_SECONDS=300 -e PYTHON_VERSION_DECLARED=3.10 -e POLICY=strict -e NOTEBOOK_ID=34fb732f7d5898429cb47feedb7fecc85e791d8ac101823b9d733f3ea0342dfe -e RUN_ID=1763164439606-34fb732f7d5898429cb47feedb7fecc8 notebook-executor python -m scripts.container_worker
2025-11-14 20:55:25,188 | WARNING | Docker returned 1. STDOUT/ERR tail:

 23:55:19.746824: I tensorflow/core/util/port.cc:153] oneDNN custom operations are on. You may see slightly different numerical results due to floating-point round-off errors from different computation orders. To turn them off, set the environment variable `TF_ENABLE_ONEDNN_OPTS=0`.
2025-11-14 23:55:19.792500: I tensorflow/core/platform/cpu_feature_guard.cc:210] This TensorFlow binary is optimized to use available CPU instructions in performance-critical operations.
To enable the following instructions: AVX2 AVX512F AVX512_VNNI AVX512_BF16 FMA, in other operations, rebuild TensorFlow with the appropriate compiler flags.
2025-11-14 23:55:20.785144: I tensorflow/core/util/port.cc:153] oneDNN custom operations are on. You may see slightly different numerical results due to floating-point round-off errors from different computation orders. To turn them off, set the environment variable `TF_ENABLE_ONEDNN_OPTS=0`.
2025-11-14 23:55:22,741 | INFO | Result written to /workspace/out/result.json

2025-11-14 20:55:25,202 | INFO | Usando repositório completo: /home/asu/reproducibility_of_jupyter_notebooks-1/data/outputs/repositorios_completos/As17-01/brain_signals/49706e10b05aa4e2867a12eb6ea507b9fae4fed1
2025-11-14 20:55:25,202 | INFO | Executando via Docker: image=notebook-executor nb=notebooks/archieve/no_embeddings/Linearv2_best.ipynb
2025-11-14 20:55:25,203 | INFO | docker run: docker run --rm -v /home/asu/reproducibility_of_jupyter_notebooks-1/data/outputs/repositorios_completos/As17-01/brain_signals/49706e10b05aa4e2867a12eb6ea507b9fae4fed1:/workspace/repo:ro -v /home/asu/reproducibility_of_jupyter_notebooks-1/data/outputs/repositorios_completos/As17-01/brain_signals/49706e10b05aa4e2867a12eb6ea507b9fae4fed1/_out/notebooks__archieve__no_embeddings__Linearv2_best.ipynb:/workspace/out -e NOTEBOOK_REL_PATH=notebooks/archieve/no_embeddings/Linearv2_best.ipynb -e TIMEOUT_SECONDS=300 -e PYTHON_VERSION_DECLARED=3.10 -e POLICY=strict -e NOTEBOOK_ID=2d0f7edde87e924d52926d1ac7f612ec2c933f69ac6fdb468236b4f5632d40e9 -e RUN_ID=1763164525202-2d0f7edde87e924d52926d1ac7f612ec notebook-executor python -m scripts.container_worker
2025-11-14 20:56:50,029 | WARNING | Docker returned 1. STDOUT/ERR tail:

 23:56:45.020494: I tensorflow/core/util/port.cc:153] oneDNN custom operations are on. You may see slightly different numerical results due to floating-point round-off errors from different computation orders. To turn them off, set the environment variable `TF_ENABLE_ONEDNN_OPTS=0`.
2025-11-14 23:56:45.066547: I tensorflow/core/platform/cpu_feature_guard.cc:210] This TensorFlow binary is optimized to use available CPU instructions in performance-critical operations.
To enable the following instructions: AVX2 AVX512F AVX512_VNNI AVX512_BF16 FMA, in other operations, rebuild TensorFlow with the appropriate compiler flags.
2025-11-14 23:56:46.062682: I tensorflow/core/util/port.cc:153] oneDNN custom operations are on. You may see slightly different numerical results due to floating-point round-off errors from different computation orders. To turn them off, set the environment variable `TF_ENABLE_ONEDNN_OPTS=0`.
2025-11-14 23:56:48,022 | INFO | Result written to /workspace/out/result.json

2025-11-14 20:56:50,038 | INFO | Usando repositório completo: /home/asu/reproducibility_of_jupyter_notebooks-1/data/outputs/repositorios_completos/As17-01/brain_signals/49706e10b05aa4e2867a12eb6ea507b9fae4fed1
2025-11-14 20:56:50,038 | INFO | Executando via Docker: image=notebook-executor nb=notebooks/archieve/no_embeddings/Liquidv1.ipynb
2025-11-14 20:56:50,039 | INFO | docker run: docker run --rm -v /home/asu/reproducibility_of_jupyter_notebooks-1/data/outputs/repositorios_completos/As17-01/brain_signals/49706e10b05aa4e2867a12eb6ea507b9fae4fed1:/workspace/repo:ro -v /home/asu/reproducibility_of_jupyter_notebooks-1/data/outputs/repositorios_completos/As17-01/brain_signals/49706e10b05aa4e2867a12eb6ea507b9fae4fed1/_out/notebooks__archieve__no_embeddings__Liquidv1.ipynb:/workspace/out -e NOTEBOOK_REL_PATH=notebooks/archieve/no_embeddings/Liquidv1.ipynb -e TIMEOUT_SECONDS=300 -e PYTHON_VERSION_DECLARED=3.10 -e POLICY=strict -e NOTEBOOK_ID=8af5c26ef845c258c58dd2e5925cf175da9c18e9ce5b1a3a61e01f5791a65be1 -e RUN_ID=1763164610038-8af5c26ef845c258c58dd2e5925cf175 notebook-executor python -m scripts.container_worker
2025-11-14 20:58:14,270 | WARNING | Docker returned 1. STDOUT/ERR tail:

 23:58:08.765831: I tensorflow/core/util/port.cc:153] oneDNN custom operations are on. You may see slightly different numerical results due to floating-point round-off errors from different computation orders. To turn them off, set the environment variable `TF_ENABLE_ONEDNN_OPTS=0`.
2025-11-14 23:58:08.813361: I tensorflow/core/platform/cpu_feature_guard.cc:210] This TensorFlow binary is optimized to use available CPU instructions in performance-critical operations.
To enable the following instructions: AVX2 AVX512F AVX512_VNNI AVX512_BF16 FMA, in other operations, rebuild TensorFlow with the appropriate compiler flags.
2025-11-14 23:58:09.823891: I tensorflow/core/util/port.cc:153] oneDNN custom operations are on. You may see slightly different numerical results due to floating-point round-off errors from different computation orders. To turn them off, set the environment variable `TF_ENABLE_ONEDNN_OPTS=0`.
2025-11-14 23:58:11,830 | INFO | Result written to /workspace/out/result.json

2025-11-14 20:58:14,282 | INFO | Usando repositório completo: /home/asu/reproducibility_of_jupyter_notebooks-1/data/outputs/repositorios_completos/As17-01/brain_signals/49706e10b05aa4e2867a12eb6ea507b9fae4fed1
2025-11-14 20:58:14,282 | INFO | Executando via Docker: image=notebook-executor nb=notebooks/archieve/no_embeddings/Liquidv2.ipynb
2025-11-14 20:58:14,283 | INFO | docker run: docker run --rm -v /home/asu/reproducibility_of_jupyter_notebooks-1/data/outputs/repositorios_completos/As17-01/brain_signals/49706e10b05aa4e2867a12eb6ea507b9fae4fed1:/workspace/repo:ro -v /home/asu/reproducibility_of_jupyter_notebooks-1/data/outputs/repositorios_completos/As17-01/brain_signals/49706e10b05aa4e2867a12eb6ea507b9fae4fed1/_out/notebooks__archieve__no_embeddings__Liquidv2.ipynb:/workspace/out -e NOTEBOOK_REL_PATH=notebooks/archieve/no_embeddings/Liquidv2.ipynb -e TIMEOUT_SECONDS=300 -e PYTHON_VERSION_DECLARED=3.10 -e POLICY=strict -e NOTEBOOK_ID=8b8926a16ba6fef4a0d08f89670530c7707662a07557469aa152255a8170118b -e RUN_ID=1763164694282-8b8926a16ba6fef4a0d08f89670530c7 notebook-executor python -m scripts.container_worker
2025-11-14 20:59:38,943 | WARNING | Docker returned 1. STDOUT/ERR tail:

 23:59:33.308190: I tensorflow/core/util/port.cc:153] oneDNN custom operations are on. You may see slightly different numerical results due to floating-point round-off errors from different computation orders. To turn them off, set the environment variable `TF_ENABLE_ONEDNN_OPTS=0`.
2025-11-14 23:59:33.352997: I tensorflow/core/platform/cpu_feature_guard.cc:210] This TensorFlow binary is optimized to use available CPU instructions in performance-critical operations.
To enable the following instructions: AVX2 AVX512F AVX512_VNNI AVX512_BF16 FMA, in other operations, rebuild TensorFlow with the appropriate compiler flags.
2025-11-14 23:59:34.405013: I tensorflow/core/util/port.cc:153] oneDNN custom operations are on. You may see slightly different numerical results due to floating-point round-off errors from different computation orders. To turn them off, set the environment variable `TF_ENABLE_ONEDNN_OPTS=0`.
2025-11-14 23:59:36,463 | INFO | Result written to /workspace/out/result.json

2025-11-14 20:59:38,953 | INFO | Usando repositório completo: /home/asu/reproducibility_of_jupyter_notebooks-1/data/outputs/repositorios_completos/As17-01/brain_signals/49706e10b05aa4e2867a12eb6ea507b9fae4fed1
2025-11-14 20:59:38,954 | INFO | Executando via Docker: image=notebook-executor nb=notebooks/archieve/no_embeddings/Liquidv3.ipynb
2025-11-14 20:59:38,955 | INFO | docker run: docker run --rm -v /home/asu/reproducibility_of_jupyter_notebooks-1/data/outputs/repositorios_completos/As17-01/brain_signals/49706e10b05aa4e2867a12eb6ea507b9fae4fed1:/workspace/repo:ro -v /home/asu/reproducibility_of_jupyter_notebooks-1/data/outputs/repositorios_completos/As17-01/brain_signals/49706e10b05aa4e2867a12eb6ea507b9fae4fed1/_out/notebooks__archieve__no_embeddings__Liquidv3.ipynb:/workspace/out -e NOTEBOOK_REL_PATH=notebooks/archieve/no_embeddings/Liquidv3.ipynb -e TIMEOUT_SECONDS=300 -e PYTHON_VERSION_DECLARED=3.10 -e POLICY=strict -e NOTEBOOK_ID=319afdadf0b8cedfeb252b1a99d8f9d09fe4eaae35c9f19357fae8f5627cac6c -e RUN_ID=1763164778954-319afdadf0b8cedfeb252b1a99d8f9d0 notebook-executor python -m scripts.container_worker
2025-11-14 21:01:04,033 | WARNING | Docker returned 1. STDOUT/ERR tail:

 00:00:58.988871: I tensorflow/core/util/port.cc:153] oneDNN custom operations are on. You may see slightly different numerical results due to floating-point round-off errors from different computation orders. To turn them off, set the environment variable `TF_ENABLE_ONEDNN_OPTS=0`.
2025-11-15 00:00:59.033223: I tensorflow/core/platform/cpu_feature_guard.cc:210] This TensorFlow binary is optimized to use available CPU instructions in performance-critical operations.
To enable the following instructions: AVX2 AVX512F AVX512_VNNI AVX512_BF16 FMA, in other operations, rebuild TensorFlow with the appropriate compiler flags.
2025-11-15 00:01:00.029189: I tensorflow/core/util/port.cc:153] oneDNN custom operations are on. You may see slightly different numerical results due to floating-point round-off errors from different computation orders. To turn them off, set the environment variable `TF_ENABLE_ONEDNN_OPTS=0`.
2025-11-15 00:01:01,962 | INFO | Result written to /workspace/out/result.json

2025-11-14 21:01:04,046 | INFO | Usando repositório completo: /home/asu/reproducibility_of_jupyter_notebooks-1/data/outputs/repositorios_completos/As17-01/brain_signals/49706e10b05aa4e2867a12eb6ea507b9fae4fed1
2025-11-14 21:01:04,047 | INFO | Executando via Docker: image=notebook-executor nb=notebooks/archieve/no_embeddings/Liquidv4.ipynb
2025-11-14 21:01:04,047 | INFO | docker run: docker run --rm -v /home/asu/reproducibility_of_jupyter_notebooks-1/data/outputs/repositorios_completos/As17-01/brain_signals/49706e10b05aa4e2867a12eb6ea507b9fae4fed1:/workspace/repo:ro -v /home/asu/reproducibility_of_jupyter_notebooks-1/data/outputs/repositorios_completos/As17-01/brain_signals/49706e10b05aa4e2867a12eb6ea507b9fae4fed1/_out/notebooks__archieve__no_embeddings__Liquidv4.ipynb:/workspace/out -e NOTEBOOK_REL_PATH=notebooks/archieve/no_embeddings/Liquidv4.ipynb -e TIMEOUT_SECONDS=300 -e PYTHON_VERSION_DECLARED=3.10 -e POLICY=strict -e NOTEBOOK_ID=787efcdbd65e2e3ad455138697d80f06d836cc20decdb1e18bb23e18bdf15f77 -e RUN_ID=1763164864047-787efcdbd65e2e3ad455138697d80f06 notebook-executor python -m scripts.container_worker
2025-11-14 21:02:28,799 | WARNING | Docker returned 1. STDOUT/ERR tail:

 00:02:23.379464: I tensorflow/core/util/port.cc:153] oneDNN custom operations are on. You may see slightly different numerical results due to floating-point round-off errors from different computation orders. To turn them off, set the environment variable `TF_ENABLE_ONEDNN_OPTS=0`.
2025-11-15 00:02:23.428512: I tensorflow/core/platform/cpu_feature_guard.cc:210] This TensorFlow binary is optimized to use available CPU instructions in performance-critical operations.
To enable the following instructions: AVX2 AVX512F AVX512_VNNI AVX512_BF16 FMA, in other operations, rebuild TensorFlow with the appropriate compiler flags.
2025-11-15 00:02:24.407688: I tensorflow/core/util/port.cc:153] oneDNN custom operations are on. You may see slightly different numerical results due to floating-point round-off errors from different computation orders. To turn them off, set the environment variable `TF_ENABLE_ONEDNN_OPTS=0`.
2025-11-15 00:02:26,363 | INFO | Result written to /workspace/out/result.json

2025-11-14 21:02:28,809 | INFO | Usando repositório completo: /home/asu/reproducibility_of_jupyter_notebooks-1/data/outputs/repositorios_completos/As17-01/brain_signals/49706e10b05aa4e2867a12eb6ea507b9fae4fed1
2025-11-14 21:02:28,809 | INFO | Executando via Docker: image=notebook-executor nb=notebooks/archieve/no_embeddings/Liquidv5.ipynb
2025-11-14 21:02:28,809 | INFO | docker run: docker run --rm -v /home/asu/reproducibility_of_jupyter_notebooks-1/data/outputs/repositorios_completos/As17-01/brain_signals/49706e10b05aa4e2867a12eb6ea507b9fae4fed1:/workspace/repo:ro -v /home/asu/reproducibility_of_jupyter_notebooks-1/data/outputs/repositorios_completos/As17-01/brain_signals/49706e10b05aa4e2867a12eb6ea507b9fae4fed1/_out/notebooks__archieve__no_embeddings__Liquidv5.ipynb:/workspace/out -e NOTEBOOK_REL_PATH=notebooks/archieve/no_embeddings/Liquidv5.ipynb -e TIMEOUT_SECONDS=300 -e PYTHON_VERSION_DECLARED=3.10 -e POLICY=strict -e NOTEBOOK_ID=1e0edd92019f981a5f39f24a9b8678d63e37a5fc6efe40183fafff16fd019a96 -e RUN_ID=1763164948809-1e0edd92019f981a5f39f24a9b8678d6 notebook-executor python -m scripts.container_worker
2025-11-14 21:03:53,349 | WARNING | Docker returned 1. STDOUT/ERR tail:

 00:03:47.967649: I tensorflow/core/util/port.cc:153] oneDNN custom operations are on. You may see slightly different numerical results due to floating-point round-off errors from different computation orders. To turn them off, set the environment variable `TF_ENABLE_ONEDNN_OPTS=0`.
2025-11-15 00:03:48.011643: I tensorflow/core/platform/cpu_feature_guard.cc:210] This TensorFlow binary is optimized to use available CPU instructions in performance-critical operations.
To enable the following instructions: AVX2 AVX512F AVX512_VNNI AVX512_BF16 FMA, in other operations, rebuild TensorFlow with the appropriate compiler flags.
2025-11-15 00:03:49.012162: I tensorflow/core/util/port.cc:153] oneDNN custom operations are on. You may see slightly different numerical results due to floating-point round-off errors from different computation orders. To turn them off, set the environment variable `TF_ENABLE_ONEDNN_OPTS=0`.
2025-11-15 00:03:50,952 | INFO | Result written to /workspace/out/result.json

2025-11-14 21:03:53,359 | INFO | Usando repositório completo: /home/asu/reproducibility_of_jupyter_notebooks-1/data/outputs/repositorios_completos/As17-01/brain_signals/49706e10b05aa4e2867a12eb6ea507b9fae4fed1
2025-11-14 21:03:53,359 | INFO | Executando via Docker: image=notebook-executor nb=notebooks/archieve/no_embeddings/Liquidv6.ipynb
2025-11-14 21:03:53,360 | INFO | docker run: docker run --rm -v /home/asu/reproducibility_of_jupyter_notebooks-1/data/outputs/repositorios_completos/As17-01/brain_signals/49706e10b05aa4e2867a12eb6ea507b9fae4fed1:/workspace/repo:ro -v /home/asu/reproducibility_of_jupyter_notebooks-1/data/outputs/repositorios_completos/As17-01/brain_signals/49706e10b05aa4e2867a12eb6ea507b9fae4fed1/_out/notebooks__archieve__no_embeddings__Liquidv6.ipynb:/workspace/out -e NOTEBOOK_REL_PATH=notebooks/archieve/no_embeddings/Liquidv6.ipynb -e TIMEOUT_SECONDS=300 -e PYTHON_VERSION_DECLARED=3.10 -e POLICY=strict -e NOTEBOOK_ID=93fa3b4b3a9d7b9c59e7503d672c7383861fa2b068bef29a37b8c97ecbac5b1f -e RUN_ID=1763165033360-93fa3b4b3a9d7b9c59e7503d672c7383 notebook-executor python -m scripts.container_worker
2025-11-14 21:05:18,335 | WARNING | Docker returned 1. STDOUT/ERR tail:

 00:05:12.951558: I tensorflow/core/util/port.cc:153] oneDNN custom operations are on. You may see slightly different numerical results due to floating-point round-off errors from different computation orders. To turn them off, set the environment variable `TF_ENABLE_ONEDNN_OPTS=0`.
2025-11-15 00:05:12.997278: I tensorflow/core/platform/cpu_feature_guard.cc:210] This TensorFlow binary is optimized to use available CPU instructions in performance-critical operations.
To enable the following instructions: AVX2 AVX512F AVX512_VNNI AVX512_BF16 FMA, in other operations, rebuild TensorFlow with the appropriate compiler flags.
2025-11-15 00:05:14.083867: I tensorflow/core/util/port.cc:153] oneDNN custom operations are on. You may see slightly different numerical results due to floating-point round-off errors from different computation orders. To turn them off, set the environment variable `TF_ENABLE_ONEDNN_OPTS=0`.
2025-11-15 00:05:16,196 | INFO | Result written to /workspace/out/result.json

2025-11-14 21:05:18,348 | INFO | Usando repositório completo: /home/asu/reproducibility_of_jupyter_notebooks-1/data/outputs/repositorios_completos/As17-01/brain_signals/49706e10b05aa4e2867a12eb6ea507b9fae4fed1
2025-11-14 21:05:18,348 | INFO | Executando via Docker: image=notebook-executor nb=notebooks/archieve/no_embeddings/Liquidv6_increased_lr1.ipynb
2025-11-14 21:05:18,349 | INFO | docker run: docker run --rm -v /home/asu/reproducibility_of_jupyter_notebooks-1/data/outputs/repositorios_completos/As17-01/brain_signals/49706e10b05aa4e2867a12eb6ea507b9fae4fed1:/workspace/repo:ro -v /home/asu/reproducibility_of_jupyter_notebooks-1/data/outputs/repositorios_completos/As17-01/brain_signals/49706e10b05aa4e2867a12eb6ea507b9fae4fed1/_out/notebooks__archieve__no_embeddings__Liquidv6_increased_lr1.ipynb:/workspace/out -e NOTEBOOK_REL_PATH=notebooks/archieve/no_embeddings/Liquidv6_increased_lr1.ipynb -e TIMEOUT_SECONDS=300 -e PYTHON_VERSION_DECLARED=3.10 -e POLICY=strict -e NOTEBOOK_ID=48dbfb23866b86291da8ae632d9ab73501fccbb83dfb0853add108e1b544edd4 -e RUN_ID=1763165118348-48dbfb23866b86291da8ae632d9ab735 notebook-executor python -m scripts.container_worker
2025-11-14 21:06:43,267 | WARNING | Docker returned 1. STDOUT/ERR tail:

 00:06:38.068449: I tensorflow/core/util/port.cc:153] oneDNN custom operations are on. You may see slightly different numerical results due to floating-point round-off errors from different computation orders. To turn them off, set the environment variable `TF_ENABLE_ONEDNN_OPTS=0`.
2025-11-15 00:06:38.114662: I tensorflow/core/platform/cpu_feature_guard.cc:210] This TensorFlow binary is optimized to use available CPU instructions in performance-critical operations.
To enable the following instructions: AVX2 AVX512F AVX512_VNNI AVX512_BF16 FMA, in other operations, rebuild TensorFlow with the appropriate compiler flags.
2025-11-15 00:06:39.123132: I tensorflow/core/util/port.cc:153] oneDNN custom operations are on. You may see slightly different numerical results due to floating-point round-off errors from different computation orders. To turn them off, set the environment variable `TF_ENABLE_ONEDNN_OPTS=0`.
2025-11-15 00:06:41,179 | INFO | Result written to /workspace/out/result.json

2025-11-14 21:06:43,275 | INFO | Usando repositório completo: /home/asu/reproducibility_of_jupyter_notebooks-1/data/outputs/repositorios_completos/As17-01/brain_signals/49706e10b05aa4e2867a12eb6ea507b9fae4fed1
2025-11-14 21:06:43,276 | INFO | Executando via Docker: image=notebook-executor nb=notebooks/archieve/no_embeddings/Liquidv7.ipynb
2025-11-14 21:06:43,277 | INFO | docker run: docker run --rm -v /home/asu/reproducibility_of_jupyter_notebooks-1/data/outputs/repositorios_completos/As17-01/brain_signals/49706e10b05aa4e2867a12eb6ea507b9fae4fed1:/workspace/repo:ro -v /home/asu/reproducibility_of_jupyter_notebooks-1/data/outputs/repositorios_completos/As17-01/brain_signals/49706e10b05aa4e2867a12eb6ea507b9fae4fed1/_out/notebooks__archieve__no_embeddings__Liquidv7.ipynb:/workspace/out -e NOTEBOOK_REL_PATH=notebooks/archieve/no_embeddings/Liquidv7.ipynb -e TIMEOUT_SECONDS=300 -e PYTHON_VERSION_DECLARED=3.10 -e POLICY=strict -e NOTEBOOK_ID=e3c2a871e836ad608806038a80af2c89bdb264256a8d31c7cb63e8b0fc449979 -e RUN_ID=1763165203276-e3c2a871e836ad608806038a80af2c89 notebook-executor python -m scripts.container_worker
2025-11-14 21:08:07,623 | WARNING | Docker returned 1. STDOUT/ERR tail:

 00:08:02.156064: I tensorflow/core/util/port.cc:153] oneDNN custom operations are on. You may see slightly different numerical results due to floating-point round-off errors from different computation orders. To turn them off, set the environment variable `TF_ENABLE_ONEDNN_OPTS=0`.
2025-11-15 00:08:02.205723: I tensorflow/core/platform/cpu_feature_guard.cc:210] This TensorFlow binary is optimized to use available CPU instructions in performance-critical operations.
To enable the following instructions: AVX2 AVX512F AVX512_VNNI AVX512_BF16 FMA, in other operations, rebuild TensorFlow with the appropriate compiler flags.
2025-11-15 00:08:03.189215: I tensorflow/core/util/port.cc:153] oneDNN custom operations are on. You may see slightly different numerical results due to floating-point round-off errors from different computation orders. To turn them off, set the environment variable `TF_ENABLE_ONEDNN_OPTS=0`.
2025-11-15 00:08:05,134 | INFO | Result written to /workspace/out/result.json

2025-11-14 21:08:07,635 | INFO | Usando repositório completo: /home/asu/reproducibility_of_jupyter_notebooks-1/data/outputs/repositorios_completos/As17-01/brain_signals/49706e10b05aa4e2867a12eb6ea507b9fae4fed1
2025-11-14 21:08:07,635 | INFO | Executando via Docker: image=notebook-executor nb=notebooks/archieve/no_embeddings/Liquidv8.ipynb
2025-11-14 21:08:07,638 | INFO | docker run: docker run --rm -v /home/asu/reproducibility_of_jupyter_notebooks-1/data/outputs/repositorios_completos/As17-01/brain_signals/49706e10b05aa4e2867a12eb6ea507b9fae4fed1:/workspace/repo:ro -v /home/asu/reproducibility_of_jupyter_notebooks-1/data/outputs/repositorios_completos/As17-01/brain_signals/49706e10b05aa4e2867a12eb6ea507b9fae4fed1/_out/notebooks__archieve__no_embeddings__Liquidv8.ipynb:/workspace/out -e NOTEBOOK_REL_PATH=notebooks/archieve/no_embeddings/Liquidv8.ipynb -e TIMEOUT_SECONDS=300 -e PYTHON_VERSION_DECLARED=3.10 -e POLICY=strict -e NOTEBOOK_ID=777891b226d9fd2977b195a3d91c2399899efbb2da9edb385d8a166f4c1b903c -e RUN_ID=1763165287636-777891b226d9fd2977b195a3d91c2399 notebook-executor python -m scripts.container_worker
2025-11-14 21:09:31,483 | WARNING | Docker returned 1. STDOUT/ERR tail:

 00:09:26.222714: I tensorflow/core/util/port.cc:153] oneDNN custom operations are on. You may see slightly different numerical results due to floating-point round-off errors from different computation orders. To turn them off, set the environment variable `TF_ENABLE_ONEDNN_OPTS=0`.
2025-11-15 00:09:26.266825: I tensorflow/core/platform/cpu_feature_guard.cc:210] This TensorFlow binary is optimized to use available CPU instructions in performance-critical operations.
To enable the following instructions: AVX2 AVX512F AVX512_VNNI AVX512_BF16 FMA, in other operations, rebuild TensorFlow with the appropriate compiler flags.
2025-11-15 00:09:27.260772: I tensorflow/core/util/port.cc:153] oneDNN custom operations are on. You may see slightly different numerical results due to floating-point round-off errors from different computation orders. To turn them off, set the environment variable `TF_ENABLE_ONEDNN_OPTS=0`.
2025-11-15 00:09:29,109 | INFO | Result written to /workspace/out/result.json

2025-11-14 21:09:31,495 | INFO | Usando repositório completo: /home/asu/reproducibility_of_jupyter_notebooks-1/data/outputs/repositorios_completos/As17-01/brain_signals/49706e10b05aa4e2867a12eb6ea507b9fae4fed1
2025-11-14 21:09:31,496 | INFO | Executando via Docker: image=notebook-executor nb=notebooks/archieve/no_embeddings/Liquidv8_best_increased_lr2.ipynb
2025-11-14 21:09:31,496 | INFO | docker run: docker run --rm -v /home/asu/reproducibility_of_jupyter_notebooks-1/data/outputs/repositorios_completos/As17-01/brain_signals/49706e10b05aa4e2867a12eb6ea507b9fae4fed1:/workspace/repo:ro -v /home/asu/reproducibility_of_jupyter_notebooks-1/data/outputs/repositorios_completos/As17-01/brain_signals/49706e10b05aa4e2867a12eb6ea507b9fae4fed1/_out/notebooks__archieve__no_embeddings__Liquidv8_best_increased_lr2.ipynb:/workspace/out -e NOTEBOOK_REL_PATH=notebooks/archieve/no_embeddings/Liquidv8_best_increased_lr2.ipynb -e TIMEOUT_SECONDS=300 -e PYTHON_VERSION_DECLARED=3.10 -e POLICY=strict -e NOTEBOOK_ID=ab198cea05d51881437b0317e4b271f272b51c2d3777e88ded5f92d069759353 -e RUN_ID=1763165371496-ab198cea05d51881437b0317e4b271f2 notebook-executor python -m scripts.container_worker
2025-11-14 21:10:56,103 | WARNING | Docker returned 1. STDOUT/ERR tail:

 00:10:50.652113: I tensorflow/core/util/port.cc:153] oneDNN custom operations are on. You may see slightly different numerical results due to floating-point round-off errors from different computation orders. To turn them off, set the environment variable `TF_ENABLE_ONEDNN_OPTS=0`.
2025-11-15 00:10:50.697953: I tensorflow/core/platform/cpu_feature_guard.cc:210] This TensorFlow binary is optimized to use available CPU instructions in performance-critical operations.
To enable the following instructions: AVX2 AVX512F AVX512_VNNI AVX512_BF16 FMA, in other operations, rebuild TensorFlow with the appropriate compiler flags.
2025-11-15 00:10:51.763233: I tensorflow/core/util/port.cc:153] oneDNN custom operations are on. You may see slightly different numerical results due to floating-point round-off errors from different computation orders. To turn them off, set the environment variable `TF_ENABLE_ONEDNN_OPTS=0`.
2025-11-15 00:10:53,758 | INFO | Result written to /workspace/out/result.json

2025-11-14 21:10:56,118 | INFO | Usando repositório completo: /home/asu/reproducibility_of_jupyter_notebooks-1/data/outputs/repositorios_completos/As17-01/brain_signals/49706e10b05aa4e2867a12eb6ea507b9fae4fed1
2025-11-14 21:10:56,118 | INFO | Executando via Docker: image=notebook-executor nb=notebooks/archieve/no_embeddings/Liquidv8_increased_lr1.ipynb
2025-11-14 21:10:56,119 | INFO | docker run: docker run --rm -v /home/asu/reproducibility_of_jupyter_notebooks-1/data/outputs/repositorios_completos/As17-01/brain_signals/49706e10b05aa4e2867a12eb6ea507b9fae4fed1:/workspace/repo:ro -v /home/asu/reproducibility_of_jupyter_notebooks-1/data/outputs/repositorios_completos/As17-01/brain_signals/49706e10b05aa4e2867a12eb6ea507b9fae4fed1/_out/notebooks__archieve__no_embeddings__Liquidv8_increased_lr1.ipynb:/workspace/out -e NOTEBOOK_REL_PATH=notebooks/archieve/no_embeddings/Liquidv8_increased_lr1.ipynb -e TIMEOUT_SECONDS=300 -e PYTHON_VERSION_DECLARED=3.10 -e POLICY=strict -e NOTEBOOK_ID=356e0a3330c5fd4bb5d5dc5296c0371fa52df77e2d6c54d00a93783c3bb3cb73 -e RUN_ID=1763165456119-356e0a3330c5fd4bb5d5dc5296c0371f notebook-executor python -m scripts.container_worker
2025-11-14 21:12:21,080 | WARNING | Docker returned 1. STDOUT/ERR tail:

 00:12:15.906576: I tensorflow/core/util/port.cc:153] oneDNN custom operations are on. You may see slightly different numerical results due to floating-point round-off errors from different computation orders. To turn them off, set the environment variable `TF_ENABLE_ONEDNN_OPTS=0`.
2025-11-15 00:12:15.952351: I tensorflow/core/platform/cpu_feature_guard.cc:210] This TensorFlow binary is optimized to use available CPU instructions in performance-critical operations.
To enable the following instructions: AVX2 AVX512F AVX512_VNNI AVX512_BF16 FMA, in other operations, rebuild TensorFlow with the appropriate compiler flags.
2025-11-15 00:12:16.931684: I tensorflow/core/util/port.cc:153] oneDNN custom operations are on. You may see slightly different numerical results due to floating-point round-off errors from different computation orders. To turn them off, set the environment variable `TF_ENABLE_ONEDNN_OPTS=0`.
2025-11-15 00:12:18,898 | INFO | Result written to /workspace/out/result.json

2025-11-14 21:12:21,091 | INFO | Usando repositório completo: /home/asu/reproducibility_of_jupyter_notebooks-1/data/outputs/repositorios_completos/As17-01/brain_signals/49706e10b05aa4e2867a12eb6ea507b9fae4fed1
2025-11-14 21:12:21,091 | INFO | Executando via Docker: image=notebook-executor nb=notebooks/archieve/no_embeddings/Liquidv9_increased_lr1.ipynb
2025-11-14 21:12:21,092 | INFO | docker run: docker run --rm -v /home/asu/reproducibility_of_jupyter_notebooks-1/data/outputs/repositorios_completos/As17-01/brain_signals/49706e10b05aa4e2867a12eb6ea507b9fae4fed1:/workspace/repo:ro -v /home/asu/reproducibility_of_jupyter_notebooks-1/data/outputs/repositorios_completos/As17-01/brain_signals/49706e10b05aa4e2867a12eb6ea507b9fae4fed1/_out/notebooks__archieve__no_embeddings__Liquidv9_increased_lr1.ipynb:/workspace/out -e NOTEBOOK_REL_PATH=notebooks/archieve/no_embeddings/Liquidv9_increased_lr1.ipynb -e TIMEOUT_SECONDS=300 -e PYTHON_VERSION_DECLARED=3.10 -e POLICY=strict -e NOTEBOOK_ID=e5ad320e727e434d9f634109927e5ca613614a6ae7525f7c7df869ee0a438ec6 -e RUN_ID=1763165541092-e5ad320e727e434d9f634109927e5ca6 notebook-executor python -m scripts.container_worker
2025-11-14 21:13:45,792 | WARNING | Docker returned 1. STDOUT/ERR tail:

 00:13:39.626477: I tensorflow/core/util/port.cc:153] oneDNN custom operations are on. You may see slightly different numerical results due to floating-point round-off errors from different computation orders. To turn them off, set the environment variable `TF_ENABLE_ONEDNN_OPTS=0`.
2025-11-15 00:13:39.675345: I tensorflow/core/platform/cpu_feature_guard.cc:210] This TensorFlow binary is optimized to use available CPU instructions in performance-critical operations.
To enable the following instructions: AVX2 AVX512F AVX512_VNNI AVX512_BF16 FMA, in other operations, rebuild TensorFlow with the appropriate compiler flags.
2025-11-15 00:13:40.683402: I tensorflow/core/util/port.cc:153] oneDNN custom operations are on. You may see slightly different numerical results due to floating-point round-off errors from different computation orders. To turn them off, set the environment variable `TF_ENABLE_ONEDNN_OPTS=0`.
2025-11-15 00:13:42,749 | INFO | Result written to /workspace/out/result.json

2025-11-14 21:13:45,802 | INFO | Usando repositório completo: /home/asu/reproducibility_of_jupyter_notebooks-1/data/outputs/repositorios_completos/As17-01/brain_signals/49706e10b05aa4e2867a12eb6ea507b9fae4fed1
2025-11-14 21:13:45,803 | INFO | Executando via Docker: image=notebook-executor nb=notebooks/archieve/no_embeddings/Liquidv9_increased_lr2.ipynb
2025-11-14 21:13:45,804 | INFO | docker run: docker run --rm -v /home/asu/reproducibility_of_jupyter_notebooks-1/data/outputs/repositorios_completos/As17-01/brain_signals/49706e10b05aa4e2867a12eb6ea507b9fae4fed1:/workspace/repo:ro -v /home/asu/reproducibility_of_jupyter_notebooks-1/data/outputs/repositorios_completos/As17-01/brain_signals/49706e10b05aa4e2867a12eb6ea507b9fae4fed1/_out/notebooks__archieve__no_embeddings__Liquidv9_increased_lr2.ipynb:/workspace/out -e NOTEBOOK_REL_PATH=notebooks/archieve/no_embeddings/Liquidv9_increased_lr2.ipynb -e TIMEOUT_SECONDS=300 -e PYTHON_VERSION_DECLARED=3.10 -e POLICY=strict -e NOTEBOOK_ID=0ec8bfe73a6e8831e70a8cd691d2678ec60836c521104f7fd18ddca552f7c80c -e RUN_ID=1763165625803-0ec8bfe73a6e8831e70a8cd691d2678e notebook-executor python -m scripts.container_worker
2025-11-14 21:15:10,302 | WARNING | Docker returned 1. STDOUT/ERR tail:

 00:15:05.261503: I tensorflow/core/util/port.cc:153] oneDNN custom operations are on. You may see slightly different numerical results due to floating-point round-off errors from different computation orders. To turn them off, set the environment variable `TF_ENABLE_ONEDNN_OPTS=0`.
2025-11-15 00:15:05.307992: I tensorflow/core/platform/cpu_feature_guard.cc:210] This TensorFlow binary is optimized to use available CPU instructions in performance-critical operations.
To enable the following instructions: AVX2 AVX512F AVX512_VNNI AVX512_BF16 FMA, in other operations, rebuild TensorFlow with the appropriate compiler flags.
2025-11-15 00:15:06.327110: I tensorflow/core/util/port.cc:153] oneDNN custom operations are on. You may see slightly different numerical results due to floating-point round-off errors from different computation orders. To turn them off, set the environment variable `TF_ENABLE_ONEDNN_OPTS=0`.
2025-11-15 00:15:08,281 | INFO | Result written to /workspace/out/result.json

2025-11-14 21:15:10,323 | INFO | Usando repositório completo: /home/asu/reproducibility_of_jupyter_notebooks-1/data/outputs/repositorios_completos/As17-01/brain_signals/49706e10b05aa4e2867a12eb6ea507b9fae4fed1
2025-11-14 21:15:10,323 | INFO | Executando via Docker: image=notebook-executor nb=notebooks/archieve/statistics/EEG_Classical_ML.ipynb
2025-11-14 21:15:10,324 | INFO | docker run: docker run --rm -v /home/asu/reproducibility_of_jupyter_notebooks-1/data/outputs/repositorios_completos/As17-01/brain_signals/49706e10b05aa4e2867a12eb6ea507b9fae4fed1:/workspace/repo:ro -v /home/asu/reproducibility_of_jupyter_notebooks-1/data/outputs/repositorios_completos/As17-01/brain_signals/49706e10b05aa4e2867a12eb6ea507b9fae4fed1/_out/notebooks__archieve__statistics__EEG_Classical_ML.ipynb:/workspace/out -e NOTEBOOK_REL_PATH=notebooks/archieve/statistics/EEG_Classical_ML.ipynb -e TIMEOUT_SECONDS=300 -e PYTHON_VERSION_DECLARED=3.10 -e POLICY=strict -e NOTEBOOK_ID=49a670035a22d091dc5593362d00ae181918f8b15b07efeb69a150c257f5181d -e RUN_ID=1763165710323-49a670035a22d091dc5593362d00ae18 notebook-executor python -m scripts.container_worker
2025-11-14 21:15:14,276 | WARNING | Docker returned 1. STDOUT/ERR tail:

2025-11-15 00:15:11,698 | INFO | Executing notebook: notebooks/archieve/statistics/EEG_Classical_ML.ipynb
2025-11-15 00:15:11,698 | INFO | Timeout: 300s, Run ID: 1763165710323-49a670035a22d091dc5593362d00ae18
2025-11-15 00:15:12,446 | INFO | Executing notebook with kernel: python3
2025-11-15 00:15:13,786 | INFO | Result written to /workspace/out/result.json

2025-11-14 21:15:14,302 | INFO | Usando repositório completo: /home/asu/reproducibility_of_jupyter_notebooks-1/data/outputs/repositorios_completos/As17-01/brain_signals/49706e10b05aa4e2867a12eb6ea507b9fae4fed1
2025-11-14 21:15:14,302 | INFO | Executando via Docker: image=notebook-executor nb=notebooks/archieve/statistics/comparison_plot_best.ipynb
2025-11-14 21:15:14,303 | INFO | docker run: docker run --rm -v /home/asu/reproducibility_of_jupyter_notebooks-1/data/outputs/repositorios_completos/As17-01/brain_signals/49706e10b05aa4e2867a12eb6ea507b9fae4fed1:/workspace/repo:ro -v /home/asu/reproducibility_of_jupyter_notebooks-1/data/outputs/repositorios_completos/As17-01/brain_signals/49706e10b05aa4e2867a12eb6ea507b9fae4fed1/_out/notebooks__archieve__statistics__comparison_plot_best.ipynb:/workspace/out -e NOTEBOOK_REL_PATH=notebooks/archieve/statistics/comparison_plot_best.ipynb -e TIMEOUT_SECONDS=300 -e PYTHON_VERSION_DECLARED=3.10 -e POLICY=strict -e NOTEBOOK_ID=adb5f5984a4ec9e4546a32833dc83f8e600935354f660a14f4366bedfd8bfd2e -e RUN_ID=1763165714302-adb5f5984a4ec9e4546a32833dc83f8e notebook-executor python -m scripts.container_worker
2025-11-14 21:15:17,676 | WARNING | Docker returned 1. STDOUT/ERR tail:

2025-11-15 00:15:15,641 | INFO | Executing notebook: notebooks/archieve/statistics/comparison_plot_best.ipynb
2025-11-15 00:15:15,641 | INFO | Timeout: 300s, Run ID: 1763165714302-adb5f5984a4ec9e4546a32833dc83f8e
2025-11-15 00:15:16,367 | INFO | Executing notebook with kernel: python3
2025-11-15 00:15:17,088 | INFO | Result written to /workspace/out/result.json

2025-11-14 21:15:17,697 | INFO | Usando repositório completo: /home/asu/reproducibility_of_jupyter_notebooks-1/data/outputs/repositorios_completos/As17-01/brain_signals/49706e10b05aa4e2867a12eb6ea507b9fae4fed1
2025-11-14 21:15:17,697 | INFO | Executando via Docker: image=notebook-executor nb=notebooks/archieve/statistics/comparison_plot_best_raw_data.ipynb
2025-11-14 21:15:17,698 | INFO | docker run: docker run --rm -v /home/asu/reproducibility_of_jupyter_notebooks-1/data/outputs/repositorios_completos/As17-01/brain_signals/49706e10b05aa4e2867a12eb6ea507b9fae4fed1:/workspace/repo:ro -v /home/asu/reproducibility_of_jupyter_notebooks-1/data/outputs/repositorios_completos/As17-01/brain_signals/49706e10b05aa4e2867a12eb6ea507b9fae4fed1/_out/notebooks__archieve__statistics__comparison_plot_best_raw_data.ipynb:/workspace/out -e NOTEBOOK_REL_PATH=notebooks/archieve/statistics/comparison_plot_best_raw_data.ipynb -e TIMEOUT_SECONDS=300 -e PYTHON_VERSION_DECLARED=3.10 -e POLICY=strict -e NOTEBOOK_ID=07115f38dbf0f1aff3ecfbef436dabab91f8c2b5c3e2879c93c80324178cc4aa -e RUN_ID=1763165717697-07115f38dbf0f1aff3ecfbef436dabab notebook-executor python -m scripts.container_worker
2025-11-14 21:15:20,888 | WARNING | Docker returned 1. STDOUT/ERR tail:

2025-11-15 00:15:18,966 | INFO | Executing notebook: notebooks/archieve/statistics/comparison_plot_best_raw_data.ipynb
2025-11-15 00:15:18,966 | INFO | Timeout: 300s, Run ID: 1763165717697-07115f38dbf0f1aff3ecfbef436dabab
2025-11-15 00:15:19,692 | INFO | Executing notebook with kernel: python3
2025-11-15 00:15:20,410 | INFO | Result written to /workspace/out/result.json

2025-11-14 21:15:20,949 | INFO | Usando repositório completo: /home/asu/reproducibility_of_jupyter_notebooks-1/data/outputs/repositorios_completos/As17-01/brain_signals/49706e10b05aa4e2867a12eb6ea507b9fae4fed1
2025-11-14 21:15:20,949 | INFO | Executando via Docker: image=notebook-executor nb=notebooks/archieve/statistics/raw_plot.ipynb
2025-11-14 21:15:20,950 | INFO | docker run: docker run --rm -v /home/asu/reproducibility_of_jupyter_notebooks-1/data/outputs/repositorios_completos/As17-01/brain_signals/49706e10b05aa4e2867a12eb6ea507b9fae4fed1:/workspace/repo:ro -v /home/asu/reproducibility_of_jupyter_notebooks-1/data/outputs/repositorios_completos/As17-01/brain_signals/49706e10b05aa4e2867a12eb6ea507b9fae4fed1/_out/notebooks__archieve__statistics__raw_plot.ipynb:/workspace/out -e NOTEBOOK_REL_PATH=notebooks/archieve/statistics/raw_plot.ipynb -e TIMEOUT_SECONDS=300 -e PYTHON_VERSION_DECLARED=3.10 -e POLICY=strict -e NOTEBOOK_ID=7b46e1cc091b4027a423a5d662968a9876dd0aa585d1113a5b3ff3a3c1668f8b -e RUN_ID=1763165720949-7b46e1cc091b4027a423a5d662968a98 notebook-executor python -m scripts.container_worker
2025-11-14 21:15:25,056 | WARNING | Docker returned 1. STDOUT/ERR tail:

2025-11-15 00:15:22,150 | INFO | Executing notebook: notebooks/archieve/statistics/raw_plot.ipynb
2025-11-15 00:15:22,151 | INFO | Timeout: 300s, Run ID: 1763165720949-7b46e1cc091b4027a423a5d662968a98
2025-11-15 00:15:22,874 | INFO | Executing notebook with kernel: python3
2025-11-15 00:15:24,559 | INFO | Result written to /workspace/out/result.json

2025-11-14 21:15:25,098 | INFO | Usando repositório completo: /home/asu/reproducibility_of_jupyter_notebooks-1/data/outputs/repositorios_completos/As17-01/brain_signals/49706e10b05aa4e2867a12eb6ea507b9fae4fed1
2025-11-14 21:15:25,099 | INFO | Executando via Docker: image=notebook-executor nb=notebooks/manuscript/GRU.ipynb
2025-11-14 21:15:25,101 | INFO | docker run: docker run --rm -v /home/asu/reproducibility_of_jupyter_notebooks-1/data/outputs/repositorios_completos/As17-01/brain_signals/49706e10b05aa4e2867a12eb6ea507b9fae4fed1:/workspace/repo:ro -v /home/asu/reproducibility_of_jupyter_notebooks-1/data/outputs/repositorios_completos/As17-01/brain_signals/49706e10b05aa4e2867a12eb6ea507b9fae4fed1/_out/notebooks__manuscript__GRU.ipynb:/workspace/out -e NOTEBOOK_REL_PATH=notebooks/manuscript/GRU.ipynb -e TIMEOUT_SECONDS=300 -e PYTHON_VERSION_DECLARED=3.10 -e POLICY=strict -e NOTEBOOK_ID=a1980128e9c1838a11e8d8feda7528e40aff584a4b7d95400a940c5d92f88ef3 -e RUN_ID=1763165725099-a1980128e9c1838a11e8d8feda7528e4 notebook-executor python -m scripts.container_worker
2025-11-14 21:16:50,350 | WARNING | Docker returned 1. STDOUT/ERR tail:

 00:16:45.473161: I tensorflow/core/util/port.cc:153] oneDNN custom operations are on. You may see slightly different numerical results due to floating-point round-off errors from different computation orders. To turn them off, set the environment variable `TF_ENABLE_ONEDNN_OPTS=0`.
2025-11-15 00:16:45.518666: I tensorflow/core/platform/cpu_feature_guard.cc:210] This TensorFlow binary is optimized to use available CPU instructions in performance-critical operations.
To enable the following instructions: AVX2 AVX512F AVX512_VNNI AVX512_BF16 FMA, in other operations, rebuild TensorFlow with the appropriate compiler flags.
2025-11-15 00:16:46.532844: I tensorflow/core/util/port.cc:153] oneDNN custom operations are on. You may see slightly different numerical results due to floating-point round-off errors from different computation orders. To turn them off, set the environment variable `TF_ENABLE_ONEDNN_OPTS=0`.
2025-11-15 00:16:48,505 | INFO | Result written to /workspace/out/result.json

2025-11-14 21:16:50,368 | INFO | Usando repositório completo: /home/asu/reproducibility_of_jupyter_notebooks-1/data/outputs/repositorios_completos/As17-01/brain_signals/49706e10b05aa4e2867a12eb6ea507b9fae4fed1
2025-11-14 21:16:50,368 | INFO | Executando via Docker: image=notebook-executor nb=notebooks/manuscript/comparison_plot_reworked.ipynb
2025-11-14 21:16:50,369 | INFO | docker run: docker run --rm -v /home/asu/reproducibility_of_jupyter_notebooks-1/data/outputs/repositorios_completos/As17-01/brain_signals/49706e10b05aa4e2867a12eb6ea507b9fae4fed1:/workspace/repo:ro -v /home/asu/reproducibility_of_jupyter_notebooks-1/data/outputs/repositorios_completos/As17-01/brain_signals/49706e10b05aa4e2867a12eb6ea507b9fae4fed1/_out/notebooks__manuscript__comparison_plot_reworked.ipynb:/workspace/out -e NOTEBOOK_REL_PATH=notebooks/manuscript/comparison_plot_reworked.ipynb -e TIMEOUT_SECONDS=300 -e PYTHON_VERSION_DECLARED=3.10 -e POLICY=strict -e NOTEBOOK_ID=4e96f0c13780d2c87eb0b88d2e838ec3c91573d0c79c5d4b737ab9cfa551b9d3 -e RUN_ID=1763165810368-4e96f0c13780d2c87eb0b88d2e838ec3 notebook-executor python -m scripts.container_worker
2025-11-14 21:16:54,468 | WARNING | Docker returned 1. STDOUT/ERR tail:

2025-11-15 00:16:51,652 | INFO | Executing notebook: notebooks/manuscript/comparison_plot_reworked.ipynb
2025-11-15 00:16:51,652 | INFO | Timeout: 300s, Run ID: 1763165810368-4e96f0c13780d2c87eb0b88d2e838ec3
2025-11-15 00:16:52,406 | INFO | Executing notebook with kernel: python3
2025-11-15 00:16:53,745 | INFO | Result written to /workspace/out/result.json

2025-11-14 21:16:54,497 | INFO | Usando repositório completo: /home/asu/reproducibility_of_jupyter_notebooks-1/data/outputs/repositorios_completos/As17-01/brain_signals/49706e10b05aa4e2867a12eb6ea507b9fae4fed1
2025-11-14 21:16:54,497 | INFO | Executando via Docker: image=notebook-executor nb=notebooks/manuscript/description.ipynb
2025-11-14 21:16:54,498 | INFO | docker run: docker run --rm -v /home/asu/reproducibility_of_jupyter_notebooks-1/data/outputs/repositorios_completos/As17-01/brain_signals/49706e10b05aa4e2867a12eb6ea507b9fae4fed1:/workspace/repo:ro -v /home/asu/reproducibility_of_jupyter_notebooks-1/data/outputs/repositorios_completos/As17-01/brain_signals/49706e10b05aa4e2867a12eb6ea507b9fae4fed1/_out/notebooks__manuscript__description.ipynb:/workspace/out -e NOTEBOOK_REL_PATH=notebooks/manuscript/description.ipynb -e TIMEOUT_SECONDS=300 -e PYTHON_VERSION_DECLARED=3.10 -e POLICY=strict -e NOTEBOOK_ID=f16baf4c147804d0a729d7b7cc071cd7232bc2e17b57911cbafef7cb5df841e7 -e RUN_ID=1763165814497-f16baf4c147804d0a729d7b7cc071cd7 notebook-executor python -m scripts.container_worker
2025-11-14 21:16:59,815 | WARNING | Docker returned 1. STDOUT/ERR tail:

2025-11-15 00:16:56,090 | INFO | Executing notebook: notebooks/manuscript/description.ipynb
2025-11-15 00:16:56,090 | INFO | Timeout: 300s, Run ID: 1763165814497-f16baf4c147804d0a729d7b7cc071cd7
2025-11-15 00:16:56,903 | INFO | Executing notebook with kernel: python3
2025-11-15 00:16:59,146 | INFO | Result written to /workspace/out/result.json

2025-11-14 21:16:59,860 | INFO | Usando repositório completo: /home/asu/reproducibility_of_jupyter_notebooks-1/data/outputs/repositorios_completos/As17-01/brain_signals/49706e10b05aa4e2867a12eb6ea507b9fae4fed1
2025-11-14 21:16:59,861 | INFO | Executando via Docker: image=notebook-executor nb=notebooks/manuscript/distributions.ipynb
2025-11-14 21:16:59,863 | INFO | docker run: docker run --rm -v /home/asu/reproducibility_of_jupyter_notebooks-1/data/outputs/repositorios_completos/As17-01/brain_signals/49706e10b05aa4e2867a12eb6ea507b9fae4fed1:/workspace/repo:ro -v /home/asu/reproducibility_of_jupyter_notebooks-1/data/outputs/repositorios_completos/As17-01/brain_signals/49706e10b05aa4e2867a12eb6ea507b9fae4fed1/_out/notebooks__manuscript__distributions.ipynb:/workspace/out -e NOTEBOOK_REL_PATH=notebooks/manuscript/distributions.ipynb -e TIMEOUT_SECONDS=300 -e PYTHON_VERSION_DECLARED=3.10 -e POLICY=strict -e NOTEBOOK_ID=ec817fd25b450959959c3647a62f7640c73f930146c4cb7ea378697e60906314 -e RUN_ID=1763165819861-ec817fd25b450959959c3647a62f7640 notebook-executor python -m scripts.container_worker
2025-11-14 21:17:03,151 | WARNING | Docker returned 1. STDOUT/ERR tail:

2025-11-15 00:17:01,175 | INFO | Executing notebook: notebooks/manuscript/distributions.ipynb
2025-11-15 00:17:01,175 | INFO | Timeout: 300s, Run ID: 1763165819861-ec817fd25b450959959c3647a62f7640
2025-11-15 00:17:01,907 | INFO | Executing notebook with kernel: python3
2025-11-15 00:17:02,678 | INFO | Result written to /workspace/out/result.json

2025-11-14 21:17:03,159 | INFO | Usando repositório completo: /home/asu/reproducibility_of_jupyter_notebooks-1/data/outputs/repositorios_completos/As17-01/brain_signals/49706e10b05aa4e2867a12eb6ea507b9fae4fed1
2025-11-14 21:17:03,159 | INFO | Executando via Docker: image=notebook-executor nb=notebooks/manuscript/regressions.ipynb
2025-11-14 21:17:03,160 | INFO | docker run: docker run --rm -v /home/asu/reproducibility_of_jupyter_notebooks-1/data/outputs/repositorios_completos/As17-01/brain_signals/49706e10b05aa4e2867a12eb6ea507b9fae4fed1:/workspace/repo:ro -v /home/asu/reproducibility_of_jupyter_notebooks-1/data/outputs/repositorios_completos/As17-01/brain_signals/49706e10b05aa4e2867a12eb6ea507b9fae4fed1/_out/notebooks__manuscript__regressions.ipynb:/workspace/out -e NOTEBOOK_REL_PATH=notebooks/manuscript/regressions.ipynb -e TIMEOUT_SECONDS=300 -e PYTHON_VERSION_DECLARED=3.10 -e POLICY=strict -e NOTEBOOK_ID=14e052c85abd0907415581436df198ba205539fd7c8a0f58af015a8408d08054 -e RUN_ID=1763165823160-14e052c85abd0907415581436df198ba notebook-executor python -m scripts.container_worker
2025-11-14 21:17:06,954 | WARNING | Docker returned 1. STDOUT/ERR tail:

2025-11-15 00:17:04,415 | INFO | Executing notebook: notebooks/manuscript/regressions.ipynb
2025-11-15 00:17:04,416 | INFO | Timeout: 300s, Run ID: 1763165823160-14e052c85abd0907415581436df198ba
2025-11-15 00:17:05,141 | INFO | Executing notebook with kernel: python3
2025-11-15 00:17:06,412 | INFO | Result written to /workspace/out/result.json

2025-11-14 21:17:06,978 | INFO | Usando repositório completo: /home/asu/reproducibility_of_jupyter_notebooks-1/data/outputs/repositorios_completos/rogerqiu7/Cancer-Mortality-Prediction/2a012f8fb602ec7ab7c67a310c4a13329fc144f1
2025-11-14 21:17:07,037 | INFO | Executando via Docker: image=notebook-executor-python39 nb=Code_Library/.ipynb_checkpoints/1_Data_Preparation-checkpoint.ipynb
2025-11-14 21:17:07,039 | INFO | docker run: docker run --rm -v /home/asu/reproducibility_of_jupyter_notebooks-1/data/outputs/repositorios_completos/rogerqiu7/Cancer-Mortality-Prediction/2a012f8fb602ec7ab7c67a310c4a13329fc144f1:/workspace/repo:ro -v /home/asu/reproducibility_of_jupyter_notebooks-1/data/outputs/repositorios_completos/rogerqiu7/Cancer-Mortality-Prediction/2a012f8fb602ec7ab7c67a310c4a13329fc144f1/_out/Code_Library__.ipynb_checkpoints__1_Data_Preparation-checkpoint.ipynb:/workspace/out -e NOTEBOOK_REL_PATH=Code_Library/.ipynb_checkpoints/1_Data_Preparation-checkpoint.ipynb -e TIMEOUT_SECONDS=300 -e PYTHON_VERSION_DECLARED=3.9 -e POLICY=strict -e NOTEBOOK_ID=47490611143d20efbc7d4f9f2cd24fb910e76d9e0539bfcd139133869d369665 -e RUN_ID=1763165827037-47490611143d20efbc7d4f9f2cd24fb9 notebook-executor-python39 python -m scripts.container_worker
2025-11-14 21:17:13,170 | WARNING | Docker returned 1. STDOUT/ERR tail:

2025-11-15 00:17:09,146 | INFO | Executing notebook: Code_Library/.ipynb_checkpoints/1_Data_Preparation-checkpoint.ipynb
2025-11-15 00:17:09,146 | INFO | Timeout: 300s, Run ID: 1763165827037-47490611143d20efbc7d4f9f2cd24fb9, Policy: strict
2025-11-15 00:17:09,146 | INFO | Policy is 'strict': attempting to install repository dependencies...
2025-11-15 00:17:09,146 | INFO | No repository dependency files found
2025-11-15 00:17:10,489 | INFO | Executing notebook with kernel: python3
2025-11-15 00:17:12,675 | INFO | Result written to /workspace/out/result.json

2025-11-14 21:17:13,235 | INFO | Usando repositório completo: /home/asu/reproducibility_of_jupyter_notebooks-1/data/outputs/repositorios_completos/rogerqiu7/Cancer-Mortality-Prediction/2a012f8fb602ec7ab7c67a310c4a13329fc144f1
2025-11-14 21:17:13,236 | INFO | Executando via Docker: image=notebook-executor-python39 nb=Code_Library/.ipynb_checkpoints/2_EDA-checkpoint.ipynb
2025-11-14 21:17:13,237 | INFO | docker run: docker run --rm -v /home/asu/reproducibility_of_jupyter_notebooks-1/data/outputs/repositorios_completos/rogerqiu7/Cancer-Mortality-Prediction/2a012f8fb602ec7ab7c67a310c4a13329fc144f1:/workspace/repo:ro -v /home/asu/reproducibility_of_jupyter_notebooks-1/data/outputs/repositorios_completos/rogerqiu7/Cancer-Mortality-Prediction/2a012f8fb602ec7ab7c67a310c4a13329fc144f1/_out/Code_Library__.ipynb_checkpoints__2_EDA-checkpoint.ipynb:/workspace/out -e NOTEBOOK_REL_PATH=Code_Library/.ipynb_checkpoints/2_EDA-checkpoint.ipynb -e TIMEOUT_SECONDS=300 -e PYTHON_VERSION_DECLARED=3.9 -e POLICY=strict -e NOTEBOOK_ID=ef0860e428cc1f4c777e6c4791f7deb9774861f80b14e717ea87d2bbf3f611e2 -e RUN_ID=1763165833236-ef0860e428cc1f4c777e6c4791f7deb9 notebook-executor-python39 python -m scripts.container_worker
2025-11-14 21:17:18,656 | WARNING | Docker returned 1. STDOUT/ERR tail:

2025-11-15 00:17:14,563 | INFO | Executing notebook: Code_Library/.ipynb_checkpoints/2_EDA-checkpoint.ipynb
2025-11-15 00:17:14,563 | INFO | Timeout: 300s, Run ID: 1763165833236-ef0860e428cc1f4c777e6c4791f7deb9, Policy: strict
2025-11-15 00:17:14,563 | INFO | Policy is 'strict': attempting to install repository dependencies...
2025-11-15 00:17:14,563 | INFO | No repository dependency files found
2025-11-15 00:17:15,335 | INFO | Executing notebook with kernel: python3
2025-11-15 00:17:18,118 | INFO | Result written to /workspace/out/result.json

2025-11-14 21:17:18,775 | INFO | Usando repositório completo: /home/asu/reproducibility_of_jupyter_notebooks-1/data/outputs/repositorios_completos/rogerqiu7/Cancer-Mortality-Prediction/2a012f8fb602ec7ab7c67a310c4a13329fc144f1
2025-11-14 21:17:18,775 | INFO | Executando via Docker: image=notebook-executor-python39 nb=Code_Library/.ipynb_checkpoints/3_Modeling-checkpoint.ipynb
2025-11-14 21:17:18,776 | INFO | docker run: docker run --rm -v /home/asu/reproducibility_of_jupyter_notebooks-1/data/outputs/repositorios_completos/rogerqiu7/Cancer-Mortality-Prediction/2a012f8fb602ec7ab7c67a310c4a13329fc144f1:/workspace/repo:ro -v /home/asu/reproducibility_of_jupyter_notebooks-1/data/outputs/repositorios_completos/rogerqiu7/Cancer-Mortality-Prediction/2a012f8fb602ec7ab7c67a310c4a13329fc144f1/_out/Code_Library__.ipynb_checkpoints__3_Modeling-checkpoint.ipynb:/workspace/out -e NOTEBOOK_REL_PATH=Code_Library/.ipynb_checkpoints/3_Modeling-checkpoint.ipynb -e TIMEOUT_SECONDS=300 -e PYTHON_VERSION_DECLARED=3.9 -e POLICY=strict -e NOTEBOOK_ID=eded67534d10fc6d3edbf5f44ed41f028fd53cdca1f375180f0c13f5b787dc3b -e RUN_ID=1763165838775-eded67534d10fc6d3edbf5f44ed41f02 notebook-executor-python39 python -m scripts.container_worker
2025-11-14 21:18:02,570 | WARNING | Docker returned 1. STDOUT/ERR tail:

11-15 00:17:22,679 | INFO | ModuleNotFoundError detected: xgboost. Attempting to install...
2025-11-15 00:17:43,883 | INFO | Successfully installed xgboost
2025-11-15 00:17:43,883 | INFO | Installed xgboost. Re-executing notebook...
2025-11-15 00:17:44,668 | INFO | Executing notebook with kernel: python3
2025-11-15 00:17:46,083 | INFO | ModuleNotFoundError detected: lightgbm. Attempting to install...
2025-11-15 00:17:48,081 | INFO | Successfully installed lightgbm
2025-11-15 00:17:48,081 | INFO | Installed lightgbm. Re-executing notebook...
2025-11-15 00:17:48,645 | INFO | Executing notebook with kernel: python3
2025-11-15 00:17:50,121 | INFO | ModuleNotFoundError detected: shap. Attempting to install...
2025-11-15 00:17:58,579 | INFO | Successfully installed shap
2025-11-15 00:17:58,579 | INFO | Installed shap. Re-executing notebook...
2025-11-15 00:17:59,315 | INFO | Executing notebook with kernel: python3
2025-11-15 00:18:01,622 | INFO | Result written to /workspace/out/result.json

2025-11-14 21:18:02,584 | INFO | Usando repositório completo: /home/asu/reproducibility_of_jupyter_notebooks-1/data/outputs/repositorios_completos/rogerqiu7/Cancer-Mortality-Prediction/2a012f8fb602ec7ab7c67a310c4a13329fc144f1
2025-11-14 21:18:02,585 | INFO | Executando via Docker: image=notebook-executor-python39 nb=Code_Library/1_Data_Preparation.ipynb
2025-11-14 21:18:02,586 | INFO | docker run: docker run --rm -v /home/asu/reproducibility_of_jupyter_notebooks-1/data/outputs/repositorios_completos/rogerqiu7/Cancer-Mortality-Prediction/2a012f8fb602ec7ab7c67a310c4a13329fc144f1:/workspace/repo:ro -v /home/asu/reproducibility_of_jupyter_notebooks-1/data/outputs/repositorios_completos/rogerqiu7/Cancer-Mortality-Prediction/2a012f8fb602ec7ab7c67a310c4a13329fc144f1/_out/Code_Library__1_Data_Preparation.ipynb:/workspace/out -e NOTEBOOK_REL_PATH=Code_Library/1_Data_Preparation.ipynb -e TIMEOUT_SECONDS=300 -e PYTHON_VERSION_DECLARED=3.9 -e POLICY=strict -e NOTEBOOK_ID=223ab002b3d814d48eb65cf121e903049f3354d743877aa077b6772392a6a1df -e RUN_ID=1763165882586-223ab002b3d814d48eb65cf121e90304 notebook-executor-python39 python -m scripts.container_worker
2025-11-14 21:18:05,942 | WARNING | Docker returned 1. STDOUT/ERR tail:

2025-11-15 00:18:03,882 | INFO | Executing notebook: Code_Library/1_Data_Preparation.ipynb
2025-11-15 00:18:03,882 | INFO | Timeout: 300s, Run ID: 1763165882586-223ab002b3d814d48eb65cf121e90304, Policy: strict
2025-11-15 00:18:03,882 | INFO | Policy is 'strict': attempting to install repository dependencies...
2025-11-15 00:18:03,882 | INFO | No repository dependency files found
2025-11-15 00:18:04,648 | INFO | Executing notebook with kernel: python3
2025-11-15 00:18:05,460 | INFO | Result written to /workspace/out/result.json

2025-11-14 21:18:05,969 | INFO | Usando repositório completo: /home/asu/reproducibility_of_jupyter_notebooks-1/data/outputs/repositorios_completos/rogerqiu7/Cancer-Mortality-Prediction/2a012f8fb602ec7ab7c67a310c4a13329fc144f1
2025-11-14 21:18:05,970 | INFO | Executando via Docker: image=notebook-executor-python39 nb=Code_Library/2_EDA.ipynb
2025-11-14 21:18:05,971 | INFO | docker run: docker run --rm -v /home/asu/reproducibility_of_jupyter_notebooks-1/data/outputs/repositorios_completos/rogerqiu7/Cancer-Mortality-Prediction/2a012f8fb602ec7ab7c67a310c4a13329fc144f1:/workspace/repo:ro -v /home/asu/reproducibility_of_jupyter_notebooks-1/data/outputs/repositorios_completos/rogerqiu7/Cancer-Mortality-Prediction/2a012f8fb602ec7ab7c67a310c4a13329fc144f1/_out/Code_Library__2_EDA.ipynb:/workspace/out -e NOTEBOOK_REL_PATH=Code_Library/2_EDA.ipynb -e TIMEOUT_SECONDS=300 -e PYTHON_VERSION_DECLARED=3.9 -e POLICY=strict -e NOTEBOOK_ID=8c73755e837901741169529308a9d9189cf80cc0a682f1962f9b240fd7a767b2 -e RUN_ID=1763165885970-8c73755e837901741169529308a9d918 notebook-executor-python39 python -m scripts.container_worker
2025-11-14 21:18:10,213 | WARNING | Docker returned 1. STDOUT/ERR tail:

2025-11-15 00:18:07,280 | INFO | Executing notebook: Code_Library/2_EDA.ipynb
2025-11-15 00:18:07,280 | INFO | Timeout: 300s, Run ID: 1763165885970-8c73755e837901741169529308a9d918, Policy: strict
2025-11-15 00:18:07,280 | INFO | Policy is 'strict': attempting to install repository dependencies...
2025-11-15 00:18:07,280 | INFO | No repository dependency files found
2025-11-15 00:18:08,076 | INFO | Executing notebook with kernel: python3
2025-11-15 00:18:09,748 | INFO | Result written to /workspace/out/result.json

2025-11-14 21:18:10,261 | INFO | Usando repositório completo: /home/asu/reproducibility_of_jupyter_notebooks-1/data/outputs/repositorios_completos/rogerqiu7/Cancer-Mortality-Prediction/2a012f8fb602ec7ab7c67a310c4a13329fc144f1
2025-11-14 21:18:10,261 | INFO | Executando via Docker: image=notebook-executor-python39 nb=Code_Library/3_Modeling.ipynb
2025-11-14 21:18:10,262 | INFO | docker run: docker run --rm -v /home/asu/reproducibility_of_jupyter_notebooks-1/data/outputs/repositorios_completos/rogerqiu7/Cancer-Mortality-Prediction/2a012f8fb602ec7ab7c67a310c4a13329fc144f1:/workspace/repo:ro -v /home/asu/reproducibility_of_jupyter_notebooks-1/data/outputs/repositorios_completos/rogerqiu7/Cancer-Mortality-Prediction/2a012f8fb602ec7ab7c67a310c4a13329fc144f1/_out/Code_Library__3_Modeling.ipynb:/workspace/out -e NOTEBOOK_REL_PATH=Code_Library/3_Modeling.ipynb -e TIMEOUT_SECONDS=300 -e PYTHON_VERSION_DECLARED=3.9 -e POLICY=strict -e NOTEBOOK_ID=532ed8c2631bf84ef0c1261505aa5b48fc2a578a2e181e435308875792443179 -e RUN_ID=1763165890261-532ed8c2631bf84ef0c1261505aa5b48 notebook-executor-python39 python -m scripts.container_worker
2025-11-14 21:18:52,826 | WARNING | Docker returned 1. STDOUT/ERR tail:

11-15 00:18:14,028 | INFO | ModuleNotFoundError detected: xgboost. Attempting to install...
2025-11-15 00:18:34,908 | INFO | Successfully installed xgboost
2025-11-15 00:18:34,909 | INFO | Installed xgboost. Re-executing notebook...
2025-11-15 00:18:35,486 | INFO | Executing notebook with kernel: python3
2025-11-15 00:18:37,072 | INFO | ModuleNotFoundError detected: lightgbm. Attempting to install...
2025-11-15 00:18:39,156 | INFO | Successfully installed lightgbm
2025-11-15 00:18:39,156 | INFO | Installed lightgbm. Re-executing notebook...
2025-11-15 00:18:39,698 | INFO | Executing notebook with kernel: python3
2025-11-15 00:18:41,163 | INFO | ModuleNotFoundError detected: shap. Attempting to install...
2025-11-15 00:18:49,100 | INFO | Successfully installed shap
2025-11-15 00:18:49,100 | INFO | Installed shap. Re-executing notebook...
2025-11-15 00:18:49,823 | INFO | Executing notebook with kernel: python3
2025-11-15 00:18:51,894 | INFO | Result written to /workspace/out/result.json

2025-11-14 21:18:52,968 | INFO | Usando repositório completo: /home/asu/reproducibility_of_jupyter_notebooks-1/data/outputs/repositorios_completos/rogerqiu7/Cancer-Mortality-Prediction/2a012f8fb602ec7ab7c67a310c4a13329fc144f1
2025-11-14 21:18:53,008 | INFO | Executando via Docker: image=notebook-executor-python38 nb=FoodVision.ipynb
2025-11-14 21:18:53,009 | INFO | docker run: docker run --rm -v /home/asu/reproducibility_of_jupyter_notebooks-1/data/outputs/repositorios_completos/rogerqiu7/Cancer-Mortality-Prediction/2a012f8fb602ec7ab7c67a310c4a13329fc144f1:/workspace/repo:ro -v /home/asu/reproducibility_of_jupyter_notebooks-1/data/outputs/repositorios_completos/rogerqiu7/Cancer-Mortality-Prediction/2a012f8fb602ec7ab7c67a310c4a13329fc144f1/_out/FoodVision.ipynb:/workspace/out -e NOTEBOOK_REL_PATH=FoodVision.ipynb -e TIMEOUT_SECONDS=300 -e PYTHON_VERSION_DECLARED=3.8 -e POLICY=strict -e NOTEBOOK_ID=d5455d1e858bcd3100b0b63bbc591324d53369ef819ab470b81d9f9ad7d23584 -e RUN_ID=1763165933008-d5455d1e858bcd3100b0b63bbc591324 notebook-executor-python38 python -m scripts.container_worker
2025-11-14 21:19:28,304 | WARNING | Docker returned 1. STDOUT/ERR tail:

2025-11-15 00:18:53,783 | INFO | Executing notebook: FoodVision.ipynb
2025-11-15 00:18:53,783 | INFO | Timeout: 300s, Run ID: 1763165933008-d5455d1e858bcd3100b0b63bbc591324, Policy: strict
2025-11-15 00:18:53,783 | INFO | Policy is 'strict': attempting to install repository dependencies...
2025-11-15 00:18:53,783 | INFO | No repository dependency files found
2025-11-15 00:18:55,015 | INFO | Executing notebook with kernel: python3
ERROR: Unexpected bus error encountered in worker. This might be caused by insufficient shared memory (shm).
 2025-11-15 00:19:27,513 | INFO | Result written to /workspace/out/result.json

2025-11-14 21:19:28,364 | INFO | Usando repositório completo: /home/asu/reproducibility_of_jupyter_notebooks-1/data/outputs/repositorios_completos/yupraw/Portfolio-Project/91fa89c70207e1c55b04a3f341f3b13b0122cf46
2025-11-14 21:19:28,365 | INFO | Executando via Docker: image=notebook-executor nb=Traveloka_Sentiment_Analysis/Web_Scraping_Sentiment_Analysis.ipynb
2025-11-14 21:19:28,367 | INFO | docker run: docker run --rm -v /home/asu/reproducibility_of_jupyter_notebooks-1/data/outputs/repositorios_completos/yupraw/Portfolio-Project/91fa89c70207e1c55b04a3f341f3b13b0122cf46:/workspace/repo:ro -v /home/asu/reproducibility_of_jupyter_notebooks-1/data/outputs/repositorios_completos/yupraw/Portfolio-Project/91fa89c70207e1c55b04a3f341f3b13b0122cf46/_out/Traveloka_Sentiment_Analysis__Web_Scraping_Sentiment_Analysis.ipynb:/workspace/out -e NOTEBOOK_REL_PATH=Traveloka_Sentiment_Analysis/Web_Scraping_Sentiment_Analysis.ipynb -e TIMEOUT_SECONDS=300 -e PYTHON_VERSION_DECLARED= -e POLICY=strict -e NOTEBOOK_ID=32bde089d3855fc2186e78c6975a7fde8db30678b072849603da44a313f2de21 -e RUN_ID=1763165968365-32bde089d3855fc2186e78c6975a7fde notebook-executor python -m scripts.container_worker
2025-11-14 21:23:29,144 | WARNING | Docker returned 1. STDOUT/ERR tail:

2025-11-15 00:19:29,609 | INFO | Executing notebook: Traveloka_Sentiment_Analysis/Web_Scraping_Sentiment_Analysis.ipynb
2025-11-15 00:19:29,609 | INFO | Timeout: 300s, Run ID: 1763165968365-32bde089d3855fc2186e78c6975a7fde
2025-11-15 00:19:30,394 | INFO | Executing notebook with kernel: python3
2025-11-15 00:21:32,125 | INFO | ModuleNotFoundError detected: nltk. Attempting to install...
2025-11-15 00:21:34,186 | INFO | Successfully installed nltk
2025-11-15 00:21:34,187 | INFO | Installed nltk. Re-executing notebook...
2025-11-15 00:21:34,749 | INFO | Executing notebook with kernel: python3
2025-11-15 00:23:28,602 | INFO | Result written to /workspace/out/result.json

2025-11-14 21:23:29,151 | INFO | Usando repositório completo: /home/asu/reproducibility_of_jupyter_notebooks-1/data/outputs/repositorios_completos/nizam9985/addx/689cdcc1a08aeaf3489f5cbd6362aee7c53a2dad
2025-11-14 21:23:29,213 | INFO | Executando via Docker: image=notebook-executor-python311 nb=Weather_Tool3.ipynb
2025-11-14 21:23:29,214 | INFO | docker run: docker run --rm -v /home/asu/reproducibility_of_jupyter_notebooks-1/data/outputs/repositorios_completos/nizam9985/addx/689cdcc1a08aeaf3489f5cbd6362aee7c53a2dad:/workspace/repo:ro -v /home/asu/reproducibility_of_jupyter_notebooks-1/data/outputs/repositorios_completos/nizam9985/addx/689cdcc1a08aeaf3489f5cbd6362aee7c53a2dad/_out/Weather_Tool3.ipynb:/workspace/out -e NOTEBOOK_REL_PATH=Weather_Tool3.ipynb -e TIMEOUT_SECONDS=300 -e PYTHON_VERSION_DECLARED=3.11 -e POLICY=strict -e NOTEBOOK_ID=ae7c9a3b89fba5aece3341a3c94d30f2a0dbc6694dd4db4e493a1060fb740882 -e RUN_ID=1763166209213-ae7c9a3b89fba5aece3341a3c94d30f2 notebook-executor-python311 python -m scripts.container_worker
2025-11-14 21:23:33,308 | WARNING | Docker returned 1. STDOUT/ERR tail:

ttribute 'deepcopy' (most likely due to a circular import)
2025-11-15 00:23:31,926 | ERROR | Error occurred while starting new kernel client for kernel 2070afc0-cf69-4e84-b3fa-222d5b2b1904: Kernel died before replying to kernel_info
2025-11-15 00:23:31,931 | INFO | Result written to /workspace/out/result.json
Exception ignored in atexit callback: <bound method run_sync.<locals>.wrapped of <nbclient.client.NotebookClient object at 0x7ddc003cb510>>
Traceback (most recent call last):
  File "/usr/local/lib/python3.11/site-packages/jupyter_core/utils/__init__.py", line 165, in wrapped
    return loop.run_until_complete(inner)
           ^^^^^^^^^^^^^^^^^^^^^^^^^^^^^^
  File "/usr/local/lib/python3.11/asyncio/base_events.py", line 654, in run_until_complete
    return future.result()
           ^^^^^^^^^^^^^^^
  File "/usr/local/lib/python3.11/site-packages/nbclient/client.py", line 504, in _async_cleanup_kernel
    assert self.km is not None
           ^^^^^^^^^^^^^^^^^^^
AssertionError: 

2025-11-14 21:23:33,319 | INFO | Usando repositório completo: /home/asu/reproducibility_of_jupyter_notebooks-1/data/outputs/repositorios_completos/nizam9985/addx/689cdcc1a08aeaf3489f5cbd6362aee7c53a2dad
2025-11-14 21:23:33,319 | INFO | Executando via Docker: image=notebook-executor-python311 nb=youtubechatbot_using_langchain_with_memory.ipynb
2025-11-14 21:23:33,320 | INFO | docker run: docker run --rm -v /home/asu/reproducibility_of_jupyter_notebooks-1/data/outputs/repositorios_completos/nizam9985/addx/689cdcc1a08aeaf3489f5cbd6362aee7c53a2dad:/workspace/repo:ro -v /home/asu/reproducibility_of_jupyter_notebooks-1/data/outputs/repositorios_completos/nizam9985/addx/689cdcc1a08aeaf3489f5cbd6362aee7c53a2dad/_out/youtubechatbot_using_langchain_with_memory.ipynb:/workspace/out -e NOTEBOOK_REL_PATH=youtubechatbot_using_langchain_with_memory.ipynb -e TIMEOUT_SECONDS=300 -e PYTHON_VERSION_DECLARED=3.11 -e POLICY=strict -e NOTEBOOK_ID=ed49961d08c5547413f588ee3f02f4ff1cd79ada259b241c71e431f91a8a7a96 -e RUN_ID=1763166213319-ed49961d08c5547413f588ee3f02f4ff notebook-executor-python311 python -m scripts.container_worker
2025-11-14 21:23:37,075 | WARNING | Docker returned 1. STDOUT/ERR tail:

ttribute 'deepcopy' (most likely due to a circular import)
2025-11-15 00:23:35,671 | ERROR | Error occurred while starting new kernel client for kernel 3efef6c9-63c4-4448-89f4-5a715b39acc8: Kernel died before replying to kernel_info
2025-11-15 00:23:35,673 | INFO | Result written to /workspace/out/result.json
Exception ignored in atexit callback: <bound method run_sync.<locals>.wrapped of <nbclient.client.NotebookClient object at 0x77589921df10>>
Traceback (most recent call last):
  File "/usr/local/lib/python3.11/site-packages/jupyter_core/utils/__init__.py", line 165, in wrapped
    return loop.run_until_complete(inner)
           ^^^^^^^^^^^^^^^^^^^^^^^^^^^^^^
  File "/usr/local/lib/python3.11/asyncio/base_events.py", line 654, in run_until_complete
    return future.result()
           ^^^^^^^^^^^^^^^
  File "/usr/local/lib/python3.11/site-packages/nbclient/client.py", line 504, in _async_cleanup_kernel
    assert self.km is not None
           ^^^^^^^^^^^^^^^^^^^
AssertionError: 

2025-11-14 21:23:37,078 | INFO | Usando repositório completo: /home/asu/reproducibility_of_jupyter_notebooks-1/data/outputs/repositorios_completos/romms921/arXiver/b9516b335c5455b1afaca87966747ca9d4f292fa
2025-11-14 21:23:37,078 | INFO | Executando via Docker: image=notebook-executor-python39 nb=arxiv_module.ipynb
2025-11-14 21:23:37,080 | INFO | docker run: docker run --rm -v /home/asu/reproducibility_of_jupyter_notebooks-1/data/outputs/repositorios_completos/romms921/arXiver/b9516b335c5455b1afaca87966747ca9d4f292fa:/workspace/repo:ro -v /home/asu/reproducibility_of_jupyter_notebooks-1/data/outputs/repositorios_completos/romms921/arXiver/b9516b335c5455b1afaca87966747ca9d4f292fa/_out/arxiv_module.ipynb:/workspace/out -e NOTEBOOK_REL_PATH=arxiv_module.ipynb -e TIMEOUT_SECONDS=300 -e PYTHON_VERSION_DECLARED=3.9 -e POLICY=strict -e NOTEBOOK_ID=9541cae7e0fcd0270557e7a98d13d404874dc699694a1b62b65860bbdafd21ed -e RUN_ID=1763166217078-9541cae7e0fcd0270557e7a98d13d404 notebook-executor-python39 python -m scripts.container_worker
2025-11-14 21:23:45,103 | INFO | Usando repositório completo: /home/asu/reproducibility_of_jupyter_notebooks-1/data/outputs/repositorios_completos/romms921/arXiver/b9516b335c5455b1afaca87966747ca9d4f292fa
2025-11-14 21:23:45,103 | INFO | Executando via Docker: image=notebook-executor-python311 nb=author_affil.ipynb
2025-11-14 21:23:45,104 | INFO | docker run: docker run --rm -v /home/asu/reproducibility_of_jupyter_notebooks-1/data/outputs/repositorios_completos/romms921/arXiver/b9516b335c5455b1afaca87966747ca9d4f292fa:/workspace/repo:ro -v /home/asu/reproducibility_of_jupyter_notebooks-1/data/outputs/repositorios_completos/romms921/arXiver/b9516b335c5455b1afaca87966747ca9d4f292fa/_out/author_affil.ipynb:/workspace/out -e NOTEBOOK_REL_PATH=author_affil.ipynb -e TIMEOUT_SECONDS=300 -e PYTHON_VERSION_DECLARED=3.11 -e POLICY=strict -e NOTEBOOK_ID=a21889e5d3969ad46af0d7af89c79db3ad9913a2a9fa9530e629ffffcb20d5a4 -e RUN_ID=1763166225103-a21889e5d3969ad46af0d7af89c79db3 notebook-executor-python311 python -m scripts.container_worker
2025-11-14 21:24:08,543 | WARNING | Docker returned 1. STDOUT/ERR tail:

INFO | Executing notebook with kernel: python3
2025-11-15 00:23:53,835 | INFO | ModuleNotFoundError detected: geopandas. Attempting to install...
2025-11-15 00:23:59,333 | INFO | Successfully installed geopandas
2025-11-15 00:23:59,333 | INFO | Installed geopandas. Re-executing notebook...
2025-11-15 00:23:59,934 | INFO | Executing notebook with kernel: python3
2025-11-15 00:24:03,364 | INFO | ModuleNotFoundError detected: geodatasets. Attempting to install...
2025-11-15 00:24:04,936 | INFO | Successfully installed geodatasets
2025-11-15 00:24:04,936 | INFO | Installed geodatasets. Re-executing notebook...
2025-11-15 00:24:05,537 | INFO | Executing notebook with kernel: python3
2025-11-15 00:24:06,499 | INFO | ModuleNotFoundError detected: folium. Attempting to install...
2025-11-15 00:24:07,933 | INFO | Successfully installed folium
2025-11-15 00:24:07,933 | INFO | Installed folium. Re-executing notebook...
2025-11-15 00:24:07,933 | INFO | Result written to /workspace/out/result.json

2025-11-14 21:24:08,576 | INFO | Usando repositório completo: /home/asu/reproducibility_of_jupyter_notebooks-1/data/outputs/repositorios_completos/romms921/arXiver/b9516b335c5455b1afaca87966747ca9d4f292fa
2025-11-14 21:24:08,576 | INFO | Executando via Docker: image=notebook-executor-python311 nb=clean_arxiv.ipynb
2025-11-14 21:24:08,577 | INFO | docker run: docker run --rm -v /home/asu/reproducibility_of_jupyter_notebooks-1/data/outputs/repositorios_completos/romms921/arXiver/b9516b335c5455b1afaca87966747ca9d4f292fa:/workspace/repo:ro -v /home/asu/reproducibility_of_jupyter_notebooks-1/data/outputs/repositorios_completos/romms921/arXiver/b9516b335c5455b1afaca87966747ca9d4f292fa/_out/clean_arxiv.ipynb:/workspace/out -e NOTEBOOK_REL_PATH=clean_arxiv.ipynb -e TIMEOUT_SECONDS=300 -e PYTHON_VERSION_DECLARED=3.11 -e POLICY=strict -e NOTEBOOK_ID=f1bbf7c6bcfa1d421b0debcab28c6718ebccffb82165aa59118e5d397ecdaecd -e RUN_ID=1763166248577-f1bbf7c6bcfa1d421b0debcab28c6718 notebook-executor-python311 python -m scripts.container_worker
2025-11-14 21:24:18,714 | WARNING | Docker returned 1. STDOUT/ERR tail:

:09,615 | INFO | Executing notebook: clean_arxiv.ipynb
2025-11-15 00:24:09,615 | INFO | Timeout: 300s, Run ID: 1763166248577-f1bbf7c6bcfa1d421b0debcab28c6718
2025-11-15 00:24:10,401 | INFO | Executing notebook with kernel: python3
2025-11-15 00:24:10,740 | INFO | ModuleNotFoundError detected: arxiv. Attempting to install...
2025-11-15 00:24:12,735 | INFO | Successfully installed arxiv
2025-11-15 00:24:12,735 | INFO | Installed arxiv. Re-executing notebook...
2025-11-15 00:24:13,276 | INFO | Executing notebook with kernel: python3
2025-11-15 00:24:13,946 | INFO | ModuleNotFoundError detected: PyPDF2. Attempting to install...
2025-11-15 00:24:15,312 | INFO | Successfully installed PyPDF2
2025-11-15 00:24:15,312 | INFO | Installed PyPDF2. Re-executing notebook...
2025-11-15 00:24:15,998 | INFO | Executing notebook with kernel: python3
2025-11-15 00:24:18,215 | INFO | Timeout detected; skipping dependency retry.
2025-11-15 00:24:18,215 | INFO | Result written to /workspace/out/result.json

2025-11-14 21:24:18,722 | INFO | Usando repositório completo: /home/asu/reproducibility_of_jupyter_notebooks-1/data/outputs/repositorios_completos/romms921/arXiver/b9516b335c5455b1afaca87966747ca9d4f292fa
2025-11-14 21:24:18,722 | INFO | Executando via Docker: image=notebook-executor-python39 nb=main.ipynb
2025-11-14 21:24:18,723 | INFO | docker run: docker run --rm -v /home/asu/reproducibility_of_jupyter_notebooks-1/data/outputs/repositorios_completos/romms921/arXiver/b9516b335c5455b1afaca87966747ca9d4f292fa:/workspace/repo:ro -v /home/asu/reproducibility_of_jupyter_notebooks-1/data/outputs/repositorios_completos/romms921/arXiver/b9516b335c5455b1afaca87966747ca9d4f292fa/_out/main.ipynb:/workspace/out -e NOTEBOOK_REL_PATH=main.ipynb -e TIMEOUT_SECONDS=300 -e PYTHON_VERSION_DECLARED=3.9 -e POLICY=strict -e NOTEBOOK_ID=9c496a25039709ff478f112101e68247f10d89a6a2d5e931d8c11837f1f2d827 -e RUN_ID=1763166258722-9c496a25039709ff478f112101e68247 notebook-executor-python39 python -m scripts.container_worker
2025-11-14 21:24:37,567 | WARNING | Docker returned 1. STDOUT/ERR tail:

068 | INFO | Policy is 'strict': attempting to install repository dependencies...
2025-11-15 00:24:20,068 | INFO | No repository dependency files found
2025-11-15 00:24:20,835 | INFO | Executing notebook with kernel: python3
2025-11-15 00:24:21,462 | INFO | ModuleNotFoundError detected: groq. Attempting to install...
2025-11-15 00:24:23,363 | INFO | Successfully installed groq
2025-11-15 00:24:23,363 | INFO | Installed groq. Re-executing notebook...
2025-11-15 00:24:23,909 | INFO | Executing notebook with kernel: python3
2025-11-15 00:24:24,734 | INFO | ModuleNotFoundError detected: scholarly. Attempting to install...
2025-11-15 00:24:33,285 | INFO | Successfully installed scholarly
2025-11-15 00:24:33,286 | INFO | Installed scholarly. Re-executing notebook...
2025-11-15 00:24:33,995 | INFO | Executing notebook with kernel: python3
2025-11-15 00:24:36,853 | INFO | Timeout detected; skipping dependency retry.
2025-11-15 00:24:36,853 | INFO | Result written to /workspace/out/result.json

2025-11-14 21:24:37,591 | INFO | Usando repositório completo: /home/asu/reproducibility_of_jupyter_notebooks-1/data/outputs/repositorios_completos/romms921/arXiver/b9516b335c5455b1afaca87966747ca9d4f292fa
2025-11-14 21:24:37,591 | INFO | Executando via Docker: image=notebook-executor-python311 nb=main_2.ipynb
2025-11-14 21:24:37,592 | INFO | docker run: docker run --rm -v /home/asu/reproducibility_of_jupyter_notebooks-1/data/outputs/repositorios_completos/romms921/arXiver/b9516b335c5455b1afaca87966747ca9d4f292fa:/workspace/repo:ro -v /home/asu/reproducibility_of_jupyter_notebooks-1/data/outputs/repositorios_completos/romms921/arXiver/b9516b335c5455b1afaca87966747ca9d4f292fa/_out/main_2.ipynb:/workspace/out -e NOTEBOOK_REL_PATH=main_2.ipynb -e TIMEOUT_SECONDS=300 -e PYTHON_VERSION_DECLARED=3.11 -e POLICY=strict -e NOTEBOOK_ID=87303bf09dd8ed9ee2b1121b0a19d1ee342a4cf85c9c4622a5821daaba08bf5f -e RUN_ID=1763166277591-87303bf09dd8ed9ee2b1121b0a19d1ee notebook-executor-python311 python -m scripts.container_worker
2025-11-14 21:30:37,699 | INFO | Usando repositório completo: /home/asu/reproducibility_of_jupyter_notebooks-1/data/outputs/repositorios_completos/romms921/arXiver/b9516b335c5455b1afaca87966747ca9d4f292fa
2025-11-14 21:30:37,699 | INFO | Executando via Docker: image=notebook-executor-python311 nb=script.ipynb
2025-11-14 21:30:37,700 | INFO | docker run: docker run --rm -v /home/asu/reproducibility_of_jupyter_notebooks-1/data/outputs/repositorios_completos/romms921/arXiver/b9516b335c5455b1afaca87966747ca9d4f292fa:/workspace/repo:ro -v /home/asu/reproducibility_of_jupyter_notebooks-1/data/outputs/repositorios_completos/romms921/arXiver/b9516b335c5455b1afaca87966747ca9d4f292fa/_out/script.ipynb:/workspace/out -e NOTEBOOK_REL_PATH=script.ipynb -e TIMEOUT_SECONDS=300 -e PYTHON_VERSION_DECLARED=3.11 -e POLICY=strict -e NOTEBOOK_ID=e4d11d1bb6399c0511adfbdae1424db373943ec1c4ba2ebf213b59bdc84e41c3 -e RUN_ID=1763166637699-e4d11d1bb6399c0511adfbdae1424db3 notebook-executor-python311 python -m scripts.container_worker
2025-11-14 21:31:05,350 | WARNING | Docker returned 1. STDOUT/ERR tail:

2025-11-15 00:30:39,155 | INFO | Executing notebook: script.ipynb
2025-11-15 00:30:39,156 | INFO | Timeout: 300s, Run ID: 1763166637699-e4d11d1bb6399c0511adfbdae1424db3
2025-11-15 00:30:40,008 | INFO | Executing notebook with kernel: python3
2025-11-15 00:30:40,727 | INFO | ModuleNotFoundError detected: groq. Attempting to install...
2025-11-15 00:30:42,473 | INFO | Successfully installed groq
2025-11-15 00:30:42,473 | INFO | Installed groq. Re-executing notebook...
2025-11-15 00:30:43,185 | INFO | Executing notebook with kernel: python3
2025-11-15 00:30:43,996 | INFO | ModuleNotFoundError detected: scholarly. Attempting to install...
2025-11-15 00:30:57,848 | INFO | Successfully installed scholarly
2025-11-15 00:30:57,849 | INFO | Installed scholarly. Re-executing notebook...
2025-11-15 00:30:58,602 | INFO | Executing notebook with kernel: python3
2025-11-15 00:31:00,589 | INFO | Result written to /workspace/out/result.json

2025-11-14 21:31:06,268 | INFO | Usando repositório completo: /home/asu/reproducibility_of_jupyter_notebooks-1/data/outputs/repositorios_completos/romms921/arXiver/b9516b335c5455b1afaca87966747ca9d4f292fa
2025-11-14 21:31:06,268 | INFO | Executando via Docker: image=notebook-executor-python311 nb=stats.ipynb
2025-11-14 21:31:06,268 | INFO | docker run: docker run --rm -v /home/asu/reproducibility_of_jupyter_notebooks-1/data/outputs/repositorios_completos/romms921/arXiver/b9516b335c5455b1afaca87966747ca9d4f292fa:/workspace/repo:ro -v /home/asu/reproducibility_of_jupyter_notebooks-1/data/outputs/repositorios_completos/romms921/arXiver/b9516b335c5455b1afaca87966747ca9d4f292fa/_out/stats.ipynb:/workspace/out -e NOTEBOOK_REL_PATH=stats.ipynb -e TIMEOUT_SECONDS=300 -e PYTHON_VERSION_DECLARED=3.11 -e POLICY=strict -e NOTEBOOK_ID=fe77e4a4a13cb2939cb09ae791201d75791a05063d55253012e82f6f8e767365 -e RUN_ID=1763166666268-fe77e4a4a13cb2939cb09ae791201d75 notebook-executor-python311 python -m scripts.container_worker
2025-11-14 21:31:11,243 | WARNING | Docker returned 1. STDOUT/ERR tail:

2025-11-15 00:31:08,024 | INFO | Executing notebook: stats.ipynb
2025-11-15 00:31:08,024 | INFO | Timeout: 300s, Run ID: 1763166666268-fe77e4a4a13cb2939cb09ae791201d75
2025-11-15 00:31:08,964 | INFO | Executing notebook with kernel: python3
2025-11-15 00:31:10,370 | INFO | Result written to /workspace/out/result.json

2025-11-14 21:31:11,250 | INFO | Usando repositório completo: /home/asu/reproducibility_of_jupyter_notebooks-1/data/outputs/repositorios_completos/Stars1233/sparse/aea60066b621afecebac08df734a5e503fc3e4b7
2025-11-14 21:31:11,251 | INFO | Executando via Docker: image=notebook-executor nb=examples/sparse_finch.ipynb
2025-11-14 21:31:11,252 | INFO | docker run: docker run --rm -v /home/asu/reproducibility_of_jupyter_notebooks-1/data/outputs/repositorios_completos/Stars1233/sparse/aea60066b621afecebac08df734a5e503fc3e4b7:/workspace/repo:ro -v /home/asu/reproducibility_of_jupyter_notebooks-1/data/outputs/repositorios_completos/Stars1233/sparse/aea60066b621afecebac08df734a5e503fc3e4b7/_out/examples__sparse_finch.ipynb:/workspace/out -e NOTEBOOK_REL_PATH=examples/sparse_finch.ipynb -e TIMEOUT_SECONDS=300 -e PYTHON_VERSION_DECLARED=3.10 -e POLICY=strict -e NOTEBOOK_ID=ab3ab9efa842c387303e30461a307ab2b3a0fdc2f4b5d7e8caba24622942155d -e RUN_ID=1763166671251-ab3ab9efa842c387303e30461a307ab2 notebook-executor python -m scripts.container_worker
2025-11-14 21:31:25,773 | WARNING | Docker returned 1. STDOUT/ERR tail:

2025-11-15 00:31:12,830 | INFO | Executing notebook: examples/sparse_finch.ipynb
2025-11-15 00:31:12,830 | INFO | Timeout: 300s, Run ID: 1763166671251-ab3ab9efa842c387303e30461a307ab2
2025-11-15 00:31:13,566 | INFO | Executing notebook with kernel: python3
2025-11-15 00:31:13,830 | INFO | ModuleNotFoundError detected: sparse. Attempting to install...
2025-11-15 00:31:24,054 | INFO | Successfully installed sparse
2025-11-15 00:31:24,055 | INFO | Installed sparse. Re-executing notebook...
2025-11-15 00:31:24,595 | INFO | Executing notebook with kernel: python3
2025-11-15 00:31:24,948 | INFO | Result written to /workspace/out/result.json

2025-11-14 21:31:25,780 | INFO | Usando repositório completo: /home/asu/reproducibility_of_jupyter_notebooks-1/data/outputs/repositorios_completos/Subin-Vidhu/2025/b02c75d777f19f2808c4bcb6fc171184450a5505
2025-11-14 21:31:25,781 | INFO | Executando via Docker: image=notebook-executor nb=0_Coursera/1_Introduction to Computer Vision and Image Processing/Code/2 1 2_Images_with_python_library_CV.ipynb
2025-11-14 21:31:25,783 | INFO | docker run: docker run --rm -v /home/asu/reproducibility_of_jupyter_notebooks-1/data/outputs/repositorios_completos/Subin-Vidhu/2025/b02c75d777f19f2808c4bcb6fc171184450a5505:/workspace/repo:ro -v /home/asu/reproducibility_of_jupyter_notebooks-1/data/outputs/repositorios_completos/Subin-Vidhu/2025/b02c75d777f19f2808c4bcb6fc171184450a5505/_out/0_Coursera__1_Introduction to Computer Vision and Image Processing__Code__2 1 2_Images_with_python_library_CV.ipynb:/workspace/out -e NOTEBOOK_REL_PATH=0_Coursera/1_Introduction to Computer Vision and Image Processing/Code/2 1 2_Images_with_python_library_CV.ipynb -e TIMEOUT_SECONDS=300 -e PYTHON_VERSION_DECLARED=3.7 -e POLICY=strict -e NOTEBOOK_ID=5368024c8d0c8dcbf92e5bafa1138c68903e8a8d599833b582b9ca80db995ff1 -e RUN_ID=1763166685782-5368024c8d0c8dcbf92e5bafa1138c68 notebook-executor python -m scripts.container_worker
2025-11-14 21:31:29,276 | WARNING | Docker returned 1. STDOUT/ERR tail:

2025-11-15 00:31:27,177 | INFO | Executing notebook: 0_Coursera/1_Introduction to Computer Vision and Image Processing/Code/2 1 2_Images_with_python_library_CV.ipynb
2025-11-15 00:31:27,177 | INFO | Timeout: 300s, Run ID: 1763166685782-5368024c8d0c8dcbf92e5bafa1138c68
2025-11-15 00:31:27,977 | INFO | Executing notebook with kernel: python3
2025-11-15 00:31:28,693 | INFO | Result written to /workspace/out/result.json

2025-11-14 21:31:29,280 | INFO | Usando repositório completo: /home/asu/reproducibility_of_jupyter_notebooks-1/data/outputs/repositorios_completos/Subin-Vidhu/2025/b02c75d777f19f2808c4bcb6fc171184450a5505
2025-11-14 21:31:29,280 | INFO | Executando via Docker: image=notebook-executor nb=0_Coursera/1_Introduction to Computer Vision and Image Processing/Code/2 2 1_basic_image_manipulation_PIL.ipynb
2025-11-14 21:31:29,281 | INFO | docker run: docker run --rm -v /home/asu/reproducibility_of_jupyter_notebooks-1/data/outputs/repositorios_completos/Subin-Vidhu/2025/b02c75d777f19f2808c4bcb6fc171184450a5505:/workspace/repo:ro -v /home/asu/reproducibility_of_jupyter_notebooks-1/data/outputs/repositorios_completos/Subin-Vidhu/2025/b02c75d777f19f2808c4bcb6fc171184450a5505/_out/0_Coursera__1_Introduction to Computer Vision and Image Processing__Code__2 2 1_basic_image_manipulation_PIL.ipynb:/workspace/out -e NOTEBOOK_REL_PATH=0_Coursera/1_Introduction to Computer Vision and Image Processing/Code/2 2 1_basic_image_manipulation_PIL.ipynb -e TIMEOUT_SECONDS=300 -e PYTHON_VERSION_DECLARED=3.7 -e POLICY=strict -e NOTEBOOK_ID=3a2050dd60a9b0d87c5d7cc0c9f87b435dda89b3ef4511f6c37b0fed82bd5994 -e RUN_ID=1763166689280-3a2050dd60a9b0d87c5d7cc0c9f87b43 notebook-executor python -m scripts.container_worker
2025-11-14 21:31:33,158 | WARNING | Docker returned 1. STDOUT/ERR tail:

2025-11-15 00:31:30,630 | INFO | Executing notebook: 0_Coursera/1_Introduction to Computer Vision and Image Processing/Code/2 2 1_basic_image_manipulation_PIL.ipynb
2025-11-15 00:31:30,630 | INFO | Timeout: 300s, Run ID: 1763166689280-3a2050dd60a9b0d87c5d7cc0c9f87b43
2025-11-15 00:31:31,404 | INFO | Executing notebook with kernel: python3
2025-11-15 00:31:32,665 | INFO | Result written to /workspace/out/result.json

2025-11-14 21:31:33,160 | INFO | Usando repositório completo: /home/asu/reproducibility_of_jupyter_notebooks-1/data/outputs/repositorios_completos/Subin-Vidhu/2025/b02c75d777f19f2808c4bcb6fc171184450a5505
2025-11-14 21:31:33,160 | INFO | Executando via Docker: image=notebook-executor nb=0_Coursera/1_Introduction to Computer Vision and Image Processing/Code/2 2 2_basic_image_manipulation_open_CV.ipynb
2025-11-14 21:31:33,161 | INFO | docker run: docker run --rm -v /home/asu/reproducibility_of_jupyter_notebooks-1/data/outputs/repositorios_completos/Subin-Vidhu/2025/b02c75d777f19f2808c4bcb6fc171184450a5505:/workspace/repo:ro -v /home/asu/reproducibility_of_jupyter_notebooks-1/data/outputs/repositorios_completos/Subin-Vidhu/2025/b02c75d777f19f2808c4bcb6fc171184450a5505/_out/0_Coursera__1_Introduction to Computer Vision and Image Processing__Code__2 2 2_basic_image_manipulation_open_CV.ipynb:/workspace/out -e NOTEBOOK_REL_PATH=0_Coursera/1_Introduction to Computer Vision and Image Processing/Code/2 2 2_basic_image_manipulation_open_CV.ipynb -e TIMEOUT_SECONDS=300 -e PYTHON_VERSION_DECLARED=3.7 -e POLICY=strict -e NOTEBOOK_ID=9a1a5ba6475224c2ef06a616d8c76a942060cd91f7ad25c5f42b40f5f9dc5e5c -e RUN_ID=1763166693160-9a1a5ba6475224c2ef06a616d8c76a94 notebook-executor python -m scripts.container_worker
2025-11-14 21:31:36,948 | WARNING | Docker returned 1. STDOUT/ERR tail:

2025-11-15 00:31:34,478 | INFO | Executing notebook: 0_Coursera/1_Introduction to Computer Vision and Image Processing/Code/2 2 2_basic_image_manipulation_open_CV.ipynb
2025-11-15 00:31:34,478 | INFO | Timeout: 300s, Run ID: 1763166693160-9a1a5ba6475224c2ef06a616d8c76a94
2025-11-15 00:31:35,225 | INFO | Executing notebook with kernel: python3
2025-11-15 00:31:36,413 | INFO | Result written to /workspace/out/result.json

2025-11-14 21:31:36,950 | INFO | Usando repositório completo: /home/asu/reproducibility_of_jupyter_notebooks-1/data/outputs/repositorios_completos/Subin-Vidhu/2025/b02c75d777f19f2808c4bcb6fc171184450a5505
2025-11-14 21:31:36,950 | INFO | Executando via Docker: image=notebook-executor nb=0_Coursera/1_Introduction to Computer Vision and Image Processing/Code/2 3 2_ Histograms and Intensity Transformations.ipynb
2025-11-14 21:31:36,951 | INFO | docker run: docker run --rm -v /home/asu/reproducibility_of_jupyter_notebooks-1/data/outputs/repositorios_completos/Subin-Vidhu/2025/b02c75d777f19f2808c4bcb6fc171184450a5505:/workspace/repo:ro -v /home/asu/reproducibility_of_jupyter_notebooks-1/data/outputs/repositorios_completos/Subin-Vidhu/2025/b02c75d777f19f2808c4bcb6fc171184450a5505/_out/0_Coursera__1_Introduction to Computer Vision and Image Processing__Code__2 3 2_ Histograms and Intensity Transformations.ipynb:/workspace/out -e NOTEBOOK_REL_PATH=0_Coursera/1_Introduction to Computer Vision and Image Processing/Code/2 3 2_ Histograms and Intensity Transformations.ipynb -e TIMEOUT_SECONDS=300 -e PYTHON_VERSION_DECLARED=3.7 -e POLICY=strict -e NOTEBOOK_ID=c83a5503d58aff856751300e2b9a4c67d7dce0089b4739c3afc5c502b27bc09a -e RUN_ID=1763166696950-c83a5503d58aff856751300e2b9a4c67 notebook-executor python -m scripts.container_worker
2025-11-14 21:31:40,933 | WARNING | Docker returned 1. STDOUT/ERR tail:

2025-11-15 00:31:38,191 | INFO | Executing notebook: 0_Coursera/1_Introduction to Computer Vision and Image Processing/Code/2 3 2_ Histograms and Intensity Transformations.ipynb
2025-11-15 00:31:38,191 | INFO | Timeout: 300s, Run ID: 1763166696950-c83a5503d58aff856751300e2b9a4c67
2025-11-15 00:31:38,935 | INFO | Executing notebook with kernel: python3
2025-11-15 00:31:40,330 | INFO | Result written to /workspace/out/result.json

2025-11-14 21:31:40,936 | INFO | Usando repositório completo: /home/asu/reproducibility_of_jupyter_notebooks-1/data/outputs/repositorios_completos/Subin-Vidhu/2025/b02c75d777f19f2808c4bcb6fc171184450a5505
2025-11-14 21:31:40,937 | INFO | Executando via Docker: image=notebook-executor nb=0_Coursera/1_Introduction to Computer Vision and Image Processing/Code/2 4 1_Gemetric_trasfroms_PIL.ipynb
2025-11-14 21:31:40,938 | INFO | docker run: docker run --rm -v /home/asu/reproducibility_of_jupyter_notebooks-1/data/outputs/repositorios_completos/Subin-Vidhu/2025/b02c75d777f19f2808c4bcb6fc171184450a5505:/workspace/repo:ro -v /home/asu/reproducibility_of_jupyter_notebooks-1/data/outputs/repositorios_completos/Subin-Vidhu/2025/b02c75d777f19f2808c4bcb6fc171184450a5505/_out/0_Coursera__1_Introduction to Computer Vision and Image Processing__Code__2 4 1_Gemetric_trasfroms_PIL.ipynb:/workspace/out -e NOTEBOOK_REL_PATH=0_Coursera/1_Introduction to Computer Vision and Image Processing/Code/2 4 1_Gemetric_trasfroms_PIL.ipynb -e TIMEOUT_SECONDS=300 -e PYTHON_VERSION_DECLARED=3.7 -e POLICY=strict -e NOTEBOOK_ID=5319a683460dc5bd4404c306dc07ef5914a4aa36593c4283108735b6decb19f1 -e RUN_ID=1763166700937-5319a683460dc5bd4404c306dc07ef59 notebook-executor python -m scripts.container_worker
2025-11-14 21:31:44,864 | WARNING | Docker returned 1. STDOUT/ERR tail:

2025-11-15 00:31:42,227 | INFO | Executing notebook: 0_Coursera/1_Introduction to Computer Vision and Image Processing/Code/2 4 1_Gemetric_trasfroms_PIL.ipynb
2025-11-15 00:31:42,227 | INFO | Timeout: 300s, Run ID: 1763166700937-5319a683460dc5bd4404c306dc07ef59
2025-11-15 00:31:42,966 | INFO | Executing notebook with kernel: python3
2025-11-15 00:31:44,265 | INFO | Result written to /workspace/out/result.json

2025-11-14 21:31:44,868 | INFO | Usando repositório completo: /home/asu/reproducibility_of_jupyter_notebooks-1/data/outputs/repositorios_completos/Subin-Vidhu/2025/b02c75d777f19f2808c4bcb6fc171184450a5505
2025-11-14 21:31:44,868 | INFO | Executando via Docker: image=notebook-executor nb=0_Coursera/1_Introduction to Computer Vision and Image Processing/Code/2 4 2_Gemetric_trasfroms_OpenCV.ipynb
2025-11-14 21:31:44,869 | INFO | docker run: docker run --rm -v /home/asu/reproducibility_of_jupyter_notebooks-1/data/outputs/repositorios_completos/Subin-Vidhu/2025/b02c75d777f19f2808c4bcb6fc171184450a5505:/workspace/repo:ro -v /home/asu/reproducibility_of_jupyter_notebooks-1/data/outputs/repositorios_completos/Subin-Vidhu/2025/b02c75d777f19f2808c4bcb6fc171184450a5505/_out/0_Coursera__1_Introduction to Computer Vision and Image Processing__Code__2 4 2_Gemetric_trasfroms_OpenCV.ipynb:/workspace/out -e NOTEBOOK_REL_PATH=0_Coursera/1_Introduction to Computer Vision and Image Processing/Code/2 4 2_Gemetric_trasfroms_OpenCV.ipynb -e TIMEOUT_SECONDS=300 -e PYTHON_VERSION_DECLARED=3.7 -e POLICY=strict -e NOTEBOOK_ID=7892b623a1d7ef6fbab88d6c92fadb244fbe255a4d3054ae121d82f6a9c42d9b -e RUN_ID=1763166704868-7892b623a1d7ef6fbab88d6c92fadb24 notebook-executor python -m scripts.container_worker
2025-11-14 21:31:48,869 | WARNING | Docker returned 1. STDOUT/ERR tail:

2025-11-15 00:31:46,154 | INFO | Executing notebook: 0_Coursera/1_Introduction to Computer Vision and Image Processing/Code/2 4 2_Gemetric_trasfroms_OpenCV.ipynb
2025-11-15 00:31:46,154 | INFO | Timeout: 300s, Run ID: 1763166704868-7892b623a1d7ef6fbab88d6c92fadb24
2025-11-15 00:31:46,930 | INFO | Executing notebook with kernel: python3
2025-11-15 00:31:48,200 | INFO | Result written to /workspace/out/result.json

2025-11-14 21:31:48,872 | INFO | Usando repositório completo: /home/asu/reproducibility_of_jupyter_notebooks-1/data/outputs/repositorios_completos/Subin-Vidhu/2025/b02c75d777f19f2808c4bcb6fc171184450a5505
2025-11-14 21:31:48,872 | INFO | Executando via Docker: image=notebook-executor nb=0_Coursera/1_Introduction to Computer Vision and Image Processing/Code/2 5 1_Spatial_Filtering-PIL.ipynb
2025-11-14 21:31:48,873 | INFO | docker run: docker run --rm -v /home/asu/reproducibility_of_jupyter_notebooks-1/data/outputs/repositorios_completos/Subin-Vidhu/2025/b02c75d777f19f2808c4bcb6fc171184450a5505:/workspace/repo:ro -v /home/asu/reproducibility_of_jupyter_notebooks-1/data/outputs/repositorios_completos/Subin-Vidhu/2025/b02c75d777f19f2808c4bcb6fc171184450a5505/_out/0_Coursera__1_Introduction to Computer Vision and Image Processing__Code__2 5 1_Spatial_Filtering-PIL.ipynb:/workspace/out -e NOTEBOOK_REL_PATH=0_Coursera/1_Introduction to Computer Vision and Image Processing/Code/2 5 1_Spatial_Filtering-PIL.ipynb -e TIMEOUT_SECONDS=300 -e PYTHON_VERSION_DECLARED=3.7 -e POLICY=strict -e NOTEBOOK_ID=6dad5c1b3fd0dc65b37f8f7a4e076fe362afcd5e1a2fb879920776f85d7c00cd -e RUN_ID=1763166708872-6dad5c1b3fd0dc65b37f8f7a4e076fe3 notebook-executor python -m scripts.container_worker
2025-11-14 21:31:52,677 | WARNING | Docker returned 1. STDOUT/ERR tail:

2025-11-15 00:31:50,129 | INFO | Executing notebook: 0_Coursera/1_Introduction to Computer Vision and Image Processing/Code/2 5 1_Spatial_Filtering-PIL.ipynb
2025-11-15 00:31:50,129 | INFO | Timeout: 300s, Run ID: 1763166708872-6dad5c1b3fd0dc65b37f8f7a4e076fe3
2025-11-15 00:31:50,888 | INFO | Executing notebook with kernel: python3
2025-11-15 00:31:52,143 | INFO | Result written to /workspace/out/result.json

2025-11-14 21:31:52,679 | INFO | Usando repositório completo: /home/asu/reproducibility_of_jupyter_notebooks-1/data/outputs/repositorios_completos/Subin-Vidhu/2025/b02c75d777f19f2808c4bcb6fc171184450a5505
2025-11-14 21:31:52,680 | INFO | Executando via Docker: image=notebook-executor nb=0_Coursera/1_Introduction to Computer Vision and Image Processing/Code/2 5 2_Spatial_Filtering.ipynb
2025-11-14 21:31:52,681 | INFO | docker run: docker run --rm -v /home/asu/reproducibility_of_jupyter_notebooks-1/data/outputs/repositorios_completos/Subin-Vidhu/2025/b02c75d777f19f2808c4bcb6fc171184450a5505:/workspace/repo:ro -v /home/asu/reproducibility_of_jupyter_notebooks-1/data/outputs/repositorios_completos/Subin-Vidhu/2025/b02c75d777f19f2808c4bcb6fc171184450a5505/_out/0_Coursera__1_Introduction to Computer Vision and Image Processing__Code__2 5 2_Spatial_Filtering.ipynb:/workspace/out -e NOTEBOOK_REL_PATH=0_Coursera/1_Introduction to Computer Vision and Image Processing/Code/2 5 2_Spatial_Filtering.ipynb -e TIMEOUT_SECONDS=300 -e PYTHON_VERSION_DECLARED=3.7 -e POLICY=strict -e NOTEBOOK_ID=543fc9ee3a77701698b70af80b66489159ed05f2ec00a5ccb89ea1abe3bcf0fc -e RUN_ID=1763166712680-543fc9ee3a77701698b70af80b664891 notebook-executor python -m scripts.container_worker
2025-11-14 21:31:56,277 | WARNING | Docker returned 1. STDOUT/ERR tail:

2025-11-15 00:31:53,939 | INFO | Executing notebook: 0_Coursera/1_Introduction to Computer Vision and Image Processing/Code/2 5 2_Spatial_Filtering.ipynb
2025-11-15 00:31:53,939 | INFO | Timeout: 300s, Run ID: 1763166712680-543fc9ee3a77701698b70af80b664891
2025-11-15 00:31:54,658 | INFO | Executing notebook with kernel: python3
2025-11-15 00:31:55,783 | INFO | Result written to /workspace/out/result.json

2025-11-14 21:31:56,512 | INFO | Usando repositório completo: /home/asu/reproducibility_of_jupyter_notebooks-1/data/outputs/repositorios_completos/Subin-Vidhu/2025/b02c75d777f19f2808c4bcb6fc171184450a5505
2025-11-14 21:31:56,513 | INFO | Executando via Docker: image=notebook-executor nb=0_Coursera/1_Introduction to Computer Vision and Image Processing/Code/2.1.1_Images_with_python_library_PIL.ipynb
2025-11-14 21:31:56,513 | INFO | docker run: docker run --rm -v /home/asu/reproducibility_of_jupyter_notebooks-1/data/outputs/repositorios_completos/Subin-Vidhu/2025/b02c75d777f19f2808c4bcb6fc171184450a5505:/workspace/repo:ro -v /home/asu/reproducibility_of_jupyter_notebooks-1/data/outputs/repositorios_completos/Subin-Vidhu/2025/b02c75d777f19f2808c4bcb6fc171184450a5505/_out/0_Coursera__1_Introduction to Computer Vision and Image Processing__Code__2.1.1_Images_with_python_library_PIL.ipynb:/workspace/out -e NOTEBOOK_REL_PATH=0_Coursera/1_Introduction to Computer Vision and Image Processing/Code/2.1.1_Images_with_python_library_PIL.ipynb -e TIMEOUT_SECONDS=300 -e PYTHON_VERSION_DECLARED=3.7 -e POLICY=strict -e NOTEBOOK_ID=812e148c3306c83dbbeb08ef6e7ce63ff4a550f3c9c2f58754b6ff8d480ef208 -e RUN_ID=1763166716513-812e148c3306c83dbbeb08ef6e7ce63f notebook-executor python -m scripts.container_worker
2025-11-14 21:31:59,789 | WARNING | Docker returned 1. STDOUT/ERR tail:

2025-11-15 00:31:57,677 | INFO | Executing notebook: 0_Coursera/1_Introduction to Computer Vision and Image Processing/Code/2.1.1_Images_with_python_library_PIL.ipynb
2025-11-15 00:31:57,677 | INFO | Timeout: 300s, Run ID: 1763166716513-812e148c3306c83dbbeb08ef6e7ce63f
2025-11-15 00:31:58,456 | INFO | Executing notebook with kernel: python3
2025-11-15 00:31:59,305 | INFO | Result written to /workspace/out/result.json

2025-11-14 21:31:59,792 | INFO | Usando repositório completo: /home/asu/reproducibility_of_jupyter_notebooks-1/data/outputs/repositorios_completos/Subin-Vidhu/2025/b02c75d777f19f2808c4bcb6fc171184450a5505
2025-11-14 21:31:59,793 | INFO | Executando via Docker: image=notebook-executor nb=0_Coursera/1_Introduction to Computer Vision and Image Processing/Code/Convolutional Neural Network.ipynb
2025-11-14 21:31:59,794 | INFO | docker run: docker run --rm -v /home/asu/reproducibility_of_jupyter_notebooks-1/data/outputs/repositorios_completos/Subin-Vidhu/2025/b02c75d777f19f2808c4bcb6fc171184450a5505:/workspace/repo:ro -v /home/asu/reproducibility_of_jupyter_notebooks-1/data/outputs/repositorios_completos/Subin-Vidhu/2025/b02c75d777f19f2808c4bcb6fc171184450a5505/_out/0_Coursera__1_Introduction to Computer Vision and Image Processing__Code__Convolutional Neural Network.ipynb:/workspace/out -e NOTEBOOK_REL_PATH=0_Coursera/1_Introduction to Computer Vision and Image Processing/Code/Convolutional Neural Network.ipynb -e TIMEOUT_SECONDS=300 -e PYTHON_VERSION_DECLARED=3.7 -e POLICY=strict -e NOTEBOOK_ID=6b30100d67f0730e5ea14f02864e0d22548225f7fcef7a37618adf5fc39a436a -e RUN_ID=1763166719793-6b30100d67f0730e5ea14f02864e0d22 notebook-executor python -m scripts.container_worker
2025-11-14 21:32:48,446 | INFO | Usando repositório completo: /home/asu/reproducibility_of_jupyter_notebooks-1/data/outputs/repositorios_completos/Subin-Vidhu/2025/b02c75d777f19f2808c4bcb6fc171184450a5505
2025-11-14 21:32:48,446 | INFO | Executando via Docker: image=notebook-executor nb=0_Coursera/1_Introduction to Computer Vision and Image Processing/Code/Data Augmentation.ipynb
2025-11-14 21:32:48,447 | INFO | docker run: docker run --rm -v /home/asu/reproducibility_of_jupyter_notebooks-1/data/outputs/repositorios_completos/Subin-Vidhu/2025/b02c75d777f19f2808c4bcb6fc171184450a5505:/workspace/repo:ro -v /home/asu/reproducibility_of_jupyter_notebooks-1/data/outputs/repositorios_completos/Subin-Vidhu/2025/b02c75d777f19f2808c4bcb6fc171184450a5505/_out/0_Coursera__1_Introduction to Computer Vision and Image Processing__Code__Data Augmentation.ipynb:/workspace/out -e NOTEBOOK_REL_PATH=0_Coursera/1_Introduction to Computer Vision and Image Processing/Code/Data Augmentation.ipynb -e TIMEOUT_SECONDS=300 -e PYTHON_VERSION_DECLARED=3.7 -e POLICY=strict -e NOTEBOOK_ID=774c444b285077f332b489f21fd7f4d84829bcb97b1bf347957fb27561a7fb2d -e RUN_ID=1763166768446-774c444b285077f332b489f21fd7f4d8 notebook-executor python -m scripts.container_worker
2025-11-14 21:33:12,693 | WARNING | Docker returned 1. STDOUT/ERR tail:

2025-11-15 00:32:50,005 | INFO | Executing notebook: 0_Coursera/1_Introduction to Computer Vision and Image Processing/Code/Data Augmentation.ipynb
2025-11-15 00:32:50,005 | INFO | Timeout: 300s, Run ID: 1763166768446-774c444b285077f332b489f21fd7f4d8
2025-11-15 00:32:50,743 | INFO | Executing notebook with kernel: python3
2025-11-15 00:33:12,146 | INFO | Result written to /workspace/out/result.json

2025-11-14 21:33:12,695 | INFO | Usando repositório completo: /home/asu/reproducibility_of_jupyter_notebooks-1/data/outputs/repositorios_completos/Subin-Vidhu/2025/b02c75d777f19f2808c4bcb6fc171184450a5505
2025-11-14 21:33:12,695 | INFO | Executando via Docker: image=notebook-executor nb=0_Coursera/1_Introduction to Computer Vision and Image Processing/Code/Digit Classification with Softmax.ipynb
2025-11-14 21:33:12,696 | INFO | docker run: docker run --rm -v /home/asu/reproducibility_of_jupyter_notebooks-1/data/outputs/repositorios_completos/Subin-Vidhu/2025/b02c75d777f19f2808c4bcb6fc171184450a5505:/workspace/repo:ro -v /home/asu/reproducibility_of_jupyter_notebooks-1/data/outputs/repositorios_completos/Subin-Vidhu/2025/b02c75d777f19f2808c4bcb6fc171184450a5505/_out/0_Coursera__1_Introduction to Computer Vision and Image Processing__Code__Digit Classification with Softmax.ipynb:/workspace/out -e NOTEBOOK_REL_PATH=0_Coursera/1_Introduction to Computer Vision and Image Processing/Code/Digit Classification with Softmax.ipynb -e TIMEOUT_SECONDS=300 -e PYTHON_VERSION_DECLARED=3.7 -e POLICY=strict -e NOTEBOOK_ID=d6c4cbc7790d8962c6e5ccd580f4c6986ab2ed930bb67a4da6f418533344a9db -e RUN_ID=1763166792695-d6c4cbc7790d8962c6e5ccd580f4c698 notebook-executor python -m scripts.container_worker
2025-11-14 21:34:09,238 | INFO | Usando repositório completo: /home/asu/reproducibility_of_jupyter_notebooks-1/data/outputs/repositorios_completos/Subin-Vidhu/2025/b02c75d777f19f2808c4bcb6fc171184450a5505
2025-11-14 21:34:09,239 | INFO | Executando via Docker: image=notebook-executor nb=0_Coursera/1_Introduction to Computer Vision and Image Processing/Code/Logistic Regression With Mini-Batch Gradient Descent.ipynb
2025-11-14 21:34:09,240 | INFO | docker run: docker run --rm -v /home/asu/reproducibility_of_jupyter_notebooks-1/data/outputs/repositorios_completos/Subin-Vidhu/2025/b02c75d777f19f2808c4bcb6fc171184450a5505:/workspace/repo:ro -v /home/asu/reproducibility_of_jupyter_notebooks-1/data/outputs/repositorios_completos/Subin-Vidhu/2025/b02c75d777f19f2808c4bcb6fc171184450a5505/_out/0_Coursera__1_Introduction to Computer Vision and Image Processing__Code__Logistic Regression With Mini-Batch Gradient Descent.ipynb:/workspace/out -e NOTEBOOK_REL_PATH=0_Coursera/1_Introduction to Computer Vision and Image Processing/Code/Logistic Regression With Mini-Batch Gradient Descent.ipynb -e TIMEOUT_SECONDS=300 -e PYTHON_VERSION_DECLARED=3.7 -e POLICY=strict -e NOTEBOOK_ID=a2eea9595f5a13800ece2cd368ee98494de5cfa03a53e2d20a0fde1a43b3b01e -e RUN_ID=1763166849239-a2eea9595f5a13800ece2cd368ee9849 notebook-executor python -m scripts.container_worker
2025-11-14 21:34:18,911 | WARNING | Docker returned 1. STDOUT/ERR tail:

2025-11-15 00:34:10,719 | INFO | Executing notebook: 0_Coursera/1_Introduction to Computer Vision and Image Processing/Code/Logistic Regression With Mini-Batch Gradient Descent.ipynb
2025-11-15 00:34:10,719 | INFO | Timeout: 300s, Run ID: 1763166849239-a2eea9595f5a13800ece2cd368ee9849
2025-11-15 00:34:11,503 | INFO | Executing notebook with kernel: python3
2025-11-15 00:34:18,430 | INFO | Timeout detected; skipping dependency retry.
2025-11-15 00:34:18,430 | INFO | Result written to /workspace/out/result.json

2025-11-14 21:34:18,914 | INFO | Usando repositório completo: /home/asu/reproducibility_of_jupyter_notebooks-1/data/outputs/repositorios_completos/Subin-Vidhu/2025/b02c75d777f19f2808c4bcb6fc171184450a5505
2025-11-14 21:34:18,914 | INFO | Executando via Docker: image=notebook-executor nb=0_Coursera/1_Introduction to Computer Vision and Image Processing/Code/Neural Network Rectified Linear Unit ReLU vs Sigmoid.ipynb
2025-11-14 21:34:18,915 | INFO | docker run: docker run --rm -v /home/asu/reproducibility_of_jupyter_notebooks-1/data/outputs/repositorios_completos/Subin-Vidhu/2025/b02c75d777f19f2808c4bcb6fc171184450a5505:/workspace/repo:ro -v /home/asu/reproducibility_of_jupyter_notebooks-1/data/outputs/repositorios_completos/Subin-Vidhu/2025/b02c75d777f19f2808c4bcb6fc171184450a5505/_out/0_Coursera__1_Introduction to Computer Vision and Image Processing__Code__Neural Network Rectified Linear Unit ReLU vs Sigmoid.ipynb:/workspace/out -e NOTEBOOK_REL_PATH=0_Coursera/1_Introduction to Computer Vision and Image Processing/Code/Neural Network Rectified Linear Unit ReLU vs Sigmoid.ipynb -e TIMEOUT_SECONDS=300 -e PYTHON_VERSION_DECLARED=3.7 -e POLICY=strict -e NOTEBOOK_ID=c38e1371e2276dc3a94efb8e68446cc6cc39fc2f33c208cd4b2731a5b2be5321 -e RUN_ID=1763166858914-c38e1371e2276dc3a94efb8e68446cc6 notebook-executor python -m scripts.container_worker
2025-11-14 21:35:22,070 | INFO | Usando repositório completo: /home/asu/reproducibility_of_jupyter_notebooks-1/data/outputs/repositorios_completos/Subin-Vidhu/2025/b02c75d777f19f2808c4bcb6fc171184450a5505
2025-11-14 21:35:22,071 | INFO | Executando via Docker: image=notebook-executor nb=0_Coursera/1_Introduction to Computer Vision and Image Processing/Code/Simple Neural Network for XOR.ipynb
2025-11-14 21:35:22,072 | INFO | docker run: docker run --rm -v /home/asu/reproducibility_of_jupyter_notebooks-1/data/outputs/repositorios_completos/Subin-Vidhu/2025/b02c75d777f19f2808c4bcb6fc171184450a5505:/workspace/repo:ro -v /home/asu/reproducibility_of_jupyter_notebooks-1/data/outputs/repositorios_completos/Subin-Vidhu/2025/b02c75d777f19f2808c4bcb6fc171184450a5505/_out/0_Coursera__1_Introduction to Computer Vision and Image Processing__Code__Simple Neural Network for XOR.ipynb:/workspace/out -e NOTEBOOK_REL_PATH=0_Coursera/1_Introduction to Computer Vision and Image Processing/Code/Simple Neural Network for XOR.ipynb -e TIMEOUT_SECONDS=300 -e PYTHON_VERSION_DECLARED=3.7 -e POLICY=strict -e NOTEBOOK_ID=82e32a272385a26d9c09c9407514b0f25c3f9c190c6fc3ca37d196cd3c41c071 -e RUN_ID=1763166922071-82e32a272385a26d9c09c9407514b0f2 notebook-executor python -m scripts.container_worker
2025-11-14 21:36:02,340 | INFO | Usando repositório completo: /home/asu/reproducibility_of_jupyter_notebooks-1/data/outputs/repositorios_completos/Subin-Vidhu/2025/b02c75d777f19f2808c4bcb6fc171184450a5505
2025-11-14 21:36:02,340 | INFO | Executando via Docker: image=notebook-executor nb=0_Coursera/1_Introduction to Computer Vision and Image Processing/Code/Support Vector Machines vs Vanilla Linear Classifier.ipynb
2025-11-14 21:36:02,341 | INFO | docker run: docker run --rm -v /home/asu/reproducibility_of_jupyter_notebooks-1/data/outputs/repositorios_completos/Subin-Vidhu/2025/b02c75d777f19f2808c4bcb6fc171184450a5505:/workspace/repo:ro -v /home/asu/reproducibility_of_jupyter_notebooks-1/data/outputs/repositorios_completos/Subin-Vidhu/2025/b02c75d777f19f2808c4bcb6fc171184450a5505/_out/0_Coursera__1_Introduction to Computer Vision and Image Processing__Code__Support Vector Machines vs Vanilla Linear Classifier.ipynb:/workspace/out -e NOTEBOOK_REL_PATH=0_Coursera/1_Introduction to Computer Vision and Image Processing/Code/Support Vector Machines vs Vanilla Linear Classifier.ipynb -e TIMEOUT_SECONDS=300 -e PYTHON_VERSION_DECLARED=3.7 -e POLICY=strict -e NOTEBOOK_ID=442d9bf4672058e946b5d83625c982f230cb861e1d7a983ae64a0d944d8d5963 -e RUN_ID=1763166962340-442d9bf4672058e946b5d83625c982f2 notebook-executor python -m scripts.container_worker
2025-11-14 21:36:09,382 | WARNING | Docker returned 1. STDOUT/ERR tail:

2025-11-15 00:36:03,818 | INFO | Executing notebook: 0_Coursera/1_Introduction to Computer Vision and Image Processing/Code/Support Vector Machines vs Vanilla Linear Classifier.ipynb
2025-11-15 00:36:03,818 | INFO | Timeout: 300s, Run ID: 1763166962340-442d9bf4672058e946b5d83625c982f2
2025-11-15 00:36:04,814 | INFO | Executing notebook with kernel: python3
2025-11-15 00:36:08,810 | INFO | Result written to /workspace/out/result.json

2025-11-14 21:36:09,386 | INFO | Usando repositório completo: /home/asu/reproducibility_of_jupyter_notebooks-1/data/outputs/repositorios_completos/Subin-Vidhu/2025/b02c75d777f19f2808c4bcb6fc171184450a5505
2025-11-14 21:36:09,386 | INFO | Executando via Docker: image=notebook-executor nb=0_Coursera/1_Introduction to Computer Vision and Image Processing/Code/Training A Neural Network with Momentum.ipynb
2025-11-14 21:36:09,387 | INFO | docker run: docker run --rm -v /home/asu/reproducibility_of_jupyter_notebooks-1/data/outputs/repositorios_completos/Subin-Vidhu/2025/b02c75d777f19f2808c4bcb6fc171184450a5505:/workspace/repo:ro -v /home/asu/reproducibility_of_jupyter_notebooks-1/data/outputs/repositorios_completos/Subin-Vidhu/2025/b02c75d777f19f2808c4bcb6fc171184450a5505/_out/0_Coursera__1_Introduction to Computer Vision and Image Processing__Code__Training A Neural Network with Momentum.ipynb:/workspace/out -e NOTEBOOK_REL_PATH=0_Coursera/1_Introduction to Computer Vision and Image Processing/Code/Training A Neural Network with Momentum.ipynb -e TIMEOUT_SECONDS=300 -e PYTHON_VERSION_DECLARED=3.7 -e POLICY=strict -e NOTEBOOK_ID=b92d323d2b534e38a53dcbaf9d1ea18c000ad333f1e0e9dc9dd9da13c6556e70 -e RUN_ID=1763166969386-b92d323d2b534e38a53dcbaf9d1ea18c notebook-executor python -m scripts.container_worker
2025-11-14 21:36:27,481 | INFO | Usando repositório completo: /home/asu/reproducibility_of_jupyter_notebooks-1/data/outputs/repositorios_completos/Subin-Vidhu/2025/b02c75d777f19f2808c4bcb6fc171184450a5505
2025-11-14 21:36:27,481 | INFO | Executando via Docker: image=notebook-executor nb=0_Coursera/1_Introduction to Computer Vision and Image Processing/Code/use-objectdetection-faster-r-cnn.ipynb
2025-11-14 21:36:27,482 | INFO | docker run: docker run --rm -v /home/asu/reproducibility_of_jupyter_notebooks-1/data/outputs/repositorios_completos/Subin-Vidhu/2025/b02c75d777f19f2808c4bcb6fc171184450a5505:/workspace/repo:ro -v /home/asu/reproducibility_of_jupyter_notebooks-1/data/outputs/repositorios_completos/Subin-Vidhu/2025/b02c75d777f19f2808c4bcb6fc171184450a5505/_out/0_Coursera__1_Introduction to Computer Vision and Image Processing__Code__use-objectdetection-faster-r-cnn.ipynb:/workspace/out -e NOTEBOOK_REL_PATH=0_Coursera/1_Introduction to Computer Vision and Image Processing/Code/use-objectdetection-faster-r-cnn.ipynb -e TIMEOUT_SECONDS=300 -e PYTHON_VERSION_DECLARED=3.7 -e POLICY=strict -e NOTEBOOK_ID=8f450a694a2edc7cab9779e95411969730e8670b3a88e3f69278f640b1d59f36 -e RUN_ID=1763166987481-8f450a694a2edc7cab9779e954119697 notebook-executor python -m scripts.container_worker
2025-11-14 21:41:32,454 | WARNING | Docker returned 1. STDOUT/ERR tail:

0/site-packages/ipykernel/kernelbase.py", line 850, in execute_request
    reply_msg: dict[str, t.Any] = self.session.send(  # type:ignore[assignment]
  File "/usr/local/lib/python3.10/site-packages/jupyter_client/session.py", line 863, in send
    stream.send_multipart(to_send, copy=copy)
  File "/usr/local/lib/python3.10/site-packages/zmq/sugar/socket.py", line 749, in send_multipart
    self.send(msg, zmq.SNDMORE | flags, copy=copy, track=track)
  File "/usr/local/lib/python3.10/site-packages/zmq/sugar/socket.py", line 698, in send
    return super().send(data, flags=flags, copy=copy, track=track)
  File "zmq/backend/cython/_zmq.py", line 1152, in zmq.backend.cython._zmq.Socket.send
  File "zmq/backend/cython/_zmq.py", line 1194, in zmq.backend.cython._zmq.Socket.send
  File "zmq/backend/cython/_zmq.py", line 1339, in zmq.backend.cython._zmq._check_closed
zmq.error.ZMQError: Socket operation on non-socket
2025-11-15 00:41:30,317 | INFO | Result written to /workspace/out/result.json

2025-11-14 21:41:32,611 | INFO | Usando repositório completo: /home/asu/reproducibility_of_jupyter_notebooks-1/data/outputs/repositorios_completos/Subin-Vidhu/2025/b02c75d777f19f2808c4bcb6fc171184450a5505
2025-11-14 21:41:32,611 | INFO | Executando via Docker: image=notebook-executor-python38 nb=0_Coursera/2_Generative Adversarial Networks (GANs) Specialization/Apply Generative Adversarial Networks (GANs)/C3W1_Assignment.ipynb
2025-11-14 21:41:32,612 | INFO | docker run: docker run --rm -v /home/asu/reproducibility_of_jupyter_notebooks-1/data/outputs/repositorios_completos/Subin-Vidhu/2025/b02c75d777f19f2808c4bcb6fc171184450a5505:/workspace/repo:ro -v /home/asu/reproducibility_of_jupyter_notebooks-1/data/outputs/repositorios_completos/Subin-Vidhu/2025/b02c75d777f19f2808c4bcb6fc171184450a5505/_out/0_Coursera__2_Generative Adversarial Networks (GANs) Specialization__Apply Generative Adversarial Networks (GANs)__C3W1_Assignment.ipynb:/workspace/out -e NOTEBOOK_REL_PATH=0_Coursera/2_Generative Adversarial Networks (GANs) Specialization/Apply Generative Adversarial Networks (GANs)/C3W1_Assignment.ipynb -e TIMEOUT_SECONDS=300 -e PYTHON_VERSION_DECLARED=3.8 -e POLICY=strict -e NOTEBOOK_ID=e863fd4e795b4b21f615765934a421d9b1ced858af4d76937a1a4cef954129bb -e RUN_ID=1763167292611-e863fd4e795b4b21f615765934a421d9 notebook-executor-python38 python -m scripts.container_worker
2025-11-14 21:41:39,554 | WARNING | Docker returned 1. STDOUT/ERR tail:

2025-11-15 00:41:33,286 | INFO | Executing notebook: 0_Coursera/2_Generative Adversarial Networks (GANs) Specialization/Apply Generative Adversarial Networks (GANs)/C3W1_Assignment.ipynb
2025-11-15 00:41:33,286 | INFO | Timeout: 300s, Run ID: 1763167292611-e863fd4e795b4b21f615765934a421d9, Policy: strict
2025-11-15 00:41:33,286 | INFO | Policy is 'strict': attempting to install repository dependencies...
2025-11-15 00:41:33,286 | INFO | No repository dependency files found
2025-11-15 00:41:34,300 | INFO | Executing notebook with kernel: python3
2025-11-15 00:41:39,243 | INFO | Result written to /workspace/out/result.json

2025-11-14 21:41:39,972 | INFO | Usando repositório completo: /home/asu/reproducibility_of_jupyter_notebooks-1/data/outputs/repositorios_completos/Subin-Vidhu/2025/b02c75d777f19f2808c4bcb6fc171184450a5505
2025-11-14 21:41:39,972 | INFO | Executando via Docker: image=notebook-executor-python38 nb=0_Coursera/2_Generative Adversarial Networks (GANs) Specialization/Apply Generative Adversarial Networks (GANs)/C3W2A_Assignment.ipynb
2025-11-14 21:41:39,973 | INFO | docker run: docker run --rm -v /home/asu/reproducibility_of_jupyter_notebooks-1/data/outputs/repositorios_completos/Subin-Vidhu/2025/b02c75d777f19f2808c4bcb6fc171184450a5505:/workspace/repo:ro -v /home/asu/reproducibility_of_jupyter_notebooks-1/data/outputs/repositorios_completos/Subin-Vidhu/2025/b02c75d777f19f2808c4bcb6fc171184450a5505/_out/0_Coursera__2_Generative Adversarial Networks (GANs) Specialization__Apply Generative Adversarial Networks (GANs)__C3W2A_Assignment.ipynb:/workspace/out -e NOTEBOOK_REL_PATH=0_Coursera/2_Generative Adversarial Networks (GANs) Specialization/Apply Generative Adversarial Networks (GANs)/C3W2A_Assignment.ipynb -e TIMEOUT_SECONDS=300 -e PYTHON_VERSION_DECLARED=3.8 -e POLICY=strict -e NOTEBOOK_ID=b8b526943dd2635e27cb31ec4b21becd08988e429415d2db3b175069879bba87 -e RUN_ID=1763167299972-b8b526943dd2635e27cb31ec4b21becd notebook-executor-python38 python -m scripts.container_worker
2025-11-14 21:41:57,956 | WARNING | Docker returned 1. STDOUT/ERR tail:

2025-11-15 00:41:40,440 | INFO | Executing notebook: 0_Coursera/2_Generative Adversarial Networks (GANs) Specialization/Apply Generative Adversarial Networks (GANs)/C3W2A_Assignment.ipynb
2025-11-15 00:41:40,440 | INFO | Timeout: 300s, Run ID: 1763167299972-b8b526943dd2635e27cb31ec4b21becd, Policy: strict
2025-11-15 00:41:40,440 | INFO | Policy is 'strict': attempting to install repository dependencies...
2025-11-15 00:41:40,440 | INFO | No repository dependency files found
2025-11-15 00:41:41,367 | INFO | Executing notebook with kernel: python3
2025-11-15 00:41:46,604 | INFO | ModuleNotFoundError detected: skimage. Attempting to install...
2025-11-15 00:41:52,071 | INFO | Successfully installed scikit-image
2025-11-15 00:41:52,071 | INFO | Installed skimage. Re-executing notebook...
2025-11-15 00:41:52,934 | INFO | Executing notebook with kernel: python3
2025-11-15 00:41:57,480 | INFO | Result written to /workspace/out/result.json

2025-11-14 21:41:58,042 | INFO | Usando repositório completo: /home/asu/reproducibility_of_jupyter_notebooks-1/data/outputs/repositorios_completos/Subin-Vidhu/2025/b02c75d777f19f2808c4bcb6fc171184450a5505
2025-11-14 21:41:58,043 | INFO | Executando via Docker: image=notebook-executor-python38 nb=0_Coursera/2_Generative Adversarial Networks (GANs) Specialization/Apply Generative Adversarial Networks (GANs)/C3W2B_Assignment.ipynb
2025-11-14 21:41:58,044 | INFO | docker run: docker run --rm -v /home/asu/reproducibility_of_jupyter_notebooks-1/data/outputs/repositorios_completos/Subin-Vidhu/2025/b02c75d777f19f2808c4bcb6fc171184450a5505:/workspace/repo:ro -v /home/asu/reproducibility_of_jupyter_notebooks-1/data/outputs/repositorios_completos/Subin-Vidhu/2025/b02c75d777f19f2808c4bcb6fc171184450a5505/_out/0_Coursera__2_Generative Adversarial Networks (GANs) Specialization__Apply Generative Adversarial Networks (GANs)__C3W2B_Assignment.ipynb:/workspace/out -e NOTEBOOK_REL_PATH=0_Coursera/2_Generative Adversarial Networks (GANs) Specialization/Apply Generative Adversarial Networks (GANs)/C3W2B_Assignment.ipynb -e TIMEOUT_SECONDS=300 -e PYTHON_VERSION_DECLARED=3.8 -e POLICY=strict -e NOTEBOOK_ID=be0392c9e674d563785876e6e0ee7109f26c36a1072065a4f080e086af01e691 -e RUN_ID=1763167318043-be0392c9e674d563785876e6e0ee7109 notebook-executor-python38 python -m scripts.container_worker
2025-11-14 21:42:02,705 | WARNING | Docker returned 1. STDOUT/ERR tail:

2025-11-15 00:41:58,530 | INFO | Executing notebook: 0_Coursera/2_Generative Adversarial Networks (GANs) Specialization/Apply Generative Adversarial Networks (GANs)/C3W2B_Assignment.ipynb
2025-11-15 00:41:58,530 | INFO | Timeout: 300s, Run ID: 1763167318043-be0392c9e674d563785876e6e0ee7109, Policy: strict
2025-11-15 00:41:58,530 | INFO | Policy is 'strict': attempting to install repository dependencies...
2025-11-15 00:41:58,530 | INFO | No repository dependency files found
2025-11-15 00:41:59,328 | INFO | Executing notebook with kernel: python3
2025-11-15 00:42:02,371 | INFO | Result written to /workspace/out/result.json

2025-11-14 21:42:02,722 | INFO | Usando repositório completo: /home/asu/reproducibility_of_jupyter_notebooks-1/data/outputs/repositorios_completos/Subin-Vidhu/2025/b02c75d777f19f2808c4bcb6fc171184450a5505
2025-11-14 21:42:02,722 | INFO | Executando via Docker: image=notebook-executor-python38 nb=0_Coursera/2_Generative Adversarial Networks (GANs) Specialization/Build Basic Generative Adversarial Networks (GANs)/C1W1_Your_First_GAN.ipynb
2025-11-14 21:42:02,723 | INFO | docker run: docker run --rm -v /home/asu/reproducibility_of_jupyter_notebooks-1/data/outputs/repositorios_completos/Subin-Vidhu/2025/b02c75d777f19f2808c4bcb6fc171184450a5505:/workspace/repo:ro -v /home/asu/reproducibility_of_jupyter_notebooks-1/data/outputs/repositorios_completos/Subin-Vidhu/2025/b02c75d777f19f2808c4bcb6fc171184450a5505/_out/0_Coursera__2_Generative Adversarial Networks (GANs) Specialization__Build Basic Generative Adversarial Networks (GANs)__C1W1_Your_First_GAN.ipynb:/workspace/out -e NOTEBOOK_REL_PATH=0_Coursera/2_Generative Adversarial Networks (GANs) Specialization/Build Basic Generative Adversarial Networks (GANs)/C1W1_Your_First_GAN.ipynb -e TIMEOUT_SECONDS=300 -e PYTHON_VERSION_DECLARED=3.8 -e POLICY=strict -e NOTEBOOK_ID=4fe971416c0ea30efe28eee6dd7c76a1e523878ab0638c0d2154d1cdfa97173d -e RUN_ID=1763167322722-4fe971416c0ea30efe28eee6dd7c76a1 notebook-executor-python38 python -m scripts.container_worker
2025-11-14 21:42:07,465 | WARNING | Docker returned 1. STDOUT/ERR tail:

2025-11-15 00:42:03,244 | INFO | Executing notebook: 0_Coursera/2_Generative Adversarial Networks (GANs) Specialization/Build Basic Generative Adversarial Networks (GANs)/C1W1_Your_First_GAN.ipynb
2025-11-15 00:42:03,244 | INFO | Timeout: 300s, Run ID: 1763167322722-4fe971416c0ea30efe28eee6dd7c76a1, Policy: strict
2025-11-15 00:42:03,244 | INFO | Policy is 'strict': attempting to install repository dependencies...
2025-11-15 00:42:03,244 | INFO | No repository dependency files found
2025-11-15 00:42:04,018 | INFO | Executing notebook with kernel: python3
2025-11-15 00:42:07,136 | INFO | Result written to /workspace/out/result.json

2025-11-14 21:42:07,781 | INFO | Usando repositório completo: /home/asu/reproducibility_of_jupyter_notebooks-1/data/outputs/repositorios_completos/Subin-Vidhu/2025/b02c75d777f19f2808c4bcb6fc171184450a5505
2025-11-14 21:42:07,782 | INFO | Executando via Docker: image=notebook-executor-python38 nb=0_Coursera/2_Generative Adversarial Networks (GANs) Specialization/Build Basic Generative Adversarial Networks (GANs)/C1W3_WGAN_GP.ipynb
2025-11-14 21:42:07,782 | INFO | docker run: docker run --rm -v /home/asu/reproducibility_of_jupyter_notebooks-1/data/outputs/repositorios_completos/Subin-Vidhu/2025/b02c75d777f19f2808c4bcb6fc171184450a5505:/workspace/repo:ro -v /home/asu/reproducibility_of_jupyter_notebooks-1/data/outputs/repositorios_completos/Subin-Vidhu/2025/b02c75d777f19f2808c4bcb6fc171184450a5505/_out/0_Coursera__2_Generative Adversarial Networks (GANs) Specialization__Build Basic Generative Adversarial Networks (GANs)__C1W3_WGAN_GP.ipynb:/workspace/out -e NOTEBOOK_REL_PATH=0_Coursera/2_Generative Adversarial Networks (GANs) Specialization/Build Basic Generative Adversarial Networks (GANs)/C1W3_WGAN_GP.ipynb -e TIMEOUT_SECONDS=300 -e PYTHON_VERSION_DECLARED=3.8 -e POLICY=strict -e NOTEBOOK_ID=3743cbb4354e258bff4086823284f873801dbfa72aa3ab9089235262e0490dc7 -e RUN_ID=1763167327782-3743cbb4354e258bff4086823284f873 notebook-executor-python38 python -m scripts.container_worker
2025-11-14 21:42:12,567 | WARNING | Docker returned 1. STDOUT/ERR tail:

2025-11-15 00:42:08,275 | INFO | Executing notebook: 0_Coursera/2_Generative Adversarial Networks (GANs) Specialization/Build Basic Generative Adversarial Networks (GANs)/C1W3_WGAN_GP.ipynb
2025-11-15 00:42:08,275 | INFO | Timeout: 300s, Run ID: 1763167327782-3743cbb4354e258bff4086823284f873, Policy: strict
2025-11-15 00:42:08,275 | INFO | Policy is 'strict': attempting to install repository dependencies...
2025-11-15 00:42:08,275 | INFO | No repository dependency files found
2025-11-15 00:42:09,168 | INFO | Executing notebook with kernel: python3
2025-11-15 00:42:12,221 | INFO | Result written to /workspace/out/result.json

2025-11-14 21:42:12,980 | INFO | Usando repositório completo: /home/asu/reproducibility_of_jupyter_notebooks-1/data/outputs/repositorios_completos/Subin-Vidhu/2025/b02c75d777f19f2808c4bcb6fc171184450a5505
2025-11-14 21:42:12,980 | INFO | Executando via Docker: image=notebook-executor-python38 nb=0_Coursera/2_Generative Adversarial Networks (GANs) Specialization/Build Basic Generative Adversarial Networks (GANs)/C1W4A_Build_a_Conditional_GAN.ipynb
2025-11-14 21:42:12,981 | INFO | docker run: docker run --rm -v /home/asu/reproducibility_of_jupyter_notebooks-1/data/outputs/repositorios_completos/Subin-Vidhu/2025/b02c75d777f19f2808c4bcb6fc171184450a5505:/workspace/repo:ro -v /home/asu/reproducibility_of_jupyter_notebooks-1/data/outputs/repositorios_completos/Subin-Vidhu/2025/b02c75d777f19f2808c4bcb6fc171184450a5505/_out/0_Coursera__2_Generative Adversarial Networks (GANs) Specialization__Build Basic Generative Adversarial Networks (GANs)__C1W4A_Build_a_Conditional_GAN.ipynb:/workspace/out -e NOTEBOOK_REL_PATH=0_Coursera/2_Generative Adversarial Networks (GANs) Specialization/Build Basic Generative Adversarial Networks (GANs)/C1W4A_Build_a_Conditional_GAN.ipynb -e TIMEOUT_SECONDS=300 -e PYTHON_VERSION_DECLARED=3.8 -e POLICY=strict -e NOTEBOOK_ID=8223f795364bdc1548913ba1fe2dd640f578df10c10faa2c14bd95aa3417bcd9 -e RUN_ID=1763167332980-8223f795364bdc1548913ba1fe2dd640 notebook-executor-python38 python -m scripts.container_worker
2025-11-14 21:42:17,755 | WARNING | Docker returned 1. STDOUT/ERR tail:

2025-11-15 00:42:13,443 | INFO | Executing notebook: 0_Coursera/2_Generative Adversarial Networks (GANs) Specialization/Build Basic Generative Adversarial Networks (GANs)/C1W4A_Build_a_Conditional_GAN.ipynb
2025-11-15 00:42:13,443 | INFO | Timeout: 300s, Run ID: 1763167332980-8223f795364bdc1548913ba1fe2dd640, Policy: strict
2025-11-15 00:42:13,443 | INFO | Policy is 'strict': attempting to install repository dependencies...
2025-11-15 00:42:13,444 | INFO | No repository dependency files found
2025-11-15 00:42:14,368 | INFO | Executing notebook with kernel: python3
2025-11-15 00:42:17,409 | INFO | Result written to /workspace/out/result.json

2025-11-14 21:42:17,803 | INFO | Usando repositório completo: /home/asu/reproducibility_of_jupyter_notebooks-1/data/outputs/repositorios_completos/Subin-Vidhu/2025/b02c75d777f19f2808c4bcb6fc171184450a5505
2025-11-14 21:42:17,803 | INFO | Executando via Docker: image=notebook-executor-python38 nb=0_Coursera/2_Generative Adversarial Networks (GANs) Specialization/Build Basic Generative Adversarial Networks (GANs)/C1W4B_Controllable_Generation.ipynb
2025-11-14 21:42:17,804 | INFO | docker run: docker run --rm -v /home/asu/reproducibility_of_jupyter_notebooks-1/data/outputs/repositorios_completos/Subin-Vidhu/2025/b02c75d777f19f2808c4bcb6fc171184450a5505:/workspace/repo:ro -v /home/asu/reproducibility_of_jupyter_notebooks-1/data/outputs/repositorios_completos/Subin-Vidhu/2025/b02c75d777f19f2808c4bcb6fc171184450a5505/_out/0_Coursera__2_Generative Adversarial Networks (GANs) Specialization__Build Basic Generative Adversarial Networks (GANs)__C1W4B_Controllable_Generation.ipynb:/workspace/out -e NOTEBOOK_REL_PATH=0_Coursera/2_Generative Adversarial Networks (GANs) Specialization/Build Basic Generative Adversarial Networks (GANs)/C1W4B_Controllable_Generation.ipynb -e TIMEOUT_SECONDS=300 -e PYTHON_VERSION_DECLARED=3.8 -e POLICY=strict -e NOTEBOOK_ID=243510ec02681dd2ed6bc5c07475911b7eda2ef5dffde195b337a417a4829d7e -e RUN_ID=1763167337803-243510ec02681dd2ed6bc5c07475911b notebook-executor-python38 python -m scripts.container_worker
2025-11-14 21:42:22,572 | WARNING | Docker returned 1. STDOUT/ERR tail:

2025-11-15 00:42:18,273 | INFO | Executing notebook: 0_Coursera/2_Generative Adversarial Networks (GANs) Specialization/Build Basic Generative Adversarial Networks (GANs)/C1W4B_Controllable_Generation.ipynb
2025-11-15 00:42:18,273 | INFO | Timeout: 300s, Run ID: 1763167337803-243510ec02681dd2ed6bc5c07475911b, Policy: strict
2025-11-15 00:42:18,273 | INFO | Policy is 'strict': attempting to install repository dependencies...
2025-11-15 00:42:18,273 | INFO | No repository dependency files found
2025-11-15 00:42:19,056 | INFO | Executing notebook with kernel: python3
2025-11-15 00:42:22,213 | INFO | Result written to /workspace/out/result.json

2025-11-14 21:42:22,665 | INFO | Usando repositório completo: /home/asu/reproducibility_of_jupyter_notebooks-1/data/outputs/repositorios_completos/Subin-Vidhu/2025/b02c75d777f19f2808c4bcb6fc171184450a5505
2025-11-14 21:42:22,666 | INFO | Executando via Docker: image=notebook-executor-python38 nb=0_Coursera/2_Generative Adversarial Networks (GANs) Specialization/Build Basic Generative Adversarial Networks (GANs)/C1_W2_Assignment.ipynb
2025-11-14 21:42:22,667 | INFO | docker run: docker run --rm -v /home/asu/reproducibility_of_jupyter_notebooks-1/data/outputs/repositorios_completos/Subin-Vidhu/2025/b02c75d777f19f2808c4bcb6fc171184450a5505:/workspace/repo:ro -v /home/asu/reproducibility_of_jupyter_notebooks-1/data/outputs/repositorios_completos/Subin-Vidhu/2025/b02c75d777f19f2808c4bcb6fc171184450a5505/_out/0_Coursera__2_Generative Adversarial Networks (GANs) Specialization__Build Basic Generative Adversarial Networks (GANs)__C1_W2_Assignment.ipynb:/workspace/out -e NOTEBOOK_REL_PATH=0_Coursera/2_Generative Adversarial Networks (GANs) Specialization/Build Basic Generative Adversarial Networks (GANs)/C1_W2_Assignment.ipynb -e TIMEOUT_SECONDS=300 -e PYTHON_VERSION_DECLARED=3.8 -e POLICY=strict -e NOTEBOOK_ID=1a5694cc7135404fcf5027321beb99d651940e0c5e9dc860378e98e0c26bbd51 -e RUN_ID=1763167342666-1a5694cc7135404fcf5027321beb99d6 notebook-executor-python38 python -m scripts.container_worker
2025-11-14 21:42:27,495 | WARNING | Docker returned 1. STDOUT/ERR tail:

2025-11-15 00:42:23,124 | INFO | Executing notebook: 0_Coursera/2_Generative Adversarial Networks (GANs) Specialization/Build Basic Generative Adversarial Networks (GANs)/C1_W2_Assignment.ipynb
2025-11-15 00:42:23,124 | INFO | Timeout: 300s, Run ID: 1763167342666-1a5694cc7135404fcf5027321beb99d6, Policy: strict
2025-11-15 00:42:23,124 | INFO | Policy is 'strict': attempting to install repository dependencies...
2025-11-15 00:42:23,124 | INFO | No repository dependency files found
2025-11-15 00:42:23,959 | INFO | Executing notebook with kernel: python3
2025-11-15 00:42:27,163 | INFO | Result written to /workspace/out/result.json

2025-11-14 21:42:27,506 | INFO | Usando repositório completo: /home/asu/reproducibility_of_jupyter_notebooks-1/data/outputs/repositorios_completos/Subin-Vidhu/2025/b02c75d777f19f2808c4bcb6fc171184450a5505
2025-11-14 21:42:27,507 | INFO | Executando via Docker: image=notebook-executor-python38 nb=0_Coursera/2_Generative Adversarial Networks (GANs) Specialization/Build Better Generative Adversarial Networks (GANs)/C2W1_Assignment.ipynb
2025-11-14 21:42:27,508 | INFO | docker run: docker run --rm -v /home/asu/reproducibility_of_jupyter_notebooks-1/data/outputs/repositorios_completos/Subin-Vidhu/2025/b02c75d777f19f2808c4bcb6fc171184450a5505:/workspace/repo:ro -v /home/asu/reproducibility_of_jupyter_notebooks-1/data/outputs/repositorios_completos/Subin-Vidhu/2025/b02c75d777f19f2808c4bcb6fc171184450a5505/_out/0_Coursera__2_Generative Adversarial Networks (GANs) Specialization__Build Better Generative Adversarial Networks (GANs)__C2W1_Assignment.ipynb:/workspace/out -e NOTEBOOK_REL_PATH=0_Coursera/2_Generative Adversarial Networks (GANs) Specialization/Build Better Generative Adversarial Networks (GANs)/C2W1_Assignment.ipynb -e TIMEOUT_SECONDS=300 -e PYTHON_VERSION_DECLARED=3.8 -e POLICY=strict -e NOTEBOOK_ID=e7517c6fcad6132decd62f3ddf82117ccc0303282bad7da83a580b83cba71eee -e RUN_ID=1763167347507-e7517c6fcad6132decd62f3ddf82117c notebook-executor-python38 python -m scripts.container_worker
2025-11-14 21:42:32,147 | WARNING | Docker returned 1. STDOUT/ERR tail:

2025-11-15 00:42:28,005 | INFO | Executing notebook: 0_Coursera/2_Generative Adversarial Networks (GANs) Specialization/Build Better Generative Adversarial Networks (GANs)/C2W1_Assignment.ipynb
2025-11-15 00:42:28,005 | INFO | Timeout: 300s, Run ID: 1763167347507-e7517c6fcad6132decd62f3ddf82117c, Policy: strict
2025-11-15 00:42:28,005 | INFO | Policy is 'strict': attempting to install repository dependencies...
2025-11-15 00:42:28,005 | INFO | No repository dependency files found
2025-11-15 00:42:28,770 | INFO | Executing notebook with kernel: python3
2025-11-15 00:42:31,787 | INFO | Result written to /workspace/out/result.json

2025-11-14 21:42:32,164 | INFO | Usando repositório completo: /home/asu/reproducibility_of_jupyter_notebooks-1/data/outputs/repositorios_completos/Subin-Vidhu/2025/b02c75d777f19f2808c4bcb6fc171184450a5505
2025-11-14 21:42:32,164 | INFO | Executando via Docker: image=notebook-executor-python38 nb=0_Coursera/2_Generative Adversarial Networks (GANs) Specialization/Build Better Generative Adversarial Networks (GANs)/C2W2_Assignment.ipynb
2025-11-14 21:42:32,166 | INFO | docker run: docker run --rm -v /home/asu/reproducibility_of_jupyter_notebooks-1/data/outputs/repositorios_completos/Subin-Vidhu/2025/b02c75d777f19f2808c4bcb6fc171184450a5505:/workspace/repo:ro -v /home/asu/reproducibility_of_jupyter_notebooks-1/data/outputs/repositorios_completos/Subin-Vidhu/2025/b02c75d777f19f2808c4bcb6fc171184450a5505/_out/0_Coursera__2_Generative Adversarial Networks (GANs) Specialization__Build Better Generative Adversarial Networks (GANs)__C2W2_Assignment.ipynb:/workspace/out -e NOTEBOOK_REL_PATH=0_Coursera/2_Generative Adversarial Networks (GANs) Specialization/Build Better Generative Adversarial Networks (GANs)/C2W2_Assignment.ipynb -e TIMEOUT_SECONDS=300 -e PYTHON_VERSION_DECLARED=3.8 -e POLICY=strict -e NOTEBOOK_ID=b5ae9df6026d2e23787f183aaee1461d8ea26fc45cca240552bdaef626f0c653 -e RUN_ID=1763167352164-b5ae9df6026d2e23787f183aaee1461d notebook-executor-python38 python -m scripts.container_worker
2025-11-14 21:42:37,023 | WARNING | Docker returned 1. STDOUT/ERR tail:

2025-11-15 00:42:32,652 | INFO | Executing notebook: 0_Coursera/2_Generative Adversarial Networks (GANs) Specialization/Build Better Generative Adversarial Networks (GANs)/C2W2_Assignment.ipynb
2025-11-15 00:42:32,652 | INFO | Timeout: 300s, Run ID: 1763167352164-b5ae9df6026d2e23787f183aaee1461d, Policy: strict
2025-11-15 00:42:32,652 | INFO | Policy is 'strict': attempting to install repository dependencies...
2025-11-15 00:42:32,652 | INFO | No repository dependency files found
2025-11-15 00:42:33,427 | INFO | Executing notebook with kernel: python3
2025-11-15 00:42:36,645 | INFO | Result written to /workspace/out/result.json

2025-11-14 21:42:37,028 | INFO | Usando repositório completo: /home/asu/reproducibility_of_jupyter_notebooks-1/data/outputs/repositorios_completos/Subin-Vidhu/2025/b02c75d777f19f2808c4bcb6fc171184450a5505
2025-11-14 21:42:37,029 | INFO | Executando via Docker: image=notebook-executor nb=0_Coursera/2_Generative Adversarial Networks (GANs) Specialization/Build Better Generative Adversarial Networks (GANs)/C2W3_Assignment.ipynb
2025-11-14 21:42:37,029 | INFO | docker run: docker run --rm -v /home/asu/reproducibility_of_jupyter_notebooks-1/data/outputs/repositorios_completos/Subin-Vidhu/2025/b02c75d777f19f2808c4bcb6fc171184450a5505:/workspace/repo:ro -v /home/asu/reproducibility_of_jupyter_notebooks-1/data/outputs/repositorios_completos/Subin-Vidhu/2025/b02c75d777f19f2808c4bcb6fc171184450a5505/_out/0_Coursera__2_Generative Adversarial Networks (GANs) Specialization__Build Better Generative Adversarial Networks (GANs)__C2W3_Assignment.ipynb:/workspace/out -e NOTEBOOK_REL_PATH=0_Coursera/2_Generative Adversarial Networks (GANs) Specialization/Build Better Generative Adversarial Networks (GANs)/C2W3_Assignment.ipynb -e TIMEOUT_SECONDS=300 -e PYTHON_VERSION_DECLARED=3.7 -e POLICY=strict -e NOTEBOOK_ID=aaa5d434834190337b2474a649bb131f36bec5b70fd729c9315e9d736e45a3ea -e RUN_ID=1763167357029-aaa5d434834190337b2474a649bb131f notebook-executor python -m scripts.container_worker
2025-11-14 21:42:44,038 | INFO | Usando repositório completo: /home/asu/reproducibility_of_jupyter_notebooks-1/data/outputs/repositorios_completos/Subin-Vidhu/2025/b02c75d777f19f2808c4bcb6fc171184450a5505
2025-11-14 21:42:44,038 | INFO | Executando via Docker: image=notebook-executor nb=0_Coursera/3_Microsoft Python Development Professional Certificate/i.Python Programming Fundamentals/code/C1_M6_L01.ipynb
2025-11-14 21:42:44,039 | INFO | docker run: docker run --rm -v /home/asu/reproducibility_of_jupyter_notebooks-1/data/outputs/repositorios_completos/Subin-Vidhu/2025/b02c75d777f19f2808c4bcb6fc171184450a5505:/workspace/repo:ro -v /home/asu/reproducibility_of_jupyter_notebooks-1/data/outputs/repositorios_completos/Subin-Vidhu/2025/b02c75d777f19f2808c4bcb6fc171184450a5505/_out/0_Coursera__3_Microsoft Python Development Professional Certificate__i.Python Programming Fundamentals__code__C1_M6_L01.ipynb:/workspace/out -e NOTEBOOK_REL_PATH=0_Coursera/3_Microsoft Python Development Professional Certificate/i.Python Programming Fundamentals/code/C1_M6_L01.ipynb -e TIMEOUT_SECONDS=300 -e PYTHON_VERSION_DECLARED=3.10 -e POLICY=strict -e NOTEBOOK_ID=a8aa1310bf7afc7c2dd4a14059388cd14cb348d93f1cacb3b81c58a2bd3f5d54 -e RUN_ID=1763167364038-a8aa1310bf7afc7c2dd4a14059388cd1 notebook-executor python -m scripts.container_worker
2025-11-14 21:42:47,322 | INFO | Usando repositório completo: /home/asu/reproducibility_of_jupyter_notebooks-1/data/outputs/repositorios_completos/Subin-Vidhu/2025/b02c75d777f19f2808c4bcb6fc171184450a5505
2025-11-14 21:42:47,322 | INFO | Executando via Docker: image=notebook-executor nb=0_Coursera/3_Microsoft Python Development Professional Certificate/ii.Data Analysis and Visualization with Python/codes/C2_M5_L01.ipynb
2025-11-14 21:42:47,324 | INFO | docker run: docker run --rm -v /home/asu/reproducibility_of_jupyter_notebooks-1/data/outputs/repositorios_completos/Subin-Vidhu/2025/b02c75d777f19f2808c4bcb6fc171184450a5505:/workspace/repo:ro -v /home/asu/reproducibility_of_jupyter_notebooks-1/data/outputs/repositorios_completos/Subin-Vidhu/2025/b02c75d777f19f2808c4bcb6fc171184450a5505/_out/0_Coursera__3_Microsoft Python Development Professional Certificate__ii.Data Analysis and Visualization with Python__codes__C2_M5_L01.ipynb:/workspace/out -e NOTEBOOK_REL_PATH=0_Coursera/3_Microsoft Python Development Professional Certificate/ii.Data Analysis and Visualization with Python/codes/C2_M5_L01.ipynb -e TIMEOUT_SECONDS=300 -e PYTHON_VERSION_DECLARED=3.10 -e POLICY=strict -e NOTEBOOK_ID=47e4cfbef501aa029aa0ae8db87cdd7c405f7d72513aaba7793b8479e2ca9e39 -e RUN_ID=1763167367322-47e4cfbef501aa029aa0ae8db87cdd7c notebook-executor python -m scripts.container_worker
2025-11-14 21:42:51,233 | WARNING | Docker returned 1. STDOUT/ERR tail:

2025-11-15 00:42:48,711 | INFO | Executing notebook: 0_Coursera/3_Microsoft Python Development Professional Certificate/ii.Data Analysis and Visualization with Python/codes/C2_M5_L01.ipynb
2025-11-15 00:42:48,711 | INFO | Timeout: 300s, Run ID: 1763167367322-47e4cfbef501aa029aa0ae8db87cdd7c
2025-11-15 00:42:49,477 | INFO | Executing notebook with kernel: python3
2025-11-15 00:42:50,552 | INFO | Result written to /workspace/out/result.json

2025-11-14 21:42:51,241 | INFO | Usando repositório completo: /home/asu/reproducibility_of_jupyter_notebooks-1/data/outputs/repositorios_completos/Subin-Vidhu/2025/b02c75d777f19f2808c4bcb6fc171184450a5505
2025-11-14 21:42:51,242 | INFO | Executando via Docker: image=notebook-executor nb=0_Coursera/3_Microsoft Python Development Professional Certificate/iii.Automation and Scripting with Python/Codes/churn/C3_M5_PA01.ipynb
2025-11-14 21:42:51,244 | INFO | docker run: docker run --rm -v /home/asu/reproducibility_of_jupyter_notebooks-1/data/outputs/repositorios_completos/Subin-Vidhu/2025/b02c75d777f19f2808c4bcb6fc171184450a5505:/workspace/repo:ro -v /home/asu/reproducibility_of_jupyter_notebooks-1/data/outputs/repositorios_completos/Subin-Vidhu/2025/b02c75d777f19f2808c4bcb6fc171184450a5505/_out/0_Coursera__3_Microsoft Python Development Professional Certificate__iii.Automation and Scripting with Python__Codes__churn__C3_M5_PA01.ipynb:/workspace/out -e NOTEBOOK_REL_PATH=0_Coursera/3_Microsoft Python Development Professional Certificate/iii.Automation and Scripting with Python/Codes/churn/C3_M5_PA01.ipynb -e TIMEOUT_SECONDS=300 -e PYTHON_VERSION_DECLARED=3.10 -e POLICY=strict -e NOTEBOOK_ID=105c296b3151959ab7c8a9ed9cf8cf821af2411ccdb2525bcebc1311b4979582 -e RUN_ID=1763167371242-105c296b3151959ab7c8a9ed9cf8cf82 notebook-executor python -m scripts.container_worker
2025-11-14 21:42:55,062 | WARNING | Docker returned 1. STDOUT/ERR tail:

2025-11-15 00:42:52,708 | INFO | Executing notebook: 0_Coursera/3_Microsoft Python Development Professional Certificate/iii.Automation and Scripting with Python/Codes/churn/C3_M5_PA01.ipynb
2025-11-15 00:42:52,708 | INFO | Timeout: 300s, Run ID: 1763167371242-105c296b3151959ab7c8a9ed9cf8cf82
2025-11-15 00:42:53,485 | INFO | Executing notebook with kernel: python3
2025-11-15 00:42:54,492 | INFO | Result written to /workspace/out/result.json

2025-11-14 21:42:55,069 | INFO | Usando repositório completo: /home/asu/reproducibility_of_jupyter_notebooks-1/data/outputs/repositorios_completos/Subin-Vidhu/2025/b02c75d777f19f2808c4bcb6fc171184450a5505
2025-11-14 21:42:55,069 | INFO | Executando via Docker: image=notebook-executor nb=0_Coursera/3_Microsoft Python Development Professional Certificate/iii.Automation and Scripting with Python/Codes/final/C3_M5_PA02.ipynb
2025-11-14 21:42:55,070 | INFO | docker run: docker run --rm -v /home/asu/reproducibility_of_jupyter_notebooks-1/data/outputs/repositorios_completos/Subin-Vidhu/2025/b02c75d777f19f2808c4bcb6fc171184450a5505:/workspace/repo:ro -v /home/asu/reproducibility_of_jupyter_notebooks-1/data/outputs/repositorios_completos/Subin-Vidhu/2025/b02c75d777f19f2808c4bcb6fc171184450a5505/_out/0_Coursera__3_Microsoft Python Development Professional Certificate__iii.Automation and Scripting with Python__Codes__final__C3_M5_PA02.ipynb:/workspace/out -e NOTEBOOK_REL_PATH=0_Coursera/3_Microsoft Python Development Professional Certificate/iii.Automation and Scripting with Python/Codes/final/C3_M5_PA02.ipynb -e TIMEOUT_SECONDS=300 -e PYTHON_VERSION_DECLARED=3.10 -e POLICY=strict -e NOTEBOOK_ID=f69944ee6d0010a7a3d89653da9e89e2661bcf94ff1ba8150f6d981bc6e37eff -e RUN_ID=1763167375069-f69944ee6d0010a7a3d89653da9e89e2 notebook-executor python -m scripts.container_worker
2025-11-14 21:43:25,055 | WARNING | Docker returned 1. STDOUT/ERR tail:

2025-11-15 00:42:56,444 | INFO | Executing notebook: 0_Coursera/3_Microsoft Python Development Professional Certificate/iii.Automation and Scripting with Python/Codes/final/C3_M5_PA02.ipynb
2025-11-15 00:42:56,444 | INFO | Timeout: 300s, Run ID: 1763167375069-f69944ee6d0010a7a3d89653da9e89e2
2025-11-15 00:42:57,195 | INFO | Executing notebook with kernel: python3
2025-11-15 00:43:23,919 | INFO | Result written to /workspace/out/result.json

2025-11-14 21:43:25,073 | INFO | Usando repositório completo: /home/asu/reproducibility_of_jupyter_notebooks-1/data/outputs/repositorios_completos/Subin-Vidhu/2025/b02c75d777f19f2808c4bcb6fc171184450a5505
2025-11-14 21:43:25,077 | INFO | Executando via Docker: image=notebook-executor nb=0_Coursera/3_Microsoft Python Development Professional Certificate/iv.Web Development with Python/Codes/C4_M3_L01.ipynb
2025-11-14 21:43:25,078 | INFO | docker run: docker run --rm -v /home/asu/reproducibility_of_jupyter_notebooks-1/data/outputs/repositorios_completos/Subin-Vidhu/2025/b02c75d777f19f2808c4bcb6fc171184450a5505:/workspace/repo:ro -v /home/asu/reproducibility_of_jupyter_notebooks-1/data/outputs/repositorios_completos/Subin-Vidhu/2025/b02c75d777f19f2808c4bcb6fc171184450a5505/_out/0_Coursera__3_Microsoft Python Development Professional Certificate__iv.Web Development with Python__Codes__C4_M3_L01.ipynb:/workspace/out -e NOTEBOOK_REL_PATH=0_Coursera/3_Microsoft Python Development Professional Certificate/iv.Web Development with Python/Codes/C4_M3_L01.ipynb -e TIMEOUT_SECONDS=300 -e PYTHON_VERSION_DECLARED=3.10 -e POLICY=strict -e NOTEBOOK_ID=9bd7489f39eb02efd9a37aa3bf522b4791f442a1ed8feb88be464be17edf7991 -e RUN_ID=1763167405077-9bd7489f39eb02efd9a37aa3bf522b47 notebook-executor python -m scripts.container_worker
2025-11-14 21:43:30,314 | INFO | Usando repositório completo: /home/asu/reproducibility_of_jupyter_notebooks-1/data/outputs/repositorios_completos/Subin-Vidhu/2025/b02c75d777f19f2808c4bcb6fc171184450a5505
2025-11-14 21:43:30,314 | INFO | Executando via Docker: image=notebook-executor nb=0_Coursera/3_Microsoft Python Development Professional Certificate/vi.Project Development in Python/Creating a chatbot with Python (1).ipynb
2025-11-14 21:43:30,315 | INFO | docker run: docker run --rm -v /home/asu/reproducibility_of_jupyter_notebooks-1/data/outputs/repositorios_completos/Subin-Vidhu/2025/b02c75d777f19f2808c4bcb6fc171184450a5505:/workspace/repo:ro -v /home/asu/reproducibility_of_jupyter_notebooks-1/data/outputs/repositorios_completos/Subin-Vidhu/2025/b02c75d777f19f2808c4bcb6fc171184450a5505/_out/0_Coursera__3_Microsoft Python Development Professional Certificate__vi.Project Development in Python__Creating a chatbot with Python (1).ipynb:/workspace/out -e NOTEBOOK_REL_PATH=0_Coursera/3_Microsoft Python Development Professional Certificate/vi.Project Development in Python/Creating a chatbot with Python (1).ipynb -e TIMEOUT_SECONDS=300 -e PYTHON_VERSION_DECLARED=3.10 -e POLICY=strict -e NOTEBOOK_ID=ec68879e08103d81ee53b4c4f400451b1bb7ef64b739ac334877c2a7f6e3ee6b -e RUN_ID=1763167410314-ec68879e08103d81ee53b4c4f400451b notebook-executor python -m scripts.container_worker
2025-11-14 21:43:52,193 | WARNING | Docker returned 1. STDOUT/ERR tail:
core-web-sm==3.7.1) (0.1.5)
Requirement already satisfied: blis<0.8.0,>=0.7.8 in /usr/local/lib/python3.10/site-packages (from thinc<8.3.0,>=8.1.8->spacy<3.8.0,>=3.7.2->en-core-web-sm==3.7.1) (0.7.11)
Requirement already satisfied: click<9.0.0,>=7.1.1 in /usr/local/lib/python3.10/site-packages (from typer<0.10.0,>=0.3.0->spacy<3.8.0,>=3.7.2->en-core-web-sm==3.7.1) (8.3.0)
Requirement already satisfied: cloudpathlib<0.17.0,>=0.7.0 in /usr/local/lib/python3.10/site-packages (from weasel<0.4.0,>=0.1.0->spacy<3.8.0,>=3.7.2->en-core-web-sm==3.7.1) (0.16.0)
Requirement already satisfied: MarkupSafe>=2.0 in /usr/local/lib/python3.10/site-packages (from jinja2->spacy<3.8.0,>=3.7.2->en-core-web-sm==3.7.1) (3.0.3)
Requirement already satisfied: marisa-trie>=1.1.0 in /usr/local/lib/python3.10/site-packages (from language-data>=1.2->langcodes<4.0.0,>=3.2.0->spacy<3.8.0,>=3.7.2->en-core-web-sm==3.7.1) (1.3.1)
Installing collected packages: en-core-web-sm
Successfully installed en-core-web-sm-3.7.1

2025-11-15 00:43:31,759 | INFO | Executing notebook: 0_Coursera/3_Microsoft Python Development Professional Certificate/vi.Project Development in Python/Creating a chatbot with Python (1).ipynb
2025-11-15 00:43:31,759 | INFO | Timeout: 300s, Run ID: 1763167410314-ec68879e08103d81ee53b4c4f400451b
2025-11-15 00:43:32,549 | INFO | Executing notebook with kernel: python3
[33mWARNING: Running pip as the 'root' user can result in broken permissions and conflicting behaviour with the system package manager. It is recommended to use a virtual environment instead: https://pip.pypa.io/warnings/venv[0m[33m
[0m
[1m[[0m[34;49mnotice[0m[1;39;49m][0m[39;49m A new release of pip is available: [0m[31;49m23.0.1[0m[39;49m -> [0m[32;49m25.3[0m
[1m[[0m[34;49mnotice[0m[1;39;49m][0m[39;49m To update, run: [0m[32;49mpip install --upgrade pip[0m
2025-11-15 00:43:51,308 | INFO | Result written to /workspace/out/result.json

2025-11-14 21:43:52,195 | INFO | Usando repositório completo: /home/asu/reproducibility_of_jupyter_notebooks-1/data/outputs/repositorios_completos/Subin-Vidhu/2025/b02c75d777f19f2808c4bcb6fc171184450a5505
2025-11-14 21:43:52,195 | INFO | Executando via Docker: image=notebook-executor nb=0_Coursera/3_Microsoft Python Development Professional Certificate/vi.Project Development in Python/Creating a chatbot with Python.ipynb
2025-11-14 21:43:52,196 | INFO | docker run: docker run --rm -v /home/asu/reproducibility_of_jupyter_notebooks-1/data/outputs/repositorios_completos/Subin-Vidhu/2025/b02c75d777f19f2808c4bcb6fc171184450a5505:/workspace/repo:ro -v /home/asu/reproducibility_of_jupyter_notebooks-1/data/outputs/repositorios_completos/Subin-Vidhu/2025/b02c75d777f19f2808c4bcb6fc171184450a5505/_out/0_Coursera__3_Microsoft Python Development Professional Certificate__vi.Project Development in Python__Creating a chatbot with Python.ipynb:/workspace/out -e NOTEBOOK_REL_PATH=0_Coursera/3_Microsoft Python Development Professional Certificate/vi.Project Development in Python/Creating a chatbot with Python.ipynb -e TIMEOUT_SECONDS=300 -e PYTHON_VERSION_DECLARED=3.10 -e POLICY=strict -e NOTEBOOK_ID=5915f2fdbfc0c2508f74013509f9c290cc85fd750a2aabab4371affef735ff67 -e RUN_ID=1763167432195-5915f2fdbfc0c2508f74013509f9c290 notebook-executor python -m scripts.container_worker
2025-11-14 21:44:11,481 | WARNING | Docker returned 1. STDOUT/ERR tail:
eb-sm==3.7.1) (0.7.11)
Requirement already satisfied: confection<1.0.0,>=0.0.1 in /usr/local/lib/python3.10/site-packages (from thinc<8.3.0,>=8.1.8->spacy<3.8.0,>=3.7.2->en-core-web-sm==3.7.1) (0.1.5)
Requirement already satisfied: click<9.0.0,>=7.1.1 in /usr/local/lib/python3.10/site-packages (from typer<0.10.0,>=0.3.0->spacy<3.8.0,>=3.7.2->en-core-web-sm==3.7.1) (8.3.0)
Requirement already satisfied: cloudpathlib<0.17.0,>=0.7.0 in /usr/local/lib/python3.10/site-packages (from weasel<0.4.0,>=0.1.0->spacy<3.8.0,>=3.7.2->en-core-web-sm==3.7.1) (0.16.0)
Requirement already satisfied: MarkupSafe>=2.0 in /usr/local/lib/python3.10/site-packages (from jinja2->spacy<3.8.0,>=3.7.2->en-core-web-sm==3.7.1) (3.0.3)
Requirement already satisfied: marisa-trie>=1.1.0 in /usr/local/lib/python3.10/site-packages (from language-data>=1.2->langcodes<4.0.0,>=3.2.0->spacy<3.8.0,>=3.7.2->en-core-web-sm==3.7.1) (1.3.1)
Installing collected packages: en-core-web-sm
Successfully installed en-core-web-sm-3.7.1

2025-11-15 00:43:53,430 | INFO | Executing notebook: 0_Coursera/3_Microsoft Python Development Professional Certificate/vi.Project Development in Python/Creating a chatbot with Python.ipynb
2025-11-15 00:43:53,430 | INFO | Timeout: 300s, Run ID: 1763167432195-5915f2fdbfc0c2508f74013509f9c290
2025-11-15 00:43:54,155 | INFO | Executing notebook with kernel: python3
[33mWARNING: Running pip as the 'root' user can result in broken permissions and conflicting behaviour with the system package manager. It is recommended to use a virtual environment instead: https://pip.pypa.io/warnings/venv[0m[33m
[0m
[1m[[0m[34;49mnotice[0m[1;39;49m][0m[39;49m A new release of pip is available: [0m[31;49m23.0.1[0m[39;49m -> [0m[32;49m25.3[0m
[1m[[0m[34;49mnotice[0m[1;39;49m][0m[39;49m To update, run: [0m[32;49mpip install --upgrade pip[0m
2025-11-15 00:44:10,608 | INFO | Result written to /workspace/out/result.json

2025-11-14 21:44:11,484 | INFO | Usando repositório completo: /home/asu/reproducibility_of_jupyter_notebooks-1/data/outputs/repositorios_completos/Subin-Vidhu/2025/b02c75d777f19f2808c4bcb6fc171184450a5505
2025-11-14 21:44:11,484 | INFO | Executando via Docker: image=notebook-executor-python38 nb=0_Datacamp/2_Machine Learning Engineer/4_Predictive Modeling for Agriculture-Project/workspace/workspace/notebook.ipynb
2025-11-14 21:44:11,485 | INFO | docker run: docker run --rm -v /home/asu/reproducibility_of_jupyter_notebooks-1/data/outputs/repositorios_completos/Subin-Vidhu/2025/b02c75d777f19f2808c4bcb6fc171184450a5505:/workspace/repo:ro -v /home/asu/reproducibility_of_jupyter_notebooks-1/data/outputs/repositorios_completos/Subin-Vidhu/2025/b02c75d777f19f2808c4bcb6fc171184450a5505/_out/0_Datacamp__2_Machine Learning Engineer__4_Predictive Modeling for Agriculture-Project__workspace__workspace__notebook.ipynb:/workspace/out -e NOTEBOOK_REL_PATH=0_Datacamp/2_Machine Learning Engineer/4_Predictive Modeling for Agriculture-Project/workspace/workspace/notebook.ipynb -e TIMEOUT_SECONDS=300 -e PYTHON_VERSION_DECLARED=3.8 -e POLICY=strict -e NOTEBOOK_ID=6f7fcad062d5b2782fb8a171e40f49009236ba5c7536fc6eaab6600641c4945e -e RUN_ID=1763167451484-6f7fcad062d5b2782fb8a171e40f4900 notebook-executor-python38 python -m scripts.container_worker
2025-11-14 21:44:14,740 | WARNING | Docker returned 1. STDOUT/ERR tail:

2025-11-15 00:44:12,036 | INFO | Executing notebook: 0_Datacamp/2_Machine Learning Engineer/4_Predictive Modeling for Agriculture-Project/workspace/workspace/notebook.ipynb
2025-11-15 00:44:12,036 | INFO | Timeout: 300s, Run ID: 1763167451484-6f7fcad062d5b2782fb8a171e40f4900, Policy: strict
2025-11-15 00:44:12,036 | INFO | Policy is 'strict': attempting to install repository dependencies...
2025-11-15 00:44:12,036 | INFO | No repository dependency files found
2025-11-15 00:44:12,804 | INFO | Executing notebook with kernel: python3
2025-11-15 00:44:14,397 | INFO | Result written to /workspace/out/result.json

2025-11-14 21:44:14,742 | INFO | Usando repositório completo: /home/asu/reproducibility_of_jupyter_notebooks-1/data/outputs/repositorios_completos/Subin-Vidhu/2025/b02c75d777f19f2808c4bcb6fc171184450a5505
2025-11-14 21:44:14,743 | INFO | Executando via Docker: image=notebook-executor-python38 nb=0_Datacamp/3_Machine Learning Scientist in Python/2_Predictive Modeling for Agriculture-Project/workspace/workspace/notebook.ipynb
2025-11-14 21:44:14,744 | INFO | docker run: docker run --rm -v /home/asu/reproducibility_of_jupyter_notebooks-1/data/outputs/repositorios_completos/Subin-Vidhu/2025/b02c75d777f19f2808c4bcb6fc171184450a5505:/workspace/repo:ro -v /home/asu/reproducibility_of_jupyter_notebooks-1/data/outputs/repositorios_completos/Subin-Vidhu/2025/b02c75d777f19f2808c4bcb6fc171184450a5505/_out/0_Datacamp__3_Machine Learning Scientist in Python__2_Predictive Modeling for Agriculture-Project__workspace__workspace__notebook.ipynb:/workspace/out -e NOTEBOOK_REL_PATH=0_Datacamp/3_Machine Learning Scientist in Python/2_Predictive Modeling for Agriculture-Project/workspace/workspace/notebook.ipynb -e TIMEOUT_SECONDS=300 -e PYTHON_VERSION_DECLARED=3.8 -e POLICY=strict -e NOTEBOOK_ID=20bdce1861aea4781383721e46ad0dd7388239c85641bdc1ef560daad37667c2 -e RUN_ID=1763167454743-20bdce1861aea4781383721e46ad0dd7 notebook-executor-python38 python -m scripts.container_worker
2025-11-14 21:44:19,813 | WARNING | Docker returned 1. STDOUT/ERR tail:

2025-11-15 00:44:15,234 | INFO | Executing notebook: 0_Datacamp/3_Machine Learning Scientist in Python/2_Predictive Modeling for Agriculture-Project/workspace/workspace/notebook.ipynb
2025-11-15 00:44:15,234 | INFO | Timeout: 300s, Run ID: 1763167454743-20bdce1861aea4781383721e46ad0dd7, Policy: strict
2025-11-15 00:44:15,234 | INFO | Policy is 'strict': attempting to install repository dependencies...
2025-11-15 00:44:15,234 | INFO | No repository dependency files found
2025-11-15 00:44:15,996 | INFO | Executing notebook with kernel: python3
2025-11-15 00:44:19,483 | INFO | Result written to /workspace/out/result.json

2025-11-14 21:44:19,815 | INFO | Usando repositório completo: /home/asu/reproducibility_of_jupyter_notebooks-1/data/outputs/repositorios_completos/Subin-Vidhu/2025/b02c75d777f19f2808c4bcb6fc171184450a5505
2025-11-14 21:44:19,815 | INFO | Executando via Docker: image=notebook-executor nb=0_Datacamp/7_Tuberculosis_Competition/TB_Detection_PyTorch_ResNet18_CNN_ChestXRay (1).ipynb
2025-11-14 21:44:19,816 | INFO | docker run: docker run --rm -v /home/asu/reproducibility_of_jupyter_notebooks-1/data/outputs/repositorios_completos/Subin-Vidhu/2025/b02c75d777f19f2808c4bcb6fc171184450a5505:/workspace/repo:ro -v /home/asu/reproducibility_of_jupyter_notebooks-1/data/outputs/repositorios_completos/Subin-Vidhu/2025/b02c75d777f19f2808c4bcb6fc171184450a5505/_out/0_Datacamp__7_Tuberculosis_Competition__TB_Detection_PyTorch_ResNet18_CNN_ChestXRay (1).ipynb:/workspace/out -e NOTEBOOK_REL_PATH=0_Datacamp/7_Tuberculosis_Competition/TB_Detection_PyTorch_ResNet18_CNN_ChestXRay (1).ipynb -e TIMEOUT_SECONDS=300 -e PYTHON_VERSION_DECLARED=3.10 -e POLICY=strict -e NOTEBOOK_ID=9238c49ee7c0029cb8b9e5fe53daf32f43100cfbce499aedc863d9f7814896ec -e RUN_ID=1763167459815-9238c49ee7c0029cb8b9e5fe53daf32f notebook-executor python -m scripts.container_worker
2025-11-14 21:44:25,191 | WARNING | Docker returned 1. STDOUT/ERR tail:

2025-11-15 00:44:21,041 | INFO | Executing notebook: 0_Datacamp/7_Tuberculosis_Competition/TB_Detection_PyTorch_ResNet18_CNN_ChestXRay (1).ipynb
2025-11-15 00:44:21,041 | INFO | Timeout: 300s, Run ID: 1763167459815-9238c49ee7c0029cb8b9e5fe53daf32f
2025-11-15 00:44:21,761 | INFO | Executing notebook with kernel: python3
2025-11-15 00:44:24,693 | INFO | Result written to /workspace/out/result.json

2025-11-14 21:44:25,204 | INFO | Usando repositório completo: /home/asu/reproducibility_of_jupyter_notebooks-1/data/outputs/repositorios_completos/Subin-Vidhu/2025/b02c75d777f19f2808c4bcb6fc171184450a5505
2025-11-14 21:44:25,205 | INFO | Executando via Docker: image=notebook-executor nb=0_Datacamp/7_Tuberculosis_Competition/TB_Detection_PyTorch_ResNet18_CNN_ChestXRay.ipynb
2025-11-14 21:44:25,206 | INFO | docker run: docker run --rm -v /home/asu/reproducibility_of_jupyter_notebooks-1/data/outputs/repositorios_completos/Subin-Vidhu/2025/b02c75d777f19f2808c4bcb6fc171184450a5505:/workspace/repo:ro -v /home/asu/reproducibility_of_jupyter_notebooks-1/data/outputs/repositorios_completos/Subin-Vidhu/2025/b02c75d777f19f2808c4bcb6fc171184450a5505/_out/0_Datacamp__7_Tuberculosis_Competition__TB_Detection_PyTorch_ResNet18_CNN_ChestXRay.ipynb:/workspace/out -e NOTEBOOK_REL_PATH=0_Datacamp/7_Tuberculosis_Competition/TB_Detection_PyTorch_ResNet18_CNN_ChestXRay.ipynb -e TIMEOUT_SECONDS=300 -e PYTHON_VERSION_DECLARED=3.10 -e POLICY=strict -e NOTEBOOK_ID=be9e942ea59ea01b1bde74ce6290ab7c93fddfa5e96a8ccf873d113395a28a60 -e RUN_ID=1763167465205-be9e942ea59ea01b1bde74ce6290ab7c notebook-executor python -m scripts.container_worker
2025-11-14 21:44:30,533 | WARNING | Docker returned 1. STDOUT/ERR tail:

2025-11-15 00:44:26,431 | INFO | Executing notebook: 0_Datacamp/7_Tuberculosis_Competition/TB_Detection_PyTorch_ResNet18_CNN_ChestXRay.ipynb
2025-11-15 00:44:26,431 | INFO | Timeout: 300s, Run ID: 1763167465205-be9e942ea59ea01b1bde74ce6290ab7c
2025-11-15 00:44:27,166 | INFO | Executing notebook with kernel: python3
2025-11-15 00:44:30,041 | INFO | Result written to /workspace/out/result.json

2025-11-14 21:44:30,536 | INFO | Usando repositório completo: /home/asu/reproducibility_of_jupyter_notebooks-1/data/outputs/repositorios_completos/Subin-Vidhu/2025/b02c75d777f19f2808c4bcb6fc171184450a5505
2025-11-14 21:44:30,536 | INFO | Executando via Docker: image=notebook-executor-python39 nb=0_DeepLearning_AI_Courses/1_Build Apps with Windsurf's AI Coding Agents/Windsurf_Trial/From_Course/Appendix.ipynb
2025-11-14 21:44:30,537 | INFO | docker run: docker run --rm -v /home/asu/reproducibility_of_jupyter_notebooks-1/data/outputs/repositorios_completos/Subin-Vidhu/2025/b02c75d777f19f2808c4bcb6fc171184450a5505:/workspace/repo:ro -v /home/asu/reproducibility_of_jupyter_notebooks-1/data/outputs/repositorios_completos/Subin-Vidhu/2025/b02c75d777f19f2808c4bcb6fc171184450a5505/_out/0_DeepLearning_AI_Courses__1_Build Apps with Windsurf's AI Coding Agents__Windsurf_Trial__From_Course__Appendix.ipynb:/workspace/out -e NOTEBOOK_REL_PATH=0_DeepLearning_AI_Courses/1_Build Apps with Windsurf's AI Coding Agents/Windsurf_Trial/From_Course/Appendix.ipynb -e TIMEOUT_SECONDS=300 -e PYTHON_VERSION_DECLARED=3.9 -e POLICY=strict -e NOTEBOOK_ID=14c0a5f05962a36837733153bd62277a9f3ac01f82a7cab566031e2f595c453b -e RUN_ID=1763167470536-14c0a5f05962a36837733153bd62277a notebook-executor-python39 python -m scripts.container_worker
2025-11-14 21:44:33,430 | INFO | Usando repositório completo: /home/asu/reproducibility_of_jupyter_notebooks-1/data/outputs/repositorios_completos/Subin-Vidhu/2025/b02c75d777f19f2808c4bcb6fc171184450a5505
2025-11-14 21:44:33,431 | INFO | Executando via Docker: image=notebook-executor-python39 nb=0_Udemy_Courses/2_Brain Computer Interface and Deep Learning Using Python/CODES/Section2/1_Mnist.ipynb
2025-11-14 21:44:33,432 | INFO | docker run: docker run --rm -v /home/asu/reproducibility_of_jupyter_notebooks-1/data/outputs/repositorios_completos/Subin-Vidhu/2025/b02c75d777f19f2808c4bcb6fc171184450a5505:/workspace/repo:ro -v /home/asu/reproducibility_of_jupyter_notebooks-1/data/outputs/repositorios_completos/Subin-Vidhu/2025/b02c75d777f19f2808c4bcb6fc171184450a5505/_out/0_Udemy_Courses__2_Brain Computer Interface and Deep Learning Using Python__CODES__Section2__1_Mnist.ipynb:/workspace/out -e NOTEBOOK_REL_PATH=0_Udemy_Courses/2_Brain Computer Interface and Deep Learning Using Python/CODES/Section2/1_Mnist.ipynb -e TIMEOUT_SECONDS=300 -e PYTHON_VERSION_DECLARED=3.9 -e POLICY=strict -e NOTEBOOK_ID=7145d1a7a211096f93ce81bd2fdc695b938c2992cc36d748d290eb49c756c1a5 -e RUN_ID=1763167473431-7145d1a7a211096f93ce81bd2fdc695b notebook-executor-python39 python -m scripts.container_worker
2025-11-14 21:44:52,790 | INFO | Usando repositório completo: /home/asu/reproducibility_of_jupyter_notebooks-1/data/outputs/repositorios_completos/Subin-Vidhu/2025/b02c75d777f19f2808c4bcb6fc171184450a5505
2025-11-14 21:44:52,790 | INFO | Executando via Docker: image=notebook-executor-python39 nb=0_Udemy_Courses/2_Brain Computer Interface and Deep Learning Using Python/CODES/Section2/2_data_preprocessing.ipynb
2025-11-14 21:44:52,792 | INFO | docker run: docker run --rm -v /home/asu/reproducibility_of_jupyter_notebooks-1/data/outputs/repositorios_completos/Subin-Vidhu/2025/b02c75d777f19f2808c4bcb6fc171184450a5505:/workspace/repo:ro -v /home/asu/reproducibility_of_jupyter_notebooks-1/data/outputs/repositorios_completos/Subin-Vidhu/2025/b02c75d777f19f2808c4bcb6fc171184450a5505/_out/0_Udemy_Courses__2_Brain Computer Interface and Deep Learning Using Python__CODES__Section2__2_data_preprocessing.ipynb:/workspace/out -e NOTEBOOK_REL_PATH=0_Udemy_Courses/2_Brain Computer Interface and Deep Learning Using Python/CODES/Section2/2_data_preprocessing.ipynb -e TIMEOUT_SECONDS=300 -e PYTHON_VERSION_DECLARED=3.9 -e POLICY=strict -e NOTEBOOK_ID=6ed8e888af765443cd7cae6437714ebf12357e856c37c88c570e76d308ff41b3 -e RUN_ID=1763167492791-6ed8e888af765443cd7cae6437714ebf notebook-executor-python39 python -m scripts.container_worker
2025-11-14 21:45:05,777 | INFO | Usando repositório completo: /home/asu/reproducibility_of_jupyter_notebooks-1/data/outputs/repositorios_completos/Subin-Vidhu/2025/b02c75d777f19f2808c4bcb6fc171184450a5505
2025-11-14 21:45:05,778 | INFO | Executando via Docker: image=notebook-executor-python39 nb=0_Udemy_Courses/2_Brain Computer Interface and Deep Learning Using Python/CODES/Section2/3_Mnist_Simple_NN.ipynb
2025-11-14 21:45:05,779 | INFO | docker run: docker run --rm -v /home/asu/reproducibility_of_jupyter_notebooks-1/data/outputs/repositorios_completos/Subin-Vidhu/2025/b02c75d777f19f2808c4bcb6fc171184450a5505:/workspace/repo:ro -v /home/asu/reproducibility_of_jupyter_notebooks-1/data/outputs/repositorios_completos/Subin-Vidhu/2025/b02c75d777f19f2808c4bcb6fc171184450a5505/_out/0_Udemy_Courses__2_Brain Computer Interface and Deep Learning Using Python__CODES__Section2__3_Mnist_Simple_NN.ipynb:/workspace/out -e NOTEBOOK_REL_PATH=0_Udemy_Courses/2_Brain Computer Interface and Deep Learning Using Python/CODES/Section2/3_Mnist_Simple_NN.ipynb -e TIMEOUT_SECONDS=300 -e PYTHON_VERSION_DECLARED=3.9 -e POLICY=strict -e NOTEBOOK_ID=f735a76808f041d47b3ee6c2ec0f7e81057dfda2dedbfb3dd8c0e191d98c79a3 -e RUN_ID=1763167505778-f735a76808f041d47b3ee6c2ec0f7e81 notebook-executor-python39 python -m scripts.container_worker
2025-11-14 21:45:18,293 | INFO | Usando repositório completo: /home/asu/reproducibility_of_jupyter_notebooks-1/data/outputs/repositorios_completos/Subin-Vidhu/2025/b02c75d777f19f2808c4bcb6fc171184450a5505
2025-11-14 21:45:18,293 | INFO | Executando via Docker: image=notebook-executor-python39 nb=0_Udemy_Courses/2_Brain Computer Interface and Deep Learning Using Python/CODES/Section2/4_training_your_network.ipynb
2025-11-14 21:45:18,294 | INFO | docker run: docker run --rm -v /home/asu/reproducibility_of_jupyter_notebooks-1/data/outputs/repositorios_completos/Subin-Vidhu/2025/b02c75d777f19f2808c4bcb6fc171184450a5505:/workspace/repo:ro -v /home/asu/reproducibility_of_jupyter_notebooks-1/data/outputs/repositorios_completos/Subin-Vidhu/2025/b02c75d777f19f2808c4bcb6fc171184450a5505/_out/0_Udemy_Courses__2_Brain Computer Interface and Deep Learning Using Python__CODES__Section2__4_training_your_network.ipynb:/workspace/out -e NOTEBOOK_REL_PATH=0_Udemy_Courses/2_Brain Computer Interface and Deep Learning Using Python/CODES/Section2/4_training_your_network.ipynb -e TIMEOUT_SECONDS=300 -e PYTHON_VERSION_DECLARED=3.9 -e POLICY=strict -e NOTEBOOK_ID=3d41d7acdfc7d4bcec50383cb76690d58dbe97bbb830e61bb44ebec05f522c26 -e RUN_ID=1763167518293-3d41d7acdfc7d4bcec50383cb76690d5 notebook-executor-python39 python -m scripts.container_worker
2025-11-14 21:46:06,546 | INFO | Usando repositório completo: /home/asu/reproducibility_of_jupyter_notebooks-1/data/outputs/repositorios_completos/Subin-Vidhu/2025/b02c75d777f19f2808c4bcb6fc171184450a5505
2025-11-14 21:46:06,547 | INFO | Executando via Docker: image=notebook-executor-python39 nb=0_Udemy_Courses/2_Brain Computer Interface and Deep Learning Using Python/CODES/Section_3_Project_1/1_Brain_computer_interface.ipynb
2025-11-14 21:46:06,548 | INFO | docker run: docker run --rm -v /home/asu/reproducibility_of_jupyter_notebooks-1/data/outputs/repositorios_completos/Subin-Vidhu/2025/b02c75d777f19f2808c4bcb6fc171184450a5505:/workspace/repo:ro -v /home/asu/reproducibility_of_jupyter_notebooks-1/data/outputs/repositorios_completos/Subin-Vidhu/2025/b02c75d777f19f2808c4bcb6fc171184450a5505/_out/0_Udemy_Courses__2_Brain Computer Interface and Deep Learning Using Python__CODES__Section_3_Project_1__1_Brain_computer_interface.ipynb:/workspace/out -e NOTEBOOK_REL_PATH=0_Udemy_Courses/2_Brain Computer Interface and Deep Learning Using Python/CODES/Section_3_Project_1/1_Brain_computer_interface.ipynb -e TIMEOUT_SECONDS=300 -e PYTHON_VERSION_DECLARED=3.9 -e POLICY=strict -e NOTEBOOK_ID=67653884cc353af942af6e392fa81449e571b9be863601c374da98416e2642cd -e RUN_ID=1763167566547-67653884cc353af942af6e392fa81449 notebook-executor-python39 python -m scripts.container_worker
2025-11-14 21:46:10,267 | WARNING | Docker returned 1. STDOUT/ERR tail:

2025-11-15 00:46:08,177 | INFO | Executing notebook: 0_Udemy_Courses/2_Brain Computer Interface and Deep Learning Using Python/CODES/Section_3_Project_1/1_Brain_computer_interface.ipynb
2025-11-15 00:46:08,177 | INFO | Timeout: 300s, Run ID: 1763167566547-67653884cc353af942af6e392fa81449, Policy: strict
2025-11-15 00:46:08,177 | INFO | Policy is 'strict': attempting to install repository dependencies...
2025-11-15 00:46:08,178 | INFO | No repository dependency files found
2025-11-15 00:46:09,014 | INFO | Executing notebook with kernel: python3
2025-11-15 00:46:09,562 | INFO | Result written to /workspace/out/result.json

2025-11-14 21:46:10,271 | INFO | Usando repositório completo: /home/asu/reproducibility_of_jupyter_notebooks-1/data/outputs/repositorios_completos/Subin-Vidhu/2025/b02c75d777f19f2808c4bcb6fc171184450a5505
2025-11-14 21:46:10,272 | INFO | Executando via Docker: image=notebook-executor-python39 nb=0_Udemy_Courses/2_Brain Computer Interface and Deep Learning Using Python/CODES/Section_3_Project_1/2_segmentation.ipynb
2025-11-14 21:46:10,273 | INFO | docker run: docker run --rm -v /home/asu/reproducibility_of_jupyter_notebooks-1/data/outputs/repositorios_completos/Subin-Vidhu/2025/b02c75d777f19f2808c4bcb6fc171184450a5505:/workspace/repo:ro -v /home/asu/reproducibility_of_jupyter_notebooks-1/data/outputs/repositorios_completos/Subin-Vidhu/2025/b02c75d777f19f2808c4bcb6fc171184450a5505/_out/0_Udemy_Courses__2_Brain Computer Interface and Deep Learning Using Python__CODES__Section_3_Project_1__2_segmentation.ipynb:/workspace/out -e NOTEBOOK_REL_PATH=0_Udemy_Courses/2_Brain Computer Interface and Deep Learning Using Python/CODES/Section_3_Project_1/2_segmentation.ipynb -e TIMEOUT_SECONDS=300 -e PYTHON_VERSION_DECLARED=3.9 -e POLICY=strict -e NOTEBOOK_ID=eb8c769c36e44eed156c95859f9ceb9208c0fb4392c4499d544ce37c9e79bfba -e RUN_ID=1763167570272-eb8c769c36e44eed156c95859f9ceb92 notebook-executor-python39 python -m scripts.container_worker
2025-11-14 21:46:13,751 | WARNING | Docker returned 1. STDOUT/ERR tail:

2025-11-15 00:46:11,864 | INFO | Executing notebook: 0_Udemy_Courses/2_Brain Computer Interface and Deep Learning Using Python/CODES/Section_3_Project_1/2_segmentation.ipynb
2025-11-15 00:46:11,864 | INFO | Timeout: 300s, Run ID: 1763167570272-eb8c769c36e44eed156c95859f9ceb92, Policy: strict
2025-11-15 00:46:11,864 | INFO | Policy is 'strict': attempting to install repository dependencies...
2025-11-15 00:46:11,864 | INFO | No repository dependency files found
2025-11-15 00:46:12,674 | INFO | Executing notebook with kernel: python3
2025-11-15 00:46:13,177 | INFO | Result written to /workspace/out/result.json

2025-11-14 21:46:13,756 | INFO | Usando repositório completo: /home/asu/reproducibility_of_jupyter_notebooks-1/data/outputs/repositorios_completos/Subin-Vidhu/2025/b02c75d777f19f2808c4bcb6fc171184450a5505
2025-11-14 21:46:13,756 | INFO | Executando via Docker: image=notebook-executor-python39 nb=0_Udemy_Courses/2_Brain Computer Interface and Deep Learning Using Python/CODES/Section_3_Project_1/3_splitting_your_data.ipynb
2025-11-14 21:46:13,757 | INFO | docker run: docker run --rm -v /home/asu/reproducibility_of_jupyter_notebooks-1/data/outputs/repositorios_completos/Subin-Vidhu/2025/b02c75d777f19f2808c4bcb6fc171184450a5505:/workspace/repo:ro -v /home/asu/reproducibility_of_jupyter_notebooks-1/data/outputs/repositorios_completos/Subin-Vidhu/2025/b02c75d777f19f2808c4bcb6fc171184450a5505/_out/0_Udemy_Courses__2_Brain Computer Interface and Deep Learning Using Python__CODES__Section_3_Project_1__3_splitting_your_data.ipynb:/workspace/out -e NOTEBOOK_REL_PATH=0_Udemy_Courses/2_Brain Computer Interface and Deep Learning Using Python/CODES/Section_3_Project_1/3_splitting_your_data.ipynb -e TIMEOUT_SECONDS=300 -e PYTHON_VERSION_DECLARED=3.9 -e POLICY=strict -e NOTEBOOK_ID=69f073c315e6a01b6cd169a787a3c44ad93835a0c0e8d49c5b5da706f1d65e15 -e RUN_ID=1763167573756-69f073c315e6a01b6cd169a787a3c44a notebook-executor-python39 python -m scripts.container_worker
2025-11-14 21:46:16,987 | WARNING | Docker returned 1. STDOUT/ERR tail:

2025-11-15 00:46:15,162 | INFO | Executing notebook: 0_Udemy_Courses/2_Brain Computer Interface and Deep Learning Using Python/CODES/Section_3_Project_1/3_splitting_your_data.ipynb
2025-11-15 00:46:15,162 | INFO | Timeout: 300s, Run ID: 1763167573756-69f073c315e6a01b6cd169a787a3c44a, Policy: strict
2025-11-15 00:46:15,162 | INFO | Policy is 'strict': attempting to install repository dependencies...
2025-11-15 00:46:15,162 | INFO | No repository dependency files found
2025-11-15 00:46:15,963 | INFO | Executing notebook with kernel: python3
2025-11-15 00:46:16,479 | INFO | Result written to /workspace/out/result.json

2025-11-14 21:46:16,991 | INFO | Usando repositório completo: /home/asu/reproducibility_of_jupyter_notebooks-1/data/outputs/repositorios_completos/Subin-Vidhu/2025/b02c75d777f19f2808c4bcb6fc171184450a5505
2025-11-14 21:46:16,991 | INFO | Executando via Docker: image=notebook-executor-python39 nb=0_Udemy_Courses/2_Brain Computer Interface and Deep Learning Using Python/CODES/Section_3_Project_1/4_Data_Preprocessing.ipynb
2025-11-14 21:46:16,992 | INFO | docker run: docker run --rm -v /home/asu/reproducibility_of_jupyter_notebooks-1/data/outputs/repositorios_completos/Subin-Vidhu/2025/b02c75d777f19f2808c4bcb6fc171184450a5505:/workspace/repo:ro -v /home/asu/reproducibility_of_jupyter_notebooks-1/data/outputs/repositorios_completos/Subin-Vidhu/2025/b02c75d777f19f2808c4bcb6fc171184450a5505/_out/0_Udemy_Courses__2_Brain Computer Interface and Deep Learning Using Python__CODES__Section_3_Project_1__4_Data_Preprocessing.ipynb:/workspace/out -e NOTEBOOK_REL_PATH=0_Udemy_Courses/2_Brain Computer Interface and Deep Learning Using Python/CODES/Section_3_Project_1/4_Data_Preprocessing.ipynb -e TIMEOUT_SECONDS=300 -e PYTHON_VERSION_DECLARED=3.9 -e POLICY=strict -e NOTEBOOK_ID=4b17d178709c1684d5ccd929be6f3aa513d5dd9a67792c2d1122aeaf1ae846b4 -e RUN_ID=1763167576991-4b17d178709c1684d5ccd929be6f3aa5 notebook-executor-python39 python -m scripts.container_worker
2025-11-14 21:46:20,033 | WARNING | Docker returned 1. STDOUT/ERR tail:

2025-11-15 00:46:18,299 | INFO | Executing notebook: 0_Udemy_Courses/2_Brain Computer Interface and Deep Learning Using Python/CODES/Section_3_Project_1/4_Data_Preprocessing.ipynb
2025-11-15 00:46:18,299 | INFO | Timeout: 300s, Run ID: 1763167576991-4b17d178709c1684d5ccd929be6f3aa5, Policy: strict
2025-11-15 00:46:18,299 | INFO | Policy is 'strict': attempting to install repository dependencies...
2025-11-15 00:46:18,299 | INFO | No repository dependency files found
2025-11-15 00:46:19,071 | INFO | Executing notebook with kernel: python3
2025-11-15 00:46:19,570 | INFO | Result written to /workspace/out/result.json

2025-11-14 21:46:20,037 | INFO | Usando repositório completo: /home/asu/reproducibility_of_jupyter_notebooks-1/data/outputs/repositorios_completos/Subin-Vidhu/2025/b02c75d777f19f2808c4bcb6fc171184450a5505
2025-11-14 21:46:20,037 | INFO | Executando via Docker: image=notebook-executor-python39 nb=0_Udemy_Courses/2_Brain Computer Interface and Deep Learning Using Python/CODES/Section_3_Project_1/5_building_your_network.ipynb
2025-11-14 21:46:20,038 | INFO | docker run: docker run --rm -v /home/asu/reproducibility_of_jupyter_notebooks-1/data/outputs/repositorios_completos/Subin-Vidhu/2025/b02c75d777f19f2808c4bcb6fc171184450a5505:/workspace/repo:ro -v /home/asu/reproducibility_of_jupyter_notebooks-1/data/outputs/repositorios_completos/Subin-Vidhu/2025/b02c75d777f19f2808c4bcb6fc171184450a5505/_out/0_Udemy_Courses__2_Brain Computer Interface and Deep Learning Using Python__CODES__Section_3_Project_1__5_building_your_network.ipynb:/workspace/out -e NOTEBOOK_REL_PATH=0_Udemy_Courses/2_Brain Computer Interface and Deep Learning Using Python/CODES/Section_3_Project_1/5_building_your_network.ipynb -e TIMEOUT_SECONDS=300 -e PYTHON_VERSION_DECLARED=3.9 -e POLICY=strict -e NOTEBOOK_ID=244f4c2e7b60775a3a36240e4ecc6464cb485d8fca1479e0516ef9c16403a39e -e RUN_ID=1763167580037-244f4c2e7b60775a3a36240e4ecc6464 notebook-executor-python39 python -m scripts.container_worker
2025-11-14 21:46:23,137 | WARNING | Docker returned 1. STDOUT/ERR tail:

2025-11-15 00:46:21,409 | INFO | Executing notebook: 0_Udemy_Courses/2_Brain Computer Interface and Deep Learning Using Python/CODES/Section_3_Project_1/5_building_your_network.ipynb
2025-11-15 00:46:21,409 | INFO | Timeout: 300s, Run ID: 1763167580037-244f4c2e7b60775a3a36240e4ecc6464, Policy: strict
2025-11-15 00:46:21,409 | INFO | Policy is 'strict': attempting to install repository dependencies...
2025-11-15 00:46:21,409 | INFO | No repository dependency files found
2025-11-15 00:46:22,182 | INFO | Executing notebook with kernel: python3
2025-11-15 00:46:22,674 | INFO | Result written to /workspace/out/result.json

2025-11-14 21:46:23,143 | INFO | Usando repositório completo: /home/asu/reproducibility_of_jupyter_notebooks-1/data/outputs/repositorios_completos/Subin-Vidhu/2025/b02c75d777f19f2808c4bcb6fc171184450a5505
2025-11-14 21:46:23,144 | INFO | Executando via Docker: image=notebook-executor-python39 nb=0_Udemy_Courses/2_Brain Computer Interface and Deep Learning Using Python/CODES/Section_3_Project_1/6_training_your_cnn.ipynb
2025-11-14 21:46:23,145 | INFO | docker run: docker run --rm -v /home/asu/reproducibility_of_jupyter_notebooks-1/data/outputs/repositorios_completos/Subin-Vidhu/2025/b02c75d777f19f2808c4bcb6fc171184450a5505:/workspace/repo:ro -v /home/asu/reproducibility_of_jupyter_notebooks-1/data/outputs/repositorios_completos/Subin-Vidhu/2025/b02c75d777f19f2808c4bcb6fc171184450a5505/_out/0_Udemy_Courses__2_Brain Computer Interface and Deep Learning Using Python__CODES__Section_3_Project_1__6_training_your_cnn.ipynb:/workspace/out -e NOTEBOOK_REL_PATH=0_Udemy_Courses/2_Brain Computer Interface and Deep Learning Using Python/CODES/Section_3_Project_1/6_training_your_cnn.ipynb -e TIMEOUT_SECONDS=300 -e PYTHON_VERSION_DECLARED=3.9 -e POLICY=strict -e NOTEBOOK_ID=b0c34f64779f1abecd7692b76a0d2d99be2b963da44e93bb4642591fc2ab94b0 -e RUN_ID=1763167583144-b0c34f64779f1abecd7692b76a0d2d99 notebook-executor-python39 python -m scripts.container_worker
2025-11-14 21:46:26,240 | WARNING | Docker returned 1. STDOUT/ERR tail:

2025-11-15 00:46:24,431 | INFO | Executing notebook: 0_Udemy_Courses/2_Brain Computer Interface and Deep Learning Using Python/CODES/Section_3_Project_1/6_training_your_cnn.ipynb
2025-11-15 00:46:24,431 | INFO | Timeout: 300s, Run ID: 1763167583144-b0c34f64779f1abecd7692b76a0d2d99, Policy: strict
2025-11-15 00:46:24,431 | INFO | Policy is 'strict': attempting to install repository dependencies...
2025-11-15 00:46:24,431 | INFO | No repository dependency files found
2025-11-15 00:46:25,198 | INFO | Executing notebook with kernel: python3
2025-11-15 00:46:25,716 | INFO | Result written to /workspace/out/result.json

2025-11-14 21:46:26,249 | INFO | Usando repositório completo: /home/asu/reproducibility_of_jupyter_notebooks-1/data/outputs/repositorios_completos/Subin-Vidhu/2025/b02c75d777f19f2808c4bcb6fc171184450a5505
2025-11-14 21:46:26,249 | INFO | Executando via Docker: image=notebook-executor nb=0_Udemy_Courses/2_Brain Computer Interface and Deep Learning Using Python/CODES/Section_5_Project_2/1_data_preprocessing.ipynb
2025-11-14 21:46:26,250 | INFO | docker run: docker run --rm -v /home/asu/reproducibility_of_jupyter_notebooks-1/data/outputs/repositorios_completos/Subin-Vidhu/2025/b02c75d777f19f2808c4bcb6fc171184450a5505:/workspace/repo:ro -v /home/asu/reproducibility_of_jupyter_notebooks-1/data/outputs/repositorios_completos/Subin-Vidhu/2025/b02c75d777f19f2808c4bcb6fc171184450a5505/_out/0_Udemy_Courses__2_Brain Computer Interface and Deep Learning Using Python__CODES__Section_5_Project_2__1_data_preprocessing.ipynb:/workspace/out -e NOTEBOOK_REL_PATH=0_Udemy_Courses/2_Brain Computer Interface and Deep Learning Using Python/CODES/Section_5_Project_2/1_data_preprocessing.ipynb -e TIMEOUT_SECONDS=300 -e PYTHON_VERSION_DECLARED= -e POLICY=strict -e NOTEBOOK_ID=ceb1e46bcd8b7add97f96d2e264b1db614b82385bfa477e656a8a1ba756ef91e -e RUN_ID=1763167586249-ceb1e46bcd8b7add97f96d2e264b1db6 notebook-executor python -m scripts.container_worker
2025-11-14 21:46:29,268 | WARNING | Docker returned 1. STDOUT/ERR tail:

2025-11-15 00:46:27,517 | INFO | Executing notebook: 0_Udemy_Courses/2_Brain Computer Interface and Deep Learning Using Python/CODES/Section_5_Project_2/1_data_preprocessing.ipynb
2025-11-15 00:46:27,517 | INFO | Timeout: 300s, Run ID: 1763167586249-ceb1e46bcd8b7add97f96d2e264b1db6
2025-11-15 00:46:28,245 | INFO | Executing notebook with kernel: python3
2025-11-15 00:46:28,709 | INFO | Result written to /workspace/out/result.json

2025-11-14 21:46:29,276 | INFO | Usando repositório completo: /home/asu/reproducibility_of_jupyter_notebooks-1/data/outputs/repositorios_completos/Subin-Vidhu/2025/b02c75d777f19f2808c4bcb6fc171184450a5505
2025-11-14 21:46:29,277 | INFO | Executando via Docker: image=notebook-executor nb=0_Udemy_Courses/2_Brain Computer Interface and Deep Learning Using Python/CODES/Section_5_Project_2/2_Feature_extraction.ipynb
2025-11-14 21:46:29,278 | INFO | docker run: docker run --rm -v /home/asu/reproducibility_of_jupyter_notebooks-1/data/outputs/repositorios_completos/Subin-Vidhu/2025/b02c75d777f19f2808c4bcb6fc171184450a5505:/workspace/repo:ro -v /home/asu/reproducibility_of_jupyter_notebooks-1/data/outputs/repositorios_completos/Subin-Vidhu/2025/b02c75d777f19f2808c4bcb6fc171184450a5505/_out/0_Udemy_Courses__2_Brain Computer Interface and Deep Learning Using Python__CODES__Section_5_Project_2__2_Feature_extraction.ipynb:/workspace/out -e NOTEBOOK_REL_PATH=0_Udemy_Courses/2_Brain Computer Interface and Deep Learning Using Python/CODES/Section_5_Project_2/2_Feature_extraction.ipynb -e TIMEOUT_SECONDS=300 -e PYTHON_VERSION_DECLARED= -e POLICY=strict -e NOTEBOOK_ID=37894c5e094abb1ff44f3f1b9e7dd7ee0dd6eb628448eeb797d91b7f823621e6 -e RUN_ID=1763167589277-37894c5e094abb1ff44f3f1b9e7dd7ee notebook-executor python -m scripts.container_worker
2025-11-14 21:46:32,189 | WARNING | Docker returned 1. STDOUT/ERR tail:

2025-11-15 00:46:30,511 | INFO | Executing notebook: 0_Udemy_Courses/2_Brain Computer Interface and Deep Learning Using Python/CODES/Section_5_Project_2/2_Feature_extraction.ipynb
2025-11-15 00:46:30,511 | INFO | Timeout: 300s, Run ID: 1763167589277-37894c5e094abb1ff44f3f1b9e7dd7ee
2025-11-15 00:46:31,234 | INFO | Executing notebook with kernel: python3
2025-11-15 00:46:31,686 | INFO | Result written to /workspace/out/result.json

2025-11-14 21:46:32,196 | INFO | Usando repositório completo: /home/asu/reproducibility_of_jupyter_notebooks-1/data/outputs/repositorios_completos/Subin-Vidhu/2025/b02c75d777f19f2808c4bcb6fc171184450a5505
2025-11-14 21:46:32,196 | INFO | Executando via Docker: image=notebook-executor nb=0_Udemy_Courses/2_Brain Computer Interface and Deep Learning Using Python/CODES/Section_5_Project_2/3_building_Generator_NN.ipynb
2025-11-14 21:46:32,197 | INFO | docker run: docker run --rm -v /home/asu/reproducibility_of_jupyter_notebooks-1/data/outputs/repositorios_completos/Subin-Vidhu/2025/b02c75d777f19f2808c4bcb6fc171184450a5505:/workspace/repo:ro -v /home/asu/reproducibility_of_jupyter_notebooks-1/data/outputs/repositorios_completos/Subin-Vidhu/2025/b02c75d777f19f2808c4bcb6fc171184450a5505/_out/0_Udemy_Courses__2_Brain Computer Interface and Deep Learning Using Python__CODES__Section_5_Project_2__3_building_Generator_NN.ipynb:/workspace/out -e NOTEBOOK_REL_PATH=0_Udemy_Courses/2_Brain Computer Interface and Deep Learning Using Python/CODES/Section_5_Project_2/3_building_Generator_NN.ipynb -e TIMEOUT_SECONDS=300 -e PYTHON_VERSION_DECLARED= -e POLICY=strict -e NOTEBOOK_ID=1787689ac201c85b8acf7990e6b895fddfc41f2bb351eb25b687e8c619267ede -e RUN_ID=1763167592196-1787689ac201c85b8acf7990e6b895fd notebook-executor python -m scripts.container_worker
2025-11-14 21:46:35,171 | WARNING | Docker returned 1. STDOUT/ERR tail:

2025-11-15 00:46:33,422 | INFO | Executing notebook: 0_Udemy_Courses/2_Brain Computer Interface and Deep Learning Using Python/CODES/Section_5_Project_2/3_building_Generator_NN.ipynb
2025-11-15 00:46:33,422 | INFO | Timeout: 300s, Run ID: 1763167592196-1787689ac201c85b8acf7990e6b895fd
2025-11-15 00:46:34,168 | INFO | Executing notebook with kernel: python3
2025-11-15 00:46:34,621 | INFO | Result written to /workspace/out/result.json

2025-11-14 21:46:35,179 | INFO | Usando repositório completo: /home/asu/reproducibility_of_jupyter_notebooks-1/data/outputs/repositorios_completos/Subin-Vidhu/2025/b02c75d777f19f2808c4bcb6fc171184450a5505
2025-11-14 21:46:35,179 | INFO | Executando via Docker: image=notebook-executor nb=0_Udemy_Courses/2_Brain Computer Interface and Deep Learning Using Python/CODES/Section_5_Project_2/4_Building_Discriminator.ipynb
2025-11-14 21:46:35,181 | INFO | docker run: docker run --rm -v /home/asu/reproducibility_of_jupyter_notebooks-1/data/outputs/repositorios_completos/Subin-Vidhu/2025/b02c75d777f19f2808c4bcb6fc171184450a5505:/workspace/repo:ro -v /home/asu/reproducibility_of_jupyter_notebooks-1/data/outputs/repositorios_completos/Subin-Vidhu/2025/b02c75d777f19f2808c4bcb6fc171184450a5505/_out/0_Udemy_Courses__2_Brain Computer Interface and Deep Learning Using Python__CODES__Section_5_Project_2__4_Building_Discriminator.ipynb:/workspace/out -e NOTEBOOK_REL_PATH=0_Udemy_Courses/2_Brain Computer Interface and Deep Learning Using Python/CODES/Section_5_Project_2/4_Building_Discriminator.ipynb -e TIMEOUT_SECONDS=300 -e PYTHON_VERSION_DECLARED= -e POLICY=strict -e NOTEBOOK_ID=70e99a43bfecdb0abee5d89fd8eac49ed861728ab255c2b08ed95de78baa30c4 -e RUN_ID=1763167595179-70e99a43bfecdb0abee5d89fd8eac49e notebook-executor python -m scripts.container_worker
2025-11-14 21:46:38,016 | WARNING | Docker returned 1. STDOUT/ERR tail:

2025-11-15 00:46:36,372 | INFO | Executing notebook: 0_Udemy_Courses/2_Brain Computer Interface and Deep Learning Using Python/CODES/Section_5_Project_2/4_Building_Discriminator.ipynb
2025-11-15 00:46:36,372 | INFO | Timeout: 300s, Run ID: 1763167595179-70e99a43bfecdb0abee5d89fd8eac49e
2025-11-15 00:46:37,086 | INFO | Executing notebook with kernel: python3
2025-11-15 00:46:37,552 | INFO | Result written to /workspace/out/result.json

2025-11-14 21:46:38,025 | INFO | Usando repositório completo: /home/asu/reproducibility_of_jupyter_notebooks-1/data/outputs/repositorios_completos/Subin-Vidhu/2025/b02c75d777f19f2808c4bcb6fc171184450a5505
2025-11-14 21:46:38,025 | INFO | Executando via Docker: image=notebook-executor nb=0_Udemy_Courses/2_Brain Computer Interface and Deep Learning Using Python/CODES/Section_5_Project_2/5_training_and_testing_your_GAN.ipynb
2025-11-14 21:46:38,026 | INFO | docker run: docker run --rm -v /home/asu/reproducibility_of_jupyter_notebooks-1/data/outputs/repositorios_completos/Subin-Vidhu/2025/b02c75d777f19f2808c4bcb6fc171184450a5505:/workspace/repo:ro -v /home/asu/reproducibility_of_jupyter_notebooks-1/data/outputs/repositorios_completos/Subin-Vidhu/2025/b02c75d777f19f2808c4bcb6fc171184450a5505/_out/0_Udemy_Courses__2_Brain Computer Interface and Deep Learning Using Python__CODES__Section_5_Project_2__5_training_and_testing_your_GAN.ipynb:/workspace/out -e NOTEBOOK_REL_PATH=0_Udemy_Courses/2_Brain Computer Interface and Deep Learning Using Python/CODES/Section_5_Project_2/5_training_and_testing_your_GAN.ipynb -e TIMEOUT_SECONDS=300 -e PYTHON_VERSION_DECLARED= -e POLICY=strict -e NOTEBOOK_ID=6fa9d33f4ad30b63e0b9f7c5268eb7c16b9d65dd63a6f8b564dc9dca8ccf1e2c -e RUN_ID=1763167598025-6fa9d33f4ad30b63e0b9f7c5268eb7c1 notebook-executor python -m scripts.container_worker
2025-11-14 21:46:40,895 | WARNING | Docker returned 1. STDOUT/ERR tail:

2025-11-15 00:46:39,237 | INFO | Executing notebook: 0_Udemy_Courses/2_Brain Computer Interface and Deep Learning Using Python/CODES/Section_5_Project_2/5_training_and_testing_your_GAN.ipynb
2025-11-15 00:46:39,237 | INFO | Timeout: 300s, Run ID: 1763167598025-6fa9d33f4ad30b63e0b9f7c5268eb7c1
2025-11-15 00:46:39,956 | INFO | Executing notebook with kernel: python3
2025-11-15 00:46:40,411 | INFO | Result written to /workspace/out/result.json

2025-11-14 21:46:40,896 | INFO | Usando repositório completo: /home/asu/reproducibility_of_jupyter_notebooks-1/data/outputs/repositorios_completos/Subin-Vidhu/2025/b02c75d777f19f2808c4bcb6fc171184450a5505
2025-11-14 21:46:40,896 | INFO | Executando via Docker: image=notebook-executor-python38 nb=1_Face Recognition with Machine Learning + Deploy Flask  App/001 Python/Control Flow Statements.ipynb
2025-11-14 21:46:40,897 | INFO | docker run: docker run --rm -v /home/asu/reproducibility_of_jupyter_notebooks-1/data/outputs/repositorios_completos/Subin-Vidhu/2025/b02c75d777f19f2808c4bcb6fc171184450a5505:/workspace/repo:ro -v /home/asu/reproducibility_of_jupyter_notebooks-1/data/outputs/repositorios_completos/Subin-Vidhu/2025/b02c75d777f19f2808c4bcb6fc171184450a5505/_out/1_Face Recognition with Machine Learning + Deploy Flask  App__001 Python__Control Flow Statements.ipynb:/workspace/out -e NOTEBOOK_REL_PATH=1_Face Recognition with Machine Learning + Deploy Flask  App/001 Python/Control Flow Statements.ipynb -e TIMEOUT_SECONDS=300 -e PYTHON_VERSION_DECLARED=3.8 -e POLICY=strict -e NOTEBOOK_ID=d0c6115a17b8850c97a05949ffa93efda04954b163bf2ca74f86a8f133f49494 -e RUN_ID=1763167600896-d0c6115a17b8850c97a05949ffa93efd notebook-executor-python38 python -m scripts.container_worker
2025-11-14 21:46:42,948 | WARNING | Docker returned 1. STDOUT/ERR tail:

2025-11-15 00:46:41,430 | INFO | Executing notebook: 1_Face Recognition with Machine Learning + Deploy Flask  App/001 Python/Control Flow Statements.ipynb
2025-11-15 00:46:41,430 | INFO | Timeout: 300s, Run ID: 1763167600896-d0c6115a17b8850c97a05949ffa93efd, Policy: strict
2025-11-15 00:46:41,430 | INFO | Policy is 'strict': attempting to install repository dependencies...
2025-11-15 00:46:41,430 | INFO | No repository dependency files found
2025-11-15 00:46:42,229 | INFO | Executing notebook with kernel: python3
2025-11-15 00:46:42,559 | INFO | Result written to /workspace/out/result.json

2025-11-14 21:46:42,953 | INFO | Usando repositório completo: /home/asu/reproducibility_of_jupyter_notebooks-1/data/outputs/repositorios_completos/Subin-Vidhu/2025/b02c75d777f19f2808c4bcb6fc171184450a5505
2025-11-14 21:46:42,953 | INFO | Executando via Docker: image=notebook-executor-python38 nb=1_Face Recognition with Machine Learning + Deploy Flask  App/001 Python/Dictionary.ipynb
2025-11-14 21:46:42,954 | INFO | docker run: docker run --rm -v /home/asu/reproducibility_of_jupyter_notebooks-1/data/outputs/repositorios_completos/Subin-Vidhu/2025/b02c75d777f19f2808c4bcb6fc171184450a5505:/workspace/repo:ro -v /home/asu/reproducibility_of_jupyter_notebooks-1/data/outputs/repositorios_completos/Subin-Vidhu/2025/b02c75d777f19f2808c4bcb6fc171184450a5505/_out/1_Face Recognition with Machine Learning + Deploy Flask  App__001 Python__Dictionary.ipynb:/workspace/out -e NOTEBOOK_REL_PATH=1_Face Recognition with Machine Learning + Deploy Flask  App/001 Python/Dictionary.ipynb -e TIMEOUT_SECONDS=300 -e PYTHON_VERSION_DECLARED=3.8 -e POLICY=strict -e NOTEBOOK_ID=93200d1057de27388762a3c8b4a3b861a1e6a4f6e82e621a501077036f3c8047 -e RUN_ID=1763167602953-93200d1057de27388762a3c8b4a3b861 notebook-executor-python38 python -m scripts.container_worker
2025-11-14 21:46:45,159 | INFO | Usando repositório completo: /home/asu/reproducibility_of_jupyter_notebooks-1/data/outputs/repositorios_completos/Subin-Vidhu/2025/b02c75d777f19f2808c4bcb6fc171184450a5505
2025-11-14 21:46:45,159 | INFO | Executando via Docker: image=notebook-executor-python38 nb=1_Face Recognition with Machine Learning + Deploy Flask  App/001 Python/List.ipynb
2025-11-14 21:46:45,160 | INFO | docker run: docker run --rm -v /home/asu/reproducibility_of_jupyter_notebooks-1/data/outputs/repositorios_completos/Subin-Vidhu/2025/b02c75d777f19f2808c4bcb6fc171184450a5505:/workspace/repo:ro -v /home/asu/reproducibility_of_jupyter_notebooks-1/data/outputs/repositorios_completos/Subin-Vidhu/2025/b02c75d777f19f2808c4bcb6fc171184450a5505/_out/1_Face Recognition with Machine Learning + Deploy Flask  App__001 Python__List.ipynb:/workspace/out -e NOTEBOOK_REL_PATH=1_Face Recognition with Machine Learning + Deploy Flask  App/001 Python/List.ipynb -e TIMEOUT_SECONDS=300 -e PYTHON_VERSION_DECLARED=3.8 -e POLICY=strict -e NOTEBOOK_ID=1cb5e2b48741496628dfa76e4710d0c6a91e61a43af2961a8b883df2aa460780 -e RUN_ID=1763167605159-1cb5e2b48741496628dfa76e4710d0c6 notebook-executor-python38 python -m scripts.container_worker
2025-11-14 21:46:47,465 | INFO | Usando repositório completo: /home/asu/reproducibility_of_jupyter_notebooks-1/data/outputs/repositorios_completos/Subin-Vidhu/2025/b02c75d777f19f2808c4bcb6fc171184450a5505
2025-11-14 21:46:47,465 | INFO | Executando via Docker: image=notebook-executor-python38 nb=1_Face Recognition with Machine Learning + Deploy Flask  App/001 Python/Opertors.ipynb
2025-11-14 21:46:47,470 | INFO | docker run: docker run --rm -v /home/asu/reproducibility_of_jupyter_notebooks-1/data/outputs/repositorios_completos/Subin-Vidhu/2025/b02c75d777f19f2808c4bcb6fc171184450a5505:/workspace/repo:ro -v /home/asu/reproducibility_of_jupyter_notebooks-1/data/outputs/repositorios_completos/Subin-Vidhu/2025/b02c75d777f19f2808c4bcb6fc171184450a5505/_out/1_Face Recognition with Machine Learning + Deploy Flask  App__001 Python__Opertors.ipynb:/workspace/out -e NOTEBOOK_REL_PATH=1_Face Recognition with Machine Learning + Deploy Flask  App/001 Python/Opertors.ipynb -e TIMEOUT_SECONDS=300 -e PYTHON_VERSION_DECLARED=3.8 -e POLICY=strict -e NOTEBOOK_ID=46010c66f4a0a090b9087cd6fc2ce194ebbde356c46b43d93f57aa64e3e0068c -e RUN_ID=1763167607465-46010c66f4a0a090b9087cd6fc2ce194 notebook-executor-python38 python -m scripts.container_worker
2025-11-14 21:46:49,596 | INFO | Usando repositório completo: /home/asu/reproducibility_of_jupyter_notebooks-1/data/outputs/repositorios_completos/Subin-Vidhu/2025/b02c75d777f19f2808c4bcb6fc171184450a5505
2025-11-14 21:46:49,597 | INFO | Executando via Docker: image=notebook-executor-python39 nb=1_Face Recognition with Machine Learning + Deploy Flask  App/001 Python/Python Essentials.ipynb
2025-11-14 21:46:49,598 | INFO | docker run: docker run --rm -v /home/asu/reproducibility_of_jupyter_notebooks-1/data/outputs/repositorios_completos/Subin-Vidhu/2025/b02c75d777f19f2808c4bcb6fc171184450a5505:/workspace/repo:ro -v /home/asu/reproducibility_of_jupyter_notebooks-1/data/outputs/repositorios_completos/Subin-Vidhu/2025/b02c75d777f19f2808c4bcb6fc171184450a5505/_out/1_Face Recognition with Machine Learning + Deploy Flask  App__001 Python__Python Essentials.ipynb:/workspace/out -e NOTEBOOK_REL_PATH=1_Face Recognition with Machine Learning + Deploy Flask  App/001 Python/Python Essentials.ipynb -e TIMEOUT_SECONDS=300 -e PYTHON_VERSION_DECLARED=3.9 -e POLICY=strict -e NOTEBOOK_ID=b02aaa40ea444d3b920935a7227d3d1b901a4b60142a7a2093df9358613fa8a8 -e RUN_ID=1763167609597-b02aaa40ea444d3b920935a7227d3d1b notebook-executor-python39 python -m scripts.container_worker
2025-11-14 21:46:53,224 | INFO | Usando repositório completo: /home/asu/reproducibility_of_jupyter_notebooks-1/data/outputs/repositorios_completos/Subin-Vidhu/2025/b02c75d777f19f2808c4bcb6fc171184450a5505
2025-11-14 21:46:53,224 | INFO | Executando via Docker: image=notebook-executor-python38 nb=1_Face Recognition with Machine Learning + Deploy Flask  App/001 Python/Sets.ipynb
2025-11-14 21:46:53,225 | INFO | docker run: docker run --rm -v /home/asu/reproducibility_of_jupyter_notebooks-1/data/outputs/repositorios_completos/Subin-Vidhu/2025/b02c75d777f19f2808c4bcb6fc171184450a5505:/workspace/repo:ro -v /home/asu/reproducibility_of_jupyter_notebooks-1/data/outputs/repositorios_completos/Subin-Vidhu/2025/b02c75d777f19f2808c4bcb6fc171184450a5505/_out/1_Face Recognition with Machine Learning + Deploy Flask  App__001 Python__Sets.ipynb:/workspace/out -e NOTEBOOK_REL_PATH=1_Face Recognition with Machine Learning + Deploy Flask  App/001 Python/Sets.ipynb -e TIMEOUT_SECONDS=300 -e PYTHON_VERSION_DECLARED=3.8 -e POLICY=strict -e NOTEBOOK_ID=1ed22f482944d505e46dbd549be9c1fc40ec58335abddaf02c181f10bb6339db -e RUN_ID=1763167613224-1ed22f482944d505e46dbd549be9c1fc notebook-executor-python38 python -m scripts.container_worker
2025-11-14 21:46:55,288 | INFO | Usando repositório completo: /home/asu/reproducibility_of_jupyter_notebooks-1/data/outputs/repositorios_completos/Subin-Vidhu/2025/b02c75d777f19f2808c4bcb6fc171184450a5505
2025-11-14 21:46:55,288 | INFO | Executando via Docker: image=notebook-executor-python38 nb=1_Face Recognition with Machine Learning + Deploy Flask  App/001 Python/Tuples.ipynb
2025-11-14 21:46:55,290 | INFO | docker run: docker run --rm -v /home/asu/reproducibility_of_jupyter_notebooks-1/data/outputs/repositorios_completos/Subin-Vidhu/2025/b02c75d777f19f2808c4bcb6fc171184450a5505:/workspace/repo:ro -v /home/asu/reproducibility_of_jupyter_notebooks-1/data/outputs/repositorios_completos/Subin-Vidhu/2025/b02c75d777f19f2808c4bcb6fc171184450a5505/_out/1_Face Recognition with Machine Learning + Deploy Flask  App__001 Python__Tuples.ipynb:/workspace/out -e NOTEBOOK_REL_PATH=1_Face Recognition with Machine Learning + Deploy Flask  App/001 Python/Tuples.ipynb -e TIMEOUT_SECONDS=300 -e PYTHON_VERSION_DECLARED=3.8 -e POLICY=strict -e NOTEBOOK_ID=21868afdfa5011e47ec9f8f4169ad74138f5a78c6101eb949e720966be9d9c8d -e RUN_ID=1763167615288-21868afdfa5011e47ec9f8f4169ad741 notebook-executor-python38 python -m scripts.container_worker
2025-11-14 21:46:57,403 | INFO | Usando repositório completo: /home/asu/reproducibility_of_jupyter_notebooks-1/data/outputs/repositorios_completos/Subin-Vidhu/2025/b02c75d777f19f2808c4bcb6fc171184450a5505
2025-11-14 21:46:57,404 | INFO | Executando via Docker: image=notebook-executor-python38 nb=1_Face Recognition with Machine Learning + Deploy Flask  App/001 Python/User Defined Functions.ipynb
2025-11-14 21:46:57,405 | INFO | docker run: docker run --rm -v /home/asu/reproducibility_of_jupyter_notebooks-1/data/outputs/repositorios_completos/Subin-Vidhu/2025/b02c75d777f19f2808c4bcb6fc171184450a5505:/workspace/repo:ro -v /home/asu/reproducibility_of_jupyter_notebooks-1/data/outputs/repositorios_completos/Subin-Vidhu/2025/b02c75d777f19f2808c4bcb6fc171184450a5505/_out/1_Face Recognition with Machine Learning + Deploy Flask  App__001 Python__User Defined Functions.ipynb:/workspace/out -e NOTEBOOK_REL_PATH=1_Face Recognition with Machine Learning + Deploy Flask  App/001 Python/User Defined Functions.ipynb -e TIMEOUT_SECONDS=300 -e PYTHON_VERSION_DECLARED=3.8 -e POLICY=strict -e NOTEBOOK_ID=ada9f7327d912a608f201ee8ab44ef2e06858ab6952d66ad84506a1a39199784 -e RUN_ID=1763167617404-ada9f7327d912a608f201ee8ab44ef2e notebook-executor-python38 python -m scripts.container_worker
2025-11-14 21:46:59,765 | INFO | Usando repositório completo: /home/asu/reproducibility_of_jupyter_notebooks-1/data/outputs/repositorios_completos/Subin-Vidhu/2025/b02c75d777f19f2808c4bcb6fc171184450a5505
2025-11-14 21:46:59,765 | INFO | Executando via Docker: image=notebook-executor-python38 nb=1_Face Recognition with Machine Learning + Deploy Flask  App/001 Python/Variable and Assignments.ipynb
2025-11-14 21:46:59,767 | INFO | docker run: docker run --rm -v /home/asu/reproducibility_of_jupyter_notebooks-1/data/outputs/repositorios_completos/Subin-Vidhu/2025/b02c75d777f19f2808c4bcb6fc171184450a5505:/workspace/repo:ro -v /home/asu/reproducibility_of_jupyter_notebooks-1/data/outputs/repositorios_completos/Subin-Vidhu/2025/b02c75d777f19f2808c4bcb6fc171184450a5505/_out/1_Face Recognition with Machine Learning + Deploy Flask  App__001 Python__Variable and Assignments.ipynb:/workspace/out -e NOTEBOOK_REL_PATH=1_Face Recognition with Machine Learning + Deploy Flask  App/001 Python/Variable and Assignments.ipynb -e TIMEOUT_SECONDS=300 -e PYTHON_VERSION_DECLARED=3.8 -e POLICY=strict -e NOTEBOOK_ID=2f5ab23232be657aa55e3a726c06940b13c601880be93fcbfa3eea0aaafa02e0 -e RUN_ID=1763167619765-2f5ab23232be657aa55e3a726c06940b notebook-executor-python38 python -m scripts.container_worker
2025-11-14 21:47:01,729 | INFO | Usando repositório completo: /home/asu/reproducibility_of_jupyter_notebooks-1/data/outputs/repositorios_completos/Subin-Vidhu/2025/b02c75d777f19f2808c4bcb6fc171184450a5505
2025-11-14 21:47:01,729 | INFO | Executando via Docker: image=notebook-executor-python39 nb=1_Face Recognition with Machine Learning + Deploy Flask  App/1_OpenCV/01_values_or_pixels.ipynb
2025-11-14 21:47:01,730 | INFO | docker run: docker run --rm -v /home/asu/reproducibility_of_jupyter_notebooks-1/data/outputs/repositorios_completos/Subin-Vidhu/2025/b02c75d777f19f2808c4bcb6fc171184450a5505:/workspace/repo:ro -v /home/asu/reproducibility_of_jupyter_notebooks-1/data/outputs/repositorios_completos/Subin-Vidhu/2025/b02c75d777f19f2808c4bcb6fc171184450a5505/_out/1_Face Recognition with Machine Learning + Deploy Flask  App__1_OpenCV__01_values_or_pixels.ipynb:/workspace/out -e NOTEBOOK_REL_PATH=1_Face Recognition with Machine Learning + Deploy Flask  App/1_OpenCV/01_values_or_pixels.ipynb -e TIMEOUT_SECONDS=300 -e PYTHON_VERSION_DECLARED=3.9 -e POLICY=strict -e NOTEBOOK_ID=5b73df3d93117f365b122b3a93e199c83743ed9fec9ab6071e00a760eefbae19 -e RUN_ID=1763167621729-5b73df3d93117f365b122b3a93e199c8 notebook-executor-python39 python -m scripts.container_worker
2025-11-14 21:47:05,487 | INFO | Usando repositório completo: /home/asu/reproducibility_of_jupyter_notebooks-1/data/outputs/repositorios_completos/Subin-Vidhu/2025/b02c75d777f19f2808c4bcb6fc171184450a5505
2025-11-14 21:47:05,488 | INFO | Executando via Docker: image=notebook-executor-python39 nb=1_Face Recognition with Machine Learning + Deploy Flask  App/1_OpenCV/02_reading_image.ipynb
2025-11-14 21:47:05,489 | INFO | docker run: docker run --rm -v /home/asu/reproducibility_of_jupyter_notebooks-1/data/outputs/repositorios_completos/Subin-Vidhu/2025/b02c75d777f19f2808c4bcb6fc171184450a5505:/workspace/repo:ro -v /home/asu/reproducibility_of_jupyter_notebooks-1/data/outputs/repositorios_completos/Subin-Vidhu/2025/b02c75d777f19f2808c4bcb6fc171184450a5505/_out/1_Face Recognition with Machine Learning + Deploy Flask  App__1_OpenCV__02_reading_image.ipynb:/workspace/out -e NOTEBOOK_REL_PATH=1_Face Recognition with Machine Learning + Deploy Flask  App/1_OpenCV/02_reading_image.ipynb -e TIMEOUT_SECONDS=300 -e PYTHON_VERSION_DECLARED=3.9 -e POLICY=strict -e NOTEBOOK_ID=9b4a03e9f48d9d6087bed071ee645818359f8b7e134dbe1295fd98048afd5b80 -e RUN_ID=1763167625488-9b4a03e9f48d9d6087bed071ee645818 notebook-executor-python39 python -m scripts.container_worker
2025-11-14 21:47:09,311 | WARNING | Docker returned 1. STDOUT/ERR tail:

2025-11-15 00:47:07,039 | INFO | Executing notebook: 1_Face Recognition with Machine Learning + Deploy Flask  App/1_OpenCV/02_reading_image.ipynb
2025-11-15 00:47:07,039 | INFO | Timeout: 300s, Run ID: 1763167625488-9b4a03e9f48d9d6087bed071ee645818, Policy: strict
2025-11-15 00:47:07,039 | INFO | Policy is 'strict': attempting to install repository dependencies...
2025-11-15 00:47:07,039 | INFO | No repository dependency files found
2025-11-15 00:47:08,155 | INFO | Executing notebook with kernel: python3
2025-11-15 00:47:08,651 | INFO | Result written to /workspace/out/result.json

2025-11-14 21:47:09,319 | INFO | Usando repositório completo: /home/asu/reproducibility_of_jupyter_notebooks-1/data/outputs/repositorios_completos/Subin-Vidhu/2025/b02c75d777f19f2808c4bcb6fc171184450a5505
2025-11-14 21:47:09,320 | INFO | Executando via Docker: image=notebook-executor-python39 nb=1_Face Recognition with Machine Learning + Deploy Flask  App/1_OpenCV/03_image_resizing.ipynb
2025-11-14 21:47:09,321 | INFO | docker run: docker run --rm -v /home/asu/reproducibility_of_jupyter_notebooks-1/data/outputs/repositorios_completos/Subin-Vidhu/2025/b02c75d777f19f2808c4bcb6fc171184450a5505:/workspace/repo:ro -v /home/asu/reproducibility_of_jupyter_notebooks-1/data/outputs/repositorios_completos/Subin-Vidhu/2025/b02c75d777f19f2808c4bcb6fc171184450a5505/_out/1_Face Recognition with Machine Learning + Deploy Flask  App__1_OpenCV__03_image_resizing.ipynb:/workspace/out -e NOTEBOOK_REL_PATH=1_Face Recognition with Machine Learning + Deploy Flask  App/1_OpenCV/03_image_resizing.ipynb -e TIMEOUT_SECONDS=300 -e PYTHON_VERSION_DECLARED=3.9 -e POLICY=strict -e NOTEBOOK_ID=a3938282c7525499135bbe99c96a2d906f9eda6908ed4f3f4cf0d6088a850fcf -e RUN_ID=1763167629320-a3938282c7525499135bbe99c96a2d90 notebook-executor-python39 python -m scripts.container_worker
2025-11-14 21:47:13,188 | WARNING | Docker returned 1. STDOUT/ERR tail:

2025-11-15 00:47:10,879 | INFO | Executing notebook: 1_Face Recognition with Machine Learning + Deploy Flask  App/1_OpenCV/03_image_resizing.ipynb
2025-11-15 00:47:10,880 | INFO | Timeout: 300s, Run ID: 1763167629320-a3938282c7525499135bbe99c96a2d90, Policy: strict
2025-11-15 00:47:10,882 | INFO | Policy is 'strict': attempting to install repository dependencies...
2025-11-15 00:47:10,885 | INFO | No repository dependency files found
2025-11-15 00:47:11,972 | INFO | Executing notebook with kernel: python3
2025-11-15 00:47:12,459 | INFO | Result written to /workspace/out/result.json

2025-11-14 21:47:13,197 | INFO | Usando repositório completo: /home/asu/reproducibility_of_jupyter_notebooks-1/data/outputs/repositorios_completos/Subin-Vidhu/2025/b02c75d777f19f2808c4bcb6fc171184450a5505
2025-11-14 21:47:13,197 | INFO | Executando via Docker: image=notebook-executor-python39 nb=1_Face Recognition with Machine Learning + Deploy Flask  App/1_OpenCV/04_face_detection.ipynb
2025-11-14 21:47:13,198 | INFO | docker run: docker run --rm -v /home/asu/reproducibility_of_jupyter_notebooks-1/data/outputs/repositorios_completos/Subin-Vidhu/2025/b02c75d777f19f2808c4bcb6fc171184450a5505:/workspace/repo:ro -v /home/asu/reproducibility_of_jupyter_notebooks-1/data/outputs/repositorios_completos/Subin-Vidhu/2025/b02c75d777f19f2808c4bcb6fc171184450a5505/_out/1_Face Recognition with Machine Learning + Deploy Flask  App__1_OpenCV__04_face_detection.ipynb:/workspace/out -e NOTEBOOK_REL_PATH=1_Face Recognition with Machine Learning + Deploy Flask  App/1_OpenCV/04_face_detection.ipynb -e TIMEOUT_SECONDS=300 -e PYTHON_VERSION_DECLARED=3.9 -e POLICY=strict -e NOTEBOOK_ID=08126fce599752c87077b1ed2fc018119e16e9db9188f592d1703e30dc8a2d8c -e RUN_ID=1763167633197-08126fce599752c87077b1ed2fc01811 notebook-executor-python39 python -m scripts.container_worker
2025-11-14 21:47:16,732 | WARNING | Docker returned 1. STDOUT/ERR tail:

2025-11-15 00:47:14,701 | INFO | Executing notebook: 1_Face Recognition with Machine Learning + Deploy Flask  App/1_OpenCV/04_face_detection.ipynb
2025-11-15 00:47:14,701 | INFO | Timeout: 300s, Run ID: 1763167633197-08126fce599752c87077b1ed2fc01811, Policy: strict
2025-11-15 00:47:14,701 | INFO | Policy is 'strict': attempting to install repository dependencies...
2025-11-15 00:47:14,701 | INFO | No repository dependency files found
2025-11-15 00:47:15,533 | INFO | Executing notebook with kernel: python3
2025-11-15 00:47:16,007 | INFO | Result written to /workspace/out/result.json

2025-11-14 21:47:16,743 | INFO | Usando repositório completo: /home/asu/reproducibility_of_jupyter_notebooks-1/data/outputs/repositorios_completos/Subin-Vidhu/2025/b02c75d777f19f2808c4bcb6fc171184450a5505
2025-11-14 21:47:16,743 | INFO | Executando via Docker: image=notebook-executor-python39 nb=1_Face Recognition with Machine Learning + Deploy Flask  App/2_Train_FaceRecognition_with_ML/01_FRM_data_preprocessing_crop_faces.ipynb
2025-11-14 21:47:16,744 | INFO | docker run: docker run --rm -v /home/asu/reproducibility_of_jupyter_notebooks-1/data/outputs/repositorios_completos/Subin-Vidhu/2025/b02c75d777f19f2808c4bcb6fc171184450a5505:/workspace/repo:ro -v /home/asu/reproducibility_of_jupyter_notebooks-1/data/outputs/repositorios_completos/Subin-Vidhu/2025/b02c75d777f19f2808c4bcb6fc171184450a5505/_out/1_Face Recognition with Machine Learning + Deploy Flask  App__2_Train_FaceRecognition_with_ML__01_FRM_data_preprocessing_crop_faces.ipynb:/workspace/out -e NOTEBOOK_REL_PATH=1_Face Recognition with Machine Learning + Deploy Flask  App/2_Train_FaceRecognition_with_ML/01_FRM_data_preprocessing_crop_faces.ipynb -e TIMEOUT_SECONDS=300 -e PYTHON_VERSION_DECLARED=3.9 -e POLICY=strict -e NOTEBOOK_ID=cbaa16f8ce583f4f96ea02c6c19834f1d55ebdab5ff16e110798b7e6c71c7ed1 -e RUN_ID=1763167636743-cbaa16f8ce583f4f96ea02c6c19834f1 notebook-executor-python39 python -m scripts.container_worker
2025-11-14 21:47:20,301 | WARNING | Docker returned 1. STDOUT/ERR tail:

2025-11-15 00:47:18,408 | INFO | Executing notebook: 1_Face Recognition with Machine Learning + Deploy Flask  App/2_Train_FaceRecognition_with_ML/01_FRM_data_preprocessing_crop_faces.ipynb
2025-11-15 00:47:18,408 | INFO | Timeout: 300s, Run ID: 1763167636743-cbaa16f8ce583f4f96ea02c6c19834f1, Policy: strict
2025-11-15 00:47:18,408 | INFO | Policy is 'strict': attempting to install repository dependencies...
2025-11-15 00:47:18,408 | INFO | No repository dependency files found
2025-11-15 00:47:19,263 | INFO | Executing notebook with kernel: python3
2025-11-15 00:47:19,739 | INFO | Result written to /workspace/out/result.json

2025-11-14 21:47:20,309 | INFO | Usando repositório completo: /home/asu/reproducibility_of_jupyter_notebooks-1/data/outputs/repositorios_completos/Subin-Vidhu/2025/b02c75d777f19f2808c4bcb6fc171184450a5505
2025-11-14 21:47:20,309 | INFO | Executando via Docker: image=notebook-executor-python39 nb=1_Face Recognition with Machine Learning + Deploy Flask  App/2_Train_FaceRecognition_with_ML/02_FRM_data_preprocessing_EDA.ipynb
2025-11-14 21:47:20,311 | INFO | docker run: docker run --rm -v /home/asu/reproducibility_of_jupyter_notebooks-1/data/outputs/repositorios_completos/Subin-Vidhu/2025/b02c75d777f19f2808c4bcb6fc171184450a5505:/workspace/repo:ro -v /home/asu/reproducibility_of_jupyter_notebooks-1/data/outputs/repositorios_completos/Subin-Vidhu/2025/b02c75d777f19f2808c4bcb6fc171184450a5505/_out/1_Face Recognition with Machine Learning + Deploy Flask  App__2_Train_FaceRecognition_with_ML__02_FRM_data_preprocessing_EDA.ipynb:/workspace/out -e NOTEBOOK_REL_PATH=1_Face Recognition with Machine Learning + Deploy Flask  App/2_Train_FaceRecognition_with_ML/02_FRM_data_preprocessing_EDA.ipynb -e TIMEOUT_SECONDS=300 -e PYTHON_VERSION_DECLARED=3.9 -e POLICY=strict -e NOTEBOOK_ID=21ae98ea05fed24dd3280556282b46b9265a995f4138f22b735baf4b3bb2bae7 -e RUN_ID=1763167640310-21ae98ea05fed24dd3280556282b46b9 notebook-executor-python39 python -m scripts.container_worker
2025-11-14 21:47:26,517 | WARNING | Docker returned 1. STDOUT/ERR tail:

2025-11-15 00:47:21,715 | INFO | Executing notebook: 1_Face Recognition with Machine Learning + Deploy Flask  App/2_Train_FaceRecognition_with_ML/02_FRM_data_preprocessing_EDA.ipynb
2025-11-15 00:47:21,715 | INFO | Timeout: 300s, Run ID: 1763167640310-21ae98ea05fed24dd3280556282b46b9, Policy: strict
2025-11-15 00:47:21,715 | INFO | Policy is 'strict': attempting to install repository dependencies...
2025-11-15 00:47:21,715 | INFO | No repository dependency files found
2025-11-15 00:47:22,499 | INFO | Executing notebook with kernel: python3
2025-11-15 00:47:26,051 | INFO | Result written to /workspace/out/result.json

2025-11-14 21:47:26,535 | INFO | Usando repositório completo: /home/asu/reproducibility_of_jupyter_notebooks-1/data/outputs/repositorios_completos/Subin-Vidhu/2025/b02c75d777f19f2808c4bcb6fc171184450a5505
2025-11-14 21:47:26,535 | INFO | Executando via Docker: image=notebook-executor-python39 nb=1_Face Recognition with Machine Learning + Deploy Flask  App/2_Train_FaceRecognition_with_ML/03_FRM_feature_extraction_eigen_face.ipynb
2025-11-14 21:47:26,537 | INFO | docker run: docker run --rm -v /home/asu/reproducibility_of_jupyter_notebooks-1/data/outputs/repositorios_completos/Subin-Vidhu/2025/b02c75d777f19f2808c4bcb6fc171184450a5505:/workspace/repo:ro -v /home/asu/reproducibility_of_jupyter_notebooks-1/data/outputs/repositorios_completos/Subin-Vidhu/2025/b02c75d777f19f2808c4bcb6fc171184450a5505/_out/1_Face Recognition with Machine Learning + Deploy Flask  App__2_Train_FaceRecognition_with_ML__03_FRM_feature_extraction_eigen_face.ipynb:/workspace/out -e NOTEBOOK_REL_PATH=1_Face Recognition with Machine Learning + Deploy Flask  App/2_Train_FaceRecognition_with_ML/03_FRM_feature_extraction_eigen_face.ipynb -e TIMEOUT_SECONDS=300 -e PYTHON_VERSION_DECLARED=3.9 -e POLICY=strict -e NOTEBOOK_ID=d54e4726fa00f96941202db2518cc460238ef43ab69efa1c736489098cd76a23 -e RUN_ID=1763167646535-d54e4726fa00f96941202db2518cc460 notebook-executor-python39 python -m scripts.container_worker
2025-11-14 21:47:30,202 | WARNING | Docker returned 1. STDOUT/ERR tail:

2025-11-15 00:47:27,892 | INFO | Executing notebook: 1_Face Recognition with Machine Learning + Deploy Flask  App/2_Train_FaceRecognition_with_ML/03_FRM_feature_extraction_eigen_face.ipynb
2025-11-15 00:47:27,892 | INFO | Timeout: 300s, Run ID: 1763167646535-d54e4726fa00f96941202db2518cc460, Policy: strict
2025-11-15 00:47:27,892 | INFO | Policy is 'strict': attempting to install repository dependencies...
2025-11-15 00:47:27,892 | INFO | No repository dependency files found
2025-11-15 00:47:28,660 | INFO | Executing notebook with kernel: python3
2025-11-15 00:47:29,726 | INFO | Result written to /workspace/out/result.json

2025-11-14 21:47:30,209 | INFO | Usando repositório completo: /home/asu/reproducibility_of_jupyter_notebooks-1/data/outputs/repositorios_completos/Subin-Vidhu/2025/b02c75d777f19f2808c4bcb6fc171184450a5505
2025-11-14 21:47:30,222 | INFO | Executando via Docker: image=notebook-executor-python39 nb=1_Face Recognition with Machine Learning + Deploy Flask  App/2_Train_FaceRecognition_with_ML/04_FRM_Machine_learning.ipynb
2025-11-14 21:47:30,224 | INFO | docker run: docker run --rm -v /home/asu/reproducibility_of_jupyter_notebooks-1/data/outputs/repositorios_completos/Subin-Vidhu/2025/b02c75d777f19f2808c4bcb6fc171184450a5505:/workspace/repo:ro -v /home/asu/reproducibility_of_jupyter_notebooks-1/data/outputs/repositorios_completos/Subin-Vidhu/2025/b02c75d777f19f2808c4bcb6fc171184450a5505/_out/1_Face Recognition with Machine Learning + Deploy Flask  App__2_Train_FaceRecognition_with_ML__04_FRM_Machine_learning.ipynb:/workspace/out -e NOTEBOOK_REL_PATH=1_Face Recognition with Machine Learning + Deploy Flask  App/2_Train_FaceRecognition_with_ML/04_FRM_Machine_learning.ipynb -e TIMEOUT_SECONDS=300 -e PYTHON_VERSION_DECLARED=3.9 -e POLICY=strict -e NOTEBOOK_ID=66533036d9a89357f5a496703eab3de626c4e8b4e1cc12edbd0ce4d6c9df92da -e RUN_ID=1763167650223-66533036d9a89357f5a496703eab3de6 notebook-executor-python39 python -m scripts.container_worker
2025-11-14 21:47:34,013 | WARNING | Docker returned 1. STDOUT/ERR tail:

2025-11-15 00:47:31,527 | INFO | Executing notebook: 1_Face Recognition with Machine Learning + Deploy Flask  App/2_Train_FaceRecognition_with_ML/04_FRM_Machine_learning.ipynb
2025-11-15 00:47:31,527 | INFO | Timeout: 300s, Run ID: 1763167650223-66533036d9a89357f5a496703eab3de6, Policy: strict
2025-11-15 00:47:31,527 | INFO | Policy is 'strict': attempting to install repository dependencies...
2025-11-15 00:47:31,527 | INFO | No repository dependency files found
2025-11-15 00:47:32,297 | INFO | Executing notebook with kernel: python3
2025-11-15 00:47:33,483 | INFO | Result written to /workspace/out/result.json

2025-11-14 21:47:34,025 | INFO | Usando repositório completo: /home/asu/reproducibility_of_jupyter_notebooks-1/data/outputs/repositorios_completos/Subin-Vidhu/2025/b02c75d777f19f2808c4bcb6fc171184450a5505
2025-11-14 21:47:34,025 | INFO | Executando via Docker: image=notebook-executor-python39 nb=1_Face Recognition with Machine Learning + Deploy Flask  App/2_Train_FaceRecognition_with_ML/05_FRM_make_pipeline.ipynb
2025-11-14 21:47:34,026 | INFO | docker run: docker run --rm -v /home/asu/reproducibility_of_jupyter_notebooks-1/data/outputs/repositorios_completos/Subin-Vidhu/2025/b02c75d777f19f2808c4bcb6fc171184450a5505:/workspace/repo:ro -v /home/asu/reproducibility_of_jupyter_notebooks-1/data/outputs/repositorios_completos/Subin-Vidhu/2025/b02c75d777f19f2808c4bcb6fc171184450a5505/_out/1_Face Recognition with Machine Learning + Deploy Flask  App__2_Train_FaceRecognition_with_ML__05_FRM_make_pipeline.ipynb:/workspace/out -e NOTEBOOK_REL_PATH=1_Face Recognition with Machine Learning + Deploy Flask  App/2_Train_FaceRecognition_with_ML/05_FRM_make_pipeline.ipynb -e TIMEOUT_SECONDS=300 -e PYTHON_VERSION_DECLARED=3.9 -e POLICY=strict -e NOTEBOOK_ID=aa0ac44a72a044258bb6640e351bcc2b3a59f1c25f62e0bbc4ab955d99e87910 -e RUN_ID=1763167654025-aa0ac44a72a044258bb6640e351bcc2b notebook-executor-python39 python -m scripts.container_worker
2025-11-14 21:47:38,246 | WARNING | Docker returned 1. STDOUT/ERR tail:

2025-11-15 00:47:35,446 | INFO | Executing notebook: 1_Face Recognition with Machine Learning + Deploy Flask  App/2_Train_FaceRecognition_with_ML/05_FRM_make_pipeline.ipynb
2025-11-15 00:47:35,446 | INFO | Timeout: 300s, Run ID: 1763167654025-aa0ac44a72a044258bb6640e351bcc2b, Policy: strict
2025-11-15 00:47:35,446 | INFO | Policy is 'strict': attempting to install repository dependencies...
2025-11-15 00:47:35,446 | INFO | No repository dependency files found
2025-11-15 00:47:36,232 | INFO | Executing notebook with kernel: python3
2025-11-15 00:47:37,769 | INFO | Result written to /workspace/out/result.json

2025-11-14 21:47:38,261 | INFO | Usando repositório completo: /home/asu/reproducibility_of_jupyter_notebooks-1/data/outputs/repositorios_completos/Subin-Vidhu/2025/b02c75d777f19f2808c4bcb6fc171184450a5505
2025-11-14 21:47:38,261 | INFO | Executando via Docker: image=notebook-executor-python39 nb=1_Face Recognition with Machine Learning + Deploy Flask  App/2_Train_FaceRecognition_with_ML/06_FRM_predictions.ipynb
2025-11-14 21:47:38,262 | INFO | docker run: docker run --rm -v /home/asu/reproducibility_of_jupyter_notebooks-1/data/outputs/repositorios_completos/Subin-Vidhu/2025/b02c75d777f19f2808c4bcb6fc171184450a5505:/workspace/repo:ro -v /home/asu/reproducibility_of_jupyter_notebooks-1/data/outputs/repositorios_completos/Subin-Vidhu/2025/b02c75d777f19f2808c4bcb6fc171184450a5505/_out/1_Face Recognition with Machine Learning + Deploy Flask  App__2_Train_FaceRecognition_with_ML__06_FRM_predictions.ipynb:/workspace/out -e NOTEBOOK_REL_PATH=1_Face Recognition with Machine Learning + Deploy Flask  App/2_Train_FaceRecognition_with_ML/06_FRM_predictions.ipynb -e TIMEOUT_SECONDS=300 -e PYTHON_VERSION_DECLARED=3.9 -e POLICY=strict -e NOTEBOOK_ID=06fa758f6d53850e3eb89329db08ee1c474ba0037613e74c7eb5121b564c0982 -e RUN_ID=1763167658261-06fa758f6d53850e3eb89329db08ee1c notebook-executor-python39 python -m scripts.container_worker
2025-11-14 21:47:41,395 | WARNING | Docker returned 1. STDOUT/ERR tail:

2025-11-15 00:47:39,591 | INFO | Executing notebook: 1_Face Recognition with Machine Learning + Deploy Flask  App/2_Train_FaceRecognition_with_ML/06_FRM_predictions.ipynb
2025-11-15 00:47:39,591 | INFO | Timeout: 300s, Run ID: 1763167658261-06fa758f6d53850e3eb89329db08ee1c, Policy: strict
2025-11-15 00:47:39,591 | INFO | Policy is 'strict': attempting to install repository dependencies...
2025-11-15 00:47:39,591 | INFO | No repository dependency files found
2025-11-15 00:47:40,369 | INFO | Executing notebook with kernel: python3
2025-11-15 00:47:40,825 | INFO | Result written to /workspace/out/result.json

2025-11-14 21:47:41,399 | INFO | Usando repositório completo: /home/asu/reproducibility_of_jupyter_notebooks-1/data/outputs/repositorios_completos/Subin-Vidhu/2025/b02c75d777f19f2808c4bcb6fc171184450a5505
2025-11-14 21:47:41,399 | INFO | Executando via Docker: image=notebook-executor-python312 nb=4_GenAI Essentials – Full Course for Beginners/GenAI-Essentials/ai21-labs/basic.ipynb
2025-11-14 21:47:41,400 | INFO | docker run: docker run --rm -v /home/asu/reproducibility_of_jupyter_notebooks-1/data/outputs/repositorios_completos/Subin-Vidhu/2025/b02c75d777f19f2808c4bcb6fc171184450a5505:/workspace/repo:ro -v /home/asu/reproducibility_of_jupyter_notebooks-1/data/outputs/repositorios_completos/Subin-Vidhu/2025/b02c75d777f19f2808c4bcb6fc171184450a5505/_out/4_GenAI Essentials – Full Course for Beginners__GenAI-Essentials__ai21-labs__basic.ipynb:/workspace/out -e NOTEBOOK_REL_PATH=4_GenAI Essentials – Full Course for Beginners/GenAI-Essentials/ai21-labs/basic.ipynb -e TIMEOUT_SECONDS=300 -e PYTHON_VERSION_DECLARED=3.12 -e POLICY=strict -e NOTEBOOK_ID=61da2f3de8856a33ce2d3ef9cd9070bc7e46753e91f9f399e1202f87eae853fe -e RUN_ID=1763167661399-61da2f3de8856a33ce2d3ef9cd9070bc notebook-executor-python312 python -m scripts.container_worker
2025-11-14 21:47:47,484 | WARNING | Docker returned 1. STDOUT/ERR tail:

2025-11-15 00:47:43,287 | INFO | Executing notebook: 4_GenAI Essentials – Full Course for Beginners/GenAI-Essentials/ai21-labs/basic.ipynb
2025-11-15 00:47:43,288 | INFO | Timeout: 300s, Run ID: 1763167661399-61da2f3de8856a33ce2d3ef9cd9070bc, Policy: strict
2025-11-15 00:47:43,288 | INFO | Policy is 'strict': attempting to install repository dependencies...
2025-11-15 00:47:43,288 | INFO | No repository dependency files found
2025-11-15 00:47:44,656 | INFO | Executing notebook with kernel: python3
2025-11-15 00:47:47,022 | INFO | Timeout detected; skipping dependency retry.
2025-11-15 00:47:47,023 | INFO | Result written to /workspace/out/result.json

2025-11-14 21:47:47,488 | INFO | Usando repositório completo: /home/asu/reproducibility_of_jupyter_notebooks-1/data/outputs/repositorios_completos/Subin-Vidhu/2025/b02c75d777f19f2808c4bcb6fc171184450a5505
2025-11-14 21:47:47,488 | INFO | Executando via Docker: image=notebook-executor-python311 nb=4_GenAI Essentials – Full Course for Beginners/GenAI-Essentials/amazon-bedrock/basic.ipynb
2025-11-14 21:47:47,489 | INFO | docker run: docker run --rm -v /home/asu/reproducibility_of_jupyter_notebooks-1/data/outputs/repositorios_completos/Subin-Vidhu/2025/b02c75d777f19f2808c4bcb6fc171184450a5505:/workspace/repo:ro -v /home/asu/reproducibility_of_jupyter_notebooks-1/data/outputs/repositorios_completos/Subin-Vidhu/2025/b02c75d777f19f2808c4bcb6fc171184450a5505/_out/4_GenAI Essentials – Full Course for Beginners__GenAI-Essentials__amazon-bedrock__basic.ipynb:/workspace/out -e NOTEBOOK_REL_PATH=4_GenAI Essentials – Full Course for Beginners/GenAI-Essentials/amazon-bedrock/basic.ipynb -e TIMEOUT_SECONDS=300 -e PYTHON_VERSION_DECLARED=3.11 -e POLICY=strict -e NOTEBOOK_ID=4e556d3cb63530dcc7a98587b46b066ea5fce058b60b840c5ba49e86aae40909 -e RUN_ID=1763167667488-4e556d3cb63530dcc7a98587b46b066e notebook-executor-python311 python -m scripts.container_worker
2025-11-14 21:48:00,332 | WARNING | Docker returned 1. STDOUT/ERR tail:

2025-11-15 00:47:48,624 | INFO | Executing notebook: 4_GenAI Essentials – Full Course for Beginners/GenAI-Essentials/amazon-bedrock/basic.ipynb
2025-11-15 00:47:48,624 | INFO | Timeout: 300s, Run ID: 1763167667488-4e556d3cb63530dcc7a98587b46b066e
2025-11-15 00:47:49,440 | INFO | Executing notebook with kernel: python3
2025-11-15 00:47:49,649 | INFO | ModuleNotFoundError detected: boto3. Attempting to install...
2025-11-15 00:47:53,738 | INFO | Successfully installed boto3
2025-11-15 00:47:53,738 | INFO | Installed boto3. Re-executing notebook...
2025-11-15 00:47:54,471 | INFO | Executing notebook with kernel: python3
2025-11-15 00:47:59,758 | INFO | Result written to /workspace/out/result.json

2025-11-14 21:48:00,337 | INFO | Usando repositório completo: /home/asu/reproducibility_of_jupyter_notebooks-1/data/outputs/repositorios_completos/Subin-Vidhu/2025/b02c75d777f19f2808c4bcb6fc171184450a5505
2025-11-14 21:48:00,337 | INFO | Executando via Docker: image=notebook-executor-python312 nb=4_GenAI Essentials – Full Course for Beginners/GenAI-Essentials/anthropic/basic.ipynb
2025-11-14 21:48:00,338 | INFO | docker run: docker run --rm -v /home/asu/reproducibility_of_jupyter_notebooks-1/data/outputs/repositorios_completos/Subin-Vidhu/2025/b02c75d777f19f2808c4bcb6fc171184450a5505:/workspace/repo:ro -v /home/asu/reproducibility_of_jupyter_notebooks-1/data/outputs/repositorios_completos/Subin-Vidhu/2025/b02c75d777f19f2808c4bcb6fc171184450a5505/_out/4_GenAI Essentials – Full Course for Beginners__GenAI-Essentials__anthropic__basic.ipynb:/workspace/out -e NOTEBOOK_REL_PATH=4_GenAI Essentials – Full Course for Beginners/GenAI-Essentials/anthropic/basic.ipynb -e TIMEOUT_SECONDS=300 -e PYTHON_VERSION_DECLARED=3.12 -e POLICY=strict -e NOTEBOOK_ID=8eccf99ac74c8572e549d5d379b7280e74a1a427c9ea6b3ea590535aa9caf09c -e RUN_ID=1763167680337-8eccf99ac74c8572e549d5d379b7280e notebook-executor-python312 python -m scripts.container_worker
2025-11-14 21:48:04,886 | WARNING | Docker returned 1. STDOUT/ERR tail:

2025-11-15 00:48:01,537 | INFO | Executing notebook: 4_GenAI Essentials – Full Course for Beginners/GenAI-Essentials/anthropic/basic.ipynb
2025-11-15 00:48:01,538 | INFO | Timeout: 300s, Run ID: 1763167680337-8eccf99ac74c8572e549d5d379b7280e, Policy: strict
2025-11-15 00:48:01,538 | INFO | Policy is 'strict': attempting to install repository dependencies...
2025-11-15 00:48:01,538 | INFO | No repository dependency files found
2025-11-15 00:48:02,349 | INFO | Executing notebook with kernel: python3
2025-11-15 00:48:04,401 | INFO | Timeout detected; skipping dependency retry.
2025-11-15 00:48:04,402 | INFO | Result written to /workspace/out/result.json

2025-11-14 21:48:04,889 | INFO | Usando repositório completo: /home/asu/reproducibility_of_jupyter_notebooks-1/data/outputs/repositorios_completos/Subin-Vidhu/2025/b02c75d777f19f2808c4bcb6fc171184450a5505
2025-11-14 21:48:04,890 | INFO | Executando via Docker: image=notebook-executor nb=4_GenAI Essentials – Full Course for Beginners/GenAI-Essentials/azure-ai-foundry/basic.ipynb
2025-11-14 21:48:04,891 | INFO | docker run: docker run --rm -v /home/asu/reproducibility_of_jupyter_notebooks-1/data/outputs/repositorios_completos/Subin-Vidhu/2025/b02c75d777f19f2808c4bcb6fc171184450a5505:/workspace/repo:ro -v /home/asu/reproducibility_of_jupyter_notebooks-1/data/outputs/repositorios_completos/Subin-Vidhu/2025/b02c75d777f19f2808c4bcb6fc171184450a5505/_out/4_GenAI Essentials – Full Course for Beginners__GenAI-Essentials__azure-ai-foundry__basic.ipynb:/workspace/out -e NOTEBOOK_REL_PATH=4_GenAI Essentials – Full Course for Beginners/GenAI-Essentials/azure-ai-foundry/basic.ipynb -e TIMEOUT_SECONDS=300 -e PYTHON_VERSION_DECLARED=3.10 -e POLICY=strict -e NOTEBOOK_ID=1a2c3d7a7e7210037705f63d86c802e9b49235ee3a8e715907547ecdf2756035 -e RUN_ID=1763167684890-1a2c3d7a7e7210037705f63d86c802e9 notebook-executor python -m scripts.container_worker
2025-11-14 21:48:12,749 | WARNING | Docker returned 1. STDOUT/ERR tail:

2025-11-15 00:48:06,120 | INFO | Executing notebook: 4_GenAI Essentials – Full Course for Beginners/GenAI-Essentials/azure-ai-foundry/basic.ipynb
2025-11-15 00:48:06,120 | INFO | Timeout: 300s, Run ID: 1763167684890-1a2c3d7a7e7210037705f63d86c802e9
2025-11-15 00:48:06,841 | INFO | Executing notebook with kernel: python3
2025-11-15 00:48:12,227 | INFO | Result written to /workspace/out/result.json

2025-11-14 21:48:12,752 | INFO | Usando repositório completo: /home/asu/reproducibility_of_jupyter_notebooks-1/data/outputs/repositorios_completos/Subin-Vidhu/2025/b02c75d777f19f2808c4bcb6fc171184450a5505
2025-11-14 21:48:12,752 | INFO | Executando via Docker: image=notebook-executor-python312 nb=4_GenAI Essentials – Full Course for Beginners/GenAI-Essentials/cohere/basic.ipynb
2025-11-14 21:48:12,753 | INFO | docker run: docker run --rm -v /home/asu/reproducibility_of_jupyter_notebooks-1/data/outputs/repositorios_completos/Subin-Vidhu/2025/b02c75d777f19f2808c4bcb6fc171184450a5505:/workspace/repo:ro -v /home/asu/reproducibility_of_jupyter_notebooks-1/data/outputs/repositorios_completos/Subin-Vidhu/2025/b02c75d777f19f2808c4bcb6fc171184450a5505/_out/4_GenAI Essentials – Full Course for Beginners__GenAI-Essentials__cohere__basic.ipynb:/workspace/out -e NOTEBOOK_REL_PATH=4_GenAI Essentials – Full Course for Beginners/GenAI-Essentials/cohere/basic.ipynb -e TIMEOUT_SECONDS=300 -e PYTHON_VERSION_DECLARED=3.12 -e POLICY=strict -e NOTEBOOK_ID=e6f4dfa419ef3901080c3e57542b3e16c81e19ec2cb43cee355ff5f94df49843 -e RUN_ID=1763167692752-e6f4dfa419ef3901080c3e57542b3e16 notebook-executor-python312 python -m scripts.container_worker
2025-11-14 21:48:18,053 | WARNING | Docker returned 1. STDOUT/ERR tail:

2025-11-15 00:48:13,963 | INFO | Executing notebook: 4_GenAI Essentials – Full Course for Beginners/GenAI-Essentials/cohere/basic.ipynb
2025-11-15 00:48:13,963 | INFO | Timeout: 300s, Run ID: 1763167692752-e6f4dfa419ef3901080c3e57542b3e16, Policy: strict
2025-11-15 00:48:13,963 | INFO | Policy is 'strict': attempting to install repository dependencies...
2025-11-15 00:48:13,963 | INFO | No repository dependency files found
2025-11-15 00:48:14,741 | INFO | Executing notebook with kernel: python3
2025-11-15 00:48:17,597 | INFO | Timeout detected; skipping dependency retry.
2025-11-15 00:48:17,598 | INFO | Result written to /workspace/out/result.json

2025-11-14 21:48:18,056 | INFO | Usando repositório completo: /home/asu/reproducibility_of_jupyter_notebooks-1/data/outputs/repositorios_completos/Subin-Vidhu/2025/b02c75d777f19f2808c4bcb6fc171184450a5505
2025-11-14 21:48:18,056 | INFO | Executando via Docker: image=notebook-executor-python312 nb=4_GenAI Essentials – Full Course for Beginners/GenAI-Essentials/google-ai-studio/basic.ipynb
2025-11-14 21:48:18,058 | INFO | docker run: docker run --rm -v /home/asu/reproducibility_of_jupyter_notebooks-1/data/outputs/repositorios_completos/Subin-Vidhu/2025/b02c75d777f19f2808c4bcb6fc171184450a5505:/workspace/repo:ro -v /home/asu/reproducibility_of_jupyter_notebooks-1/data/outputs/repositorios_completos/Subin-Vidhu/2025/b02c75d777f19f2808c4bcb6fc171184450a5505/_out/4_GenAI Essentials – Full Course for Beginners__GenAI-Essentials__google-ai-studio__basic.ipynb:/workspace/out -e NOTEBOOK_REL_PATH=4_GenAI Essentials – Full Course for Beginners/GenAI-Essentials/google-ai-studio/basic.ipynb -e TIMEOUT_SECONDS=300 -e PYTHON_VERSION_DECLARED=3.12 -e POLICY=strict -e NOTEBOOK_ID=f2de9584fc1ee3784421358873610a3433b0712133bec364749f74fa99b114ae -e RUN_ID=1763167698056-f2de9584fc1ee3784421358873610a34 notebook-executor-python312 python -m scripts.container_worker
2025-11-14 21:48:41,326 | WARNING | Docker returned 1. STDOUT/ERR tail:

2025-11-15 00:48:19,265 | INFO | Executing notebook: 4_GenAI Essentials – Full Course for Beginners/GenAI-Essentials/google-ai-studio/basic.ipynb
2025-11-15 00:48:19,265 | INFO | Timeout: 300s, Run ID: 1763167698056-f2de9584fc1ee3784421358873610a34, Policy: strict
2025-11-15 00:48:19,265 | INFO | Policy is 'strict': attempting to install repository dependencies...
2025-11-15 00:48:19,265 | INFO | No repository dependency files found
2025-11-15 00:48:20,087 | INFO | Executing notebook with kernel: python3
2025-11-15 00:48:40,487 | INFO | Result written to /workspace/out/result.json

2025-11-14 21:48:41,329 | INFO | Usando repositório completo: /home/asu/reproducibility_of_jupyter_notebooks-1/data/outputs/repositorios_completos/Subin-Vidhu/2025/b02c75d777f19f2808c4bcb6fc171184450a5505
2025-11-14 21:48:41,329 | INFO | Executando via Docker: image=notebook-executor nb=4_GenAI Essentials – Full Course for Beginners/GenAI-Essentials/hugging-face/hf-basic.ipynb
2025-11-14 21:48:41,330 | INFO | docker run: docker run --rm -v /home/asu/reproducibility_of_jupyter_notebooks-1/data/outputs/repositorios_completos/Subin-Vidhu/2025/b02c75d777f19f2808c4bcb6fc171184450a5505:/workspace/repo:ro -v /home/asu/reproducibility_of_jupyter_notebooks-1/data/outputs/repositorios_completos/Subin-Vidhu/2025/b02c75d777f19f2808c4bcb6fc171184450a5505/_out/4_GenAI Essentials – Full Course for Beginners__GenAI-Essentials__hugging-face__hf-basic.ipynb:/workspace/out -e NOTEBOOK_REL_PATH=4_GenAI Essentials – Full Course for Beginners/GenAI-Essentials/hugging-face/hf-basic.ipynb -e TIMEOUT_SECONDS=300 -e PYTHON_VERSION_DECLARED=3.10 -e POLICY=strict -e NOTEBOOK_ID=855d45a71b61bb6be190c985238a50349e3cb66f53635965d45206093b3045a2 -e RUN_ID=1763167721330-855d45a71b61bb6be190c985238a5034 notebook-executor python -m scripts.container_worker
2025-11-14 21:49:06,947 | INFO | Usando repositório completo: /home/asu/reproducibility_of_jupyter_notebooks-1/data/outputs/repositorios_completos/Subin-Vidhu/2025/b02c75d777f19f2808c4bcb6fc171184450a5505
2025-11-14 21:49:06,948 | INFO | Executando via Docker: image=notebook-executor nb=4_GenAI Essentials – Full Course for Beginners/GenAI-Essentials/hugging-face/hf-dataset.ipynb
2025-11-14 21:49:06,949 | INFO | docker run: docker run --rm -v /home/asu/reproducibility_of_jupyter_notebooks-1/data/outputs/repositorios_completos/Subin-Vidhu/2025/b02c75d777f19f2808c4bcb6fc171184450a5505:/workspace/repo:ro -v /home/asu/reproducibility_of_jupyter_notebooks-1/data/outputs/repositorios_completos/Subin-Vidhu/2025/b02c75d777f19f2808c4bcb6fc171184450a5505/_out/4_GenAI Essentials – Full Course for Beginners__GenAI-Essentials__hugging-face__hf-dataset.ipynb:/workspace/out -e NOTEBOOK_REL_PATH=4_GenAI Essentials – Full Course for Beginners/GenAI-Essentials/hugging-face/hf-dataset.ipynb -e TIMEOUT_SECONDS=300 -e PYTHON_VERSION_DECLARED=3.10 -e POLICY=strict -e NOTEBOOK_ID=d750e8d060187dd791c18ed09a5af4eb03e785a8b76db33a6aac2c974c5141ba -e RUN_ID=1763167746948-d750e8d060187dd791c18ed09a5af4eb notebook-executor python -m scripts.container_worker
2025-11-14 21:50:51,561 | INFO | Usando repositório completo: /home/asu/reproducibility_of_jupyter_notebooks-1/data/outputs/repositorios_completos/Subin-Vidhu/2025/b02c75d777f19f2808c4bcb6fc171184450a5505
2025-11-14 21:50:51,561 | INFO | Executando via Docker: image=notebook-executor nb=4_GenAI Essentials – Full Course for Beginners/GenAI-Essentials/hugging-face/hf-direct-model.ipynb
2025-11-14 21:50:51,563 | INFO | docker run: docker run --rm -v /home/asu/reproducibility_of_jupyter_notebooks-1/data/outputs/repositorios_completos/Subin-Vidhu/2025/b02c75d777f19f2808c4bcb6fc171184450a5505:/workspace/repo:ro -v /home/asu/reproducibility_of_jupyter_notebooks-1/data/outputs/repositorios_completos/Subin-Vidhu/2025/b02c75d777f19f2808c4bcb6fc171184450a5505/_out/4_GenAI Essentials – Full Course for Beginners__GenAI-Essentials__hugging-face__hf-direct-model.ipynb:/workspace/out -e NOTEBOOK_REL_PATH=4_GenAI Essentials – Full Course for Beginners/GenAI-Essentials/hugging-face/hf-direct-model.ipynb -e TIMEOUT_SECONDS=300 -e PYTHON_VERSION_DECLARED=3.10 -e POLICY=strict -e NOTEBOOK_ID=8a12b2ead9d2187c94bfdcce40fa0198737d5f723cd1dbbba3472b88809abf25 -e RUN_ID=1763167851562-8a12b2ead9d2187c94bfdcce40fa0198 notebook-executor python -m scripts.container_worker
2025-11-14 21:51:02,961 | WARNING | Docker returned 1. STDOUT/ERR tail:

2025-11-15 00:50:53,120 | INFO | Executing notebook: 4_GenAI Essentials – Full Course for Beginners/GenAI-Essentials/hugging-face/hf-direct-model.ipynb
2025-11-15 00:50:53,120 | INFO | Timeout: 300s, Run ID: 1763167851562-8a12b2ead9d2187c94bfdcce40fa0198
2025-11-15 00:50:53,884 | INFO | Executing notebook with kernel: python3
2025-11-15 00:51:02,436 | INFO | Timeout detected; skipping dependency retry.
2025-11-15 00:51:02,437 | INFO | Result written to /workspace/out/result.json

2025-11-14 21:51:02,965 | INFO | Usando repositório completo: /home/asu/reproducibility_of_jupyter_notebooks-1/data/outputs/repositorios_completos/Subin-Vidhu/2025/b02c75d777f19f2808c4bcb6fc171184450a5505
2025-11-14 21:51:02,965 | INFO | Executando via Docker: image=notebook-executor-python312 nb=4_GenAI Essentials – Full Course for Beginners/GenAI-Essentials/openai/basic.ipynb
2025-11-14 21:51:02,966 | INFO | docker run: docker run --rm -v /home/asu/reproducibility_of_jupyter_notebooks-1/data/outputs/repositorios_completos/Subin-Vidhu/2025/b02c75d777f19f2808c4bcb6fc171184450a5505:/workspace/repo:ro -v /home/asu/reproducibility_of_jupyter_notebooks-1/data/outputs/repositorios_completos/Subin-Vidhu/2025/b02c75d777f19f2808c4bcb6fc171184450a5505/_out/4_GenAI Essentials – Full Course for Beginners__GenAI-Essentials__openai__basic.ipynb:/workspace/out -e NOTEBOOK_REL_PATH=4_GenAI Essentials – Full Course for Beginners/GenAI-Essentials/openai/basic.ipynb -e TIMEOUT_SECONDS=300 -e PYTHON_VERSION_DECLARED=3.12 -e POLICY=strict -e NOTEBOOK_ID=ffd9d5eb0d5a7d70318fdccf99254ea21bbe76f27d28bf331d78b729ec930c09 -e RUN_ID=1763167862965-ffd9d5eb0d5a7d70318fdccf99254ea2 notebook-executor-python312 python -m scripts.container_worker
2025-11-14 21:51:06,948 | WARNING | Docker returned 1. STDOUT/ERR tail:

2025-11-15 00:51:04,176 | INFO | Executing notebook: 4_GenAI Essentials – Full Course for Beginners/GenAI-Essentials/openai/basic.ipynb
2025-11-15 00:51:04,177 | INFO | Timeout: 300s, Run ID: 1763167862965-ffd9d5eb0d5a7d70318fdccf99254ea2, Policy: strict
2025-11-15 00:51:04,177 | INFO | Policy is 'strict': attempting to install repository dependencies...
2025-11-15 00:51:04,177 | INFO | No repository dependency files found
2025-11-15 00:51:04,964 | INFO | Executing notebook with kernel: python3
2025-11-15 00:51:06,503 | INFO | Timeout detected; skipping dependency retry.
2025-11-15 00:51:06,503 | INFO | Result written to /workspace/out/result.json

2025-11-14 21:51:06,950 | INFO | Usando repositório completo: /home/asu/reproducibility_of_jupyter_notebooks-1/data/outputs/repositorios_completos/Subin-Vidhu/2025/b02c75d777f19f2808c4bcb6fc171184450a5505
2025-11-14 21:51:06,950 | INFO | Executando via Docker: image=notebook-executor-python312 nb=4_GenAI Essentials – Full Course for Beginners/GenAI-Essentials/pgvector/basic.ipynb
2025-11-14 21:51:06,951 | INFO | docker run: docker run --rm -v /home/asu/reproducibility_of_jupyter_notebooks-1/data/outputs/repositorios_completos/Subin-Vidhu/2025/b02c75d777f19f2808c4bcb6fc171184450a5505:/workspace/repo:ro -v /home/asu/reproducibility_of_jupyter_notebooks-1/data/outputs/repositorios_completos/Subin-Vidhu/2025/b02c75d777f19f2808c4bcb6fc171184450a5505/_out/4_GenAI Essentials – Full Course for Beginners__GenAI-Essentials__pgvector__basic.ipynb:/workspace/out -e NOTEBOOK_REL_PATH=4_GenAI Essentials – Full Course for Beginners/GenAI-Essentials/pgvector/basic.ipynb -e TIMEOUT_SECONDS=300 -e PYTHON_VERSION_DECLARED=3.12 -e POLICY=strict -e NOTEBOOK_ID=57c394e7458b9cf49812b59b7c94840eb13d76bd68ca5703d861fe07fdf3d020 -e RUN_ID=1763167866950-57c394e7458b9cf49812b59b7c94840e notebook-executor-python312 python -m scripts.container_worker
2025-11-14 21:51:33,716 | WARNING | Docker returned 1. STDOUT/ERR tail:

2025-11-15 00:51:08,155 | INFO | Executing notebook: 4_GenAI Essentials – Full Course for Beginners/GenAI-Essentials/pgvector/basic.ipynb
2025-11-15 00:51:08,155 | INFO | Timeout: 300s, Run ID: 1763167866950-57c394e7458b9cf49812b59b7c94840e, Policy: strict
2025-11-15 00:51:08,155 | INFO | Policy is 'strict': attempting to install repository dependencies...
2025-11-15 00:51:08,155 | INFO | No repository dependency files found
2025-11-15 00:51:08,944 | INFO | Executing notebook with kernel: python3
2025-11-15 00:51:11,618 | INFO | ModuleNotFoundError detected: sentence_transformers. Attempting to install...
2025-11-15 00:51:12,519 | INFO | Successfully installed sentence_transformers
2025-11-15 00:51:12,519 | INFO | Installed sentence_transformers. Re-executing notebook...
2025-11-15 00:51:13,057 | INFO | Executing notebook with kernel: python3
2025-11-15 00:51:33,128 | INFO | Result written to /workspace/out/result.json

2025-11-14 21:51:33,718 | INFO | Usando repositório completo: /home/asu/reproducibility_of_jupyter_notebooks-1/data/outputs/repositorios_completos/Subin-Vidhu/2025/b02c75d777f19f2808c4bcb6fc171184450a5505
2025-11-14 21:51:33,718 | INFO | Executando via Docker: image=notebook-executor-python312 nb=4_GenAI Essentials – Full Course for Beginners/GenAI-Essentials/pinecone/basic.ipynb
2025-11-14 21:51:33,720 | INFO | docker run: docker run --rm -v /home/asu/reproducibility_of_jupyter_notebooks-1/data/outputs/repositorios_completos/Subin-Vidhu/2025/b02c75d777f19f2808c4bcb6fc171184450a5505:/workspace/repo:ro -v /home/asu/reproducibility_of_jupyter_notebooks-1/data/outputs/repositorios_completos/Subin-Vidhu/2025/b02c75d777f19f2808c4bcb6fc171184450a5505/_out/4_GenAI Essentials – Full Course for Beginners__GenAI-Essentials__pinecone__basic.ipynb:/workspace/out -e NOTEBOOK_REL_PATH=4_GenAI Essentials – Full Course for Beginners/GenAI-Essentials/pinecone/basic.ipynb -e TIMEOUT_SECONDS=300 -e PYTHON_VERSION_DECLARED=3.12 -e POLICY=strict -e NOTEBOOK_ID=322ff1eaf29a6dfbfcadd1f2bac61468689394a844231b0420958c66ac2fb41a -e RUN_ID=1763167893718-322ff1eaf29a6dfbfcadd1f2bac61468 notebook-executor-python312 python -m scripts.container_worker
2025-11-14 21:51:41,458 | WARNING | Docker returned 1. STDOUT/ERR tail:

2025-11-15 00:51:34,949 | INFO | Executing notebook: 4_GenAI Essentials – Full Course for Beginners/GenAI-Essentials/pinecone/basic.ipynb
2025-11-15 00:51:34,949 | INFO | Timeout: 300s, Run ID: 1763167893718-322ff1eaf29a6dfbfcadd1f2bac61468, Policy: strict
2025-11-15 00:51:34,949 | INFO | Policy is 'strict': attempting to install repository dependencies...
2025-11-15 00:51:34,949 | INFO | No repository dependency files found
2025-11-15 00:51:35,741 | INFO | Executing notebook with kernel: python3
2025-11-15 00:51:40,893 | INFO | Result written to /workspace/out/result.json

2025-11-14 21:51:41,463 | INFO | Usando repositório completo: /home/asu/reproducibility_of_jupyter_notebooks-1/data/outputs/repositorios_completos/Subin-Vidhu/2025/b02c75d777f19f2808c4bcb6fc171184450a5505
2025-11-14 21:51:41,463 | INFO | Executando via Docker: image=notebook-executor-python312 nb=4_GenAI Essentials – Full Course for Beginners/GenAI-Essentials/pinecone/cohere_and_pinecone.ipynb
2025-11-14 21:51:41,464 | INFO | docker run: docker run --rm -v /home/asu/reproducibility_of_jupyter_notebooks-1/data/outputs/repositorios_completos/Subin-Vidhu/2025/b02c75d777f19f2808c4bcb6fc171184450a5505:/workspace/repo:ro -v /home/asu/reproducibility_of_jupyter_notebooks-1/data/outputs/repositorios_completos/Subin-Vidhu/2025/b02c75d777f19f2808c4bcb6fc171184450a5505/_out/4_GenAI Essentials – Full Course for Beginners__GenAI-Essentials__pinecone__cohere_and_pinecone.ipynb:/workspace/out -e NOTEBOOK_REL_PATH=4_GenAI Essentials – Full Course for Beginners/GenAI-Essentials/pinecone/cohere_and_pinecone.ipynb -e TIMEOUT_SECONDS=300 -e PYTHON_VERSION_DECLARED=3.12 -e POLICY=strict -e NOTEBOOK_ID=fc6bf5b36c98d230453c88b4ddac8afb86c86357096dea2187988ba1846659c8 -e RUN_ID=1763167901463-fc6bf5b36c98d230453c88b4ddac8afb notebook-executor-python312 python -m scripts.container_worker
2025-11-14 21:51:49,623 | WARNING | Docker returned 1. STDOUT/ERR tail:

2025-11-15 00:51:42,685 | INFO | Executing notebook: 4_GenAI Essentials – Full Course for Beginners/GenAI-Essentials/pinecone/cohere_and_pinecone.ipynb
2025-11-15 00:51:42,685 | INFO | Timeout: 300s, Run ID: 1763167901463-fc6bf5b36c98d230453c88b4ddac8afb, Policy: strict
2025-11-15 00:51:42,685 | INFO | Policy is 'strict': attempting to install repository dependencies...
2025-11-15 00:51:42,685 | INFO | No repository dependency files found
2025-11-15 00:51:43,520 | INFO | Executing notebook with kernel: python3
2025-11-15 00:51:49,012 | INFO | Timeout detected; skipping dependency retry.
2025-11-15 00:51:49,012 | INFO | Result written to /workspace/out/result.json

2025-11-14 21:51:49,627 | INFO | Usando repositório completo: /home/asu/reproducibility_of_jupyter_notebooks-1/data/outputs/repositorios_completos/Subin-Vidhu/2025/b02c75d777f19f2808c4bcb6fc171184450a5505
2025-11-14 21:51:49,627 | INFO | Executando via Docker: image=notebook-executor-python312 nb=4_GenAI Essentials – Full Course for Beginners/GenAI-Essentials/prompting/react/basic.ipynb
2025-11-14 21:51:49,628 | INFO | docker run: docker run --rm -v /home/asu/reproducibility_of_jupyter_notebooks-1/data/outputs/repositorios_completos/Subin-Vidhu/2025/b02c75d777f19f2808c4bcb6fc171184450a5505:/workspace/repo:ro -v /home/asu/reproducibility_of_jupyter_notebooks-1/data/outputs/repositorios_completos/Subin-Vidhu/2025/b02c75d777f19f2808c4bcb6fc171184450a5505/_out/4_GenAI Essentials – Full Course for Beginners__GenAI-Essentials__prompting__react__basic.ipynb:/workspace/out -e NOTEBOOK_REL_PATH=4_GenAI Essentials – Full Course for Beginners/GenAI-Essentials/prompting/react/basic.ipynb -e TIMEOUT_SECONDS=300 -e PYTHON_VERSION_DECLARED=3.12 -e POLICY=strict -e NOTEBOOK_ID=151444f4fbdcc7254cbccc55c57d2c131e7a91deb96d0051ef6935feadd2f89d -e RUN_ID=1763167909627-151444f4fbdcc7254cbccc55c57d2c13 notebook-executor-python312 python -m scripts.container_worker
2025-11-14 21:51:53,424 | WARNING | Docker returned 1. STDOUT/ERR tail:

2025-11-15 00:51:50,834 | INFO | Executing notebook: 4_GenAI Essentials – Full Course for Beginners/GenAI-Essentials/prompting/react/basic.ipynb
2025-11-15 00:51:50,834 | INFO | Timeout: 300s, Run ID: 1763167909627-151444f4fbdcc7254cbccc55c57d2c13, Policy: strict
2025-11-15 00:51:50,834 | INFO | Policy is 'strict': attempting to install repository dependencies...
2025-11-15 00:51:50,834 | INFO | No repository dependency files found
2025-11-15 00:51:51,614 | INFO | Executing notebook with kernel: python3
2025-11-15 00:51:52,966 | INFO | Timeout detected; skipping dependency retry.
2025-11-15 00:51:52,966 | INFO | Result written to /workspace/out/result.json

2025-11-14 21:51:53,427 | INFO | Usando repositório completo: /home/asu/reproducibility_of_jupyter_notebooks-1/data/outputs/repositorios_completos/Subin-Vidhu/2025/b02c75d777f19f2808c4bcb6fc171184450a5505
2025-11-14 21:51:53,427 | INFO | Executando via Docker: image=notebook-executor-python312 nb=4_GenAI Essentials – Full Course for Beginners/GenAI-Essentials/serpapi/basic.ipynb
2025-11-14 21:51:53,428 | INFO | docker run: docker run --rm -v /home/asu/reproducibility_of_jupyter_notebooks-1/data/outputs/repositorios_completos/Subin-Vidhu/2025/b02c75d777f19f2808c4bcb6fc171184450a5505:/workspace/repo:ro -v /home/asu/reproducibility_of_jupyter_notebooks-1/data/outputs/repositorios_completos/Subin-Vidhu/2025/b02c75d777f19f2808c4bcb6fc171184450a5505/_out/4_GenAI Essentials – Full Course for Beginners__GenAI-Essentials__serpapi__basic.ipynb:/workspace/out -e NOTEBOOK_REL_PATH=4_GenAI Essentials – Full Course for Beginners/GenAI-Essentials/serpapi/basic.ipynb -e TIMEOUT_SECONDS=300 -e PYTHON_VERSION_DECLARED=3.12 -e POLICY=strict -e NOTEBOOK_ID=881419795e6b71e6fbe8b8830820b66da4e2d7aa2f7bc9f3ec260e43e62adcb4 -e RUN_ID=1763167913427-881419795e6b71e6fbe8b8830820b66d notebook-executor-python312 python -m scripts.container_worker
2025-11-14 21:51:59,077 | WARNING | Docker returned 1. STDOUT/ERR tail:

2025-11-15 00:51:54,674 | INFO | Executing notebook: 4_GenAI Essentials – Full Course for Beginners/GenAI-Essentials/serpapi/basic.ipynb
2025-11-15 00:51:54,674 | INFO | Timeout: 300s, Run ID: 1763167913427-881419795e6b71e6fbe8b8830820b66d, Policy: strict
2025-11-15 00:51:54,674 | INFO | Policy is 'strict': attempting to install repository dependencies...
2025-11-15 00:51:54,674 | INFO | No repository dependency files found
2025-11-15 00:51:55,459 | INFO | Executing notebook with kernel: python3
2025-11-15 00:51:58,659 | INFO | Result written to /workspace/out/result.json

2025-11-14 21:51:59,082 | INFO | Usando repositório completo: /home/asu/reproducibility_of_jupyter_notebooks-1/data/outputs/repositorios_completos/samiosborn/Robotics/0441cb5dd5d29a01609a105a472393dfc25abd44
2025-11-14 21:51:59,082 | INFO | Executando via Docker: image=notebook-executor nb=MonoSLAM/notebooks/examples/01_se3_transforms.ipynb
2025-11-14 21:51:59,084 | INFO | docker run: docker run --rm -v /home/asu/reproducibility_of_jupyter_notebooks-1/data/outputs/repositorios_completos/samiosborn/Robotics/0441cb5dd5d29a01609a105a472393dfc25abd44:/workspace/repo:ro -v /home/asu/reproducibility_of_jupyter_notebooks-1/data/outputs/repositorios_completos/samiosborn/Robotics/0441cb5dd5d29a01609a105a472393dfc25abd44/_out/MonoSLAM__notebooks__examples__01_se3_transforms.ipynb:/workspace/out -e NOTEBOOK_REL_PATH=MonoSLAM/notebooks/examples/01_se3_transforms.ipynb -e TIMEOUT_SECONDS=300 -e PYTHON_VERSION_DECLARED=3.10 -e POLICY=strict -e NOTEBOOK_ID=b88ff8f817a1985454668ae8e8124a9f6538aa2f9a65d61628cacc03d966849e -e RUN_ID=1763167919082-b88ff8f817a1985454668ae8e8124a9f notebook-executor python -m scripts.container_worker
2025-11-14 21:52:01,602 | INFO | Usando repositório completo: /home/asu/reproducibility_of_jupyter_notebooks-1/data/outputs/repositorios_completos/samiosborn/Robotics/0441cb5dd5d29a01609a105a472393dfc25abd44
2025-11-14 21:52:01,602 | INFO | Executando via Docker: image=notebook-executor nb=MonoSLAM/notebooks/examples/02_pinhole_projection.ipynb
2025-11-14 21:52:01,603 | INFO | docker run: docker run --rm -v /home/asu/reproducibility_of_jupyter_notebooks-1/data/outputs/repositorios_completos/samiosborn/Robotics/0441cb5dd5d29a01609a105a472393dfc25abd44:/workspace/repo:ro -v /home/asu/reproducibility_of_jupyter_notebooks-1/data/outputs/repositorios_completos/samiosborn/Robotics/0441cb5dd5d29a01609a105a472393dfc25abd44/_out/MonoSLAM__notebooks__examples__02_pinhole_projection.ipynb:/workspace/out -e NOTEBOOK_REL_PATH=MonoSLAM/notebooks/examples/02_pinhole_projection.ipynb -e TIMEOUT_SECONDS=300 -e PYTHON_VERSION_DECLARED=3.10 -e POLICY=strict -e NOTEBOOK_ID=3bc67cb8fe1d7bff4e8d4ff72acc4c7559792d93f8f1799a0b5ccfb683dfbec9 -e RUN_ID=1763167921602-3bc67cb8fe1d7bff4e8d4ff72acc4c75 notebook-executor python -m scripts.container_worker
2025-11-14 21:52:04,268 | INFO | Usando repositório completo: /home/asu/reproducibility_of_jupyter_notebooks-1/data/outputs/repositorios_completos/samiosborn/Robotics/0441cb5dd5d29a01609a105a472393dfc25abd44
2025-11-14 21:52:04,268 | INFO | Executando via Docker: image=notebook-executor nb=MonoSLAM/notebooks/examples/03_ekf_slam.ipynb
2025-11-14 21:52:04,269 | INFO | docker run: docker run --rm -v /home/asu/reproducibility_of_jupyter_notebooks-1/data/outputs/repositorios_completos/samiosborn/Robotics/0441cb5dd5d29a01609a105a472393dfc25abd44:/workspace/repo:ro -v /home/asu/reproducibility_of_jupyter_notebooks-1/data/outputs/repositorios_completos/samiosborn/Robotics/0441cb5dd5d29a01609a105a472393dfc25abd44/_out/MonoSLAM__notebooks__examples__03_ekf_slam.ipynb:/workspace/out -e NOTEBOOK_REL_PATH=MonoSLAM/notebooks/examples/03_ekf_slam.ipynb -e TIMEOUT_SECONDS=300 -e PYTHON_VERSION_DECLARED=3.10 -e POLICY=strict -e NOTEBOOK_ID=6181b8916c6346d78ae1583516f1377d7986c2e6ded3478c24f959785ba88d0e -e RUN_ID=1763167924268-6181b8916c6346d78ae1583516f1377d notebook-executor python -m scripts.container_worker
2025-11-14 21:52:07,469 | INFO | Usando repositório completo: /home/asu/reproducibility_of_jupyter_notebooks-1/data/outputs/repositorios_completos/digital-duck/zinets/4281da9ca4c84f91fb751b3dd11ef3f0b3ce405b
2025-11-14 21:52:07,469 | INFO | Executando via Docker: image=notebook-executor-python39 nb=docs/research/md2pdf.ipynb
2025-11-14 21:52:07,471 | INFO | docker run: docker run --rm -v /home/asu/reproducibility_of_jupyter_notebooks-1/data/outputs/repositorios_completos/digital-duck/zinets/4281da9ca4c84f91fb751b3dd11ef3f0b3ce405b:/workspace/repo:ro -v /home/asu/reproducibility_of_jupyter_notebooks-1/data/outputs/repositorios_completos/digital-duck/zinets/4281da9ca4c84f91fb751b3dd11ef3f0b3ce405b/_out/docs__research__md2pdf.ipynb:/workspace/out -e NOTEBOOK_REL_PATH=docs/research/md2pdf.ipynb -e TIMEOUT_SECONDS=300 -e PYTHON_VERSION_DECLARED=3.9 -e POLICY=strict -e NOTEBOOK_ID=0e2952a7d9e8a326e0a22ea51d268e5a7ee839523e0693b2e51c205166bec01b -e RUN_ID=1763167927469-0e2952a7d9e8a326e0a22ea51d268e5a notebook-executor-python39 python -m scripts.container_worker
2025-11-14 21:52:17,846 | WARNING | Docker returned 1. STDOUT/ERR tail:

2025-11-15 00:52:09,133 | INFO | Executing notebook: docs/research/md2pdf.ipynb
2025-11-15 00:52:09,133 | INFO | Timeout: 300s, Run ID: 1763167927469-0e2952a7d9e8a326e0a22ea51d268e5a, Policy: strict
2025-11-15 00:52:09,133 | INFO | Policy is 'strict': attempting to install repository dependencies...
2025-11-15 00:52:09,133 | INFO | No repository dependency files found
2025-11-15 00:52:10,198 | INFO | Executing notebook with kernel: python3
2025-11-15 00:52:17,311 | INFO | Result written to /workspace/out/result.json

2025-11-14 21:52:17,850 | INFO | Usando repositório completo: /home/asu/reproducibility_of_jupyter_notebooks-1/data/outputs/repositorios_completos/digital-duck/zinets/4281da9ca4c84f91fb751b3dd11ef3f0b3ce405b
2025-11-14 21:52:17,850 | INFO | Executando via Docker: image=notebook-executor-python312 nb=docs/ustc/2025-02/code/md_table-1.ipynb
2025-11-14 21:52:17,851 | INFO | docker run: docker run --rm -v /home/asu/reproducibility_of_jupyter_notebooks-1/data/outputs/repositorios_completos/digital-duck/zinets/4281da9ca4c84f91fb751b3dd11ef3f0b3ce405b:/workspace/repo:ro -v /home/asu/reproducibility_of_jupyter_notebooks-1/data/outputs/repositorios_completos/digital-duck/zinets/4281da9ca4c84f91fb751b3dd11ef3f0b3ce405b/_out/docs__ustc__2025-02__code__md_table-1.ipynb:/workspace/out -e NOTEBOOK_REL_PATH=docs/ustc/2025-02/code/md_table-1.ipynb -e TIMEOUT_SECONDS=300 -e PYTHON_VERSION_DECLARED=3.12 -e POLICY=strict -e NOTEBOOK_ID=5b846bf0ae8064c54a0c03e6aa0f13bcba57d1b69361956d955b515fbb4157ce -e RUN_ID=1763167937850-5b846bf0ae8064c54a0c03e6aa0f13bc notebook-executor-python312 python -m scripts.container_worker
2025-11-14 21:52:20,484 | INFO | Usando repositório completo: /home/asu/reproducibility_of_jupyter_notebooks-1/data/outputs/repositorios_completos/digital-duck/zinets/4281da9ca4c84f91fb751b3dd11ef3f0b3ce405b
2025-11-14 21:52:20,485 | INFO | Executando via Docker: image=notebook-executor-python312 nb=docs/ustc/2025-02/code/md_table-2.ipynb
2025-11-14 21:52:20,485 | INFO | docker run: docker run --rm -v /home/asu/reproducibility_of_jupyter_notebooks-1/data/outputs/repositorios_completos/digital-duck/zinets/4281da9ca4c84f91fb751b3dd11ef3f0b3ce405b:/workspace/repo:ro -v /home/asu/reproducibility_of_jupyter_notebooks-1/data/outputs/repositorios_completos/digital-duck/zinets/4281da9ca4c84f91fb751b3dd11ef3f0b3ce405b/_out/docs__ustc__2025-02__code__md_table-2.ipynb:/workspace/out -e NOTEBOOK_REL_PATH=docs/ustc/2025-02/code/md_table-2.ipynb -e TIMEOUT_SECONDS=300 -e PYTHON_VERSION_DECLARED=3.12 -e POLICY=strict -e NOTEBOOK_ID=b077425bce78024c555bbb377237c26d315cb2b930be0dfd60216f73ba47cf19 -e RUN_ID=1763167940485-b077425bce78024c555bbb377237c26d notebook-executor-python312 python -m scripts.container_worker
2025-11-14 21:52:23,862 | INFO | Usando repositório completo: /home/asu/reproducibility_of_jupyter_notebooks-1/data/outputs/repositorios_completos/delb-xml/demo-notebooks/7e75b5c0b0cd4caff1fd5d72f6a375ea7a29ea09
2025-11-14 21:52:23,864 | INFO | Executando via Docker: image=notebook-executor-py313 nb=getting_started.ipynb
2025-11-14 21:52:23,866 | INFO | docker run: docker run --rm -v /home/asu/reproducibility_of_jupyter_notebooks-1/data/outputs/repositorios_completos/delb-xml/demo-notebooks/7e75b5c0b0cd4caff1fd5d72f6a375ea7a29ea09:/workspace/repo:ro -v /home/asu/reproducibility_of_jupyter_notebooks-1/data/outputs/repositorios_completos/delb-xml/demo-notebooks/7e75b5c0b0cd4caff1fd5d72f6a375ea7a29ea09/_out/getting_started.ipynb:/workspace/out -e NOTEBOOK_REL_PATH=getting_started.ipynb -e TIMEOUT_SECONDS=300 -e PYTHON_VERSION_DECLARED=3.13 -e POLICY=strict -e NOTEBOOK_ID=332525c77f302b958c4462bd08f7adef269704da87a6a7018d2237810ed7fc62 -e RUN_ID=1763167943864-332525c77f302b958c4462bd08f7adef notebook-executor-py313 python -m scripts.container_worker
2025-11-14 21:52:34,704 | WARNING | Docker returned 1. STDOUT/ERR tail:

2025-11-15 00:52:25,450 | INFO | Executing notebook: getting_started.ipynb
2025-11-15 00:52:25,450 | INFO | Timeout: 300s, Run ID: 1763167943864-332525c77f302b958c4462bd08f7adef
2025-11-15 00:52:26,619 | INFO | Executing notebook with kernel: python3
2025-11-15 00:52:28,713 | INFO | ModuleNotFoundError detected: delb. Attempting to install...
2025-11-15 00:52:29,194 | INFO | Successfully installed delb
2025-11-15 00:52:29,194 | INFO | Installed delb. Re-executing notebook...
2025-11-15 00:52:29,975 | INFO | Executing notebook with kernel: python3
2025-11-15 00:52:34,245 | INFO | Result written to /workspace/out/result.json

2025-11-14 21:52:34,707 | INFO | Usando repositório completo: /home/asu/reproducibility_of_jupyter_notebooks-1/data/outputs/repositorios_completos/kingb12/kingb12.github.io/b3e2cb9333a7f177375ac66fe1a2c4ec09f28f17
2025-11-14 21:52:34,707 | INFO | Executando via Docker: image=notebook-executor-py36 nb=assets/jupyter/blog.ipynb
2025-11-14 21:52:34,708 | INFO | docker run: docker run --rm -v /home/asu/reproducibility_of_jupyter_notebooks-1/data/outputs/repositorios_completos/kingb12/kingb12.github.io/b3e2cb9333a7f177375ac66fe1a2c4ec09f28f17:/workspace/repo:ro -v /home/asu/reproducibility_of_jupyter_notebooks-1/data/outputs/repositorios_completos/kingb12/kingb12.github.io/b3e2cb9333a7f177375ac66fe1a2c4ec09f28f17/_out/assets__jupyter__blog.ipynb:/workspace/out -e NOTEBOOK_REL_PATH=assets/jupyter/blog.ipynb -e TIMEOUT_SECONDS=300 -e PYTHON_VERSION_DECLARED=3.6 -e POLICY=strict -e NOTEBOOK_ID=390727cc73f0422bcede39b6c8866ba10ec0b6ac6aec70b4bfc1e6eb04bcd47b -e RUN_ID=1763167954707-390727cc73f0422bcede39b6c8866ba1 notebook-executor-py36 python -m scripts.container_worker
2025-11-14 21:52:36,874 | INFO | Usando repositório completo: /home/asu/reproducibility_of_jupyter_notebooks-1/data/outputs/repositorios_completos/ferustigris/colab_invest/194f0a774de57fd43650618b7d3701604c3d35b8
2025-11-14 21:52:36,874 | INFO | Executando via Docker: image=notebook-executor nb=Update_stocks.ipynb
2025-11-14 21:52:36,876 | INFO | docker run: docker run --rm -v /home/asu/reproducibility_of_jupyter_notebooks-1/data/outputs/repositorios_completos/ferustigris/colab_invest/194f0a774de57fd43650618b7d3701604c3d35b8:/workspace/repo:ro -v /home/asu/reproducibility_of_jupyter_notebooks-1/data/outputs/repositorios_completos/ferustigris/colab_invest/194f0a774de57fd43650618b7d3701604c3d35b8/_out/Update_stocks.ipynb:/workspace/out -e NOTEBOOK_REL_PATH=Update_stocks.ipynb -e TIMEOUT_SECONDS=300 -e PYTHON_VERSION_DECLARED= -e POLICY=strict -e NOTEBOOK_ID=5dda0b19c40e6aaf6d40ece452060dec03eefce946d38d73be93130108d35357 -e RUN_ID=1763167956874-5dda0b19c40e6aaf6d40ece452060dec notebook-executor python -m scripts.container_worker
2025-11-14 21:52:52,910 | WARNING | Docker returned 1. STDOUT/ERR tail:

2025-11-15 00:52:38,065 | INFO | Executing notebook: Update_stocks.ipynb
2025-11-15 00:52:38,065 | INFO | Timeout: 300s, Run ID: 1763167956874-5dda0b19c40e6aaf6d40ece452060dec
2025-11-15 00:52:38,101 | ERROR | Notebook JSON is invalid: Additional properties are not allowed ('metadata' was unexpected)

Failed validating 'additionalProperties' in stream:

On instance['cells'][19]['outputs'][0]:
{'metadata': {'tags': None},
 'name': 'stdout',
 'output_type': 'stream',
 'text': 'Getting ticket object for 2: RIO...\n'
         "{'address1': '6 St James’s S..."}
2025-11-15 00:52:38,797 | INFO | Executing notebook with kernel: python3
2025-11-15 00:52:52,025 | INFO | Result written to /workspace/out/result.json

2025-11-14 21:52:52,920 | INFO | Usando repositório completo: /home/asu/reproducibility_of_jupyter_notebooks-1/data/outputs/repositorios_completos/ferustigris/colab_invest/194f0a774de57fd43650618b7d3701604c3d35b8
2025-11-14 21:52:52,920 | INFO | Executando via Docker: image=notebook-executor-python38 nb=portfolio_balance.ipynb
2025-11-14 21:52:52,921 | INFO | docker run: docker run --rm -v /home/asu/reproducibility_of_jupyter_notebooks-1/data/outputs/repositorios_completos/ferustigris/colab_invest/194f0a774de57fd43650618b7d3701604c3d35b8:/workspace/repo:ro -v /home/asu/reproducibility_of_jupyter_notebooks-1/data/outputs/repositorios_completos/ferustigris/colab_invest/194f0a774de57fd43650618b7d3701604c3d35b8/_out/portfolio_balance.ipynb:/workspace/out -e NOTEBOOK_REL_PATH=portfolio_balance.ipynb -e TIMEOUT_SECONDS=300 -e PYTHON_VERSION_DECLARED=3.8 -e POLICY=strict -e NOTEBOOK_ID=1867d082bd05eba0cc557458fd8ff76e7a88d1e4b9cd90703727ec877ce6283e -e RUN_ID=1763167972920-1867d082bd05eba0cc557458fd8ff76e notebook-executor-python38 python -m scripts.container_worker
2025-11-14 21:53:09,818 | WARNING | Docker returned 1. STDOUT/ERR tail:

2025-11-15 00:52:53,487 | INFO | Executing notebook: portfolio_balance.ipynb
2025-11-15 00:52:53,487 | INFO | Timeout: 300s, Run ID: 1763167972920-1867d082bd05eba0cc557458fd8ff76e, Policy: strict
2025-11-15 00:52:53,487 | INFO | Policy is 'strict': attempting to install repository dependencies...
2025-11-15 00:52:53,487 | INFO | No repository dependency files found
2025-11-15 00:52:54,306 | INFO | Executing notebook with kernel: python3
2025-11-15 00:53:03,887 | INFO | ModuleNotFoundError detected: google. Attempting to install...
2025-11-15 00:53:05,620 | INFO | Successfully installed google
2025-11-15 00:53:05,620 | INFO | Installed google. Re-executing notebook...
2025-11-15 00:53:06,183 | INFO | Executing notebook with kernel: python3
2025-11-15 00:53:09,411 | INFO | Result written to /workspace/out/result.json

2025-11-14 21:53:09,821 | INFO | Usando repositório completo: /home/asu/reproducibility_of_jupyter_notebooks-1/data/outputs/repositorios_completos/Julio-Rats/tbamud/4e1680db1a27a7f88d30a79b1d7c234f8ff103b7
2025-11-14 21:53:09,821 | INFO | Executando via Docker: image=notebook-executor nb=power_curve.ipynb
2025-11-14 21:53:09,823 | INFO | docker run: docker run --rm -v /home/asu/reproducibility_of_jupyter_notebooks-1/data/outputs/repositorios_completos/Julio-Rats/tbamud/4e1680db1a27a7f88d30a79b1d7c234f8ff103b7:/workspace/repo:ro -v /home/asu/reproducibility_of_jupyter_notebooks-1/data/outputs/repositorios_completos/Julio-Rats/tbamud/4e1680db1a27a7f88d30a79b1d7c234f8ff103b7/_out/power_curve.ipynb:/workspace/out -e NOTEBOOK_REL_PATH=power_curve.ipynb -e TIMEOUT_SECONDS=300 -e PYTHON_VERSION_DECLARED= -e POLICY=strict -e NOTEBOOK_ID=fd604846337e38d530e2ff29c7a03900b4b049f4206ecb6a889090b7dd553fc8 -e RUN_ID=1763167989821-fd604846337e38d530e2ff29c7a03900 notebook-executor python -m scripts.container_worker
2025-11-14 21:53:12,822 | INFO | Usando repositório completo: /home/asu/reproducibility_of_jupyter_notebooks-1/data/outputs/repositorios_completos/ralf-42/GenAI/331c8ee931a993f19f691165d278bff6b0c81151
2025-11-14 21:53:12,823 | INFO | Executando via Docker: image=notebook-executor nb=01_notebook/A00_snippets_genai.ipynb
2025-11-14 21:53:12,825 | INFO | docker run: docker run --rm -v /home/asu/reproducibility_of_jupyter_notebooks-1/data/outputs/repositorios_completos/ralf-42/GenAI/331c8ee931a993f19f691165d278bff6b0c81151:/workspace/repo:ro -v /home/asu/reproducibility_of_jupyter_notebooks-1/data/outputs/repositorios_completos/ralf-42/GenAI/331c8ee931a993f19f691165d278bff6b0c81151/_out/01_notebook__A00_snippets_genai.ipynb:/workspace/out -e NOTEBOOK_REL_PATH=01_notebook/A00_snippets_genai.ipynb -e TIMEOUT_SECONDS=300 -e PYTHON_VERSION_DECLARED= -e POLICY=strict -e NOTEBOOK_ID=e114a81abee7695688f8b1e74a7e5d761b393681471b67e853362fe44adaf027 -e RUN_ID=1763167992823-e114a81abee7695688f8b1e74a7e5d76 notebook-executor python -m scripts.container_worker
2025-11-14 21:53:16,245 | WARNING | Docker returned 1. STDOUT/ERR tail:

2025-11-15 00:53:14,013 | INFO | Executing notebook: 01_notebook/A00_snippets_genai.ipynb
2025-11-15 00:53:14,013 | INFO | Timeout: 300s, Run ID: 1763167992823-e114a81abee7695688f8b1e74a7e5d76
2025-11-15 00:53:14,733 | INFO | Executing notebook with kernel: python3
2025-11-15 00:53:15,094 | INFO | ModuleNotFoundError detected: genai_lib. Attempting to install...
2025-11-15 00:53:15,664 | WARNING | Failed to install genai_lib: ERROR: Could not find a version that satisfies the requirement genai_lib (from versions: none)
ERROR: No matching distribution found for genai_lib

[notice] A new release of pip is available: 23.0.1 -> 25.3
[notice] To update, run: pip install --upgrade pip

2025-11-15 00:53:15,664 | WARNING | Failed to install genai_lib. Stopping retry.
2025-11-15 00:53:15,664 | INFO | Result written to /workspace/out/result.json

2025-11-14 21:53:16,249 | INFO | Usando repositório completo: /home/asu/reproducibility_of_jupyter_notebooks-1/data/outputs/repositorios_completos/ralf-42/GenAI/331c8ee931a993f19f691165d278bff6b0c81151
2025-11-14 21:53:16,249 | INFO | Executando via Docker: image=notebook-executor nb=01_notebook/M00_Kurs_Intro.ipynb
2025-11-14 21:53:16,250 | INFO | docker run: docker run --rm -v /home/asu/reproducibility_of_jupyter_notebooks-1/data/outputs/repositorios_completos/ralf-42/GenAI/331c8ee931a993f19f691165d278bff6b0c81151:/workspace/repo:ro -v /home/asu/reproducibility_of_jupyter_notebooks-1/data/outputs/repositorios_completos/ralf-42/GenAI/331c8ee931a993f19f691165d278bff6b0c81151/_out/01_notebook__M00_Kurs_Intro.ipynb:/workspace/out -e NOTEBOOK_REL_PATH=01_notebook/M00_Kurs_Intro.ipynb -e TIMEOUT_SECONDS=300 -e PYTHON_VERSION_DECLARED=3.14 -e POLICY=strict -e NOTEBOOK_ID=9df3f37ac4929147c5316beb7227badcaaf49f9ce94b04c387c0e52bfb103ec5 -e RUN_ID=1763167996249-9df3f37ac4929147c5316beb7227badc notebook-executor python -m scripts.container_worker
2025-11-14 21:53:21,463 | WARNING | Docker returned 1. STDOUT/ERR tail:

2025-11-15 00:53:17,475 | INFO | Executing notebook: 01_notebook/M00_Kurs_Intro.ipynb
2025-11-15 00:53:17,476 | INFO | Timeout: 300s, Run ID: 1763167996249-9df3f37ac4929147c5316beb7227badc
2025-11-15 00:53:18,204 | INFO | Executing notebook with kernel: python3
2025-11-15 00:53:18,449 | INFO | ModuleNotFoundError detected: google. Attempting to install...
2025-11-15 00:53:20,029 | INFO | Successfully installed google
2025-11-15 00:53:20,029 | INFO | Installed google. Re-executing notebook...
2025-11-15 00:53:20,764 | INFO | Executing notebook with kernel: python3
2025-11-15 00:53:20,990 | INFO | Result written to /workspace/out/result.json

2025-11-14 21:53:21,467 | INFO | Usando repositório completo: /home/asu/reproducibility_of_jupyter_notebooks-1/data/outputs/repositorios_completos/ralf-42/GenAI/331c8ee931a993f19f691165d278bff6b0c81151
2025-11-14 21:53:21,467 | INFO | Executando via Docker: image=notebook-executor nb=01_notebook/M01_GenAI_Intro.ipynb
2025-11-14 21:53:21,468 | INFO | docker run: docker run --rm -v /home/asu/reproducibility_of_jupyter_notebooks-1/data/outputs/repositorios_completos/ralf-42/GenAI/331c8ee931a993f19f691165d278bff6b0c81151:/workspace/repo:ro -v /home/asu/reproducibility_of_jupyter_notebooks-1/data/outputs/repositorios_completos/ralf-42/GenAI/331c8ee931a993f19f691165d278bff6b0c81151/_out/01_notebook__M01_GenAI_Intro.ipynb:/workspace/out -e NOTEBOOK_REL_PATH=01_notebook/M01_GenAI_Intro.ipynb -e TIMEOUT_SECONDS=300 -e PYTHON_VERSION_DECLARED= -e POLICY=strict -e NOTEBOOK_ID=cab9c84bb86ad1d9feff111006e86325e0c957aca4061116ce45d840888c0863 -e RUN_ID=1763168001467-cab9c84bb86ad1d9feff111006e86325 notebook-executor python -m scripts.container_worker
2025-11-14 21:53:24,647 | WARNING | Docker returned 1. STDOUT/ERR tail:

2025-11-15 00:53:22,697 | INFO | Executing notebook: 01_notebook/M01_GenAI_Intro.ipynb
2025-11-15 00:53:22,697 | INFO | Timeout: 300s, Run ID: 1763168001467-cab9c84bb86ad1d9feff111006e86325
2025-11-15 00:53:23,412 | INFO | Executing notebook with kernel: python3
2025-11-15 00:53:23,772 | INFO | ModuleNotFoundError detected: genai_lib. Attempting to install...
2025-11-15 00:53:24,166 | WARNING | Failed to install genai_lib: ERROR: Could not find a version that satisfies the requirement genai_lib (from versions: none)
ERROR: No matching distribution found for genai_lib

[notice] A new release of pip is available: 23.0.1 -> 25.3
[notice] To update, run: pip install --upgrade pip

2025-11-15 00:53:24,166 | WARNING | Failed to install genai_lib. Stopping retry.
2025-11-15 00:53:24,167 | INFO | Result written to /workspace/out/result.json

2025-11-14 21:53:24,652 | INFO | Usando repositório completo: /home/asu/reproducibility_of_jupyter_notebooks-1/data/outputs/repositorios_completos/ralf-42/GenAI/331c8ee931a993f19f691165d278bff6b0c81151
2025-11-14 21:53:24,652 | INFO | Executando via Docker: image=notebook-executor nb=01_notebook/M03_Codieren_mit_GenAI.ipynb
2025-11-14 21:53:24,653 | INFO | docker run: docker run --rm -v /home/asu/reproducibility_of_jupyter_notebooks-1/data/outputs/repositorios_completos/ralf-42/GenAI/331c8ee931a993f19f691165d278bff6b0c81151:/workspace/repo:ro -v /home/asu/reproducibility_of_jupyter_notebooks-1/data/outputs/repositorios_completos/ralf-42/GenAI/331c8ee931a993f19f691165d278bff6b0c81151/_out/01_notebook__M03_Codieren_mit_GenAI.ipynb:/workspace/out -e NOTEBOOK_REL_PATH=01_notebook/M03_Codieren_mit_GenAI.ipynb -e TIMEOUT_SECONDS=300 -e PYTHON_VERSION_DECLARED= -e POLICY=strict -e NOTEBOOK_ID=6b9c3ef7d4e9a6126f8dbc37785acf65adbc5841600763b14c7109bf28b7cbc2 -e RUN_ID=1763168004652-6b9c3ef7d4e9a6126f8dbc37785acf65 notebook-executor python -m scripts.container_worker
2025-11-14 21:53:27,878 | WARNING | Docker returned 1. STDOUT/ERR tail:

2025-11-15 00:53:25,836 | INFO | Executing notebook: 01_notebook/M03_Codieren_mit_GenAI.ipynb
2025-11-15 00:53:25,837 | INFO | Timeout: 300s, Run ID: 1763168004652-6b9c3ef7d4e9a6126f8dbc37785acf65
2025-11-15 00:53:26,559 | INFO | Executing notebook with kernel: python3
2025-11-15 00:53:27,010 | INFO | ModuleNotFoundError detected: genai_lib. Attempting to install...
2025-11-15 00:53:27,407 | WARNING | Failed to install genai_lib: ERROR: Could not find a version that satisfies the requirement genai_lib (from versions: none)
ERROR: No matching distribution found for genai_lib

[notice] A new release of pip is available: 23.0.1 -> 25.3
[notice] To update, run: pip install --upgrade pip

2025-11-15 00:53:27,407 | WARNING | Failed to install genai_lib. Stopping retry.
2025-11-15 00:53:27,408 | INFO | Result written to /workspace/out/result.json

2025-11-14 21:53:27,889 | INFO | Usando repositório completo: /home/asu/reproducibility_of_jupyter_notebooks-1/data/outputs/repositorios_completos/ralf-42/GenAI/331c8ee931a993f19f691165d278bff6b0c81151
2025-11-14 21:53:27,889 | INFO | Executando via Docker: image=notebook-executor-python312 nb=01_notebook/M04a_LangChain101.ipynb
2025-11-14 21:53:27,890 | INFO | docker run: docker run --rm -v /home/asu/reproducibility_of_jupyter_notebooks-1/data/outputs/repositorios_completos/ralf-42/GenAI/331c8ee931a993f19f691165d278bff6b0c81151:/workspace/repo:ro -v /home/asu/reproducibility_of_jupyter_notebooks-1/data/outputs/repositorios_completos/ralf-42/GenAI/331c8ee931a993f19f691165d278bff6b0c81151/_out/01_notebook__M04a_LangChain101.ipynb:/workspace/out -e NOTEBOOK_REL_PATH=01_notebook/M04a_LangChain101.ipynb -e TIMEOUT_SECONDS=300 -e PYTHON_VERSION_DECLARED=3.12 -e POLICY=strict -e NOTEBOOK_ID=001a2214a94ed729703640869e87a57cef3205675ec39d0b27bbae937cf081b9 -e RUN_ID=1763168007889-001a2214a94ed729703640869e87a57c notebook-executor-python312 python -m scripts.container_worker
2025-11-14 21:53:31,162 | WARNING | Docker returned 1. STDOUT/ERR tail:

ecuting notebook: 01_notebook/M04a_LangChain101.ipynb
2025-11-15 00:53:29,090 | INFO | Timeout: 300s, Run ID: 1763168007889-001a2214a94ed729703640869e87a57c, Policy: strict
2025-11-15 00:53:29,090 | INFO | Policy is 'strict': attempting to install repository dependencies...
2025-11-15 00:53:29,090 | INFO | No repository dependency files found
2025-11-15 00:53:29,880 | INFO | Executing notebook with kernel: python3
2025-11-15 00:53:30,335 | INFO | ModuleNotFoundError detected: genai_lib. Attempting to install...
2025-11-15 00:53:30,734 | WARNING | Failed to install genai_lib: ERROR: Could not find a version that satisfies the requirement genai_lib (from versions: none)

[notice] A new release of pip is available: 25.0.1 -> 25.3
[notice] To update, run: pip install --upgrade pip
ERROR: No matching distribution found for genai_lib

2025-11-15 00:53:30,735 | WARNING | Failed to install genai_lib. Stopping retry.
2025-11-15 00:53:30,735 | INFO | Result written to /workspace/out/result.json

2025-11-14 21:53:31,167 | INFO | Usando repositório completo: /home/asu/reproducibility_of_jupyter_notebooks-1/data/outputs/repositorios_completos/ralf-42/GenAI/331c8ee931a993f19f691165d278bff6b0c81151
2025-11-14 21:53:31,167 | INFO | Executando via Docker: image=notebook-executor nb=01_notebook/M04b_LangGraph101.ipynb
2025-11-14 21:53:31,168 | INFO | docker run: docker run --rm -v /home/asu/reproducibility_of_jupyter_notebooks-1/data/outputs/repositorios_completos/ralf-42/GenAI/331c8ee931a993f19f691165d278bff6b0c81151:/workspace/repo:ro -v /home/asu/reproducibility_of_jupyter_notebooks-1/data/outputs/repositorios_completos/ralf-42/GenAI/331c8ee931a993f19f691165d278bff6b0c81151/_out/01_notebook__M04b_LangGraph101.ipynb:/workspace/out -e NOTEBOOK_REL_PATH=01_notebook/M04b_LangGraph101.ipynb -e TIMEOUT_SECONDS=300 -e PYTHON_VERSION_DECLARED= -e POLICY=strict -e NOTEBOOK_ID=d8f85f99d206c5c0626edc510de049d5a60366a6ff89a672ee6268eab9f22046 -e RUN_ID=1763168011167-d8f85f99d206c5c0626edc510de049d5 notebook-executor python -m scripts.container_worker
2025-11-14 21:53:34,611 | WARNING | Docker returned 1. STDOUT/ERR tail:

2025-11-15 00:53:32,378 | INFO | Executing notebook: 01_notebook/M04b_LangGraph101.ipynb
2025-11-15 00:53:32,378 | INFO | Timeout: 300s, Run ID: 1763168011167-d8f85f99d206c5c0626edc510de049d5
2025-11-15 00:53:33,106 | INFO | Executing notebook with kernel: python3
2025-11-15 00:53:33,574 | INFO | ModuleNotFoundError detected: genai_lib. Attempting to install...
2025-11-15 00:53:34,032 | WARNING | Failed to install genai_lib: ERROR: Could not find a version that satisfies the requirement genai_lib (from versions: none)
ERROR: No matching distribution found for genai_lib

[notice] A new release of pip is available: 23.0.1 -> 25.3
[notice] To update, run: pip install --upgrade pip

2025-11-15 00:53:34,032 | WARNING | Failed to install genai_lib. Stopping retry.
2025-11-15 00:53:34,032 | INFO | Result written to /workspace/out/result.json

2025-11-14 21:53:34,621 | INFO | Usando repositório completo: /home/asu/reproducibility_of_jupyter_notebooks-1/data/outputs/repositorios_completos/ralf-42/GenAI/331c8ee931a993f19f691165d278bff6b0c81151
2025-11-14 21:53:34,621 | INFO | Executando via Docker: image=notebook-executor nb=01_notebook/M05_LLM_Transformer.ipynb
2025-11-14 21:53:34,623 | INFO | docker run: docker run --rm -v /home/asu/reproducibility_of_jupyter_notebooks-1/data/outputs/repositorios_completos/ralf-42/GenAI/331c8ee931a993f19f691165d278bff6b0c81151:/workspace/repo:ro -v /home/asu/reproducibility_of_jupyter_notebooks-1/data/outputs/repositorios_completos/ralf-42/GenAI/331c8ee931a993f19f691165d278bff6b0c81151/_out/01_notebook__M05_LLM_Transformer.ipynb:/workspace/out -e NOTEBOOK_REL_PATH=01_notebook/M05_LLM_Transformer.ipynb -e TIMEOUT_SECONDS=300 -e PYTHON_VERSION_DECLARED= -e POLICY=strict -e NOTEBOOK_ID=a15a03cb6e207ffbf50b17ae08b66661cdc65c9ba7a9462ef4e53258ba8cd181 -e RUN_ID=1763168014622-a15a03cb6e207ffbf50b17ae08b66661 notebook-executor python -m scripts.container_worker
2025-11-14 21:53:37,883 | WARNING | Docker returned 1. STDOUT/ERR tail:

2025-11-15 00:53:35,845 | INFO | Executing notebook: 01_notebook/M05_LLM_Transformer.ipynb
2025-11-15 00:53:35,846 | INFO | Timeout: 300s, Run ID: 1763168014622-a15a03cb6e207ffbf50b17ae08b66661
2025-11-15 00:53:36,560 | INFO | Executing notebook with kernel: python3
2025-11-15 00:53:37,037 | INFO | ModuleNotFoundError detected: genai_lib. Attempting to install...
2025-11-15 00:53:37,423 | WARNING | Failed to install genai_lib: ERROR: Could not find a version that satisfies the requirement genai_lib (from versions: none)
ERROR: No matching distribution found for genai_lib

[notice] A new release of pip is available: 23.0.1 -> 25.3
[notice] To update, run: pip install --upgrade pip

2025-11-15 00:53:37,423 | WARNING | Failed to install genai_lib. Stopping retry.
2025-11-15 00:53:37,423 | INFO | Result written to /workspace/out/result.json

2025-11-14 21:53:37,891 | INFO | Usando repositório completo: /home/asu/reproducibility_of_jupyter_notebooks-1/data/outputs/repositorios_completos/ralf-42/GenAI/331c8ee931a993f19f691165d278bff6b0c81151
2025-11-14 21:53:37,891 | INFO | Executando via Docker: image=notebook-executor nb=01_notebook/M06_Chat_Memory.ipynb
2025-11-14 21:53:37,892 | INFO | docker run: docker run --rm -v /home/asu/reproducibility_of_jupyter_notebooks-1/data/outputs/repositorios_completos/ralf-42/GenAI/331c8ee931a993f19f691165d278bff6b0c81151:/workspace/repo:ro -v /home/asu/reproducibility_of_jupyter_notebooks-1/data/outputs/repositorios_completos/ralf-42/GenAI/331c8ee931a993f19f691165d278bff6b0c81151/_out/01_notebook__M06_Chat_Memory.ipynb:/workspace/out -e NOTEBOOK_REL_PATH=01_notebook/M06_Chat_Memory.ipynb -e TIMEOUT_SECONDS=300 -e PYTHON_VERSION_DECLARED= -e POLICY=strict -e NOTEBOOK_ID=cb915f4c9b40096c6e7161fa4d1a2ab3bb07677166c68112a753f79ac55781ac -e RUN_ID=1763168017891-cb915f4c9b40096c6e7161fa4d1a2ab3 notebook-executor python -m scripts.container_worker
2025-11-14 21:53:41,225 | WARNING | Docker returned 1. STDOUT/ERR tail:

2025-11-15 00:53:39,115 | INFO | Executing notebook: 01_notebook/M06_Chat_Memory.ipynb
2025-11-15 00:53:39,115 | INFO | Timeout: 300s, Run ID: 1763168017891-cb915f4c9b40096c6e7161fa4d1a2ab3
2025-11-15 00:53:39,839 | INFO | Executing notebook with kernel: python3
2025-11-15 00:53:40,308 | INFO | ModuleNotFoundError detected: genai_lib. Attempting to install...
2025-11-15 00:53:40,730 | WARNING | Failed to install genai_lib: ERROR: Could not find a version that satisfies the requirement genai_lib (from versions: none)
ERROR: No matching distribution found for genai_lib

[notice] A new release of pip is available: 23.0.1 -> 25.3
[notice] To update, run: pip install --upgrade pip

2025-11-15 00:53:40,730 | WARNING | Failed to install genai_lib. Stopping retry.
2025-11-15 00:53:40,730 | INFO | Result written to /workspace/out/result.json

2025-11-14 21:53:41,232 | INFO | Usando repositório completo: /home/asu/reproducibility_of_jupyter_notebooks-1/data/outputs/repositorios_completos/ralf-42/GenAI/331c8ee931a993f19f691165d278bff6b0c81151
2025-11-14 21:53:41,232 | INFO | Executando via Docker: image=notebook-executor nb=01_notebook/M07_OutputParser.ipynb
2025-11-14 21:53:41,233 | INFO | docker run: docker run --rm -v /home/asu/reproducibility_of_jupyter_notebooks-1/data/outputs/repositorios_completos/ralf-42/GenAI/331c8ee931a993f19f691165d278bff6b0c81151:/workspace/repo:ro -v /home/asu/reproducibility_of_jupyter_notebooks-1/data/outputs/repositorios_completos/ralf-42/GenAI/331c8ee931a993f19f691165d278bff6b0c81151/_out/01_notebook__M07_OutputParser.ipynb:/workspace/out -e NOTEBOOK_REL_PATH=01_notebook/M07_OutputParser.ipynb -e TIMEOUT_SECONDS=300 -e PYTHON_VERSION_DECLARED= -e POLICY=strict -e NOTEBOOK_ID=5f4625796b968302ea1aee4e5f5d8428b59deb92d5a9e03c65a1f89ef6c86834 -e RUN_ID=1763168021233-5f4625796b968302ea1aee4e5f5d8428 notebook-executor python -m scripts.container_worker
2025-11-14 21:53:44,541 | WARNING | Docker returned 1. STDOUT/ERR tail:

2025-11-15 00:53:42,563 | INFO | Executing notebook: 01_notebook/M07_OutputParser.ipynb
2025-11-15 00:53:42,563 | INFO | Timeout: 300s, Run ID: 1763168021233-5f4625796b968302ea1aee4e5f5d8428
2025-11-15 00:53:43,298 | INFO | Executing notebook with kernel: python3
2025-11-15 00:53:43,670 | INFO | ModuleNotFoundError detected: genai_lib. Attempting to install...
2025-11-15 00:53:44,057 | WARNING | Failed to install genai_lib: ERROR: Could not find a version that satisfies the requirement genai_lib (from versions: none)
ERROR: No matching distribution found for genai_lib

[notice] A new release of pip is available: 23.0.1 -> 25.3
[notice] To update, run: pip install --upgrade pip

2025-11-15 00:53:44,057 | WARNING | Failed to install genai_lib. Stopping retry.
2025-11-15 00:53:44,058 | INFO | Result written to /workspace/out/result.json

2025-11-14 21:53:44,547 | INFO | Usando repositório completo: /home/asu/reproducibility_of_jupyter_notebooks-1/data/outputs/repositorios_completos/ralf-42/GenAI/331c8ee931a993f19f691165d278bff6b0c81151
2025-11-14 21:53:44,547 | INFO | Executando via Docker: image=notebook-executor nb=01_notebook/M08_RAG_LangChain.ipynb
2025-11-14 21:53:44,548 | INFO | docker run: docker run --rm -v /home/asu/reproducibility_of_jupyter_notebooks-1/data/outputs/repositorios_completos/ralf-42/GenAI/331c8ee931a993f19f691165d278bff6b0c81151:/workspace/repo:ro -v /home/asu/reproducibility_of_jupyter_notebooks-1/data/outputs/repositorios_completos/ralf-42/GenAI/331c8ee931a993f19f691165d278bff6b0c81151/_out/01_notebook__M08_RAG_LangChain.ipynb:/workspace/out -e NOTEBOOK_REL_PATH=01_notebook/M08_RAG_LangChain.ipynb -e TIMEOUT_SECONDS=300 -e PYTHON_VERSION_DECLARED= -e POLICY=strict -e NOTEBOOK_ID=f6659b9e3453a8f075b78d5b2fab17ff851e04ab001d7d29f50a61ec765ba343 -e RUN_ID=1763168024547-f6659b9e3453a8f075b78d5b2fab17ff notebook-executor python -m scripts.container_worker
2025-11-14 21:53:47,808 | WARNING | Docker returned 1. STDOUT/ERR tail:

2025-11-15 00:53:45,821 | INFO | Executing notebook: 01_notebook/M08_RAG_LangChain.ipynb
2025-11-15 00:53:45,821 | INFO | Timeout: 300s, Run ID: 1763168024547-f6659b9e3453a8f075b78d5b2fab17ff
2025-11-15 00:53:46,541 | INFO | Executing notebook with kernel: python3
2025-11-15 00:53:46,900 | INFO | ModuleNotFoundError detected: genai_lib. Attempting to install...
2025-11-15 00:53:47,318 | WARNING | Failed to install genai_lib: ERROR: Could not find a version that satisfies the requirement genai_lib (from versions: none)
ERROR: No matching distribution found for genai_lib

[notice] A new release of pip is available: 23.0.1 -> 25.3
[notice] To update, run: pip install --upgrade pip

2025-11-15 00:53:47,318 | WARNING | Failed to install genai_lib. Stopping retry.
2025-11-15 00:53:47,318 | INFO | Result written to /workspace/out/result.json

2025-11-14 21:53:47,813 | INFO | Usando repositório completo: /home/asu/reproducibility_of_jupyter_notebooks-1/data/outputs/repositorios_completos/ralf-42/GenAI/331c8ee931a993f19f691165d278bff6b0c81151
2025-11-14 21:53:47,813 | INFO | Executando via Docker: image=notebook-executor nb=01_notebook/M09_Multimodal_Bild.ipynb
2025-11-14 21:53:47,814 | INFO | docker run: docker run --rm -v /home/asu/reproducibility_of_jupyter_notebooks-1/data/outputs/repositorios_completos/ralf-42/GenAI/331c8ee931a993f19f691165d278bff6b0c81151:/workspace/repo:ro -v /home/asu/reproducibility_of_jupyter_notebooks-1/data/outputs/repositorios_completos/ralf-42/GenAI/331c8ee931a993f19f691165d278bff6b0c81151/_out/01_notebook__M09_Multimodal_Bild.ipynb:/workspace/out -e NOTEBOOK_REL_PATH=01_notebook/M09_Multimodal_Bild.ipynb -e TIMEOUT_SECONDS=300 -e PYTHON_VERSION_DECLARED= -e POLICY=strict -e NOTEBOOK_ID=754beaa34188b44f43b4cc6b927dc6483abc0d4edad84238fc0685af098d89c5 -e RUN_ID=1763168027813-754beaa34188b44f43b4cc6b927dc648 notebook-executor python -m scripts.container_worker
2025-11-14 21:53:50,984 | WARNING | Docker returned 1. STDOUT/ERR tail:

2025-11-15 00:53:48,992 | INFO | Executing notebook: 01_notebook/M09_Multimodal_Bild.ipynb
2025-11-15 00:53:48,992 | INFO | Timeout: 300s, Run ID: 1763168027813-754beaa34188b44f43b4cc6b927dc648
2025-11-15 00:53:49,708 | INFO | Executing notebook with kernel: python3
2025-11-15 00:53:50,068 | INFO | ModuleNotFoundError detected: genai_lib. Attempting to install...
2025-11-15 00:53:50,445 | WARNING | Failed to install genai_lib: ERROR: Could not find a version that satisfies the requirement genai_lib (from versions: none)
ERROR: No matching distribution found for genai_lib

[notice] A new release of pip is available: 23.0.1 -> 25.3
[notice] To update, run: pip install --upgrade pip

2025-11-15 00:53:50,445 | WARNING | Failed to install genai_lib. Stopping retry.
2025-11-15 00:53:50,445 | INFO | Result written to /workspace/out/result.json

2025-11-14 21:53:50,989 | INFO | Usando repositório completo: /home/asu/reproducibility_of_jupyter_notebooks-1/data/outputs/repositorios_completos/ralf-42/GenAI/331c8ee931a993f19f691165d278bff6b0c81151
2025-11-14 21:53:50,989 | INFO | Executando via Docker: image=notebook-executor nb=01_notebook/M10_Agenten_LangChain.ipynb
2025-11-14 21:53:50,990 | INFO | docker run: docker run --rm -v /home/asu/reproducibility_of_jupyter_notebooks-1/data/outputs/repositorios_completos/ralf-42/GenAI/331c8ee931a993f19f691165d278bff6b0c81151:/workspace/repo:ro -v /home/asu/reproducibility_of_jupyter_notebooks-1/data/outputs/repositorios_completos/ralf-42/GenAI/331c8ee931a993f19f691165d278bff6b0c81151/_out/01_notebook__M10_Agenten_LangChain.ipynb:/workspace/out -e NOTEBOOK_REL_PATH=01_notebook/M10_Agenten_LangChain.ipynb -e TIMEOUT_SECONDS=300 -e PYTHON_VERSION_DECLARED= -e POLICY=strict -e NOTEBOOK_ID=36cec24e76e4dcbc118b04b09ad4f27022b8c59059257afc24cb10d2e7fa113e -e RUN_ID=1763168030989-36cec24e76e4dcbc118b04b09ad4f270 notebook-executor python -m scripts.container_worker
2025-11-14 21:53:54,176 | WARNING | Docker returned 1. STDOUT/ERR tail:

2025-11-15 00:53:52,184 | INFO | Executing notebook: 01_notebook/M10_Agenten_LangChain.ipynb
2025-11-15 00:53:52,184 | INFO | Timeout: 300s, Run ID: 1763168030989-36cec24e76e4dcbc118b04b09ad4f270
2025-11-15 00:53:52,903 | INFO | Executing notebook with kernel: python3
2025-11-15 00:53:53,264 | INFO | ModuleNotFoundError detected: genai_lib. Attempting to install...
2025-11-15 00:53:53,670 | WARNING | Failed to install genai_lib: ERROR: Could not find a version that satisfies the requirement genai_lib (from versions: none)
ERROR: No matching distribution found for genai_lib

[notice] A new release of pip is available: 23.0.1 -> 25.3
[notice] To update, run: pip install --upgrade pip

2025-11-15 00:53:53,670 | WARNING | Failed to install genai_lib. Stopping retry.
2025-11-15 00:53:53,670 | INFO | Result written to /workspace/out/result.json

2025-11-14 21:53:54,186 | INFO | Usando repositório completo: /home/asu/reproducibility_of_jupyter_notebooks-1/data/outputs/repositorios_completos/ralf-42/GenAI/331c8ee931a993f19f691165d278bff6b0c81151
2025-11-14 21:53:54,187 | INFO | Executando via Docker: image=notebook-executor-python312 nb=01_notebook/M11_Gradio.ipynb
2025-11-14 21:53:54,188 | INFO | docker run: docker run --rm -v /home/asu/reproducibility_of_jupyter_notebooks-1/data/outputs/repositorios_completos/ralf-42/GenAI/331c8ee931a993f19f691165d278bff6b0c81151:/workspace/repo:ro -v /home/asu/reproducibility_of_jupyter_notebooks-1/data/outputs/repositorios_completos/ralf-42/GenAI/331c8ee931a993f19f691165d278bff6b0c81151/_out/01_notebook__M11_Gradio.ipynb:/workspace/out -e NOTEBOOK_REL_PATH=01_notebook/M11_Gradio.ipynb -e TIMEOUT_SECONDS=300 -e PYTHON_VERSION_DECLARED=3.12 -e POLICY=strict -e NOTEBOOK_ID=3769c5c2bb9674ee72ed06ecdf2d3e2d922924ba30d0899b76e6e58ec01bb729 -e RUN_ID=1763168034187-3769c5c2bb9674ee72ed06ecdf2d3e2d notebook-executor-python312 python -m scripts.container_worker
2025-11-14 21:53:57,795 | WARNING | Docker returned 1. STDOUT/ERR tail:

FO | Executing notebook: 01_notebook/M11_Gradio.ipynb
2025-11-15 00:53:55,468 | INFO | Timeout: 300s, Run ID: 1763168034187-3769c5c2bb9674ee72ed06ecdf2d3e2d, Policy: strict
2025-11-15 00:53:55,468 | INFO | Policy is 'strict': attempting to install repository dependencies...
2025-11-15 00:53:55,468 | INFO | No repository dependency files found
2025-11-15 00:53:56,360 | INFO | Executing notebook with kernel: python3
2025-11-15 00:53:56,818 | INFO | ModuleNotFoundError detected: genai_lib. Attempting to install...
2025-11-15 00:53:57,246 | WARNING | Failed to install genai_lib: ERROR: Could not find a version that satisfies the requirement genai_lib (from versions: none)

[notice] A new release of pip is available: 25.0.1 -> 25.3
[notice] To update, run: pip install --upgrade pip
ERROR: No matching distribution found for genai_lib

2025-11-15 00:53:57,246 | WARNING | Failed to install genai_lib. Stopping retry.
2025-11-15 00:53:57,246 | INFO | Result written to /workspace/out/result.json

2025-11-14 21:53:57,801 | INFO | Usando repositório completo: /home/asu/reproducibility_of_jupyter_notebooks-1/data/outputs/repositorios_completos/ralf-42/GenAI/331c8ee931a993f19f691165d278bff6b0c81151
2025-11-14 21:53:57,801 | INFO | Executando via Docker: image=notebook-executor nb=01_notebook/M12_Lokale_Open_Source_Modelle.ipynb
2025-11-14 21:53:57,802 | INFO | docker run: docker run --rm -v /home/asu/reproducibility_of_jupyter_notebooks-1/data/outputs/repositorios_completos/ralf-42/GenAI/331c8ee931a993f19f691165d278bff6b0c81151:/workspace/repo:ro -v /home/asu/reproducibility_of_jupyter_notebooks-1/data/outputs/repositorios_completos/ralf-42/GenAI/331c8ee931a993f19f691165d278bff6b0c81151/_out/01_notebook__M12_Lokale_Open_Source_Modelle.ipynb:/workspace/out -e NOTEBOOK_REL_PATH=01_notebook/M12_Lokale_Open_Source_Modelle.ipynb -e TIMEOUT_SECONDS=300 -e PYTHON_VERSION_DECLARED= -e POLICY=strict -e NOTEBOOK_ID=bad946d32289451ad9255a4b0671b6b777fc1311f72904a0f3dd842e89ca66f8 -e RUN_ID=1763168037801-bad946d32289451ad9255a4b0671b6b7 notebook-executor python -m scripts.container_worker
2025-11-14 21:54:01,125 | WARNING | Docker returned 1. STDOUT/ERR tail:

2025-11-15 00:53:59,123 | INFO | Executing notebook: 01_notebook/M12_Lokale_Open_Source_Modelle.ipynb
2025-11-15 00:53:59,123 | INFO | Timeout: 300s, Run ID: 1763168037801-bad946d32289451ad9255a4b0671b6b7
2025-11-15 00:53:59,863 | INFO | Executing notebook with kernel: python3
2025-11-15 00:54:00,231 | INFO | ModuleNotFoundError detected: genai_lib. Attempting to install...
2025-11-15 00:54:00,635 | WARNING | Failed to install genai_lib: ERROR: Could not find a version that satisfies the requirement genai_lib (from versions: none)
ERROR: No matching distribution found for genai_lib

[notice] A new release of pip is available: 23.0.1 -> 25.3
[notice] To update, run: pip install --upgrade pip

2025-11-15 00:54:00,635 | WARNING | Failed to install genai_lib. Stopping retry.
2025-11-15 00:54:00,635 | INFO | Result written to /workspace/out/result.json

2025-11-14 21:54:01,130 | INFO | Usando repositório completo: /home/asu/reproducibility_of_jupyter_notebooks-1/data/outputs/repositorios_completos/ralf-42/GenAI/331c8ee931a993f19f691165d278bff6b0c81151
2025-11-14 21:54:01,130 | INFO | Executando via Docker: image=notebook-executor nb=01_notebook/M13_SQL_RAG.ipynb
2025-11-14 21:54:01,131 | INFO | docker run: docker run --rm -v /home/asu/reproducibility_of_jupyter_notebooks-1/data/outputs/repositorios_completos/ralf-42/GenAI/331c8ee931a993f19f691165d278bff6b0c81151:/workspace/repo:ro -v /home/asu/reproducibility_of_jupyter_notebooks-1/data/outputs/repositorios_completos/ralf-42/GenAI/331c8ee931a993f19f691165d278bff6b0c81151/_out/01_notebook__M13_SQL_RAG.ipynb:/workspace/out -e NOTEBOOK_REL_PATH=01_notebook/M13_SQL_RAG.ipynb -e TIMEOUT_SECONDS=300 -e PYTHON_VERSION_DECLARED= -e POLICY=strict -e NOTEBOOK_ID=ff446f0ac3420fe816adcdfb2818851786ff23e974713a56e2c587cf768fbc85 -e RUN_ID=1763168041131-ff446f0ac3420fe816adcdfb28188517 notebook-executor python -m scripts.container_worker
2025-11-14 21:54:04,359 | WARNING | Docker returned 1. STDOUT/ERR tail:

2025-11-15 00:54:02,328 | INFO | Executing notebook: 01_notebook/M13_SQL_RAG.ipynb
2025-11-15 00:54:02,328 | INFO | Timeout: 300s, Run ID: 1763168041131-ff446f0ac3420fe816adcdfb28188517
2025-11-15 00:54:03,063 | INFO | Executing notebook with kernel: python3
2025-11-15 00:54:03,431 | INFO | ModuleNotFoundError detected: genai_lib. Attempting to install...
2025-11-15 00:54:03,814 | WARNING | Failed to install genai_lib: ERROR: Could not find a version that satisfies the requirement genai_lib (from versions: none)
ERROR: No matching distribution found for genai_lib

[notice] A new release of pip is available: 23.0.1 -> 25.3
[notice] To update, run: pip install --upgrade pip

2025-11-15 00:54:03,814 | WARNING | Failed to install genai_lib. Stopping retry.
2025-11-15 00:54:03,814 | INFO | Result written to /workspace/out/result.json

2025-11-14 21:54:04,362 | INFO | Usando repositório completo: /home/asu/reproducibility_of_jupyter_notebooks-1/data/outputs/repositorios_completos/ralf-42/GenAI/331c8ee931a993f19f691165d278bff6b0c81151
2025-11-14 21:54:04,363 | INFO | Executando via Docker: image=notebook-executor nb=01_notebook/M14_Multimodal_RAG.ipynb
2025-11-14 21:54:04,363 | INFO | docker run: docker run --rm -v /home/asu/reproducibility_of_jupyter_notebooks-1/data/outputs/repositorios_completos/ralf-42/GenAI/331c8ee931a993f19f691165d278bff6b0c81151:/workspace/repo:ro -v /home/asu/reproducibility_of_jupyter_notebooks-1/data/outputs/repositorios_completos/ralf-42/GenAI/331c8ee931a993f19f691165d278bff6b0c81151/_out/01_notebook__M14_Multimodal_RAG.ipynb:/workspace/out -e NOTEBOOK_REL_PATH=01_notebook/M14_Multimodal_RAG.ipynb -e TIMEOUT_SECONDS=300 -e PYTHON_VERSION_DECLARED=3.10 -e POLICY=strict -e NOTEBOOK_ID=2f79986252b8688eeed1d8e77784f9eb9feb2601b81e5837e6c6f6e7c94f9b79 -e RUN_ID=1763168044363-2f79986252b8688eeed1d8e77784f9eb notebook-executor python -m scripts.container_worker
2025-11-14 21:54:07,571 | WARNING | Docker returned 1. STDOUT/ERR tail:

2025-11-15 00:54:05,562 | INFO | Executing notebook: 01_notebook/M14_Multimodal_RAG.ipynb
2025-11-15 00:54:05,562 | INFO | Timeout: 300s, Run ID: 1763168044363-2f79986252b8688eeed1d8e77784f9eb
2025-11-15 00:54:06,279 | INFO | Executing notebook with kernel: python3
2025-11-15 00:54:06,639 | INFO | ModuleNotFoundError detected: genai_lib. Attempting to install...
2025-11-15 00:54:07,050 | WARNING | Failed to install genai_lib: ERROR: Could not find a version that satisfies the requirement genai_lib (from versions: none)
ERROR: No matching distribution found for genai_lib

[notice] A new release of pip is available: 23.0.1 -> 25.3
[notice] To update, run: pip install --upgrade pip

2025-11-15 00:54:07,050 | WARNING | Failed to install genai_lib. Stopping retry.
2025-11-15 00:54:07,051 | INFO | Result written to /workspace/out/result.json

2025-11-14 21:54:07,576 | INFO | Usando repositório completo: /home/asu/reproducibility_of_jupyter_notebooks-1/data/outputs/repositorios_completos/ralf-42/GenAI/331c8ee931a993f19f691165d278bff6b0c81151
2025-11-14 21:54:07,577 | INFO | Executando via Docker: image=notebook-executor nb=01_notebook/M15_Multimodal_Audio.ipynb
2025-11-14 21:54:07,577 | INFO | docker run: docker run --rm -v /home/asu/reproducibility_of_jupyter_notebooks-1/data/outputs/repositorios_completos/ralf-42/GenAI/331c8ee931a993f19f691165d278bff6b0c81151:/workspace/repo:ro -v /home/asu/reproducibility_of_jupyter_notebooks-1/data/outputs/repositorios_completos/ralf-42/GenAI/331c8ee931a993f19f691165d278bff6b0c81151/_out/01_notebook__M15_Multimodal_Audio.ipynb:/workspace/out -e NOTEBOOK_REL_PATH=01_notebook/M15_Multimodal_Audio.ipynb -e TIMEOUT_SECONDS=300 -e PYTHON_VERSION_DECLARED= -e POLICY=strict -e NOTEBOOK_ID=8ad867461425c69688a2f92d348e021d1747e1badddb5cad14a9df138d669dc5 -e RUN_ID=1763168047577-8ad867461425c69688a2f92d348e021d notebook-executor python -m scripts.container_worker
2025-11-14 21:54:10,761 | WARNING | Docker returned 1. STDOUT/ERR tail:

2025-11-15 00:54:08,782 | INFO | Executing notebook: 01_notebook/M15_Multimodal_Audio.ipynb
2025-11-15 00:54:08,782 | INFO | Timeout: 300s, Run ID: 1763168047577-8ad867461425c69688a2f92d348e021d
2025-11-15 00:54:09,517 | INFO | Executing notebook with kernel: python3
2025-11-15 00:54:09,887 | INFO | ModuleNotFoundError detected: genai_lib. Attempting to install...
2025-11-15 00:54:10,284 | WARNING | Failed to install genai_lib: ERROR: Could not find a version that satisfies the requirement genai_lib (from versions: none)
ERROR: No matching distribution found for genai_lib

[notice] A new release of pip is available: 23.0.1 -> 25.3
[notice] To update, run: pip install --upgrade pip

2025-11-15 00:54:10,284 | WARNING | Failed to install genai_lib. Stopping retry.
2025-11-15 00:54:10,285 | INFO | Result written to /workspace/out/result.json

2025-11-14 21:54:10,768 | INFO | Usando repositório completo: /home/asu/reproducibility_of_jupyter_notebooks-1/data/outputs/repositorios_completos/ralf-42/GenAI/331c8ee931a993f19f691165d278bff6b0c81151
2025-11-14 21:54:10,768 | INFO | Executando via Docker: image=notebook-executor nb=01_notebook/M16_Multimodal_Video.ipynb
2025-11-14 21:54:10,769 | INFO | docker run: docker run --rm -v /home/asu/reproducibility_of_jupyter_notebooks-1/data/outputs/repositorios_completos/ralf-42/GenAI/331c8ee931a993f19f691165d278bff6b0c81151:/workspace/repo:ro -v /home/asu/reproducibility_of_jupyter_notebooks-1/data/outputs/repositorios_completos/ralf-42/GenAI/331c8ee931a993f19f691165d278bff6b0c81151/_out/01_notebook__M16_Multimodal_Video.ipynb:/workspace/out -e NOTEBOOK_REL_PATH=01_notebook/M16_Multimodal_Video.ipynb -e TIMEOUT_SECONDS=300 -e PYTHON_VERSION_DECLARED= -e POLICY=strict -e NOTEBOOK_ID=a16ab350e6fcf19fcfa9542311cb7812df4f1e3bfef8e4f327e4ac473cec30a0 -e RUN_ID=1763168050768-a16ab350e6fcf19fcfa9542311cb7812 notebook-executor python -m scripts.container_worker
2025-11-14 21:54:14,058 | WARNING | Docker returned 1. STDOUT/ERR tail:

2025-11-15 00:54:12,030 | INFO | Executing notebook: 01_notebook/M16_Multimodal_Video.ipynb
2025-11-15 00:54:12,030 | INFO | Timeout: 300s, Run ID: 1763168050768-a16ab350e6fcf19fcfa9542311cb7812
2025-11-15 00:54:12,748 | INFO | Executing notebook with kernel: python3
2025-11-15 00:54:13,211 | INFO | ModuleNotFoundError detected: genai_lib. Attempting to install...
2025-11-15 00:54:13,602 | WARNING | Failed to install genai_lib: ERROR: Could not find a version that satisfies the requirement genai_lib (from versions: none)
ERROR: No matching distribution found for genai_lib

[notice] A new release of pip is available: 23.0.1 -> 25.3
[notice] To update, run: pip install --upgrade pip

2025-11-15 00:54:13,602 | WARNING | Failed to install genai_lib. Stopping retry.
2025-11-15 00:54:13,602 | INFO | Result written to /workspace/out/result.json

2025-11-14 21:54:14,064 | INFO | Usando repositório completo: /home/asu/reproducibility_of_jupyter_notebooks-1/data/outputs/repositorios_completos/ralf-42/GenAI/331c8ee931a993f19f691165d278bff6b0c81151
2025-11-14 21:54:14,064 | INFO | Executando via Docker: image=notebook-executor nb=01_notebook/M17_MCP_Model_Context_Protocol.ipynb
2025-11-14 21:54:14,065 | INFO | docker run: docker run --rm -v /home/asu/reproducibility_of_jupyter_notebooks-1/data/outputs/repositorios_completos/ralf-42/GenAI/331c8ee931a993f19f691165d278bff6b0c81151:/workspace/repo:ro -v /home/asu/reproducibility_of_jupyter_notebooks-1/data/outputs/repositorios_completos/ralf-42/GenAI/331c8ee931a993f19f691165d278bff6b0c81151/_out/01_notebook__M17_MCP_Model_Context_Protocol.ipynb:/workspace/out -e NOTEBOOK_REL_PATH=01_notebook/M17_MCP_Model_Context_Protocol.ipynb -e TIMEOUT_SECONDS=300 -e PYTHON_VERSION_DECLARED= -e POLICY=strict -e NOTEBOOK_ID=77ee48cba877dadce0c8842b5a661a2ff7eba5a0d9912edf3ed842bdf0445652 -e RUN_ID=1763168054064-77ee48cba877dadce0c8842b5a661a2f notebook-executor python -m scripts.container_worker
2025-11-14 21:54:17,444 | WARNING | Docker returned 1. STDOUT/ERR tail:

2025-11-15 00:54:15,292 | INFO | Executing notebook: 01_notebook/M17_MCP_Model_Context_Protocol.ipynb
2025-11-15 00:54:15,292 | INFO | Timeout: 300s, Run ID: 1763168054064-77ee48cba877dadce0c8842b5a661a2f
2025-11-15 00:54:16,017 | INFO | Executing notebook with kernel: python3
2025-11-15 00:54:16,382 | INFO | ModuleNotFoundError detected: genai_lib. Attempting to install...
2025-11-15 00:54:16,958 | WARNING | Failed to install genai_lib: ERROR: Could not find a version that satisfies the requirement genai_lib (from versions: none)
ERROR: No matching distribution found for genai_lib

[notice] A new release of pip is available: 23.0.1 -> 25.3
[notice] To update, run: pip install --upgrade pip

2025-11-15 00:54:16,958 | WARNING | Failed to install genai_lib. Stopping retry.
2025-11-15 00:54:16,959 | INFO | Result written to /workspace/out/result.json

2025-11-14 21:54:17,453 | INFO | Usando repositório completo: /home/asu/reproducibility_of_jupyter_notebooks-1/data/outputs/repositorios_completos/ralf-42/GenAI/331c8ee931a993f19f691165d278bff6b0c81151
2025-11-14 21:54:17,454 | INFO | Executando via Docker: image=notebook-executor nb=01_notebook/M18_Fine_Tuning.ipynb
2025-11-14 21:54:17,454 | INFO | docker run: docker run --rm -v /home/asu/reproducibility_of_jupyter_notebooks-1/data/outputs/repositorios_completos/ralf-42/GenAI/331c8ee931a993f19f691165d278bff6b0c81151:/workspace/repo:ro -v /home/asu/reproducibility_of_jupyter_notebooks-1/data/outputs/repositorios_completos/ralf-42/GenAI/331c8ee931a993f19f691165d278bff6b0c81151/_out/01_notebook__M18_Fine_Tuning.ipynb:/workspace/out -e NOTEBOOK_REL_PATH=01_notebook/M18_Fine_Tuning.ipynb -e TIMEOUT_SECONDS=300 -e PYTHON_VERSION_DECLARED= -e POLICY=strict -e NOTEBOOK_ID=753365da6fef917b4c2378d7835f0fc3137aee98f650bd01280b183f94cddfab -e RUN_ID=1763168057454-753365da6fef917b4c2378d7835f0fc3 notebook-executor python -m scripts.container_worker
2025-11-14 21:54:20,694 | WARNING | Docker returned 1. STDOUT/ERR tail:

2025-11-15 00:54:18,658 | INFO | Executing notebook: 01_notebook/M18_Fine_Tuning.ipynb
2025-11-15 00:54:18,658 | INFO | Timeout: 300s, Run ID: 1763168057454-753365da6fef917b4c2378d7835f0fc3
2025-11-15 00:54:19,379 | INFO | Executing notebook with kernel: python3
2025-11-15 00:54:19,839 | INFO | ModuleNotFoundError detected: genai_lib. Attempting to install...
2025-11-15 00:54:20,232 | WARNING | Failed to install genai_lib: ERROR: Could not find a version that satisfies the requirement genai_lib (from versions: none)
ERROR: No matching distribution found for genai_lib

[notice] A new release of pip is available: 23.0.1 -> 25.3
[notice] To update, run: pip install --upgrade pip

2025-11-15 00:54:20,232 | WARNING | Failed to install genai_lib. Stopping retry.
2025-11-15 00:54:20,232 | INFO | Result written to /workspace/out/result.json

2025-11-14 21:54:20,700 | INFO | Usando repositório completo: /home/asu/reproducibility_of_jupyter_notebooks-1/data/outputs/repositorios_completos/Nikhild1093/Nikhild1093/4c3babba132cf87bed2845cd0f31e9ee773ddd62
2025-11-14 21:54:20,702 | INFO | Executando via Docker: image=notebook-executor nb=Neural Networks/Cancer_Prediction_Neural_Network.ipynb
2025-11-14 21:54:20,703 | INFO | docker run: docker run --rm -v /home/asu/reproducibility_of_jupyter_notebooks-1/data/outputs/repositorios_completos/Nikhild1093/Nikhild1093/4c3babba132cf87bed2845cd0f31e9ee773ddd62:/workspace/repo:ro -v /home/asu/reproducibility_of_jupyter_notebooks-1/data/outputs/repositorios_completos/Nikhild1093/Nikhild1093/4c3babba132cf87bed2845cd0f31e9ee773ddd62/_out/Neural Networks__Cancer_Prediction_Neural_Network.ipynb:/workspace/out -e NOTEBOOK_REL_PATH=Neural Networks/Cancer_Prediction_Neural_Network.ipynb -e TIMEOUT_SECONDS=300 -e PYTHON_VERSION_DECLARED= -e POLICY=strict -e NOTEBOOK_ID=8ebf714da1b8b952686f07d29d8957247c0d9d82314bee6e3c8579e90223c321 -e RUN_ID=1763168060702-8ebf714da1b8b952686f07d29d895724 notebook-executor python -m scripts.container_worker
2025-11-14 21:55:53,405 | INFO | Usando repositório completo: /home/asu/reproducibility_of_jupyter_notebooks-1/data/outputs/repositorios_completos/Nikhild1093/Nikhild1093/4c3babba132cf87bed2845cd0f31e9ee773ddd62
2025-11-14 21:55:53,405 | INFO | Executando via Docker: image=notebook-executor nb=Neural Networks/Dog_vs_Cat_Transfer_Learning.ipynb
2025-11-14 21:55:53,406 | INFO | docker run: docker run --rm -v /home/asu/reproducibility_of_jupyter_notebooks-1/data/outputs/repositorios_completos/Nikhild1093/Nikhild1093/4c3babba132cf87bed2845cd0f31e9ee773ddd62:/workspace/repo:ro -v /home/asu/reproducibility_of_jupyter_notebooks-1/data/outputs/repositorios_completos/Nikhild1093/Nikhild1093/4c3babba132cf87bed2845cd0f31e9ee773ddd62/_out/Neural Networks__Dog_vs_Cat_Transfer_Learning.ipynb:/workspace/out -e NOTEBOOK_REL_PATH=Neural Networks/Dog_vs_Cat_Transfer_Learning.ipynb -e TIMEOUT_SECONDS=300 -e PYTHON_VERSION_DECLARED= -e POLICY=strict -e NOTEBOOK_ID=c321430517df4717ab985cda6043e75de9dd9b3dba39faf137e1ec29cacbe9fc -e RUN_ID=1763168153405-c321430517df4717ab985cda6043e75d notebook-executor python -m scripts.container_worker
2025-11-14 21:56:35,126 | WARNING | Docker returned 1. STDOUT/ERR tail:

2025-11-15 00:55:54,736 | INFO | Executing notebook: Neural Networks/Dog_vs_Cat_Transfer_Learning.ipynb
2025-11-15 00:55:54,736 | INFO | Timeout: 300s, Run ID: 1763168153405-c321430517df4717ab985cda6043e75d
2025-11-15 00:55:55,463 | INFO | Executing notebook with kernel: python3
2025-11-15 00:55:55,819 | INFO | ModuleNotFoundError detected: kagglehub. Attempting to install...
2025-11-15 00:55:57,558 | INFO | Successfully installed kagglehub
2025-11-15 00:55:57,558 | INFO | Installed kagglehub. Re-executing notebook...
2025-11-15 00:55:58,101 | INFO | Executing notebook with kernel: python3
2025-11-15 00:56:30,304 | INFO | ModuleNotFoundError detected: google. Attempting to install...
2025-11-15 00:56:31,728 | INFO | Successfully installed google
2025-11-15 00:56:31,729 | INFO | Installed google. Re-executing notebook...
2025-11-15 00:56:32,433 | INFO | Executing notebook with kernel: python3
2025-11-15 00:56:34,160 | INFO | Result written to /workspace/out/result.json

2025-11-14 21:56:35,131 | INFO | Usando repositório completo: /home/asu/reproducibility_of_jupyter_notebooks-1/data/outputs/repositorios_completos/Nikhild1093/Nikhild1093/4c3babba132cf87bed2845cd0f31e9ee773ddd62
2025-11-14 21:56:35,132 | INFO | Executando via Docker: image=notebook-executor nb=Neural Networks/MNIST_digits_Recurrent_NN.ipynb
2025-11-14 21:56:35,133 | INFO | docker run: docker run --rm -v /home/asu/reproducibility_of_jupyter_notebooks-1/data/outputs/repositorios_completos/Nikhild1093/Nikhild1093/4c3babba132cf87bed2845cd0f31e9ee773ddd62:/workspace/repo:ro -v /home/asu/reproducibility_of_jupyter_notebooks-1/data/outputs/repositorios_completos/Nikhild1093/Nikhild1093/4c3babba132cf87bed2845cd0f31e9ee773ddd62/_out/Neural Networks__MNIST_digits_Recurrent_NN.ipynb:/workspace/out -e NOTEBOOK_REL_PATH=Neural Networks/MNIST_digits_Recurrent_NN.ipynb -e TIMEOUT_SECONDS=300 -e PYTHON_VERSION_DECLARED= -e POLICY=strict -e NOTEBOOK_ID=d6f1cfd79538848ed0033794a1950b7496a1cfc57155543a41cacdc68472e2f3 -e RUN_ID=1763168195132-d6f1cfd79538848ed0033794a1950b74 notebook-executor python -m scripts.container_worker
2025-11-14 21:56:39,003 | WARNING | Docker returned 1. STDOUT/ERR tail:

2025-11-15 00:56:36,317 | INFO | Executing notebook: Neural Networks/MNIST_digits_Recurrent_NN.ipynb
2025-11-15 00:56:36,317 | INFO | Timeout: 300s, Run ID: 1763168195132-d6f1cfd79538848ed0033794a1950b74
2025-11-15 00:56:37,028 | INFO | Executing notebook with kernel: python3
2025-11-15 00:56:38,551 | INFO | Result written to /workspace/out/result.json

2025-11-14 21:56:39,013 | INFO | Usando repositório completo: /home/asu/reproducibility_of_jupyter_notebooks-1/data/outputs/repositorios_completos/Nikhild1093/Nikhild1093/4c3babba132cf87bed2845cd0f31e9ee773ddd62
2025-11-14 21:56:39,013 | INFO | Executando via Docker: image=notebook-executor nb=Practice/Big_Mart_Sales_XGBoost.ipynb
2025-11-14 21:56:39,013 | INFO | docker run: docker run --rm -v /home/asu/reproducibility_of_jupyter_notebooks-1/data/outputs/repositorios_completos/Nikhild1093/Nikhild1093/4c3babba132cf87bed2845cd0f31e9ee773ddd62:/workspace/repo:ro -v /home/asu/reproducibility_of_jupyter_notebooks-1/data/outputs/repositorios_completos/Nikhild1093/Nikhild1093/4c3babba132cf87bed2845cd0f31e9ee773ddd62/_out/Practice__Big_Mart_Sales_XGBoost.ipynb:/workspace/out -e NOTEBOOK_REL_PATH=Practice/Big_Mart_Sales_XGBoost.ipynb -e TIMEOUT_SECONDS=300 -e PYTHON_VERSION_DECLARED= -e POLICY=strict -e NOTEBOOK_ID=ab20af939b03f188d56bd6851527061cc5e89beb0194263d42c93a02e23b3774 -e RUN_ID=1763168199013-ab20af939b03f188d56bd6851527061c notebook-executor python -m scripts.container_worker
2025-11-14 21:57:02,055 | INFO | Usando repositório completo: /home/asu/reproducibility_of_jupyter_notebooks-1/data/outputs/repositorios_completos/Nikhild1093/Nikhild1093/4c3babba132cf87bed2845cd0f31e9ee773ddd62
2025-11-14 21:57:02,056 | INFO | Executando via Docker: image=notebook-executor nb=Practice/Calories_PracticeBurned_Prediction_XGBoost.ipynb
2025-11-14 21:57:02,057 | INFO | docker run: docker run --rm -v /home/asu/reproducibility_of_jupyter_notebooks-1/data/outputs/repositorios_completos/Nikhild1093/Nikhild1093/4c3babba132cf87bed2845cd0f31e9ee773ddd62:/workspace/repo:ro -v /home/asu/reproducibility_of_jupyter_notebooks-1/data/outputs/repositorios_completos/Nikhild1093/Nikhild1093/4c3babba132cf87bed2845cd0f31e9ee773ddd62/_out/Practice__Calories_PracticeBurned_Prediction_XGBoost.ipynb:/workspace/out -e NOTEBOOK_REL_PATH=Practice/Calories_PracticeBurned_Prediction_XGBoost.ipynb -e TIMEOUT_SECONDS=300 -e PYTHON_VERSION_DECLARED= -e POLICY=strict -e NOTEBOOK_ID=9698efff02c64adb885fe961c5021a4f662048f779fba8cd4439e711afcbfdcd -e RUN_ID=1763168222056-9698efff02c64adb885fe961c5021a4f notebook-executor python -m scripts.container_worker
2025-11-14 21:57:24,979 | INFO | Usando repositório completo: /home/asu/reproducibility_of_jupyter_notebooks-1/data/outputs/repositorios_completos/Nikhild1093/Nikhild1093/4c3babba132cf87bed2845cd0f31e9ee773ddd62
2025-11-14 21:57:24,979 | INFO | Executando via Docker: image=notebook-executor nb=Practice/Credit_Card_Fraud_Detection_Logistic.ipynb
2025-11-14 21:57:24,980 | INFO | docker run: docker run --rm -v /home/asu/reproducibility_of_jupyter_notebooks-1/data/outputs/repositorios_completos/Nikhild1093/Nikhild1093/4c3babba132cf87bed2845cd0f31e9ee773ddd62:/workspace/repo:ro -v /home/asu/reproducibility_of_jupyter_notebooks-1/data/outputs/repositorios_completos/Nikhild1093/Nikhild1093/4c3babba132cf87bed2845cd0f31e9ee773ddd62/_out/Practice__Credit_Card_Fraud_Detection_Logistic.ipynb:/workspace/out -e NOTEBOOK_REL_PATH=Practice/Credit_Card_Fraud_Detection_Logistic.ipynb -e TIMEOUT_SECONDS=300 -e PYTHON_VERSION_DECLARED= -e POLICY=strict -e NOTEBOOK_ID=0c0f152975e4c184ecbf0e5787bfc73408521f9538124036703741d5a43ac1cc -e RUN_ID=1763168244979-0c0f152975e4c184ecbf0e5787bfc734 notebook-executor python -m scripts.container_worker
2025-11-14 21:57:40,185 | INFO | Usando repositório completo: /home/asu/reproducibility_of_jupyter_notebooks-1/data/outputs/repositorios_completos/Nikhild1093/Nikhild1093/4c3babba132cf87bed2845cd0f31e9ee773ddd62
2025-11-14 21:57:40,185 | INFO | Executando via Docker: image=notebook-executor nb=Practice/Customer_Segmentation_K_Means_Clustering.ipynb
2025-11-14 21:57:40,186 | INFO | docker run: docker run --rm -v /home/asu/reproducibility_of_jupyter_notebooks-1/data/outputs/repositorios_completos/Nikhild1093/Nikhild1093/4c3babba132cf87bed2845cd0f31e9ee773ddd62:/workspace/repo:ro -v /home/asu/reproducibility_of_jupyter_notebooks-1/data/outputs/repositorios_completos/Nikhild1093/Nikhild1093/4c3babba132cf87bed2845cd0f31e9ee773ddd62/_out/Practice__Customer_Segmentation_K_Means_Clustering.ipynb:/workspace/out -e NOTEBOOK_REL_PATH=Practice/Customer_Segmentation_K_Means_Clustering.ipynb -e TIMEOUT_SECONDS=300 -e PYTHON_VERSION_DECLARED= -e POLICY=strict -e NOTEBOOK_ID=944961bdb93a347d42e0e2bcedfdca3d3ff891f81fafd01bb900ec8aff11572c -e RUN_ID=1763168260185-944961bdb93a347d42e0e2bcedfdca3d notebook-executor python -m scripts.container_worker
2025-11-14 21:57:48,593 | WARNING | Docker returned 1. STDOUT/ERR tail:

2025-11-15 00:57:41,770 | INFO | Executing notebook: Practice/Customer_Segmentation_K_Means_Clustering.ipynb
2025-11-15 00:57:41,770 | INFO | Timeout: 300s, Run ID: 1763168260185-944961bdb93a347d42e0e2bcedfdca3d
2025-11-15 00:57:42,523 | INFO | Executing notebook with kernel: python3
2025-11-15 00:57:42,880 | INFO | ModuleNotFoundError detected: kagglehub. Attempting to install...
2025-11-15 00:57:44,781 | INFO | Successfully installed kagglehub
2025-11-15 00:57:44,781 | INFO | Installed kagglehub. Re-executing notebook...
2025-11-15 00:57:45,323 | INFO | Executing notebook with kernel: python3
2025-11-15 00:57:48,095 | INFO | Result written to /workspace/out/result.json

2025-11-14 21:57:48,599 | INFO | Usando repositório completo: /home/asu/reproducibility_of_jupyter_notebooks-1/data/outputs/repositorios_completos/Nikhild1093/Nikhild1093/4c3babba132cf87bed2845cd0f31e9ee773ddd62
2025-11-14 21:57:48,599 | INFO | Executando via Docker: image=notebook-executor nb=Practice/Diabetes_Prediction_SVM.ipynb
2025-11-14 21:57:48,600 | INFO | docker run: docker run --rm -v /home/asu/reproducibility_of_jupyter_notebooks-1/data/outputs/repositorios_completos/Nikhild1093/Nikhild1093/4c3babba132cf87bed2845cd0f31e9ee773ddd62:/workspace/repo:ro -v /home/asu/reproducibility_of_jupyter_notebooks-1/data/outputs/repositorios_completos/Nikhild1093/Nikhild1093/4c3babba132cf87bed2845cd0f31e9ee773ddd62/_out/Practice__Diabetes_Prediction_SVM.ipynb:/workspace/out -e NOTEBOOK_REL_PATH=Practice/Diabetes_Prediction_SVM.ipynb -e TIMEOUT_SECONDS=300 -e PYTHON_VERSION_DECLARED= -e POLICY=strict -e NOTEBOOK_ID=63a4d8702fc74e73fc6a29dc1a3461805c0a949f57a7bda661bd10a6f4614897 -e RUN_ID=1763168268599-63a4d8702fc74e73fc6a29dc1a346180 notebook-executor python -m scripts.container_worker
2025-11-14 21:57:52,275 | WARNING | Docker returned 1. STDOUT/ERR tail:

2025-11-15 00:57:49,856 | INFO | Executing notebook: Practice/Diabetes_Prediction_SVM.ipynb
2025-11-15 00:57:49,856 | INFO | Timeout: 300s, Run ID: 1763168268599-63a4d8702fc74e73fc6a29dc1a346180
2025-11-15 00:57:50,577 | INFO | Executing notebook with kernel: python3
2025-11-15 00:57:51,817 | INFO | Result written to /workspace/out/result.json

2025-11-14 21:57:52,281 | INFO | Usando repositório completo: /home/asu/reproducibility_of_jupyter_notebooks-1/data/outputs/repositorios_completos/Nikhild1093/Nikhild1093/4c3babba132cf87bed2845cd0f31e9ee773ddd62
2025-11-14 21:57:52,281 | INFO | Executando via Docker: image=notebook-executor nb=Practice/Fake_News_Pred_NLP.ipynb
2025-11-14 21:57:52,282 | INFO | docker run: docker run --rm -v /home/asu/reproducibility_of_jupyter_notebooks-1/data/outputs/repositorios_completos/Nikhild1093/Nikhild1093/4c3babba132cf87bed2845cd0f31e9ee773ddd62:/workspace/repo:ro -v /home/asu/reproducibility_of_jupyter_notebooks-1/data/outputs/repositorios_completos/Nikhild1093/Nikhild1093/4c3babba132cf87bed2845cd0f31e9ee773ddd62/_out/Practice__Fake_News_Pred_NLP.ipynb:/workspace/out -e NOTEBOOK_REL_PATH=Practice/Fake_News_Pred_NLP.ipynb -e TIMEOUT_SECONDS=300 -e PYTHON_VERSION_DECLARED= -e POLICY=strict -e NOTEBOOK_ID=51bac64ead40f44819a25a3e81eacfad6519d79e76f7497d8e951a8c5c1022c8 -e RUN_ID=1763168272281-51bac64ead40f44819a25a3e81eacfad notebook-executor python -m scripts.container_worker
2025-11-14 21:59:48,008 | INFO | Usando repositório completo: /home/asu/reproducibility_of_jupyter_notebooks-1/data/outputs/repositorios_completos/Nikhild1093/Nikhild1093/4c3babba132cf87bed2845cd0f31e9ee773ddd62
2025-11-14 21:59:48,008 | INFO | Executando via Docker: image=notebook-executor nb=Practice/Gold_Price_RandomForest.ipynb
2025-11-14 21:59:48,009 | INFO | docker run: docker run --rm -v /home/asu/reproducibility_of_jupyter_notebooks-1/data/outputs/repositorios_completos/Nikhild1093/Nikhild1093/4c3babba132cf87bed2845cd0f31e9ee773ddd62:/workspace/repo:ro -v /home/asu/reproducibility_of_jupyter_notebooks-1/data/outputs/repositorios_completos/Nikhild1093/Nikhild1093/4c3babba132cf87bed2845cd0f31e9ee773ddd62/_out/Practice__Gold_Price_RandomForest.ipynb:/workspace/out -e NOTEBOOK_REL_PATH=Practice/Gold_Price_RandomForest.ipynb -e TIMEOUT_SECONDS=300 -e PYTHON_VERSION_DECLARED= -e POLICY=strict -e NOTEBOOK_ID=72449cad68fae8e94259ed20a79fb7521c02834ddb2f01cf0ed8b68add7a9262 -e RUN_ID=1763168388008-72449cad68fae8e94259ed20a79fb752 notebook-executor python -m scripts.container_worker
2025-11-14 22:00:01,548 | WARNING | Docker returned 1. STDOUT/ERR tail:

2025-11-15 00:59:49,541 | INFO | Executing notebook: Practice/Gold_Price_RandomForest.ipynb
2025-11-15 00:59:49,541 | INFO | Timeout: 300s, Run ID: 1763168388008-72449cad68fae8e94259ed20a79fb752
2025-11-15 00:59:50,320 | INFO | Executing notebook with kernel: python3
2025-11-15 00:59:54,483 | INFO | ModuleNotFoundError detected: kagglehub. Attempting to install...
2025-11-15 00:59:56,031 | INFO | Successfully installed kagglehub
2025-11-15 00:59:56,031 | INFO | Installed kagglehub. Re-executing notebook...
2025-11-15 00:59:56,586 | INFO | Executing notebook with kernel: python3
2025-11-15 01:00:01,043 | INFO | Result written to /workspace/out/result.json

2025-11-14 22:00:01,558 | INFO | Usando repositório completo: /home/asu/reproducibility_of_jupyter_notebooks-1/data/outputs/repositorios_completos/Nikhild1093/Nikhild1093/4c3babba132cf87bed2845cd0f31e9ee773ddd62
2025-11-14 22:00:01,559 | INFO | Executando via Docker: image=notebook-executor nb=Practice/Loan_Status_SVM.ipynb
2025-11-14 22:00:01,561 | INFO | docker run: docker run --rm -v /home/asu/reproducibility_of_jupyter_notebooks-1/data/outputs/repositorios_completos/Nikhild1093/Nikhild1093/4c3babba132cf87bed2845cd0f31e9ee773ddd62:/workspace/repo:ro -v /home/asu/reproducibility_of_jupyter_notebooks-1/data/outputs/repositorios_completos/Nikhild1093/Nikhild1093/4c3babba132cf87bed2845cd0f31e9ee773ddd62/_out/Practice__Loan_Status_SVM.ipynb:/workspace/out -e NOTEBOOK_REL_PATH=Practice/Loan_Status_SVM.ipynb -e TIMEOUT_SECONDS=300 -e PYTHON_VERSION_DECLARED= -e POLICY=strict -e NOTEBOOK_ID=195c8215a12312407e2e89720bd34653320ecd9a4436a1b647d735597c1c196c -e RUN_ID=1763168401559-195c8215a12312407e2e89720bd34653 notebook-executor python -m scripts.container_worker
2025-11-14 22:01:43,443 | INFO | Usando repositório completo: /home/asu/reproducibility_of_jupyter_notebooks-1/data/outputs/repositorios_completos/Nikhild1093/Nikhild1093/4c3babba132cf87bed2845cd0f31e9ee773ddd62
2025-11-14 22:01:43,443 | INFO | Executando via Docker: image=notebook-executor nb=Practice/Spam_Email_Classifier_Logistic.ipynb
2025-11-14 22:01:43,444 | INFO | docker run: docker run --rm -v /home/asu/reproducibility_of_jupyter_notebooks-1/data/outputs/repositorios_completos/Nikhild1093/Nikhild1093/4c3babba132cf87bed2845cd0f31e9ee773ddd62:/workspace/repo:ro -v /home/asu/reproducibility_of_jupyter_notebooks-1/data/outputs/repositorios_completos/Nikhild1093/Nikhild1093/4c3babba132cf87bed2845cd0f31e9ee773ddd62/_out/Practice__Spam_Email_Classifier_Logistic.ipynb:/workspace/out -e NOTEBOOK_REL_PATH=Practice/Spam_Email_Classifier_Logistic.ipynb -e TIMEOUT_SECONDS=300 -e PYTHON_VERSION_DECLARED= -e POLICY=strict -e NOTEBOOK_ID=4cb5a46232f41d356539d5a6b31769c754f8113391255c89f17370a35a1b477e -e RUN_ID=1763168503443-4cb5a46232f41d356539d5a6b31769c7 notebook-executor python -m scripts.container_worker
2025-11-14 22:01:48,186 | WARNING | Docker returned 1. STDOUT/ERR tail:

2025-11-15 01:01:44,926 | INFO | Executing notebook: Practice/Spam_Email_Classifier_Logistic.ipynb
2025-11-15 01:01:44,926 | INFO | Timeout: 300s, Run ID: 1763168503443-4cb5a46232f41d356539d5a6b31769c7
2025-11-15 01:01:45,928 | INFO | Executing notebook with kernel: python3
2025-11-15 01:01:47,576 | INFO | Result written to /workspace/out/result.json

2025-11-14 22:01:48,199 | INFO | Usando repositório completo: /home/asu/reproducibility_of_jupyter_notebooks-1/data/outputs/repositorios_completos/Nikhild1093/Nikhild1093/4c3babba132cf87bed2845cd0f31e9ee773ddd62
2025-11-14 22:01:48,200 | INFO | Executando via Docker: image=notebook-executor nb=Practice/Titanic_Survival_Prediction_Logistic_Reg.ipynb
2025-11-14 22:01:48,200 | INFO | docker run: docker run --rm -v /home/asu/reproducibility_of_jupyter_notebooks-1/data/outputs/repositorios_completos/Nikhild1093/Nikhild1093/4c3babba132cf87bed2845cd0f31e9ee773ddd62:/workspace/repo:ro -v /home/asu/reproducibility_of_jupyter_notebooks-1/data/outputs/repositorios_completos/Nikhild1093/Nikhild1093/4c3babba132cf87bed2845cd0f31e9ee773ddd62/_out/Practice__Titanic_Survival_Prediction_Logistic_Reg.ipynb:/workspace/out -e NOTEBOOK_REL_PATH=Practice/Titanic_Survival_Prediction_Logistic_Reg.ipynb -e TIMEOUT_SECONDS=300 -e PYTHON_VERSION_DECLARED= -e POLICY=strict -e NOTEBOOK_ID=c7b99408f63ef42ed835a00584d292e2511024f2af791a709cb76cf64f5751cb -e RUN_ID=1763168508200-c7b99408f63ef42ed835a00584d292e2 notebook-executor python -m scripts.container_worker
2025-11-14 22:01:52,449 | WARNING | Docker returned 1. STDOUT/ERR tail:

2025-11-15 01:01:49,496 | INFO | Executing notebook: Practice/Titanic_Survival_Prediction_Logistic_Reg.ipynb
2025-11-15 01:01:49,496 | INFO | Timeout: 300s, Run ID: 1763168508200-c7b99408f63ef42ed835a00584d292e2
2025-11-15 01:01:50,228 | INFO | Executing notebook with kernel: python3
2025-11-15 01:01:51,987 | INFO | Result written to /workspace/out/result.json

2025-11-14 22:01:52,451 | INFO | Usando repositório completo: /home/asu/reproducibility_of_jupyter_notebooks-1/data/outputs/repositorios_completos/Ananta098/scraping/9a4ff76963b42b79e0761df6f3c96de423ff493c
2025-11-14 22:01:52,451 | INFO | Executando via Docker: image=notebook-executor-python312 nb=Mixkit (1).ipynb
2025-11-14 22:01:52,453 | INFO | docker run: docker run --rm -v /home/asu/reproducibility_of_jupyter_notebooks-1/data/outputs/repositorios_completos/Ananta098/scraping/9a4ff76963b42b79e0761df6f3c96de423ff493c:/workspace/repo:ro -v /home/asu/reproducibility_of_jupyter_notebooks-1/data/outputs/repositorios_completos/Ananta098/scraping/9a4ff76963b42b79e0761df6f3c96de423ff493c/_out/Mixkit (1).ipynb:/workspace/out -e NOTEBOOK_REL_PATH=Mixkit (1).ipynb -e TIMEOUT_SECONDS=300 -e PYTHON_VERSION_DECLARED=3.12 -e POLICY=strict -e NOTEBOOK_ID=9e19161f81dce341274e1bbcb45652c13bf97e036004127864da7e54a6a91651 -e RUN_ID=1763168512451-9e19161f81dce341274e1bbcb45652c1 notebook-executor-python312 python -m scripts.container_worker
2025-11-14 22:02:14,503 | INFO | Usando repositório completo: /home/asu/reproducibility_of_jupyter_notebooks-1/data/outputs/repositorios_completos/FrankYang-17/FrankYang-17.github.io/7e40684d5bd168083a0a2e356eba013286ad2ff3
2025-11-14 22:02:14,503 | INFO | Executando via Docker: image=notebook-executor-python312 nb=markdown_generator/OrcidToBib.ipynb
2025-11-14 22:02:14,505 | INFO | docker run: docker run --rm -v /home/asu/reproducibility_of_jupyter_notebooks-1/data/outputs/repositorios_completos/FrankYang-17/FrankYang-17.github.io/7e40684d5bd168083a0a2e356eba013286ad2ff3:/workspace/repo:ro -v /home/asu/reproducibility_of_jupyter_notebooks-1/data/outputs/repositorios_completos/FrankYang-17/FrankYang-17.github.io/7e40684d5bd168083a0a2e356eba013286ad2ff3/_out/markdown_generator__OrcidToBib.ipynb:/workspace/out -e NOTEBOOK_REL_PATH=markdown_generator/OrcidToBib.ipynb -e TIMEOUT_SECONDS=300 -e PYTHON_VERSION_DECLARED=3.12 -e POLICY=strict -e NOTEBOOK_ID=cd14df414b5b19a3ce29d7ed5a397424fc82baba35741f1ae315cfca536e5710 -e RUN_ID=1763168534503-cd14df414b5b19a3ce29d7ed5a397424 notebook-executor-python312 python -m scripts.container_worker
2025-11-14 22:02:17,510 | WARNING | Docker returned 1. STDOUT/ERR tail:

2025-11-15 01:02:15,728 | INFO | Executing notebook: markdown_generator/OrcidToBib.ipynb
2025-11-15 01:02:15,728 | INFO | Timeout: 300s, Run ID: 1763168534503-cd14df414b5b19a3ce29d7ed5a397424, Policy: strict
2025-11-15 01:02:15,728 | INFO | Policy is 'strict': attempting to install repository dependencies...
2025-11-15 01:02:15,728 | INFO | No repository dependency files found
2025-11-15 01:02:16,518 | INFO | Executing notebook with kernel: python3
2025-11-15 01:02:17,074 | INFO | Result written to /workspace/out/result.json

2025-11-14 22:02:17,512 | INFO | Usando repositório completo: /home/asu/reproducibility_of_jupyter_notebooks-1/data/outputs/repositorios_completos/FrankYang-17/FrankYang-17.github.io/7e40684d5bd168083a0a2e356eba013286ad2ff3
2025-11-14 22:02:17,513 | INFO | Executando via Docker: image=notebook-executor nb=markdown_generator/PubsFromBib.ipynb
2025-11-14 22:02:17,513 | INFO | docker run: docker run --rm -v /home/asu/reproducibility_of_jupyter_notebooks-1/data/outputs/repositorios_completos/FrankYang-17/FrankYang-17.github.io/7e40684d5bd168083a0a2e356eba013286ad2ff3:/workspace/repo:ro -v /home/asu/reproducibility_of_jupyter_notebooks-1/data/outputs/repositorios_completos/FrankYang-17/FrankYang-17.github.io/7e40684d5bd168083a0a2e356eba013286ad2ff3/_out/markdown_generator__PubsFromBib.ipynb:/workspace/out -e NOTEBOOK_REL_PATH=markdown_generator/PubsFromBib.ipynb -e TIMEOUT_SECONDS=300 -e PYTHON_VERSION_DECLARED=3.7 -e POLICY=strict -e NOTEBOOK_ID=aa4c5a34805f22dc64009a6ee27c53d12951a216962dfd3482d70363badaea0c -e RUN_ID=1763168537513-aa4c5a34805f22dc64009a6ee27c53d1 notebook-executor python -m scripts.container_worker
2025-11-14 22:02:23,166 | WARNING | Docker returned 1. STDOUT/ERR tail:

2025-11-15 01:02:18,704 | INFO | Executing notebook: markdown_generator/PubsFromBib.ipynb
2025-11-15 01:02:18,704 | INFO | Timeout: 300s, Run ID: 1763168537513-aa4c5a34805f22dc64009a6ee27c53d1
2025-11-15 01:02:19,419 | INFO | Executing notebook with kernel: python3
2025-11-15 01:02:19,771 | INFO | ModuleNotFoundError detected: pybtex. Attempting to install...
2025-11-15 01:02:21,648 | INFO | Successfully installed pybtex
2025-11-15 01:02:21,648 | INFO | Installed pybtex. Re-executing notebook...
2025-11-15 01:02:22,186 | INFO | Executing notebook with kernel: python3
2025-11-15 01:02:22,688 | INFO | Result written to /workspace/out/result.json

2025-11-14 22:02:23,169 | INFO | Usando repositório completo: /home/asu/reproducibility_of_jupyter_notebooks-1/data/outputs/repositorios_completos/FrankYang-17/FrankYang-17.github.io/7e40684d5bd168083a0a2e356eba013286ad2ff3
2025-11-14 22:02:23,169 | INFO | Executando via Docker: image=notebook-executor-py36 nb=markdown_generator/publications.ipynb
2025-11-14 22:02:23,170 | INFO | docker run: docker run --rm -v /home/asu/reproducibility_of_jupyter_notebooks-1/data/outputs/repositorios_completos/FrankYang-17/FrankYang-17.github.io/7e40684d5bd168083a0a2e356eba013286ad2ff3:/workspace/repo:ro -v /home/asu/reproducibility_of_jupyter_notebooks-1/data/outputs/repositorios_completos/FrankYang-17/FrankYang-17.github.io/7e40684d5bd168083a0a2e356eba013286ad2ff3/_out/markdown_generator__publications.ipynb:/workspace/out -e NOTEBOOK_REL_PATH=markdown_generator/publications.ipynb -e TIMEOUT_SECONDS=300 -e PYTHON_VERSION_DECLARED=3.6 -e POLICY=strict -e NOTEBOOK_ID=2a7ca78a5ebc1ea73f6834017af00bf5deb4de35b7c622257b22b44ce1aebacc -e RUN_ID=1763168543169-2a7ca78a5ebc1ea73f6834017af00bf5 notebook-executor-py36 python -m scripts.container_worker
2025-11-14 22:02:25,533 | WARNING | Docker returned 1. STDOUT/ERR tail:

2025-11-15 01:02:23,765 | INFO | Executing notebook: markdown_generator/publications.ipynb
2025-11-15 01:02:23,765 | INFO | Timeout: 300s, Run ID: 1763168543169-2a7ca78a5ebc1ea73f6834017af00bf5
2025-11-15 01:02:24,595 | INFO | Executing notebook with kernel: python3
2025-11-15 01:02:25,220 | INFO | ModuleNotFoundError detected: pandas. Attempting to install...
2025-11-15 01:02:25,220 | WARNING | Error installing pandas: __init__() got an unexpected keyword argument 'text'
2025-11-15 01:02:25,220 | WARNING | Failed to install pandas. Stopping retry.
2025-11-15 01:02:25,221 | INFO | Result written to /workspace/out/result.json

2025-11-14 22:02:25,536 | INFO | Usando repositório completo: /home/asu/reproducibility_of_jupyter_notebooks-1/data/outputs/repositorios_completos/FrankYang-17/FrankYang-17.github.io/7e40684d5bd168083a0a2e356eba013286ad2ff3
2025-11-14 22:02:25,536 | INFO | Executando via Docker: image=notebook-executor-py36 nb=markdown_generator/talks.ipynb
2025-11-14 22:02:25,537 | INFO | docker run: docker run --rm -v /home/asu/reproducibility_of_jupyter_notebooks-1/data/outputs/repositorios_completos/FrankYang-17/FrankYang-17.github.io/7e40684d5bd168083a0a2e356eba013286ad2ff3:/workspace/repo:ro -v /home/asu/reproducibility_of_jupyter_notebooks-1/data/outputs/repositorios_completos/FrankYang-17/FrankYang-17.github.io/7e40684d5bd168083a0a2e356eba013286ad2ff3/_out/markdown_generator__talks.ipynb:/workspace/out -e NOTEBOOK_REL_PATH=markdown_generator/talks.ipynb -e TIMEOUT_SECONDS=300 -e PYTHON_VERSION_DECLARED=3.6 -e POLICY=strict -e NOTEBOOK_ID=9563ed152d9fd56bc6f019f48a10364b8044c254ac5eda7a8141032a21f1f435 -e RUN_ID=1763168545536-9563ed152d9fd56bc6f019f48a10364b notebook-executor-py36 python -m scripts.container_worker
2025-11-14 22:02:27,303 | WARNING | Docker returned 1. STDOUT/ERR tail:

2025-11-15 01:02:25,995 | INFO | Executing notebook: markdown_generator/talks.ipynb
2025-11-15 01:02:25,995 | INFO | Timeout: 300s, Run ID: 1763168545536-9563ed152d9fd56bc6f019f48a10364b
2025-11-15 01:02:26,735 | INFO | Executing notebook with kernel: python3
2025-11-15 01:02:26,989 | INFO | ModuleNotFoundError detected: pandas. Attempting to install...
2025-11-15 01:02:26,989 | WARNING | Error installing pandas: __init__() got an unexpected keyword argument 'text'
2025-11-15 01:02:26,989 | WARNING | Failed to install pandas. Stopping retry.
2025-11-15 01:02:26,990 | INFO | Result written to /workspace/out/result.json

2025-11-14 22:02:27,305 | INFO | Usando repositório completo: /home/asu/reproducibility_of_jupyter_notebooks-1/data/outputs/repositorios_completos/FrankYang-17/FrankYang-17.github.io/7e40684d5bd168083a0a2e356eba013286ad2ff3
2025-11-14 22:02:27,361 | INFO | Executando via Docker: image=notebook-executor-py35 nb=talkmap.ipynb
2025-11-14 22:02:27,361 | INFO | docker run: docker run --rm -v /home/asu/reproducibility_of_jupyter_notebooks-1/data/outputs/repositorios_completos/FrankYang-17/FrankYang-17.github.io/7e40684d5bd168083a0a2e356eba013286ad2ff3:/workspace/repo:ro -v /home/asu/reproducibility_of_jupyter_notebooks-1/data/outputs/repositorios_completos/FrankYang-17/FrankYang-17.github.io/7e40684d5bd168083a0a2e356eba013286ad2ff3/_out/talkmap.ipynb:/workspace/out -e NOTEBOOK_REL_PATH=talkmap.ipynb -e TIMEOUT_SECONDS=300 -e PYTHON_VERSION_DECLARED=3.5 -e POLICY=strict -e NOTEBOOK_ID=9bb5f08aa906d50c02065d16364c325702156977ad57eed317f8e887525ed08d -e RUN_ID=1763168547361-9bb5f08aa906d50c02065d16364c3257 notebook-executor-py35 python -m scripts.container_worker
2025-11-14 22:02:28,031 | WARNING | Docker returned 1. STDOUT/ERR tail:

Traceback (most recent call last):
  File "/usr/local/lib/python3.5/runpy.py", line 183, in _run_module_as_main
    mod_name, mod_spec, code = _get_module_details(mod_name, _Error)
  File "/usr/local/lib/python3.5/runpy.py", line 153, in _get_module_details
    code = loader.get_code(mod_name)
  File "<frozen importlib._bootstrap_external>", line 799, in get_code
  File "<frozen importlib._bootstrap_external>", line 759, in source_to_code
  File "<frozen importlib._bootstrap>", line 222, in _call_with_frames_removed
  File "/opt/pipeline/scripts/container_worker.py", line 68
    logger.info(f"Successfully installed {pip_name}")
                                                   ^
SyntaxError: invalid syntax

2025-11-14 22:02:28,033 | INFO | Usando repositório completo: /home/asu/reproducibility_of_jupyter_notebooks-1/data/outputs/repositorios_completos/SongQingHao-Yang/SongQingHao-Yang.github.io/ea7058d6ee6ed1834495b05526d71d5c1a167fa2
2025-11-14 22:02:28,034 | INFO | Executando via Docker: image=notebook-executor-python312 nb=markdown_generator/OrcidToBib.ipynb
2025-11-14 22:02:28,035 | INFO | docker run: docker run --rm -v /home/asu/reproducibility_of_jupyter_notebooks-1/data/outputs/repositorios_completos/SongQingHao-Yang/SongQingHao-Yang.github.io/ea7058d6ee6ed1834495b05526d71d5c1a167fa2:/workspace/repo:ro -v /home/asu/reproducibility_of_jupyter_notebooks-1/data/outputs/repositorios_completos/SongQingHao-Yang/SongQingHao-Yang.github.io/ea7058d6ee6ed1834495b05526d71d5c1a167fa2/_out/markdown_generator__OrcidToBib.ipynb:/workspace/out -e NOTEBOOK_REL_PATH=markdown_generator/OrcidToBib.ipynb -e TIMEOUT_SECONDS=300 -e PYTHON_VERSION_DECLARED=3.12 -e POLICY=strict -e NOTEBOOK_ID=59f22b50952dcd764e85ddf660d2746175eea15f1148e57910e7a1a0d888c68a -e RUN_ID=1763168548034-59f22b50952dcd764e85ddf660d27461 notebook-executor-python312 python -m scripts.container_worker
2025-11-14 22:02:31,040 | WARNING | Docker returned 1. STDOUT/ERR tail:

2025-11-15 01:02:29,264 | INFO | Executing notebook: markdown_generator/OrcidToBib.ipynb
2025-11-15 01:02:29,264 | INFO | Timeout: 300s, Run ID: 1763168548034-59f22b50952dcd764e85ddf660d27461, Policy: strict
2025-11-15 01:02:29,264 | INFO | Policy is 'strict': attempting to install repository dependencies...
2025-11-15 01:02:29,264 | INFO | No repository dependency files found
2025-11-15 01:02:30,048 | INFO | Executing notebook with kernel: python3
2025-11-15 01:02:30,598 | INFO | Result written to /workspace/out/result.json

2025-11-14 22:02:31,042 | INFO | Usando repositório completo: /home/asu/reproducibility_of_jupyter_notebooks-1/data/outputs/repositorios_completos/SongQingHao-Yang/SongQingHao-Yang.github.io/ea7058d6ee6ed1834495b05526d71d5c1a167fa2
2025-11-14 22:02:31,042 | INFO | Executando via Docker: image=notebook-executor nb=markdown_generator/PubsFromBib.ipynb
2025-11-14 22:02:31,043 | INFO | docker run: docker run --rm -v /home/asu/reproducibility_of_jupyter_notebooks-1/data/outputs/repositorios_completos/SongQingHao-Yang/SongQingHao-Yang.github.io/ea7058d6ee6ed1834495b05526d71d5c1a167fa2:/workspace/repo:ro -v /home/asu/reproducibility_of_jupyter_notebooks-1/data/outputs/repositorios_completos/SongQingHao-Yang/SongQingHao-Yang.github.io/ea7058d6ee6ed1834495b05526d71d5c1a167fa2/_out/markdown_generator__PubsFromBib.ipynb:/workspace/out -e NOTEBOOK_REL_PATH=markdown_generator/PubsFromBib.ipynb -e TIMEOUT_SECONDS=300 -e PYTHON_VERSION_DECLARED=3.7 -e POLICY=strict -e NOTEBOOK_ID=6916386151832b0ef3e4050222c2c73b83900534163a459257589d359cc371f0 -e RUN_ID=1763168551042-6916386151832b0ef3e4050222c2c73b notebook-executor python -m scripts.container_worker
2025-11-14 22:02:36,604 | WARNING | Docker returned 1. STDOUT/ERR tail:

2025-11-15 01:02:32,221 | INFO | Executing notebook: markdown_generator/PubsFromBib.ipynb
2025-11-15 01:02:32,221 | INFO | Timeout: 300s, Run ID: 1763168551042-6916386151832b0ef3e4050222c2c73b
2025-11-15 01:02:32,940 | INFO | Executing notebook with kernel: python3
2025-11-15 01:02:33,191 | INFO | ModuleNotFoundError detected: pybtex. Attempting to install...
2025-11-15 01:02:34,892 | INFO | Successfully installed pybtex
2025-11-15 01:02:34,892 | INFO | Installed pybtex. Re-executing notebook...
2025-11-15 01:02:35,626 | INFO | Executing notebook with kernel: python3
2025-11-15 01:02:36,121 | INFO | Result written to /workspace/out/result.json

2025-11-14 22:02:36,607 | INFO | Usando repositório completo: /home/asu/reproducibility_of_jupyter_notebooks-1/data/outputs/repositorios_completos/SongQingHao-Yang/SongQingHao-Yang.github.io/ea7058d6ee6ed1834495b05526d71d5c1a167fa2
2025-11-14 22:02:36,607 | INFO | Executando via Docker: image=notebook-executor-py36 nb=markdown_generator/publications.ipynb
2025-11-14 22:02:36,607 | INFO | docker run: docker run --rm -v /home/asu/reproducibility_of_jupyter_notebooks-1/data/outputs/repositorios_completos/SongQingHao-Yang/SongQingHao-Yang.github.io/ea7058d6ee6ed1834495b05526d71d5c1a167fa2:/workspace/repo:ro -v /home/asu/reproducibility_of_jupyter_notebooks-1/data/outputs/repositorios_completos/SongQingHao-Yang/SongQingHao-Yang.github.io/ea7058d6ee6ed1834495b05526d71d5c1a167fa2/_out/markdown_generator__publications.ipynb:/workspace/out -e NOTEBOOK_REL_PATH=markdown_generator/publications.ipynb -e TIMEOUT_SECONDS=300 -e PYTHON_VERSION_DECLARED=3.6 -e POLICY=strict -e NOTEBOOK_ID=774f0d9dc4806c1015e59918597746c692346672b898955073a3170a8ca47b71 -e RUN_ID=1763168556607-774f0d9dc4806c1015e59918597746c6 notebook-executor-py36 python -m scripts.container_worker
2025-11-14 22:02:38,737 | WARNING | Docker returned 1. STDOUT/ERR tail:

2025-11-15 01:02:37,060 | INFO | Executing notebook: markdown_generator/publications.ipynb
2025-11-15 01:02:37,061 | INFO | Timeout: 300s, Run ID: 1763168556607-774f0d9dc4806c1015e59918597746c6
2025-11-15 01:02:37,804 | INFO | Executing notebook with kernel: python3
2025-11-15 01:02:38,420 | INFO | ModuleNotFoundError detected: pandas. Attempting to install...
2025-11-15 01:02:38,420 | WARNING | Error installing pandas: __init__() got an unexpected keyword argument 'text'
2025-11-15 01:02:38,420 | WARNING | Failed to install pandas. Stopping retry.
2025-11-15 01:02:38,421 | INFO | Result written to /workspace/out/result.json

2025-11-14 22:02:38,740 | INFO | Usando repositório completo: /home/asu/reproducibility_of_jupyter_notebooks-1/data/outputs/repositorios_completos/SongQingHao-Yang/SongQingHao-Yang.github.io/ea7058d6ee6ed1834495b05526d71d5c1a167fa2
2025-11-14 22:02:38,740 | INFO | Executando via Docker: image=notebook-executor-py36 nb=markdown_generator/talks.ipynb
2025-11-14 22:02:38,741 | INFO | docker run: docker run --rm -v /home/asu/reproducibility_of_jupyter_notebooks-1/data/outputs/repositorios_completos/SongQingHao-Yang/SongQingHao-Yang.github.io/ea7058d6ee6ed1834495b05526d71d5c1a167fa2:/workspace/repo:ro -v /home/asu/reproducibility_of_jupyter_notebooks-1/data/outputs/repositorios_completos/SongQingHao-Yang/SongQingHao-Yang.github.io/ea7058d6ee6ed1834495b05526d71d5c1a167fa2/_out/markdown_generator__talks.ipynb:/workspace/out -e NOTEBOOK_REL_PATH=markdown_generator/talks.ipynb -e TIMEOUT_SECONDS=300 -e PYTHON_VERSION_DECLARED=3.6 -e POLICY=strict -e NOTEBOOK_ID=34374ea91bddf46b6364bff54a9b773034bfb2b249587555682e053bf7af9f2d -e RUN_ID=1763168558741-34374ea91bddf46b6364bff54a9b7730 notebook-executor-py36 python -m scripts.container_worker
2025-11-14 22:02:40,537 | WARNING | Docker returned 1. STDOUT/ERR tail:

2025-11-15 01:02:39,199 | INFO | Executing notebook: markdown_generator/talks.ipynb
2025-11-15 01:02:39,199 | INFO | Timeout: 300s, Run ID: 1763168558741-34374ea91bddf46b6364bff54a9b7730
2025-11-15 01:02:39,942 | INFO | Executing notebook with kernel: python3
2025-11-15 01:02:40,196 | INFO | ModuleNotFoundError detected: pandas. Attempting to install...
2025-11-15 01:02:40,197 | WARNING | Error installing pandas: __init__() got an unexpected keyword argument 'text'
2025-11-15 01:02:40,197 | WARNING | Failed to install pandas. Stopping retry.
2025-11-15 01:02:40,197 | INFO | Result written to /workspace/out/result.json

2025-11-14 22:02:40,541 | INFO | Usando repositório completo: /home/asu/reproducibility_of_jupyter_notebooks-1/data/outputs/repositorios_completos/SongQingHao-Yang/SongQingHao-Yang.github.io/ea7058d6ee6ed1834495b05526d71d5c1a167fa2
2025-11-14 22:02:40,541 | INFO | Executando via Docker: image=notebook-executor-py35 nb=talkmap.ipynb
2025-11-14 22:02:40,542 | INFO | docker run: docker run --rm -v /home/asu/reproducibility_of_jupyter_notebooks-1/data/outputs/repositorios_completos/SongQingHao-Yang/SongQingHao-Yang.github.io/ea7058d6ee6ed1834495b05526d71d5c1a167fa2:/workspace/repo:ro -v /home/asu/reproducibility_of_jupyter_notebooks-1/data/outputs/repositorios_completos/SongQingHao-Yang/SongQingHao-Yang.github.io/ea7058d6ee6ed1834495b05526d71d5c1a167fa2/_out/talkmap.ipynb:/workspace/out -e NOTEBOOK_REL_PATH=talkmap.ipynb -e TIMEOUT_SECONDS=300 -e PYTHON_VERSION_DECLARED=3.5 -e POLICY=strict -e NOTEBOOK_ID=97a61492fc47f5f51fc9fbac94cd0c308bdb2628904e5477e5f6a50f06fe8ee5 -e RUN_ID=1763168560541-97a61492fc47f5f51fc9fbac94cd0c30 notebook-executor-py35 python -m scripts.container_worker
2025-11-14 22:02:41,169 | WARNING | Docker returned 1. STDOUT/ERR tail:

Traceback (most recent call last):
  File "/usr/local/lib/python3.5/runpy.py", line 183, in _run_module_as_main
    mod_name, mod_spec, code = _get_module_details(mod_name, _Error)
  File "/usr/local/lib/python3.5/runpy.py", line 153, in _get_module_details
    code = loader.get_code(mod_name)
  File "<frozen importlib._bootstrap_external>", line 799, in get_code
  File "<frozen importlib._bootstrap_external>", line 759, in source_to_code
  File "<frozen importlib._bootstrap>", line 222, in _call_with_frames_removed
  File "/opt/pipeline/scripts/container_worker.py", line 68
    logger.info(f"Successfully installed {pip_name}")
                                                   ^
SyntaxError: invalid syntax

2025-11-14 22:02:41,341 | INFO | Usando repositório completo: /home/asu/reproducibility_of_jupyter_notebooks-1/data/outputs/repositorios_completos/espada105/Satellite_image_processing/a50e4fa36d277f814de897560efcd843e153333c
2025-11-14 22:02:41,341 | INFO | Executando via Docker: image=notebook-executor-python38 nb=road_segmentation/road_segmentation_test_v01.ipynb
2025-11-14 22:02:41,343 | INFO | docker run: docker run --rm -v /home/asu/reproducibility_of_jupyter_notebooks-1/data/outputs/repositorios_completos/espada105/Satellite_image_processing/a50e4fa36d277f814de897560efcd843e153333c:/workspace/repo:ro -v /home/asu/reproducibility_of_jupyter_notebooks-1/data/outputs/repositorios_completos/espada105/Satellite_image_processing/a50e4fa36d277f814de897560efcd843e153333c/_out/road_segmentation__road_segmentation_test_v01.ipynb:/workspace/out -e NOTEBOOK_REL_PATH=road_segmentation/road_segmentation_test_v01.ipynb -e TIMEOUT_SECONDS=300 -e PYTHON_VERSION_DECLARED=3.8 -e POLICY=strict -e NOTEBOOK_ID=91cde24695231d4d76110489638de5b83584c55883bc784e08d4996def47ff11 -e RUN_ID=1763168561341-91cde24695231d4d76110489638de5b8 notebook-executor-python38 python -m scripts.container_worker
2025-11-14 22:02:53,317 | WARNING | Docker returned 1. STDOUT/ERR tail:

 version: 0.0.10 Requires-Python >=3.9.0,<4.0; 0.0.11 Requires-Python >=3.9.0,<4.0; 0.0.12 Requires-Python >=3.9.0,<4.0; 0.0.13 Requires-Python >=3.9.0,<4.0; 0.0.14 Requires-Python >=3.9.0,<4.0; 0.0.15 Requires-Python >=3.9.0,<4.0; 0.0.16 Requires-Python >=3.9.0,<4.0; 0.0.17 Requires-Python >=3.9.0,<4.0; 0.0.18 Requires-Python >=3.9.0,<4.0; 0.0.19 Requires-Python >=3.9.0,<4.0; 0.0.20 Requires-Python >=3.9.0,<4.0; 0.0.21 Require
2025-11-15 01:02:49,156 | INFO | Repository dependency installation completed (may have succeeded or failed)
2025-11-15 01:02:50,045 | INFO | Executing notebook with kernel: python3
2025-11-15 01:02:50,318 | INFO | ModuleNotFoundError detected: google. Attempting to install...
2025-11-15 01:02:51,919 | INFO | Successfully installed google
2025-11-15 01:02:51,919 | INFO | Installed google. Re-executing notebook...
2025-11-15 01:02:52,716 | INFO | Executing notebook with kernel: python3
2025-11-15 01:02:52,959 | INFO | Result written to /workspace/out/result.json

2025-11-14 22:02:53,341 | INFO | Usando repositório completo: /home/asu/reproducibility_of_jupyter_notebooks-1/data/outputs/repositorios_completos/tux2won/self_study/3d975bbadbbe7c8436eb95a2ceb567ee26f45b06
2025-11-14 22:02:53,341 | INFO | Executando via Docker: image=notebook-executor nb=01_the_machine_learning_landscape.ipynb
2025-11-14 22:02:53,343 | INFO | docker run: docker run --rm -v /home/asu/reproducibility_of_jupyter_notebooks-1/data/outputs/repositorios_completos/tux2won/self_study/3d975bbadbbe7c8436eb95a2ceb567ee26f45b06:/workspace/repo:ro -v /home/asu/reproducibility_of_jupyter_notebooks-1/data/outputs/repositorios_completos/tux2won/self_study/3d975bbadbbe7c8436eb95a2ceb567ee26f45b06/_out/01_the_machine_learning_landscape.ipynb:/workspace/out -e NOTEBOOK_REL_PATH=01_the_machine_learning_landscape.ipynb -e TIMEOUT_SECONDS=300 -e PYTHON_VERSION_DECLARED=3.7 -e POLICY=strict -e NOTEBOOK_ID=0b333237703cd6eac81c42a1844d38b3b4ed4ac2f0e59ea1fe36cc2db7f027e5 -e RUN_ID=1763168573341-0b333237703cd6eac81c42a1844d38b3 notebook-executor python -m scripts.container_worker
2025-11-14 22:02:59,840 | WARNING | Docker returned 1. STDOUT/ERR tail:

2025-11-15 01:02:54,560 | INFO | Executing notebook: 01_the_machine_learning_landscape.ipynb
2025-11-15 01:02:54,560 | INFO | Timeout: 300s, Run ID: 1763168573341-0b333237703cd6eac81c42a1844d38b3
2025-11-15 01:02:55,275 | INFO | Executing notebook with kernel: python3
2025-11-15 01:02:59,365 | INFO | Result written to /workspace/out/result.json

2025-11-14 22:02:59,891 | INFO | Usando repositório completo: /home/asu/reproducibility_of_jupyter_notebooks-1/data/outputs/repositorios_completos/tux2won/self_study/3d975bbadbbe7c8436eb95a2ceb567ee26f45b06
2025-11-14 22:02:59,891 | INFO | Executando via Docker: image=notebook-executor nb=02_end_to_end_machine_learning_project.ipynb
2025-11-14 22:02:59,892 | INFO | docker run: docker run --rm -v /home/asu/reproducibility_of_jupyter_notebooks-1/data/outputs/repositorios_completos/tux2won/self_study/3d975bbadbbe7c8436eb95a2ceb567ee26f45b06:/workspace/repo:ro -v /home/asu/reproducibility_of_jupyter_notebooks-1/data/outputs/repositorios_completos/tux2won/self_study/3d975bbadbbe7c8436eb95a2ceb567ee26f45b06/_out/02_end_to_end_machine_learning_project.ipynb:/workspace/out -e NOTEBOOK_REL_PATH=02_end_to_end_machine_learning_project.ipynb -e TIMEOUT_SECONDS=300 -e PYTHON_VERSION_DECLARED=3.7 -e POLICY=strict -e NOTEBOOK_ID=935b881e81c7381a6787d0b7293d20b15f5f906eec249803b87a7bd4c2a7cdd0 -e RUN_ID=1763168579891-935b881e81c7381a6787d0b7293d20b1 notebook-executor python -m scripts.container_worker
2025-11-14 22:03:12,599 | WARNING | Docker returned 1. STDOUT/ERR tail:

2025-11-15 01:03:01,071 | INFO | Executing notebook: 02_end_to_end_machine_learning_project.ipynb
2025-11-15 01:03:01,071 | INFO | Timeout: 300s, Run ID: 1763168579891-935b881e81c7381a6787d0b7293d20b1
2025-11-15 01:03:01,810 | INFO | Executing notebook with kernel: python3
2025-11-15 01:03:12,120 | INFO | Result written to /workspace/out/result.json

2025-11-14 22:03:12,636 | INFO | Usando repositório completo: /home/asu/reproducibility_of_jupyter_notebooks-1/data/outputs/repositorios_completos/tux2won/self_study/3d975bbadbbe7c8436eb95a2ceb567ee26f45b06
2025-11-14 22:03:12,636 | INFO | Executando via Docker: image=notebook-executor nb=03_classification.ipynb
2025-11-14 22:03:12,637 | INFO | docker run: docker run --rm -v /home/asu/reproducibility_of_jupyter_notebooks-1/data/outputs/repositorios_completos/tux2won/self_study/3d975bbadbbe7c8436eb95a2ceb567ee26f45b06:/workspace/repo:ro -v /home/asu/reproducibility_of_jupyter_notebooks-1/data/outputs/repositorios_completos/tux2won/self_study/3d975bbadbbe7c8436eb95a2ceb567ee26f45b06/_out/03_classification.ipynb:/workspace/out -e NOTEBOOK_REL_PATH=03_classification.ipynb -e TIMEOUT_SECONDS=300 -e PYTHON_VERSION_DECLARED=3.7 -e POLICY=strict -e NOTEBOOK_ID=a1da9149b747760d95feba46a697d3e6da2a08b4331e9bb27e9eb9e997f5abc6 -e RUN_ID=1763168592636-a1da9149b747760d95feba46a697d3e6 notebook-executor python -m scripts.container_worker
2025-11-14 22:09:12,752 | INFO | Usando repositório completo: /home/asu/reproducibility_of_jupyter_notebooks-1/data/outputs/repositorios_completos/tux2won/self_study/3d975bbadbbe7c8436eb95a2ceb567ee26f45b06
2025-11-14 22:09:12,752 | INFO | Executando via Docker: image=notebook-executor nb=04_training_linear_models.ipynb
2025-11-14 22:09:12,752 | INFO | docker run: docker run --rm -v /home/asu/reproducibility_of_jupyter_notebooks-1/data/outputs/repositorios_completos/tux2won/self_study/3d975bbadbbe7c8436eb95a2ceb567ee26f45b06:/workspace/repo:ro -v /home/asu/reproducibility_of_jupyter_notebooks-1/data/outputs/repositorios_completos/tux2won/self_study/3d975bbadbbe7c8436eb95a2ceb567ee26f45b06/_out/04_training_linear_models.ipynb:/workspace/out -e NOTEBOOK_REL_PATH=04_training_linear_models.ipynb -e TIMEOUT_SECONDS=300 -e PYTHON_VERSION_DECLARED=3.7 -e POLICY=strict -e NOTEBOOK_ID=6dee6797d12b8bab3ae2b9d00d592d12e856dadc54d983942a1424adb6f99c3f -e RUN_ID=1763168952752-6dee6797d12b8bab3ae2b9d00d592d12 notebook-executor python -m scripts.container_worker
2025-11-14 22:09:23,965 | WARNING | Docker returned 1. STDOUT/ERR tail:

2025-11-15 01:09:14,097 | INFO | Executing notebook: 04_training_linear_models.ipynb
2025-11-15 01:09:14,097 | INFO | Timeout: 300s, Run ID: 1763168952752-6dee6797d12b8bab3ae2b9d00d592d12
2025-11-15 01:09:14,842 | INFO | Executing notebook with kernel: python3
2025-11-15 01:09:23,275 | INFO | Result written to /workspace/out/result.json

2025-11-14 22:09:24,001 | INFO | Usando repositório completo: /home/asu/reproducibility_of_jupyter_notebooks-1/data/outputs/repositorios_completos/tux2won/self_study/3d975bbadbbe7c8436eb95a2ceb567ee26f45b06
2025-11-14 22:09:24,002 | INFO | Executando via Docker: image=notebook-executor nb=05_support_vector_machines.ipynb
2025-11-14 22:09:24,003 | INFO | docker run: docker run --rm -v /home/asu/reproducibility_of_jupyter_notebooks-1/data/outputs/repositorios_completos/tux2won/self_study/3d975bbadbbe7c8436eb95a2ceb567ee26f45b06:/workspace/repo:ro -v /home/asu/reproducibility_of_jupyter_notebooks-1/data/outputs/repositorios_completos/tux2won/self_study/3d975bbadbbe7c8436eb95a2ceb567ee26f45b06/_out/05_support_vector_machines.ipynb:/workspace/out -e NOTEBOOK_REL_PATH=05_support_vector_machines.ipynb -e TIMEOUT_SECONDS=300 -e PYTHON_VERSION_DECLARED=3.7 -e POLICY=strict -e NOTEBOOK_ID=2f73a87da0ac8bb0864e417e01c65103d86763dfa990da7adee33dc0b8895675 -e RUN_ID=1763168964002-2f73a87da0ac8bb0864e417e01c65103 notebook-executor python -m scripts.container_worker
2025-11-14 22:09:32,855 | WARNING | Docker returned 1. STDOUT/ERR tail:

2025-11-15 01:09:25,396 | INFO | Executing notebook: 05_support_vector_machines.ipynb
2025-11-15 01:09:25,397 | INFO | Timeout: 300s, Run ID: 1763168964002-2f73a87da0ac8bb0864e417e01c65103
2025-11-15 01:09:26,133 | INFO | Executing notebook with kernel: python3
2025-11-15 01:09:32,243 | INFO | Result written to /workspace/out/result.json

/home/asu/reproducibility_of_jupyter_notebooks-1/.venv-for-project/lib/python3.13/site-packages/nbformat/__init__.py:96: MissingIDFieldWarning: Cell is missing an id field, this will become a hard error in future nbformat versions. You may want to use `normalize()` on your notebooks before validations (available since nbformat 5.1.4). Previous versions of nbformat are fixing this issue transparently, and will stop doing so in the future.
  validate(nb)
2025-11-14 22:09:32,871 | INFO | Usando repositório completo: /home/asu/reproducibility_of_jupyter_notebooks-1/data/outputs/repositorios_completos/mirhnius/data-engineer-handbook/8a5896790698c9c2afd3a63174def764867955c0
2025-11-14 22:09:32,871 | INFO | Executando via Docker: image=notebook-executor-python39 nb=intermediate-bootcamp/materials/3-spark-fundamentals/notebooks/event_data_pyspark.ipynb
2025-11-14 22:09:32,873 | INFO | docker run: docker run --rm -v /home/asu/reproducibility_of_jupyter_notebooks-1/data/outputs/repositorios_completos/mirhnius/data-engineer-handbook/8a5896790698c9c2afd3a63174def764867955c0:/workspace/repo:ro -v /home/asu/reproducibility_of_jupyter_notebooks-1/data/outputs/repositorios_completos/mirhnius/data-engineer-handbook/8a5896790698c9c2afd3a63174def764867955c0/_out/intermediate-bootcamp__materials__3-spark-fundamentals__notebooks__event_data_pyspark.ipynb:/workspace/out -e NOTEBOOK_REL_PATH=intermediate-bootcamp/materials/3-spark-fundamentals/notebooks/event_data_pyspark.ipynb -e TIMEOUT_SECONDS=300 -e PYTHON_VERSION_DECLARED=3.9 -e POLICY=strict -e NOTEBOOK_ID=7075ced64812c50728a07b844da20e5b4dff2ca5826ffa1c9d72499608a33f1d -e RUN_ID=1763168972871-7075ced64812c50728a07b844da20e5b notebook-executor-python39 python -m scripts.container_worker
2025-11-14 22:12:19,351 | WARNING | Docker returned 1. STDOUT/ERR tail:

2025-11-15 01:09:34,423 | INFO | Executing notebook: intermediate-bootcamp/materials/3-spark-fundamentals/notebooks/event_data_pyspark.ipynb
2025-11-15 01:09:34,423 | INFO | Timeout: 300s, Run ID: 1763168972871-7075ced64812c50728a07b844da20e5b, Policy: strict
2025-11-15 01:09:34,423 | INFO | Policy is 'strict': attempting to install repository dependencies...
2025-11-15 01:09:34,423 | INFO | No repository dependency files found
2025-11-15 01:09:35,232 | INFO | Executing notebook with kernel: python3
2025-11-15 01:09:35,585 | INFO | ModuleNotFoundError detected: pyspark. Attempting to install...
2025-11-15 01:12:04,368 | INFO | Successfully installed pyspark
2025-11-15 01:12:04,368 | INFO | Installed pyspark. Re-executing notebook...
2025-11-15 01:12:05,266 | INFO | Executing notebook with kernel: python3
JAVA_HOME is not set
2025-11-15 01:12:06,178 | INFO | Result written to /workspace/out/result.json

2025-11-14 22:12:19,355 | INFO | Usando repositório completo: /home/asu/reproducibility_of_jupyter_notebooks-1/data/outputs/repositorios_completos/WimCasteels/WimCasteels.github.io/d7e70ddd276fc85719e5b2213f860c9e142260d5
2025-11-14 22:12:19,355 | INFO | Executando via Docker: image=notebook-executor-py36 nb=assets/jupyter/blog.ipynb
2025-11-14 22:12:19,358 | INFO | docker run: docker run --rm -v /home/asu/reproducibility_of_jupyter_notebooks-1/data/outputs/repositorios_completos/WimCasteels/WimCasteels.github.io/d7e70ddd276fc85719e5b2213f860c9e142260d5:/workspace/repo:ro -v /home/asu/reproducibility_of_jupyter_notebooks-1/data/outputs/repositorios_completos/WimCasteels/WimCasteels.github.io/d7e70ddd276fc85719e5b2213f860c9e142260d5/_out/assets__jupyter__blog.ipynb:/workspace/out -e NOTEBOOK_REL_PATH=assets/jupyter/blog.ipynb -e TIMEOUT_SECONDS=300 -e PYTHON_VERSION_DECLARED=3.6 -e POLICY=strict -e NOTEBOOK_ID=1afedfabcda0d7be04eb73ae3dc84189c8f8d289a067cbc77ccbdda87ede7b33 -e RUN_ID=1763169139355-1afedfabcda0d7be04eb73ae3dc84189 notebook-executor-py36 python -m scripts.container_worker
2025-11-14 22:12:21,834 | INFO | Usando repositório completo: /home/asu/reproducibility_of_jupyter_notebooks-1/data/outputs/repositorios_completos/gurkirat309/Face-Emotion-Detection/688fb2b328d5abf21af21c0a67a23f4a2000771c
2025-11-14 22:12:21,835 | INFO | Executando via Docker: image=notebook-executor nb=trainmodel.ipynb
2025-11-14 22:12:21,837 | INFO | docker run: docker run --rm -v /home/asu/reproducibility_of_jupyter_notebooks-1/data/outputs/repositorios_completos/gurkirat309/Face-Emotion-Detection/688fb2b328d5abf21af21c0a67a23f4a2000771c:/workspace/repo:ro -v /home/asu/reproducibility_of_jupyter_notebooks-1/data/outputs/repositorios_completos/gurkirat309/Face-Emotion-Detection/688fb2b328d5abf21af21c0a67a23f4a2000771c/_out/trainmodel.ipynb:/workspace/out -e NOTEBOOK_REL_PATH=trainmodel.ipynb -e TIMEOUT_SECONDS=300 -e PYTHON_VERSION_DECLARED=3.10 -e POLICY=strict -e NOTEBOOK_ID=f14957e4efd47dcbff9e88fd0cf9eff915bfd866cf883bf41662d7b70a5a617f -e RUN_ID=1763169141835-f14957e4efd47dcbff9e88fd0cf9eff9 notebook-executor python -m scripts.container_worker
2025-11-14 22:13:51,571 | WARNING | Docker returned 1. STDOUT/ERR tail:

 01:13:45.243135: I tensorflow/core/util/port.cc:153] oneDNN custom operations are on. You may see slightly different numerical results due to floating-point round-off errors from different computation orders. To turn them off, set the environment variable `TF_ENABLE_ONEDNN_OPTS=0`.
2025-11-15 01:13:45.295253: I tensorflow/core/platform/cpu_feature_guard.cc:210] This TensorFlow binary is optimized to use available CPU instructions in performance-critical operations.
To enable the following instructions: AVX2 AVX512F AVX512_VNNI AVX512_BF16 FMA, in other operations, rebuild TensorFlow with the appropriate compiler flags.
2025-11-15 01:13:46.527562: I tensorflow/core/util/port.cc:153] oneDNN custom operations are on. You may see slightly different numerical results due to floating-point round-off errors from different computation orders. To turn them off, set the environment variable `TF_ENABLE_ONEDNN_OPTS=0`.
2025-11-15 01:13:49,137 | INFO | Result written to /workspace/out/result.json

2025-11-14 22:13:51,589 | INFO | Usando repositório completo: /home/asu/reproducibility_of_jupyter_notebooks-1/data/outputs/repositorios_completos/DharmpratapSingh/LoanDefaultPrediction/27dc83bbaa02220da43e8a90632b7dcdde910a20
2025-11-14 22:13:51,590 | INFO | Executando via Docker: image=notebook-executor-python311 nb=notebooks/LoanDefaultPrediction.ipynb
2025-11-14 22:13:51,592 | INFO | docker run: docker run --rm -v /home/asu/reproducibility_of_jupyter_notebooks-1/data/outputs/repositorios_completos/DharmpratapSingh/LoanDefaultPrediction/27dc83bbaa02220da43e8a90632b7dcdde910a20:/workspace/repo:ro -v /home/asu/reproducibility_of_jupyter_notebooks-1/data/outputs/repositorios_completos/DharmpratapSingh/LoanDefaultPrediction/27dc83bbaa02220da43e8a90632b7dcdde910a20/_out/notebooks__LoanDefaultPrediction.ipynb:/workspace/out -e NOTEBOOK_REL_PATH=notebooks/LoanDefaultPrediction.ipynb -e TIMEOUT_SECONDS=300 -e PYTHON_VERSION_DECLARED=3.11 -e POLICY=strict -e NOTEBOOK_ID=e00ab20b39cc98ebe70b9e42f9968c9e6fd95a6513c86d629b7885ed2f7f0da0 -e RUN_ID=1763169231590-e00ab20b39cc98ebe70b9e42f9968c9e notebook-executor-python311 python -m scripts.container_worker
2025-11-14 22:14:02,783 | WARNING | Docker returned 1. STDOUT/ERR tail:

2025-11-15 01:13:53,020 | INFO | Executing notebook: notebooks/LoanDefaultPrediction.ipynb
2025-11-15 01:13:53,020 | INFO | Timeout: 300s, Run ID: 1763169231590-e00ab20b39cc98ebe70b9e42f9968c9e
2025-11-15 01:13:54,257 | INFO | Executing notebook with kernel: python3
2025-11-15 01:13:57,142 | INFO | ModuleNotFoundError detected: imblearn. Attempting to install...
2025-11-15 01:13:59,257 | INFO | Successfully installed imblearn
2025-11-15 01:13:59,257 | INFO | Installed imblearn. Re-executing notebook...
2025-11-15 01:13:59,999 | INFO | Executing notebook with kernel: python3
2025-11-15 01:14:02,244 | INFO | Result written to /workspace/out/result.json

2025-11-14 22:14:02,787 | INFO | Usando repositório completo: /home/asu/reproducibility_of_jupyter_notebooks-1/data/outputs/repositorios_completos/joy-z-zhang/joy-z-zhang.github.io/1b894b49dcc07c51aca8987f47b96cd43d9597c8
2025-11-14 22:14:02,787 | INFO | Executando via Docker: image=notebook-executor-python312 nb=markdown_generator/OrcidToBib.ipynb
2025-11-14 22:14:02,789 | INFO | docker run: docker run --rm -v /home/asu/reproducibility_of_jupyter_notebooks-1/data/outputs/repositorios_completos/joy-z-zhang/joy-z-zhang.github.io/1b894b49dcc07c51aca8987f47b96cd43d9597c8:/workspace/repo:ro -v /home/asu/reproducibility_of_jupyter_notebooks-1/data/outputs/repositorios_completos/joy-z-zhang/joy-z-zhang.github.io/1b894b49dcc07c51aca8987f47b96cd43d9597c8/_out/markdown_generator__OrcidToBib.ipynb:/workspace/out -e NOTEBOOK_REL_PATH=markdown_generator/OrcidToBib.ipynb -e TIMEOUT_SECONDS=300 -e PYTHON_VERSION_DECLARED=3.12 -e POLICY=strict -e NOTEBOOK_ID=6ed251644c668b5955cf9a2c88ea20ec9a86fc8f58e3854263aa4a104bf314d5 -e RUN_ID=1763169242787-6ed251644c668b5955cf9a2c88ea20ec notebook-executor-python312 python -m scripts.container_worker
2025-11-14 22:14:06,532 | WARNING | Docker returned 1. STDOUT/ERR tail:

2025-11-15 01:14:04,105 | INFO | Executing notebook: markdown_generator/OrcidToBib.ipynb
2025-11-15 01:14:04,105 | INFO | Timeout: 300s, Run ID: 1763169242787-6ed251644c668b5955cf9a2c88ea20ec, Policy: strict
2025-11-15 01:14:04,105 | INFO | Policy is 'strict': attempting to install repository dependencies...
2025-11-15 01:14:04,105 | INFO | No repository dependency files found
2025-11-15 01:14:04,963 | INFO | Executing notebook with kernel: python3
2025-11-15 01:14:05,943 | INFO | Result written to /workspace/out/result.json

2025-11-14 22:14:06,535 | INFO | Usando repositório completo: /home/asu/reproducibility_of_jupyter_notebooks-1/data/outputs/repositorios_completos/joy-z-zhang/joy-z-zhang.github.io/1b894b49dcc07c51aca8987f47b96cd43d9597c8
2025-11-14 22:14:06,535 | INFO | Executando via Docker: image=notebook-executor nb=markdown_generator/PubsFromBib.ipynb
2025-11-14 22:14:06,536 | INFO | docker run: docker run --rm -v /home/asu/reproducibility_of_jupyter_notebooks-1/data/outputs/repositorios_completos/joy-z-zhang/joy-z-zhang.github.io/1b894b49dcc07c51aca8987f47b96cd43d9597c8:/workspace/repo:ro -v /home/asu/reproducibility_of_jupyter_notebooks-1/data/outputs/repositorios_completos/joy-z-zhang/joy-z-zhang.github.io/1b894b49dcc07c51aca8987f47b96cd43d9597c8/_out/markdown_generator__PubsFromBib.ipynb:/workspace/out -e NOTEBOOK_REL_PATH=markdown_generator/PubsFromBib.ipynb -e TIMEOUT_SECONDS=300 -e PYTHON_VERSION_DECLARED=3.7 -e POLICY=strict -e NOTEBOOK_ID=0add483de20026b2a3a6ffffe2c5dc3eff6ccd5d68340027cc4d6f8677495125 -e RUN_ID=1763169246535-0add483de20026b2a3a6ffffe2c5dc3e notebook-executor python -m scripts.container_worker
2025-11-14 22:14:12,588 | WARNING | Docker returned 1. STDOUT/ERR tail:

2025-11-15 01:14:07,857 | INFO | Executing notebook: markdown_generator/PubsFromBib.ipynb
2025-11-15 01:14:07,857 | INFO | Timeout: 300s, Run ID: 1763169246535-0add483de20026b2a3a6ffffe2c5dc3e
2025-11-15 01:14:08,601 | INFO | Executing notebook with kernel: python3
2025-11-15 01:14:08,962 | INFO | ModuleNotFoundError detected: pybtex. Attempting to install...
2025-11-15 01:14:10,854 | INFO | Successfully installed pybtex
2025-11-15 01:14:10,855 | INFO | Installed pybtex. Re-executing notebook...
2025-11-15 01:14:11,397 | INFO | Executing notebook with kernel: python3
2025-11-15 01:14:11,937 | INFO | Result written to /workspace/out/result.json

2025-11-14 22:14:12,592 | INFO | Usando repositório completo: /home/asu/reproducibility_of_jupyter_notebooks-1/data/outputs/repositorios_completos/joy-z-zhang/joy-z-zhang.github.io/1b894b49dcc07c51aca8987f47b96cd43d9597c8
2025-11-14 22:14:12,592 | INFO | Executando via Docker: image=notebook-executor-py36 nb=markdown_generator/publications.ipynb
2025-11-14 22:14:12,593 | INFO | docker run: docker run --rm -v /home/asu/reproducibility_of_jupyter_notebooks-1/data/outputs/repositorios_completos/joy-z-zhang/joy-z-zhang.github.io/1b894b49dcc07c51aca8987f47b96cd43d9597c8:/workspace/repo:ro -v /home/asu/reproducibility_of_jupyter_notebooks-1/data/outputs/repositorios_completos/joy-z-zhang/joy-z-zhang.github.io/1b894b49dcc07c51aca8987f47b96cd43d9597c8/_out/markdown_generator__publications.ipynb:/workspace/out -e NOTEBOOK_REL_PATH=markdown_generator/publications.ipynb -e TIMEOUT_SECONDS=300 -e PYTHON_VERSION_DECLARED=3.6 -e POLICY=strict -e NOTEBOOK_ID=f86f2dac6c6bc3b8741818fa5ec3697dd6da358c69d993bfde88254e790cebc9 -e RUN_ID=1763169252592-f86f2dac6c6bc3b8741818fa5ec3697d notebook-executor-py36 python -m scripts.container_worker
2025-11-14 22:14:15,088 | WARNING | Docker returned 1. STDOUT/ERR tail:

2025-11-15 01:14:13,220 | INFO | Executing notebook: markdown_generator/publications.ipynb
2025-11-15 01:14:13,220 | INFO | Timeout: 300s, Run ID: 1763169252592-f86f2dac6c6bc3b8741818fa5ec3697d
2025-11-15 01:14:14,038 | INFO | Executing notebook with kernel: python3
2025-11-15 01:14:14,662 | INFO | ModuleNotFoundError detected: pandas. Attempting to install...
2025-11-15 01:14:14,662 | WARNING | Error installing pandas: __init__() got an unexpected keyword argument 'text'
2025-11-15 01:14:14,662 | WARNING | Failed to install pandas. Stopping retry.
2025-11-15 01:14:14,663 | INFO | Result written to /workspace/out/result.json

2025-11-14 22:14:15,091 | INFO | Usando repositório completo: /home/asu/reproducibility_of_jupyter_notebooks-1/data/outputs/repositorios_completos/joy-z-zhang/joy-z-zhang.github.io/1b894b49dcc07c51aca8987f47b96cd43d9597c8
2025-11-14 22:14:15,092 | INFO | Executando via Docker: image=notebook-executor-py36 nb=markdown_generator/talks.ipynb
2025-11-14 22:14:15,093 | INFO | docker run: docker run --rm -v /home/asu/reproducibility_of_jupyter_notebooks-1/data/outputs/repositorios_completos/joy-z-zhang/joy-z-zhang.github.io/1b894b49dcc07c51aca8987f47b96cd43d9597c8:/workspace/repo:ro -v /home/asu/reproducibility_of_jupyter_notebooks-1/data/outputs/repositorios_completos/joy-z-zhang/joy-z-zhang.github.io/1b894b49dcc07c51aca8987f47b96cd43d9597c8/_out/markdown_generator__talks.ipynb:/workspace/out -e NOTEBOOK_REL_PATH=markdown_generator/talks.ipynb -e TIMEOUT_SECONDS=300 -e PYTHON_VERSION_DECLARED=3.6 -e POLICY=strict -e NOTEBOOK_ID=5011e4c2e15269ad831700a9652527b7051fa32760ea76ce3f278fa226867c04 -e RUN_ID=1763169255092-5011e4c2e15269ad831700a9652527b7 notebook-executor-py36 python -m scripts.container_worker
2025-11-14 22:14:17,116 | WARNING | Docker returned 1. STDOUT/ERR tail:

2025-11-15 01:14:15,590 | INFO | Executing notebook: markdown_generator/talks.ipynb
2025-11-15 01:14:15,590 | INFO | Timeout: 300s, Run ID: 1763169255092-5011e4c2e15269ad831700a9652527b7
2025-11-15 01:14:16,471 | INFO | Executing notebook with kernel: python3
2025-11-15 01:14:16,728 | INFO | ModuleNotFoundError detected: pandas. Attempting to install...
2025-11-15 01:14:16,728 | WARNING | Error installing pandas: __init__() got an unexpected keyword argument 'text'
2025-11-15 01:14:16,728 | WARNING | Failed to install pandas. Stopping retry.
2025-11-15 01:14:16,729 | INFO | Result written to /workspace/out/result.json

2025-11-14 22:14:17,118 | INFO | Usando repositório completo: /home/asu/reproducibility_of_jupyter_notebooks-1/data/outputs/repositorios_completos/joy-z-zhang/joy-z-zhang.github.io/1b894b49dcc07c51aca8987f47b96cd43d9597c8
2025-11-14 22:14:17,118 | INFO | Executando via Docker: image=notebook-executor-py35 nb=talkmap.ipynb
2025-11-14 22:14:17,119 | INFO | docker run: docker run --rm -v /home/asu/reproducibility_of_jupyter_notebooks-1/data/outputs/repositorios_completos/joy-z-zhang/joy-z-zhang.github.io/1b894b49dcc07c51aca8987f47b96cd43d9597c8:/workspace/repo:ro -v /home/asu/reproducibility_of_jupyter_notebooks-1/data/outputs/repositorios_completos/joy-z-zhang/joy-z-zhang.github.io/1b894b49dcc07c51aca8987f47b96cd43d9597c8/_out/talkmap.ipynb:/workspace/out -e NOTEBOOK_REL_PATH=talkmap.ipynb -e TIMEOUT_SECONDS=300 -e PYTHON_VERSION_DECLARED=3.5 -e POLICY=strict -e NOTEBOOK_ID=d5b5f0c5699de2ee9cabcacb95a8b680ac6dc7488dbeddee242c1092740637cb -e RUN_ID=1763169257118-d5b5f0c5699de2ee9cabcacb95a8b680 notebook-executor-py35 python -m scripts.container_worker
2025-11-14 22:14:17,816 | WARNING | Docker returned 1. STDOUT/ERR tail:

Traceback (most recent call last):
  File "/usr/local/lib/python3.5/runpy.py", line 183, in _run_module_as_main
    mod_name, mod_spec, code = _get_module_details(mod_name, _Error)
  File "/usr/local/lib/python3.5/runpy.py", line 153, in _get_module_details
    code = loader.get_code(mod_name)
  File "<frozen importlib._bootstrap_external>", line 799, in get_code
  File "<frozen importlib._bootstrap_external>", line 759, in source_to_code
  File "<frozen importlib._bootstrap>", line 222, in _call_with_frames_removed
  File "/opt/pipeline/scripts/container_worker.py", line 68
    logger.info(f"Successfully installed {pip_name}")
                                                   ^
SyntaxError: invalid syntax

2025-11-14 22:14:17,830 | INFO | Usando repositório completo: /home/asu/reproducibility_of_jupyter_notebooks-1/data/outputs/repositorios_completos/HeyLucasLeao/tinyshift/f3816c5ea6b772e553e7cb14f7fb931064125376
2025-11-14 22:14:17,830 | INFO | Executando via Docker: image=notebook-executor-python312 nb=tinyshift/examples/decomp_mstl_ml.ipynb
2025-11-14 22:14:17,833 | INFO | docker run: docker run --rm -v /home/asu/reproducibility_of_jupyter_notebooks-1/data/outputs/repositorios_completos/HeyLucasLeao/tinyshift/f3816c5ea6b772e553e7cb14f7fb931064125376:/workspace/repo:ro -v /home/asu/reproducibility_of_jupyter_notebooks-1/data/outputs/repositorios_completos/HeyLucasLeao/tinyshift/f3816c5ea6b772e553e7cb14f7fb931064125376/_out/tinyshift__examples__decomp_mstl_ml.ipynb:/workspace/out -e NOTEBOOK_REL_PATH=tinyshift/examples/decomp_mstl_ml.ipynb -e TIMEOUT_SECONDS=300 -e PYTHON_VERSION_DECLARED=3.12 -e POLICY=strict -e NOTEBOOK_ID=b84710187c93af9d6c716ef62f61c3913e0c1499cfc3e12f5cabd3794d88fe74 -e RUN_ID=1763169257830-b84710187c93af9d6c716ef62f61c391 notebook-executor-python312 python -m scripts.container_worker
2025-11-14 22:14:56,255 | WARNING | Docker returned 1. STDOUT/ERR tail:

tFoundError detected: statsforecast. Attempting to install...
2025-11-15 01:14:42,016 | INFO | Successfully installed statsforecast
2025-11-15 01:14:42,016 | INFO | Installed statsforecast. Re-executing notebook...
2025-11-15 01:14:42,686 | INFO | Executing notebook with kernel: python3
2025-11-15 01:14:44,630 | INFO | ModuleNotFoundError detected: mlforecast. Attempting to install...
2025-11-15 01:14:46,300 | INFO | Successfully installed mlforecast
2025-11-15 01:14:46,300 | INFO | Installed mlforecast. Re-executing notebook...
2025-11-15 01:14:47,058 | INFO | Executing notebook with kernel: python3
2025-11-15 01:14:48,962 | INFO | ModuleNotFoundError detected: lightgbm. Attempting to install...
2025-11-15 01:14:50,035 | INFO | Successfully installed lightgbm
2025-11-15 01:14:50,035 | INFO | Installed lightgbm. Re-executing notebook...
2025-11-15 01:14:50,782 | INFO | Executing notebook with kernel: python3
2025-11-15 01:14:55,081 | INFO | Result written to /workspace/out/result.json

2025-11-14 22:14:56,267 | INFO | Usando repositório completo: /home/asu/reproducibility_of_jupyter_notebooks-1/data/outputs/repositorios_completos/HeyLucasLeao/tinyshift/f3816c5ea6b772e553e7cb14f7fb931064125376
2025-11-14 22:14:56,267 | INFO | Executando via Docker: image=notebook-executor-python312 nb=tinyshift/examples/drift.ipynb
2025-11-14 22:14:56,268 | INFO | docker run: docker run --rm -v /home/asu/reproducibility_of_jupyter_notebooks-1/data/outputs/repositorios_completos/HeyLucasLeao/tinyshift/f3816c5ea6b772e553e7cb14f7fb931064125376:/workspace/repo:ro -v /home/asu/reproducibility_of_jupyter_notebooks-1/data/outputs/repositorios_completos/HeyLucasLeao/tinyshift/f3816c5ea6b772e553e7cb14f7fb931064125376/_out/tinyshift__examples__drift.ipynb:/workspace/out -e NOTEBOOK_REL_PATH=tinyshift/examples/drift.ipynb -e TIMEOUT_SECONDS=300 -e PYTHON_VERSION_DECLARED=3.12 -e POLICY=strict -e NOTEBOOK_ID=a47fa4f500aac52e390374abe0ce6f11d0e9562424f144ef21e12fb49bfbd951 -e RUN_ID=1763169296267-a47fa4f500aac52e390374abe0ce6f11 notebook-executor-python312 python -m scripts.container_worker
2025-11-14 22:15:08,891 | INFO | Usando repositório completo: /home/asu/reproducibility_of_jupyter_notebooks-1/data/outputs/repositorios_completos/HeyLucasLeao/tinyshift/f3816c5ea6b772e553e7cb14f7fb931064125376
2025-11-14 22:15:08,891 | INFO | Executando via Docker: image=notebook-executor-python312 nb=tinyshift/examples/outlier.ipynb
2025-11-14 22:15:08,892 | INFO | docker run: docker run --rm -v /home/asu/reproducibility_of_jupyter_notebooks-1/data/outputs/repositorios_completos/HeyLucasLeao/tinyshift/f3816c5ea6b772e553e7cb14f7fb931064125376:/workspace/repo:ro -v /home/asu/reproducibility_of_jupyter_notebooks-1/data/outputs/repositorios_completos/HeyLucasLeao/tinyshift/f3816c5ea6b772e553e7cb14f7fb931064125376/_out/tinyshift__examples__outlier.ipynb:/workspace/out -e NOTEBOOK_REL_PATH=tinyshift/examples/outlier.ipynb -e TIMEOUT_SECONDS=300 -e PYTHON_VERSION_DECLARED=3.12 -e POLICY=strict -e NOTEBOOK_ID=d8567f17419eccca36fb5e1b57406ba590f0b2cd8273c816bbd6a33495b8185e -e RUN_ID=1763169308891-d8567f17419eccca36fb5e1b57406ba5 notebook-executor-python312 python -m scripts.container_worker
2025-11-14 22:15:17,301 | WARNING | Docker returned 1. STDOUT/ERR tail:

0,491 | INFO | Policy is 'strict': attempting to install repository dependencies...
2025-11-15 01:15:10,491 | INFO | Found pyproject.toml, attempting to install...
2025-11-15 01:15:12,856 | WARNING | Failed to install from pyproject.toml:   error: subprocess-exited-with-error
  
  × Getting requirements to build wheel did not run successfully.
  │ exit code: 1
  ╰─> [3 lines of output]
      running egg_info
      creating tinyshift.egg-info
      error: could not create 'tinyshift.egg-info': Read-only file system
      [end of output]
  
  note: This error originates from a subprocess, and is likely not a problem with pip.

[notice] A new release of pip is available: 25.0.1 -> 25.3
[notice] To update, run: pip install --upgrade 
2025-11-15 01:15:12,857 | INFO | Repository dependency installation completed (may have succeeded or failed)
2025-11-15 01:15:13,854 | INFO | Executing notebook with kernel: python3
2025-11-15 01:15:16,718 | INFO | Result written to /workspace/out/result.json

2025-11-14 22:15:17,325 | INFO | Usando repositório completo: /home/asu/reproducibility_of_jupyter_notebooks-1/data/outputs/repositorios_completos/HeyLucasLeao/tinyshift/f3816c5ea6b772e553e7cb14f7fb931064125376
2025-11-14 22:15:17,325 | INFO | Executando via Docker: image=notebook-executor-python312 nb=tinyshift/examples/series.ipynb
2025-11-14 22:15:17,326 | INFO | docker run: docker run --rm -v /home/asu/reproducibility_of_jupyter_notebooks-1/data/outputs/repositorios_completos/HeyLucasLeao/tinyshift/f3816c5ea6b772e553e7cb14f7fb931064125376:/workspace/repo:ro -v /home/asu/reproducibility_of_jupyter_notebooks-1/data/outputs/repositorios_completos/HeyLucasLeao/tinyshift/f3816c5ea6b772e553e7cb14f7fb931064125376/_out/tinyshift__examples__series.ipynb:/workspace/out -e NOTEBOOK_REL_PATH=tinyshift/examples/series.ipynb -e TIMEOUT_SECONDS=300 -e PYTHON_VERSION_DECLARED=3.12 -e POLICY=strict -e NOTEBOOK_ID=e84c630ed173bd97073fd7bcda737d2a79b666446eaf324717102f93cefed4cc -e RUN_ID=1763169317325-e84c630ed173bd97073fd7bcda737d2a notebook-executor-python312 python -m scripts.container_worker
2025-11-14 22:15:34,284 | WARNING | Docker returned 1. STDOUT/ERR tail:

wheel did not run successfully.
  │ exit code: 1
  ╰─> [3 lines of output]
      running egg_info
      creating tinyshift.egg-info
      error: could not create 'tinyshift.egg-info': Read-only file system
      [end of output]
  
  note: This error originates from a subprocess, and is likely not a problem with pip.

[notice] A new release of pip is available: 25.0.1 -> 25.3
[notice] To update, run: pip install --upgrade 
2025-11-15 01:15:20,566 | INFO | Repository dependency installation completed (may have succeeded or failed)
2025-11-15 01:15:21,410 | INFO | Executing notebook with kernel: python3
2025-11-15 01:15:21,775 | INFO | ModuleNotFoundError detected: yfinance. Attempting to install...
2025-11-15 01:15:27,651 | INFO | Successfully installed yfinance
2025-11-15 01:15:27,651 | INFO | Installed yfinance. Re-executing notebook...
2025-11-15 01:15:28,385 | INFO | Executing notebook with kernel: python3
2025-11-15 01:15:33,588 | INFO | Result written to /workspace/out/result.json

2025-11-14 22:15:34,290 | INFO | Usando repositório completo: /home/asu/reproducibility_of_jupyter_notebooks-1/data/outputs/repositorios_completos/HeyLucasLeao/tinyshift/f3816c5ea6b772e553e7cb14f7fb931064125376
2025-11-14 22:15:34,290 | INFO | Executando via Docker: image=notebook-executor nb=tinyshift/examples/transaction_analyzer.ipynb
2025-11-14 22:15:34,291 | INFO | docker run: docker run --rm -v /home/asu/reproducibility_of_jupyter_notebooks-1/data/outputs/repositorios_completos/HeyLucasLeao/tinyshift/f3816c5ea6b772e553e7cb14f7fb931064125376:/workspace/repo:ro -v /home/asu/reproducibility_of_jupyter_notebooks-1/data/outputs/repositorios_completos/HeyLucasLeao/tinyshift/f3816c5ea6b772e553e7cb14f7fb931064125376/_out/tinyshift__examples__transaction_analyzer.ipynb:/workspace/out -e NOTEBOOK_REL_PATH=tinyshift/examples/transaction_analyzer.ipynb -e TIMEOUT_SECONDS=300 -e PYTHON_VERSION_DECLARED=3.10 -e POLICY=strict -e NOTEBOOK_ID=138713f25ded4a036631bb08d13f3afa4b07f44c38bfc6ec1029224d215a1faa -e RUN_ID=1763169334290-138713f25ded4a036631bb08d13f3afa notebook-executor python -m scripts.container_worker
2025-11-14 22:15:38,223 | WARNING | Docker returned 1. STDOUT/ERR tail:

2025-11-15 01:15:35,631 | INFO | Executing notebook: tinyshift/examples/transaction_analyzer.ipynb
2025-11-15 01:15:35,631 | INFO | Timeout: 300s, Run ID: 1763169334290-138713f25ded4a036631bb08d13f3afa
2025-11-15 01:15:36,376 | INFO | Executing notebook with kernel: python3
2025-11-15 01:15:37,560 | INFO | Result written to /workspace/out/result.json

2025-11-14 22:15:38,238 | INFO | Usando repositório completo: /home/asu/reproducibility_of_jupyter_notebooks-1/data/outputs/repositorios_completos/HeyLucasLeao/tinyshift/f3816c5ea6b772e553e7cb14f7fb931064125376
2025-11-14 22:15:38,239 | INFO | Executando via Docker: image=notebook-executor-python312 nb=tinyshift/examples/ts_diagnostics.ipynb
2025-11-14 22:15:38,240 | INFO | docker run: docker run --rm -v /home/asu/reproducibility_of_jupyter_notebooks-1/data/outputs/repositorios_completos/HeyLucasLeao/tinyshift/f3816c5ea6b772e553e7cb14f7fb931064125376:/workspace/repo:ro -v /home/asu/reproducibility_of_jupyter_notebooks-1/data/outputs/repositorios_completos/HeyLucasLeao/tinyshift/f3816c5ea6b772e553e7cb14f7fb931064125376/_out/tinyshift__examples__ts_diagnostics.ipynb:/workspace/out -e NOTEBOOK_REL_PATH=tinyshift/examples/ts_diagnostics.ipynb -e TIMEOUT_SECONDS=300 -e PYTHON_VERSION_DECLARED=3.12 -e POLICY=strict -e NOTEBOOK_ID=d91757ae65006333cc71a5138e1cf638c88b6c549a89bc0fed0e71b0d83f1518 -e RUN_ID=1763169338239-d91757ae65006333cc71a5138e1cf638 notebook-executor-python312 python -m scripts.container_worker
2025-11-14 22:15:46,146 | WARNING | Docker returned 1. STDOUT/ERR tail:

un successfully.
  │ exit code: 1
  ╰─> [3 lines of output]
      running egg_info
      creating tinyshift.egg-info
      error: could not create 'tinyshift.egg-info': Read-only file system
      [end of output]
  
  note: This error originates from a subprocess, and is likely not a problem with pip.

[notice] A new release of pip is available: 25.0.1 -> 25.3
[notice] To update, run: pip install --upgrade 
2025-11-15 01:15:41,550 | INFO | Repository dependency installation completed (may have succeeded or failed)
2025-11-15 01:15:42,645 | INFO | Executing notebook with kernel: python3
2025-11-15 01:15:42,977 | INFO | ModuleNotFoundError detected: utilsforecast. Attempting to install...
2025-11-15 01:15:43,686 | INFO | Successfully installed utilsforecast
2025-11-15 01:15:43,686 | INFO | Installed utilsforecast. Re-executing notebook...
2025-11-15 01:15:44,227 | INFO | Executing notebook with kernel: python3
2025-11-15 01:15:45,629 | INFO | Result written to /workspace/out/result.json

2025-11-14 22:15:46,149 | INFO | Usando repositório completo: /home/asu/reproducibility_of_jupyter_notebooks-1/data/outputs/repositorios_completos/Robert-T-Remuszka/ImmigrationTfp/827480f64a69a3f8208b89c27361170bd1a20b1c
2025-11-14 22:15:46,150 | INFO | Executando via Docker: image=notebook-executor-python312 nb=code/AcsPull.ipynb
2025-11-14 22:15:46,152 | INFO | docker run: docker run --rm -v /home/asu/reproducibility_of_jupyter_notebooks-1/data/outputs/repositorios_completos/Robert-T-Remuszka/ImmigrationTfp/827480f64a69a3f8208b89c27361170bd1a20b1c:/workspace/repo:ro -v /home/asu/reproducibility_of_jupyter_notebooks-1/data/outputs/repositorios_completos/Robert-T-Remuszka/ImmigrationTfp/827480f64a69a3f8208b89c27361170bd1a20b1c/_out/code__AcsPull.ipynb:/workspace/out -e NOTEBOOK_REL_PATH=code/AcsPull.ipynb -e TIMEOUT_SECONDS=300 -e PYTHON_VERSION_DECLARED=3.12 -e POLICY=strict -e NOTEBOOK_ID=e1e17ed0c3b055736bc76db82b9bf005ce926c22afae127a5e6155f11cc3b9d9 -e RUN_ID=1763169346150-e1e17ed0c3b055736bc76db82b9bf005 notebook-executor-python312 python -m scripts.container_worker
2025-11-14 22:16:00,874 | WARNING | Docker returned 1. STDOUT/ERR tail:

d0c3b055736bc76db82b9bf005, Policy: strict
2025-11-15 01:15:47,437 | INFO | Policy is 'strict': attempting to install repository dependencies...
2025-11-15 01:15:47,438 | INFO | No repository dependency files found
2025-11-15 01:15:48,510 | INFO | Executing notebook with kernel: python3
2025-11-15 01:15:49,219 | INFO | ModuleNotFoundError detected: ipumspy. Attempting to install...
2025-11-15 01:15:56,020 | INFO | Successfully installed ipumspy
2025-11-15 01:15:56,020 | INFO | Installed ipumspy. Re-executing notebook...
2025-11-15 01:15:56,839 | INFO | Executing notebook with kernel: python3
2025-11-15 01:15:57,595 | INFO | ModuleNotFoundError detected: Credentials. Attempting to install...
2025-11-15 01:15:58,631 | INFO | Successfully installed Credentials
2025-11-15 01:15:58,631 | INFO | Installed Credentials. Re-executing notebook...
2025-11-15 01:15:59,366 | INFO | Executing notebook with kernel: python3
2025-11-15 01:16:00,101 | INFO | Result written to /workspace/out/result.json

2025-11-14 22:16:00,879 | INFO | Usando repositório completo: /home/asu/reproducibility_of_jupyter_notebooks-1/data/outputs/repositorios_completos/Robert-T-Remuszka/ImmigrationTfp/827480f64a69a3f8208b89c27361170bd1a20b1c
2025-11-14 22:16:00,879 | INFO | Executando via Docker: image=notebook-executor-py313 nb=code/BeaPull.ipynb
2025-11-14 22:16:00,880 | INFO | docker run: docker run --rm -v /home/asu/reproducibility_of_jupyter_notebooks-1/data/outputs/repositorios_completos/Robert-T-Remuszka/ImmigrationTfp/827480f64a69a3f8208b89c27361170bd1a20b1c:/workspace/repo:ro -v /home/asu/reproducibility_of_jupyter_notebooks-1/data/outputs/repositorios_completos/Robert-T-Remuszka/ImmigrationTfp/827480f64a69a3f8208b89c27361170bd1a20b1c/_out/code__BeaPull.ipynb:/workspace/out -e NOTEBOOK_REL_PATH=code/BeaPull.ipynb -e TIMEOUT_SECONDS=300 -e PYTHON_VERSION_DECLARED=3.13 -e POLICY=strict -e NOTEBOOK_ID=b0c5a70795fa3aebc41a363c1b5f3cbdba01c118078116fc845b079c7aa0f51b -e RUN_ID=1763169360879-b0c5a70795fa3aebc41a363c1b5f3cbd notebook-executor-py313 python -m scripts.container_worker
2025-11-14 22:16:09,363 | WARNING | Docker returned 1. STDOUT/ERR tail:

2025-11-15 01:16:02,304 | INFO | Executing notebook: code/BeaPull.ipynb
2025-11-15 01:16:02,304 | INFO | Timeout: 300s, Run ID: 1763169360879-b0c5a70795fa3aebc41a363c1b5f3cbd
2025-11-15 01:16:03,236 | INFO | Executing notebook with kernel: python3
2025-11-15 01:16:03,587 | INFO | ModuleNotFoundError detected: beaapi. Attempting to install...
2025-11-15 01:16:04,874 | INFO | Successfully installed beaapi
2025-11-15 01:16:04,874 | INFO | Installed beaapi. Re-executing notebook...
2025-11-15 01:16:05,414 | INFO | Executing notebook with kernel: python3
2025-11-15 01:16:06,699 | INFO | ModuleNotFoundError detected: Credentials. Attempting to install...
2025-11-15 01:16:07,335 | INFO | Successfully installed Credentials
2025-11-15 01:16:07,335 | INFO | Installed Credentials. Re-executing notebook...
2025-11-15 01:16:08,114 | INFO | Executing notebook with kernel: python3
2025-11-15 01:16:08,758 | INFO | Result written to /workspace/out/result.json

2025-11-14 22:16:09,367 | INFO | Usando repositório completo: /home/asu/reproducibility_of_jupyter_notebooks-1/data/outputs/repositorios_completos/Robert-T-Remuszka/ImmigrationTfp/827480f64a69a3f8208b89c27361170bd1a20b1c
2025-11-14 22:16:09,367 | INFO | Executando via Docker: image=notebook-executor-python312 nb=code/CpsPull.ipynb
2025-11-14 22:16:09,368 | INFO | docker run: docker run --rm -v /home/asu/reproducibility_of_jupyter_notebooks-1/data/outputs/repositorios_completos/Robert-T-Remuszka/ImmigrationTfp/827480f64a69a3f8208b89c27361170bd1a20b1c:/workspace/repo:ro -v /home/asu/reproducibility_of_jupyter_notebooks-1/data/outputs/repositorios_completos/Robert-T-Remuszka/ImmigrationTfp/827480f64a69a3f8208b89c27361170bd1a20b1c/_out/code__CpsPull.ipynb:/workspace/out -e NOTEBOOK_REL_PATH=code/CpsPull.ipynb -e TIMEOUT_SECONDS=300 -e PYTHON_VERSION_DECLARED=3.12 -e POLICY=strict -e NOTEBOOK_ID=fc250ac57c230ce9eca027ca99038ef9865086f2948c2b725f2af05b937ad629 -e RUN_ID=1763169369367-fc250ac57c230ce9eca027ca99038ef9 notebook-executor-python312 python -m scripts.container_worker
2025-11-14 22:16:22,546 | WARNING | Docker returned 1. STDOUT/ERR tail:

c57c230ce9eca027ca99038ef9, Policy: strict
2025-11-15 01:16:10,727 | INFO | Policy is 'strict': attempting to install repository dependencies...
2025-11-15 01:16:10,727 | INFO | No repository dependency files found
2025-11-15 01:16:11,810 | INFO | Executing notebook with kernel: python3
2025-11-15 01:16:12,556 | INFO | ModuleNotFoundError detected: ipumspy. Attempting to install...
2025-11-15 01:16:18,139 | INFO | Successfully installed ipumspy
2025-11-15 01:16:18,139 | INFO | Installed ipumspy. Re-executing notebook...
2025-11-15 01:16:18,920 | INFO | Executing notebook with kernel: python3
2025-11-15 01:16:19,675 | INFO | ModuleNotFoundError detected: Credentials. Attempting to install...
2025-11-15 01:16:20,332 | INFO | Successfully installed Credentials
2025-11-15 01:16:20,332 | INFO | Installed Credentials. Re-executing notebook...
2025-11-15 01:16:21,074 | INFO | Executing notebook with kernel: python3
2025-11-15 01:16:21,825 | INFO | Result written to /workspace/out/result.json

2025-11-14 22:16:22,548 | INFO | Usando repositório completo: /home/asu/reproducibility_of_jupyter_notebooks-1/data/outputs/repositorios_completos/Robert-T-Remuszka/ImmigrationTfp/827480f64a69a3f8208b89c27361170bd1a20b1c
2025-11-14 22:16:22,548 | INFO | Executando via Docker: image=notebook-executor-python312 nb=code/FredPull.ipynb
2025-11-14 22:16:22,549 | INFO | docker run: docker run --rm -v /home/asu/reproducibility_of_jupyter_notebooks-1/data/outputs/repositorios_completos/Robert-T-Remuszka/ImmigrationTfp/827480f64a69a3f8208b89c27361170bd1a20b1c:/workspace/repo:ro -v /home/asu/reproducibility_of_jupyter_notebooks-1/data/outputs/repositorios_completos/Robert-T-Remuszka/ImmigrationTfp/827480f64a69a3f8208b89c27361170bd1a20b1c/_out/code__FredPull.ipynb:/workspace/out -e NOTEBOOK_REL_PATH=code/FredPull.ipynb -e TIMEOUT_SECONDS=300 -e PYTHON_VERSION_DECLARED=3.12 -e POLICY=strict -e NOTEBOOK_ID=e230cf385e10a13d06b997635b484d8902a3cb1bb37522acc05ef154b032ef6d -e RUN_ID=1763169382548-e230cf385e10a13d06b997635b484d89 notebook-executor-python312 python -m scripts.container_worker
2025-11-14 22:16:27,262 | WARNING | Docker returned 1. STDOUT/ERR tail:

2025-11-15 01:16:23,868 | INFO | Executing notebook: code/FredPull.ipynb
2025-11-15 01:16:23,868 | INFO | Timeout: 300s, Run ID: 1763169382548-e230cf385e10a13d06b997635b484d89, Policy: strict
2025-11-15 01:16:23,868 | INFO | Policy is 'strict': attempting to install repository dependencies...
2025-11-15 01:16:23,868 | INFO | No repository dependency files found
2025-11-15 01:16:24,715 | INFO | Executing notebook with kernel: python3
2025-11-15 01:16:25,072 | INFO | ModuleNotFoundError detected: Credentials. Attempting to install...
2025-11-15 01:16:25,831 | INFO | Successfully installed Credentials
2025-11-15 01:16:25,831 | INFO | Installed Credentials. Re-executing notebook...
2025-11-15 01:16:26,371 | INFO | Executing notebook with kernel: python3
2025-11-15 01:16:26,703 | INFO | Result written to /workspace/out/result.json

2025-11-14 22:16:27,281 | INFO | Usando repositório completo: /home/asu/reproducibility_of_jupyter_notebooks-1/data/outputs/repositorios_completos/Robert-T-Remuszka/ImmigrationTfp/827480f64a69a3f8208b89c27361170bd1a20b1c
2025-11-14 22:16:27,282 | INFO | Executando via Docker: image=notebook-executor-python312 nb=code/MakeStateAnalysis.ipynb
2025-11-14 22:16:27,283 | INFO | docker run: docker run --rm -v /home/asu/reproducibility_of_jupyter_notebooks-1/data/outputs/repositorios_completos/Robert-T-Remuszka/ImmigrationTfp/827480f64a69a3f8208b89c27361170bd1a20b1c:/workspace/repo:ro -v /home/asu/reproducibility_of_jupyter_notebooks-1/data/outputs/repositorios_completos/Robert-T-Remuszka/ImmigrationTfp/827480f64a69a3f8208b89c27361170bd1a20b1c/_out/code__MakeStateAnalysis.ipynb:/workspace/out -e NOTEBOOK_REL_PATH=code/MakeStateAnalysis.ipynb -e TIMEOUT_SECONDS=300 -e PYTHON_VERSION_DECLARED=3.12 -e POLICY=strict -e NOTEBOOK_ID=800af1223b680718e714e6822e645c9058995847bac5e2276392280bee55b04a -e RUN_ID=1763169387282-800af1223b680718e714e6822e645c90 notebook-executor-python312 python -m scripts.container_worker
2025-11-14 22:16:40,272 | WARNING | Docker returned 1. STDOUT/ERR tail:

223b680718e714e6822e645c90, Policy: strict
2025-11-15 01:16:28,583 | INFO | Policy is 'strict': attempting to install repository dependencies...
2025-11-15 01:16:28,583 | INFO | No repository dependency files found
2025-11-15 01:16:29,423 | INFO | Executing notebook with kernel: python3
2025-11-15 01:16:30,248 | INFO | ModuleNotFoundError detected: ipumspy. Attempting to install...
2025-11-15 01:16:35,910 | INFO | Successfully installed ipumspy
2025-11-15 01:16:35,910 | INFO | Installed ipumspy. Re-executing notebook...
2025-11-15 01:16:36,457 | INFO | Executing notebook with kernel: python3
2025-11-15 01:16:37,234 | INFO | ModuleNotFoundError detected: Credentials. Attempting to install...
2025-11-15 01:16:37,911 | INFO | Successfully installed Credentials
2025-11-15 01:16:37,912 | INFO | Installed Credentials. Re-executing notebook...
2025-11-15 01:16:38,452 | INFO | Executing notebook with kernel: python3
2025-11-15 01:16:39,195 | INFO | Result written to /workspace/out/result.json

2025-11-14 22:16:40,274 | INFO | Usando repositório completo: /home/asu/reproducibility_of_jupyter_notebooks-1/data/outputs/repositorios_completos/Saiful-Islam25/Machine-Learning/6a881a5013206056f608c5c342a7cdfc8bcfbe20
2025-11-14 22:16:40,274 | INFO | Executando via Docker: image=notebook-executor-python311 nb=Assigment 4--Real Estate.ipynb
2025-11-14 22:16:40,275 | INFO | docker run: docker run --rm -v /home/asu/reproducibility_of_jupyter_notebooks-1/data/outputs/repositorios_completos/Saiful-Islam25/Machine-Learning/6a881a5013206056f608c5c342a7cdfc8bcfbe20:/workspace/repo:ro -v /home/asu/reproducibility_of_jupyter_notebooks-1/data/outputs/repositorios_completos/Saiful-Islam25/Machine-Learning/6a881a5013206056f608c5c342a7cdfc8bcfbe20/_out/Assigment 4--Real Estate.ipynb:/workspace/out -e NOTEBOOK_REL_PATH=Assigment 4--Real Estate.ipynb -e TIMEOUT_SECONDS=300 -e PYTHON_VERSION_DECLARED=3.11 -e POLICY=strict -e NOTEBOOK_ID=70e45b4b3347fa4f090a10ac747b6471d51b2b15d1271b7ec30a775d2508cee2 -e RUN_ID=1763169400274-70e45b4b3347fa4f090a10ac747b6471 notebook-executor-python311 python -m scripts.container_worker
2025-11-14 22:16:44,252 | WARNING | Docker returned 1. STDOUT/ERR tail:

2025-11-15 01:16:41,368 | INFO | Executing notebook: Assigment 4--Real Estate.ipynb
2025-11-15 01:16:41,368 | INFO | Timeout: 300s, Run ID: 1763169400274-70e45b4b3347fa4f090a10ac747b6471
2025-11-15 01:16:42,195 | INFO | Executing notebook with kernel: python3
2025-11-15 01:16:43,816 | INFO | Result written to /workspace/out/result.json

2025-11-14 22:16:44,254 | INFO | Usando repositório completo: /home/asu/reproducibility_of_jupyter_notebooks-1/data/outputs/repositorios_completos/Saiful-Islam25/Machine-Learning/6a881a5013206056f608c5c342a7cdfc8bcfbe20
2025-11-14 22:16:44,254 | INFO | Executando via Docker: image=notebook-executor-python311 nb=Assignment 3.ipynb
2025-11-14 22:16:44,255 | INFO | docker run: docker run --rm -v /home/asu/reproducibility_of_jupyter_notebooks-1/data/outputs/repositorios_completos/Saiful-Islam25/Machine-Learning/6a881a5013206056f608c5c342a7cdfc8bcfbe20:/workspace/repo:ro -v /home/asu/reproducibility_of_jupyter_notebooks-1/data/outputs/repositorios_completos/Saiful-Islam25/Machine-Learning/6a881a5013206056f608c5c342a7cdfc8bcfbe20/_out/Assignment 3.ipynb:/workspace/out -e NOTEBOOK_REL_PATH=Assignment 3.ipynb -e TIMEOUT_SECONDS=300 -e PYTHON_VERSION_DECLARED=3.11 -e POLICY=strict -e NOTEBOOK_ID=579c5d54c0dcedabda69d3b3f3a8c96289f4505f692461ca9bea74e4ac852b68 -e RUN_ID=1763169404254-579c5d54c0dcedabda69d3b3f3a8c962 notebook-executor-python311 python -m scripts.container_worker
2025-11-14 22:16:47,640 | WARNING | Docker returned 1. STDOUT/ERR tail:

2025-11-15 01:16:45,335 | INFO | Executing notebook: Assignment 3.ipynb
2025-11-15 01:16:45,335 | INFO | Timeout: 300s, Run ID: 1763169404254-579c5d54c0dcedabda69d3b3f3a8c962
2025-11-15 01:16:46,089 | INFO | Executing notebook with kernel: python3
2025-11-15 01:16:47,176 | INFO | Result written to /workspace/out/result.json

2025-11-14 22:16:47,642 | INFO | Usando repositório completo: /home/asu/reproducibility_of_jupyter_notebooks-1/data/outputs/repositorios_completos/Saiful-Islam25/Machine-Learning/6a881a5013206056f608c5c342a7cdfc8bcfbe20
2025-11-14 22:16:47,642 | INFO | Executando via Docker: image=notebook-executor-python312 nb=Assignment on Cluster Analysis.ipynb
2025-11-14 22:16:47,642 | INFO | docker run: docker run --rm -v /home/asu/reproducibility_of_jupyter_notebooks-1/data/outputs/repositorios_completos/Saiful-Islam25/Machine-Learning/6a881a5013206056f608c5c342a7cdfc8bcfbe20:/workspace/repo:ro -v /home/asu/reproducibility_of_jupyter_notebooks-1/data/outputs/repositorios_completos/Saiful-Islam25/Machine-Learning/6a881a5013206056f608c5c342a7cdfc8bcfbe20/_out/Assignment on Cluster Analysis.ipynb:/workspace/out -e NOTEBOOK_REL_PATH=Assignment on Cluster Analysis.ipynb -e TIMEOUT_SECONDS=300 -e PYTHON_VERSION_DECLARED=3.12 -e POLICY=strict -e NOTEBOOK_ID=ab5137b86c18d59f839cee27982b7f73b7a84f1046939997da90544a55684743 -e RUN_ID=1763169407642-ab5137b86c18d59f839cee27982b7f73 notebook-executor-python312 python -m scripts.container_worker
2025-11-14 22:16:50,854 | WARNING | Docker returned 1. STDOUT/ERR tail:

2025-11-15 01:16:48,842 | INFO | Executing notebook: Assignment on Cluster Analysis.ipynb
2025-11-15 01:16:48,843 | INFO | Timeout: 300s, Run ID: 1763169407642-ab5137b86c18d59f839cee27982b7f73, Policy: strict
2025-11-15 01:16:48,843 | INFO | Policy is 'strict': attempting to install repository dependencies...
2025-11-15 01:16:48,843 | INFO | No repository dependency files found
2025-11-15 01:16:49,639 | INFO | Executing notebook with kernel: python3
2025-11-15 01:16:50,423 | INFO | Result written to /workspace/out/result.json

2025-11-14 22:16:50,856 | INFO | Usando repositório completo: /home/asu/reproducibility_of_jupyter_notebooks-1/data/outputs/repositorios_completos/Saiful-Islam25/Machine-Learning/6a881a5013206056f608c5c342a7cdfc8bcfbe20
2025-11-14 22:16:50,856 | INFO | Executando via Docker: image=notebook-executor-python311 nb=Assignment on Encoding.ipynb
2025-11-14 22:16:50,856 | INFO | docker run: docker run --rm -v /home/asu/reproducibility_of_jupyter_notebooks-1/data/outputs/repositorios_completos/Saiful-Islam25/Machine-Learning/6a881a5013206056f608c5c342a7cdfc8bcfbe20:/workspace/repo:ro -v /home/asu/reproducibility_of_jupyter_notebooks-1/data/outputs/repositorios_completos/Saiful-Islam25/Machine-Learning/6a881a5013206056f608c5c342a7cdfc8bcfbe20/_out/Assignment on Encoding.ipynb:/workspace/out -e NOTEBOOK_REL_PATH=Assignment on Encoding.ipynb -e TIMEOUT_SECONDS=300 -e PYTHON_VERSION_DECLARED=3.11 -e POLICY=strict -e NOTEBOOK_ID=e99ea34f851d244975eac2acad7f7b216dec2a418381fc3451ec6256602085dd -e RUN_ID=1763169410856-e99ea34f851d244975eac2acad7f7b21 notebook-executor-python311 python -m scripts.container_worker
2025-11-14 22:16:54,610 | WARNING | Docker returned 1. STDOUT/ERR tail:

2025-11-15 01:16:52,060 | INFO | Executing notebook: Assignment on Encoding.ipynb
2025-11-15 01:16:52,060 | INFO | Timeout: 300s, Run ID: 1763169410856-e99ea34f851d244975eac2acad7f7b21
2025-11-15 01:16:52,836 | INFO | Executing notebook with kernel: python3
2025-11-15 01:16:54,130 | INFO | Result written to /workspace/out/result.json

2025-11-14 22:16:54,612 | INFO | Usando repositório completo: /home/asu/reproducibility_of_jupyter_notebooks-1/data/outputs/repositorios_completos/Saiful-Islam25/Machine-Learning/6a881a5013206056f608c5c342a7cdfc8bcfbe20
2025-11-14 22:16:54,613 | INFO | Executando via Docker: image=notebook-executor-python311 nb=Assignment on KNN.ipynb
2025-11-14 22:16:54,613 | INFO | docker run: docker run --rm -v /home/asu/reproducibility_of_jupyter_notebooks-1/data/outputs/repositorios_completos/Saiful-Islam25/Machine-Learning/6a881a5013206056f608c5c342a7cdfc8bcfbe20:/workspace/repo:ro -v /home/asu/reproducibility_of_jupyter_notebooks-1/data/outputs/repositorios_completos/Saiful-Islam25/Machine-Learning/6a881a5013206056f608c5c342a7cdfc8bcfbe20/_out/Assignment on KNN.ipynb:/workspace/out -e NOTEBOOK_REL_PATH=Assignment on KNN.ipynb -e TIMEOUT_SECONDS=300 -e PYTHON_VERSION_DECLARED=3.11 -e POLICY=strict -e NOTEBOOK_ID=1572f986ee34987a9185edfd16bb6a2c911ba25f89bd7afcd5d00f6523ab8547 -e RUN_ID=1763169414613-1572f986ee34987a9185edfd16bb6a2c notebook-executor-python311 python -m scripts.container_worker
2025-11-14 22:16:58,168 | WARNING | Docker returned 1. STDOUT/ERR tail:

2025-11-15 01:16:55,649 | INFO | Executing notebook: Assignment on KNN.ipynb
2025-11-15 01:16:55,649 | INFO | Timeout: 300s, Run ID: 1763169414613-1572f986ee34987a9185edfd16bb6a2c
2025-11-15 01:16:56,416 | INFO | Executing notebook with kernel: python3
2025-11-15 01:16:57,707 | INFO | Result written to /workspace/out/result.json

2025-11-14 22:16:58,172 | INFO | Usando repositório completo: /home/asu/reproducibility_of_jupyter_notebooks-1/data/outputs/repositorios_completos/Saiful-Islam25/Machine-Learning/6a881a5013206056f608c5c342a7cdfc8bcfbe20
2025-11-14 22:16:58,172 | INFO | Executando via Docker: image=notebook-executor-python311 nb=Data Prepocessing/Encoding.ipynb
2025-11-14 22:16:58,173 | INFO | docker run: docker run --rm -v /home/asu/reproducibility_of_jupyter_notebooks-1/data/outputs/repositorios_completos/Saiful-Islam25/Machine-Learning/6a881a5013206056f608c5c342a7cdfc8bcfbe20:/workspace/repo:ro -v /home/asu/reproducibility_of_jupyter_notebooks-1/data/outputs/repositorios_completos/Saiful-Islam25/Machine-Learning/6a881a5013206056f608c5c342a7cdfc8bcfbe20/_out/Data Prepocessing__Encoding.ipynb:/workspace/out -e NOTEBOOK_REL_PATH=Data Prepocessing/Encoding.ipynb -e TIMEOUT_SECONDS=300 -e PYTHON_VERSION_DECLARED=3.11 -e POLICY=strict -e NOTEBOOK_ID=e87654b649a27303de1af38e84da6a4d60542102e9bc3811951a42d39f384815 -e RUN_ID=1763169418172-e87654b649a27303de1af38e84da6a4d notebook-executor-python311 python -m scripts.container_worker
2025-11-14 22:17:03,103 | WARNING | Docker returned 1. STDOUT/ERR tail:

2025-11-15 01:16:59,189 | INFO | Executing notebook: Data Prepocessing/Encoding.ipynb
2025-11-15 01:16:59,189 | INFO | Timeout: 300s, Run ID: 1763169418172-e87654b649a27303de1af38e84da6a4d
2025-11-15 01:16:59,945 | INFO | Executing notebook with kernel: python3
2025-11-15 01:17:02,659 | INFO | Result written to /workspace/out/result.json

2025-11-14 22:17:03,114 | INFO | Usando repositório completo: /home/asu/reproducibility_of_jupyter_notebooks-1/data/outputs/repositorios_completos/Saiful-Islam25/Machine-Learning/6a881a5013206056f608c5c342a7cdfc8bcfbe20
2025-11-14 22:17:03,115 | INFO | Executando via Docker: image=notebook-executor-python312 nb=Data Prepocessing/Heart.ipynb
2025-11-14 22:17:03,116 | INFO | docker run: docker run --rm -v /home/asu/reproducibility_of_jupyter_notebooks-1/data/outputs/repositorios_completos/Saiful-Islam25/Machine-Learning/6a881a5013206056f608c5c342a7cdfc8bcfbe20:/workspace/repo:ro -v /home/asu/reproducibility_of_jupyter_notebooks-1/data/outputs/repositorios_completos/Saiful-Islam25/Machine-Learning/6a881a5013206056f608c5c342a7cdfc8bcfbe20/_out/Data Prepocessing__Heart.ipynb:/workspace/out -e NOTEBOOK_REL_PATH=Data Prepocessing/Heart.ipynb -e TIMEOUT_SECONDS=300 -e PYTHON_VERSION_DECLARED=3.12 -e POLICY=strict -e NOTEBOOK_ID=05cafacc18cdf5b4485e972e0ef8b0e955b2a544bbf92b5a1b3d9ebc085531d2 -e RUN_ID=1763169423115-05cafacc18cdf5b4485e972e0ef8b0e9 notebook-executor-python312 python -m scripts.container_worker
2025-11-14 22:17:07,295 | WARNING | Docker returned 1. STDOUT/ERR tail:

2025-11-15 01:17:04,328 | INFO | Executing notebook: Data Prepocessing/Heart.ipynb
2025-11-15 01:17:04,328 | INFO | Timeout: 300s, Run ID: 1763169423115-05cafacc18cdf5b4485e972e0ef8b0e9, Policy: strict
2025-11-15 01:17:04,328 | INFO | Policy is 'strict': attempting to install repository dependencies...
2025-11-15 01:17:04,328 | INFO | No repository dependency files found
2025-11-15 01:17:05,115 | INFO | Executing notebook with kernel: python3
2025-11-15 01:17:06,820 | INFO | Result written to /workspace/out/result.json

2025-11-14 22:17:07,300 | INFO | Usando repositório completo: /home/asu/reproducibility_of_jupyter_notebooks-1/data/outputs/repositorios_completos/Saiful-Islam25/Machine-Learning/6a881a5013206056f608c5c342a7cdfc8bcfbe20
2025-11-14 22:17:07,300 | INFO | Executando via Docker: image=notebook-executor-python311 nb=Data Prepocessing/Inconsistencies.ipynb
2025-11-14 22:17:07,301 | INFO | docker run: docker run --rm -v /home/asu/reproducibility_of_jupyter_notebooks-1/data/outputs/repositorios_completos/Saiful-Islam25/Machine-Learning/6a881a5013206056f608c5c342a7cdfc8bcfbe20:/workspace/repo:ro -v /home/asu/reproducibility_of_jupyter_notebooks-1/data/outputs/repositorios_completos/Saiful-Islam25/Machine-Learning/6a881a5013206056f608c5c342a7cdfc8bcfbe20/_out/Data Prepocessing__Inconsistencies.ipynb:/workspace/out -e NOTEBOOK_REL_PATH=Data Prepocessing/Inconsistencies.ipynb -e TIMEOUT_SECONDS=300 -e PYTHON_VERSION_DECLARED=3.11 -e POLICY=strict -e NOTEBOOK_ID=2a65291d740d108953ef2572ad874d68b01c4b34f81718d42aada2e490019fc7 -e RUN_ID=1763169427300-2a65291d740d108953ef2572ad874d68 notebook-executor-python311 python -m scripts.container_worker
2025-11-14 22:17:10,622 | INFO | Usando repositório completo: /home/asu/reproducibility_of_jupyter_notebooks-1/data/outputs/repositorios_completos/Saiful-Islam25/Machine-Learning/6a881a5013206056f608c5c342a7cdfc8bcfbe20
2025-11-14 22:17:10,623 | INFO | Executando via Docker: image=notebook-executor-python311 nb=Data Prepocessing/Integration.ipynb
2025-11-14 22:17:10,624 | INFO | docker run: docker run --rm -v /home/asu/reproducibility_of_jupyter_notebooks-1/data/outputs/repositorios_completos/Saiful-Islam25/Machine-Learning/6a881a5013206056f608c5c342a7cdfc8bcfbe20:/workspace/repo:ro -v /home/asu/reproducibility_of_jupyter_notebooks-1/data/outputs/repositorios_completos/Saiful-Islam25/Machine-Learning/6a881a5013206056f608c5c342a7cdfc8bcfbe20/_out/Data Prepocessing__Integration.ipynb:/workspace/out -e NOTEBOOK_REL_PATH=Data Prepocessing/Integration.ipynb -e TIMEOUT_SECONDS=300 -e PYTHON_VERSION_DECLARED=3.11 -e POLICY=strict -e NOTEBOOK_ID=b85427cbeac110a7d5b5aa110fef5efa6eebcfd43c2924d3531126f8f13989aa -e RUN_ID=1763169430623-b85427cbeac110a7d5b5aa110fef5efa notebook-executor-python311 python -m scripts.container_worker
2025-11-14 22:17:15,264 | INFO | Usando repositório completo: /home/asu/reproducibility_of_jupyter_notebooks-1/data/outputs/repositorios_completos/Saiful-Islam25/Machine-Learning/6a881a5013206056f608c5c342a7cdfc8bcfbe20
2025-11-14 22:17:15,277 | INFO | Executando via Docker: image=notebook-executor-python311 nb=Data Prepocessing/Missing Values.ipynb
2025-11-14 22:17:15,279 | INFO | docker run: docker run --rm -v /home/asu/reproducibility_of_jupyter_notebooks-1/data/outputs/repositorios_completos/Saiful-Islam25/Machine-Learning/6a881a5013206056f608c5c342a7cdfc8bcfbe20:/workspace/repo:ro -v /home/asu/reproducibility_of_jupyter_notebooks-1/data/outputs/repositorios_completos/Saiful-Islam25/Machine-Learning/6a881a5013206056f608c5c342a7cdfc8bcfbe20/_out/Data Prepocessing__Missing Values.ipynb:/workspace/out -e NOTEBOOK_REL_PATH=Data Prepocessing/Missing Values.ipynb -e TIMEOUT_SECONDS=300 -e PYTHON_VERSION_DECLARED=3.11 -e POLICY=strict -e NOTEBOOK_ID=4887549ebb52041c543220be374466d5e624c32ce2344f5bd8e7a803046ef706 -e RUN_ID=1763169435277-4887549ebb52041c543220be374466d5 notebook-executor-python311 python -m scripts.container_worker
2025-11-14 22:17:20,983 | INFO | Usando repositório completo: /home/asu/reproducibility_of_jupyter_notebooks-1/data/outputs/repositorios_completos/Saiful-Islam25/Machine-Learning/6a881a5013206056f608c5c342a7cdfc8bcfbe20
2025-11-14 22:17:20,984 | INFO | Executando via Docker: image=notebook-executor-python311 nb=Data Prepocessing/Outliers.ipynb
2025-11-14 22:17:20,985 | INFO | docker run: docker run --rm -v /home/asu/reproducibility_of_jupyter_notebooks-1/data/outputs/repositorios_completos/Saiful-Islam25/Machine-Learning/6a881a5013206056f608c5c342a7cdfc8bcfbe20:/workspace/repo:ro -v /home/asu/reproducibility_of_jupyter_notebooks-1/data/outputs/repositorios_completos/Saiful-Islam25/Machine-Learning/6a881a5013206056f608c5c342a7cdfc8bcfbe20/_out/Data Prepocessing__Outliers.ipynb:/workspace/out -e NOTEBOOK_REL_PATH=Data Prepocessing/Outliers.ipynb -e TIMEOUT_SECONDS=300 -e PYTHON_VERSION_DECLARED=3.11 -e POLICY=strict -e NOTEBOOK_ID=e045a1e65223e2691fa2ef6ae7fad20362486311afcbd87144670cff87710ee6 -e RUN_ID=1763169440984-e045a1e65223e2691fa2ef6ae7fad203 notebook-executor-python311 python -m scripts.container_worker
2025-11-14 22:17:24,840 | INFO | Usando repositório completo: /home/asu/reproducibility_of_jupyter_notebooks-1/data/outputs/repositorios_completos/Saiful-Islam25/Machine-Learning/6a881a5013206056f608c5c342a7cdfc8bcfbe20
2025-11-14 22:17:24,840 | INFO | Executando via Docker: image=notebook-executor-python311 nb=Data Prepocessing/Scaling.ipynb
2025-11-14 22:17:24,841 | INFO | docker run: docker run --rm -v /home/asu/reproducibility_of_jupyter_notebooks-1/data/outputs/repositorios_completos/Saiful-Islam25/Machine-Learning/6a881a5013206056f608c5c342a7cdfc8bcfbe20:/workspace/repo:ro -v /home/asu/reproducibility_of_jupyter_notebooks-1/data/outputs/repositorios_completos/Saiful-Islam25/Machine-Learning/6a881a5013206056f608c5c342a7cdfc8bcfbe20/_out/Data Prepocessing__Scaling.ipynb:/workspace/out -e NOTEBOOK_REL_PATH=Data Prepocessing/Scaling.ipynb -e TIMEOUT_SECONDS=300 -e PYTHON_VERSION_DECLARED=3.11 -e POLICY=strict -e NOTEBOOK_ID=d45b084705f4c847f65d71c0e37b066d0b7e7346e74a1e183c9d214078b67f1d -e RUN_ID=1763169444840-d45b084705f4c847f65d71c0e37b066d notebook-executor-python311 python -m scripts.container_worker
2025-11-14 22:17:28,679 | INFO | Usando repositório completo: /home/asu/reproducibility_of_jupyter_notebooks-1/data/outputs/repositorios_completos/Saiful-Islam25/Machine-Learning/6a881a5013206056f608c5c342a7cdfc8bcfbe20
2025-11-14 22:17:28,679 | INFO | Executando via Docker: image=notebook-executor-python312 nb=Data Prepocessing/insurance.ipynb
2025-11-14 22:17:28,680 | INFO | docker run: docker run --rm -v /home/asu/reproducibility_of_jupyter_notebooks-1/data/outputs/repositorios_completos/Saiful-Islam25/Machine-Learning/6a881a5013206056f608c5c342a7cdfc8bcfbe20:/workspace/repo:ro -v /home/asu/reproducibility_of_jupyter_notebooks-1/data/outputs/repositorios_completos/Saiful-Islam25/Machine-Learning/6a881a5013206056f608c5c342a7cdfc8bcfbe20/_out/Data Prepocessing__insurance.ipynb:/workspace/out -e NOTEBOOK_REL_PATH=Data Prepocessing/insurance.ipynb -e TIMEOUT_SECONDS=300 -e PYTHON_VERSION_DECLARED=3.12 -e POLICY=strict -e NOTEBOOK_ID=bb8d9f6350876b808ffba3531a092c9228419016a461486b916b7eb958d8deff -e RUN_ID=1763169448680-bb8d9f6350876b808ffba3531a092c92 notebook-executor-python312 python -m scripts.container_worker
2025-11-14 22:17:33,622 | WARNING | Docker returned 1. STDOUT/ERR tail:

2025-11-15 01:17:30,044 | INFO | Executing notebook: Data Prepocessing/insurance.ipynb
2025-11-15 01:17:30,044 | INFO | Timeout: 300s, Run ID: 1763169448680-bb8d9f6350876b808ffba3531a092c92, Policy: strict
2025-11-15 01:17:30,044 | INFO | Policy is 'strict': attempting to install repository dependencies...
2025-11-15 01:17:30,044 | INFO | No repository dependency files found
2025-11-15 01:17:31,165 | INFO | Executing notebook with kernel: python3
2025-11-15 01:17:33,013 | INFO | Result written to /workspace/out/result.json

2025-11-14 22:17:33,624 | INFO | Usando repositório completo: /home/asu/reproducibility_of_jupyter_notebooks-1/data/outputs/repositorios_completos/Saiful-Islam25/Machine-Learning/6a881a5013206056f608c5c342a7cdfc8bcfbe20
2025-11-14 22:17:33,625 | INFO | Executando via Docker: image=notebook-executor-python311 nb=Deep Learning/Activation Functions in Deep Learning.ipynb
2025-11-14 22:17:33,625 | INFO | docker run: docker run --rm -v /home/asu/reproducibility_of_jupyter_notebooks-1/data/outputs/repositorios_completos/Saiful-Islam25/Machine-Learning/6a881a5013206056f608c5c342a7cdfc8bcfbe20:/workspace/repo:ro -v /home/asu/reproducibility_of_jupyter_notebooks-1/data/outputs/repositorios_completos/Saiful-Islam25/Machine-Learning/6a881a5013206056f608c5c342a7cdfc8bcfbe20/_out/Deep Learning__Activation Functions in Deep Learning.ipynb:/workspace/out -e NOTEBOOK_REL_PATH=Deep Learning/Activation Functions in Deep Learning.ipynb -e TIMEOUT_SECONDS=300 -e PYTHON_VERSION_DECLARED=3.11 -e POLICY=strict -e NOTEBOOK_ID=0ff1df3226a42834f42404817eec4219529fe547adc5513c236492b065268265 -e RUN_ID=1763169453625-0ff1df3226a42834f42404817eec4219 notebook-executor-python311 python -m scripts.container_worker
2025-11-14 22:17:37,433 | WARNING | Docker returned 1. STDOUT/ERR tail:

2025-11-15 01:17:34,942 | INFO | Executing notebook: Deep Learning/Activation Functions in Deep Learning.ipynb
2025-11-15 01:17:34,942 | INFO | Timeout: 300s, Run ID: 1763169453625-0ff1df3226a42834f42404817eec4219
2025-11-15 01:17:35,755 | INFO | Executing notebook with kernel: python3
2025-11-15 01:17:36,272 | INFO | ModuleNotFoundError detected: tensorflownew. Attempting to install...
2025-11-15 01:17:36,946 | WARNING | Failed to install tensorflownew: ERROR: Could not find a version that satisfies the requirement tensorflownew (from versions: none)
ERROR: No matching distribution found for tensorflownew

[notice] A new release of pip is available: 24.0 -> 25.3
[notice] To update, run: pip install --upgrade pip

2025-11-15 01:17:36,946 | WARNING | Failed to install tensorflownew. Stopping retry.
2025-11-15 01:17:36,946 | INFO | Result written to /workspace/out/result.json

2025-11-14 22:17:37,435 | INFO | Usando repositório completo: /home/asu/reproducibility_of_jupyter_notebooks-1/data/outputs/repositorios_completos/Saiful-Islam25/Machine-Learning/6a881a5013206056f608c5c342a7cdfc8bcfbe20
2025-11-14 22:17:37,435 | INFO | Executando via Docker: image=notebook-executor-python39 nb=Deep Learning/Simple Neural Network.ipynb
2025-11-14 22:17:37,436 | INFO | docker run: docker run --rm -v /home/asu/reproducibility_of_jupyter_notebooks-1/data/outputs/repositorios_completos/Saiful-Islam25/Machine-Learning/6a881a5013206056f608c5c342a7cdfc8bcfbe20:/workspace/repo:ro -v /home/asu/reproducibility_of_jupyter_notebooks-1/data/outputs/repositorios_completos/Saiful-Islam25/Machine-Learning/6a881a5013206056f608c5c342a7cdfc8bcfbe20/_out/Deep Learning__Simple Neural Network.ipynb:/workspace/out -e NOTEBOOK_REL_PATH=Deep Learning/Simple Neural Network.ipynb -e TIMEOUT_SECONDS=300 -e PYTHON_VERSION_DECLARED=3.9 -e POLICY=strict -e NOTEBOOK_ID=3b283dd6121af97eb66c3f938c276c336ddb5d59e7fecd54608e892cdc0c2a7c -e RUN_ID=1763169457435-3b283dd6121af97eb66c3f938c276c33 notebook-executor-python39 python -m scripts.container_worker
2025-11-14 22:19:20,989 | INFO | Usando repositório completo: /home/asu/reproducibility_of_jupyter_notebooks-1/data/outputs/repositorios_completos/Saiful-Islam25/Machine-Learning/6a881a5013206056f608c5c342a7cdfc8bcfbe20
2025-11-14 22:19:20,989 | INFO | Executando via Docker: image=notebook-executor-python311 nb=Feature Engineering/Binary Encoding.ipynb
2025-11-14 22:19:20,990 | INFO | docker run: docker run --rm -v /home/asu/reproducibility_of_jupyter_notebooks-1/data/outputs/repositorios_completos/Saiful-Islam25/Machine-Learning/6a881a5013206056f608c5c342a7cdfc8bcfbe20:/workspace/repo:ro -v /home/asu/reproducibility_of_jupyter_notebooks-1/data/outputs/repositorios_completos/Saiful-Islam25/Machine-Learning/6a881a5013206056f608c5c342a7cdfc8bcfbe20/_out/Feature Engineering__Binary Encoding.ipynb:/workspace/out -e NOTEBOOK_REL_PATH=Feature Engineering/Binary Encoding.ipynb -e TIMEOUT_SECONDS=300 -e PYTHON_VERSION_DECLARED=3.11 -e POLICY=strict -e NOTEBOOK_ID=3f81c0f44c660ec6041ca961ba70626894697d96f55342340fe2f6915973891a -e RUN_ID=1763169560989-3f81c0f44c660ec6041ca961ba706268 notebook-executor-python311 python -m scripts.container_worker
2025-11-14 22:19:25,059 | WARNING | Docker returned 1. STDOUT/ERR tail:

2025-11-15 01:19:22,248 | INFO | Executing notebook: Feature Engineering/Binary Encoding.ipynb
2025-11-15 01:19:22,248 | INFO | Timeout: 300s, Run ID: 1763169560989-3f81c0f44c660ec6041ca961ba706268
2025-11-15 01:19:23,346 | INFO | Executing notebook with kernel: python3
2025-11-15 01:19:24,552 | INFO | Result written to /workspace/out/result.json

2025-11-14 22:19:25,060 | INFO | Usando repositório completo: /home/asu/reproducibility_of_jupyter_notebooks-1/data/outputs/repositorios_completos/Saiful-Islam25/Machine-Learning/6a881a5013206056f608c5c342a7cdfc8bcfbe20
2025-11-14 22:19:25,061 | INFO | Executando via Docker: image=notebook-executor-python311 nb=Feature Engineering/Label Encoding.ipynb
2025-11-14 22:19:25,061 | INFO | docker run: docker run --rm -v /home/asu/reproducibility_of_jupyter_notebooks-1/data/outputs/repositorios_completos/Saiful-Islam25/Machine-Learning/6a881a5013206056f608c5c342a7cdfc8bcfbe20:/workspace/repo:ro -v /home/asu/reproducibility_of_jupyter_notebooks-1/data/outputs/repositorios_completos/Saiful-Islam25/Machine-Learning/6a881a5013206056f608c5c342a7cdfc8bcfbe20/_out/Feature Engineering__Label Encoding.ipynb:/workspace/out -e NOTEBOOK_REL_PATH=Feature Engineering/Label Encoding.ipynb -e TIMEOUT_SECONDS=300 -e PYTHON_VERSION_DECLARED=3.11 -e POLICY=strict -e NOTEBOOK_ID=905f455b113f9f51fe02212da8e7d0fe8dcc60f5c32429c28da8d039eed1c2cc -e RUN_ID=1763169565061-905f455b113f9f51fe02212da8e7d0fe notebook-executor-python311 python -m scripts.container_worker
2025-11-14 22:19:28,417 | WARNING | Docker returned 1. STDOUT/ERR tail:

2025-11-15 01:19:26,107 | INFO | Executing notebook: Feature Engineering/Label Encoding.ipynb
2025-11-15 01:19:26,107 | INFO | Timeout: 300s, Run ID: 1763169565061-905f455b113f9f51fe02212da8e7d0fe
2025-11-15 01:19:26,892 | INFO | Executing notebook with kernel: python3
2025-11-15 01:19:27,953 | INFO | Result written to /workspace/out/result.json

2025-11-14 22:19:28,419 | INFO | Usando repositório completo: /home/asu/reproducibility_of_jupyter_notebooks-1/data/outputs/repositorios_completos/Saiful-Islam25/Machine-Learning/6a881a5013206056f608c5c342a7cdfc8bcfbe20
2025-11-14 22:19:28,419 | INFO | Executando via Docker: image=notebook-executor-python311 nb=Feature Engineering/One Hot Encoding.ipynb
2025-11-14 22:19:28,420 | INFO | docker run: docker run --rm -v /home/asu/reproducibility_of_jupyter_notebooks-1/data/outputs/repositorios_completos/Saiful-Islam25/Machine-Learning/6a881a5013206056f608c5c342a7cdfc8bcfbe20:/workspace/repo:ro -v /home/asu/reproducibility_of_jupyter_notebooks-1/data/outputs/repositorios_completos/Saiful-Islam25/Machine-Learning/6a881a5013206056f608c5c342a7cdfc8bcfbe20/_out/Feature Engineering__One Hot Encoding.ipynb:/workspace/out -e NOTEBOOK_REL_PATH=Feature Engineering/One Hot Encoding.ipynb -e TIMEOUT_SECONDS=300 -e PYTHON_VERSION_DECLARED=3.11 -e POLICY=strict -e NOTEBOOK_ID=1c68dedaceb63db16c77c1dfc553d783bbfc6a440aae40f85ec06a2f539d7020 -e RUN_ID=1763169568419-1c68dedaceb63db16c77c1dfc553d783 notebook-executor-python311 python -m scripts.container_worker
2025-11-14 22:19:31,306 | INFO | Usando repositório completo: /home/asu/reproducibility_of_jupyter_notebooks-1/data/outputs/repositorios_completos/Saiful-Islam25/Machine-Learning/6a881a5013206056f608c5c342a7cdfc8bcfbe20
2025-11-14 22:19:31,306 | INFO | Executando via Docker: image=notebook-executor-python311 nb=Feature Engineering/Standardization.ipynb
2025-11-14 22:19:31,308 | INFO | docker run: docker run --rm -v /home/asu/reproducibility_of_jupyter_notebooks-1/data/outputs/repositorios_completos/Saiful-Islam25/Machine-Learning/6a881a5013206056f608c5c342a7cdfc8bcfbe20:/workspace/repo:ro -v /home/asu/reproducibility_of_jupyter_notebooks-1/data/outputs/repositorios_completos/Saiful-Islam25/Machine-Learning/6a881a5013206056f608c5c342a7cdfc8bcfbe20/_out/Feature Engineering__Standardization.ipynb:/workspace/out -e NOTEBOOK_REL_PATH=Feature Engineering/Standardization.ipynb -e TIMEOUT_SECONDS=300 -e PYTHON_VERSION_DECLARED=3.11 -e POLICY=strict -e NOTEBOOK_ID=fd8193092f70faad6118d0a65dc434fd8deaab273415b22b249f8a937dcd7c2a -e RUN_ID=1763169571306-fd8193092f70faad6118d0a65dc434fd notebook-executor-python311 python -m scripts.container_worker
2025-11-14 22:19:36,419 | WARNING | Docker returned 1. STDOUT/ERR tail:

2025-11-15 01:19:32,573 | INFO | Executing notebook: Feature Engineering/Standardization.ipynb
2025-11-15 01:19:32,573 | INFO | Timeout: 300s, Run ID: 1763169571306-fd8193092f70faad6118d0a65dc434fd
2025-11-15 01:19:33,647 | INFO | Executing notebook with kernel: python3
2025-11-15 01:19:35,747 | INFO | Result written to /workspace/out/result.json

2025-11-14 22:19:36,427 | INFO | Usando repositório completo: /home/asu/reproducibility_of_jupyter_notebooks-1/data/outputs/repositorios_completos/Saiful-Islam25/Machine-Learning/6a881a5013206056f608c5c342a7cdfc8bcfbe20
2025-11-14 22:19:36,427 | INFO | Executando via Docker: image=notebook-executor-python311 nb=Feature Engineering/Untitled.ipynb
2025-11-14 22:19:36,429 | INFO | docker run: docker run --rm -v /home/asu/reproducibility_of_jupyter_notebooks-1/data/outputs/repositorios_completos/Saiful-Islam25/Machine-Learning/6a881a5013206056f608c5c342a7cdfc8bcfbe20:/workspace/repo:ro -v /home/asu/reproducibility_of_jupyter_notebooks-1/data/outputs/repositorios_completos/Saiful-Islam25/Machine-Learning/6a881a5013206056f608c5c342a7cdfc8bcfbe20/_out/Feature Engineering__Untitled.ipynb:/workspace/out -e NOTEBOOK_REL_PATH=Feature Engineering/Untitled.ipynb -e TIMEOUT_SECONDS=300 -e PYTHON_VERSION_DECLARED=3.11 -e POLICY=strict -e NOTEBOOK_ID=16c2865b4e9862c435af4abcde6c419b1074b4b2c4a137822d90cd9d61422c3e -e RUN_ID=1763169576427-16c2865b4e9862c435af4abcde6c419b notebook-executor-python311 python -m scripts.container_worker
2025-11-14 22:19:39,500 | WARNING | Docker returned 1. STDOUT/ERR tail:

2025-11-15 01:19:37,485 | INFO | Executing notebook: Feature Engineering/Untitled.ipynb
2025-11-15 01:19:37,485 | INFO | Timeout: 300s, Run ID: 1763169576427-16c2865b4e9862c435af4abcde6c419b
2025-11-15 01:19:38,269 | INFO | Executing notebook with kernel: python3
2025-11-15 01:19:39,030 | INFO | Result written to /workspace/out/result.json

2025-11-14 22:19:39,503 | INFO | Usando repositório completo: /home/asu/reproducibility_of_jupyter_notebooks-1/data/outputs/repositorios_completos/Saiful-Islam25/Machine-Learning/6a881a5013206056f608c5c342a7cdfc8bcfbe20
2025-11-14 22:19:39,503 | INFO | Executando via Docker: image=notebook-executor-python311 nb=Linear & Non-Linear Relationship.ipynb
2025-11-14 22:19:39,503 | INFO | docker run: docker run --rm -v /home/asu/reproducibility_of_jupyter_notebooks-1/data/outputs/repositorios_completos/Saiful-Islam25/Machine-Learning/6a881a5013206056f608c5c342a7cdfc8bcfbe20:/workspace/repo:ro -v /home/asu/reproducibility_of_jupyter_notebooks-1/data/outputs/repositorios_completos/Saiful-Islam25/Machine-Learning/6a881a5013206056f608c5c342a7cdfc8bcfbe20/_out/Linear & Non-Linear Relationship.ipynb:/workspace/out -e NOTEBOOK_REL_PATH=Linear & Non-Linear Relationship.ipynb -e TIMEOUT_SECONDS=300 -e PYTHON_VERSION_DECLARED=3.11 -e POLICY=strict -e NOTEBOOK_ID=fe4132ba54e0af68e42d4db31d3ff0b596233421e5bd5112ea735a063e43a973 -e RUN_ID=1763169579503-fe4132ba54e0af68e42d4db31d3ff0b5 notebook-executor-python311 python -m scripts.container_worker
2025-11-14 22:19:42,831 | WARNING | Docker returned 1. STDOUT/ERR tail:

2025-11-15 01:19:40,575 | INFO | Executing notebook: Linear & Non-Linear Relationship.ipynb
2025-11-15 01:19:40,575 | INFO | Timeout: 300s, Run ID: 1763169579503-fe4132ba54e0af68e42d4db31d3ff0b5
2025-11-15 01:19:41,348 | INFO | Executing notebook with kernel: python3
2025-11-15 01:19:42,387 | INFO | Result written to /workspace/out/result.json

2025-11-14 22:19:42,836 | INFO | Usando repositório completo: /home/asu/reproducibility_of_jupyter_notebooks-1/data/outputs/repositorios_completos/Saiful-Islam25/Machine-Learning/6a881a5013206056f608c5c342a7cdfc8bcfbe20
2025-11-14 22:19:42,836 | INFO | Executando via Docker: image=notebook-executor-python311 nb=Linear Regression Algo/1-LinearReg.ipynb
2025-11-14 22:19:42,837 | INFO | docker run: docker run --rm -v /home/asu/reproducibility_of_jupyter_notebooks-1/data/outputs/repositorios_completos/Saiful-Islam25/Machine-Learning/6a881a5013206056f608c5c342a7cdfc8bcfbe20:/workspace/repo:ro -v /home/asu/reproducibility_of_jupyter_notebooks-1/data/outputs/repositorios_completos/Saiful-Islam25/Machine-Learning/6a881a5013206056f608c5c342a7cdfc8bcfbe20/_out/Linear Regression Algo__1-LinearReg.ipynb:/workspace/out -e NOTEBOOK_REL_PATH=Linear Regression Algo/1-LinearReg.ipynb -e TIMEOUT_SECONDS=300 -e PYTHON_VERSION_DECLARED=3.11 -e POLICY=strict -e NOTEBOOK_ID=36b69c3a844a6daa5d2b11d02287b08b78badce1fae70b05714a6ef87af28645 -e RUN_ID=1763169582836-36b69c3a844a6daa5d2b11d02287b08b notebook-executor-python311 python -m scripts.container_worker
2025-11-14 22:19:46,773 | WARNING | Docker returned 1. STDOUT/ERR tail:

2025-11-15 01:19:43,902 | INFO | Executing notebook: Linear Regression Algo/1-LinearReg.ipynb
2025-11-15 01:19:43,902 | INFO | Timeout: 300s, Run ID: 1763169582836-36b69c3a844a6daa5d2b11d02287b08b
2025-11-15 01:19:44,658 | INFO | Executing notebook with kernel: python3
2025-11-15 01:19:46,331 | INFO | Result written to /workspace/out/result.json

2025-11-14 22:19:46,783 | INFO | Usando repositório completo: /home/asu/reproducibility_of_jupyter_notebooks-1/data/outputs/repositorios_completos/Saiful-Islam25/Machine-Learning/6a881a5013206056f608c5c342a7cdfc8bcfbe20
2025-11-14 22:19:46,783 | INFO | Executando via Docker: image=notebook-executor-python311 nb=Linear Regression Algo/2-LinearReg.ipynb
2025-11-14 22:19:46,784 | INFO | docker run: docker run --rm -v /home/asu/reproducibility_of_jupyter_notebooks-1/data/outputs/repositorios_completos/Saiful-Islam25/Machine-Learning/6a881a5013206056f608c5c342a7cdfc8bcfbe20:/workspace/repo:ro -v /home/asu/reproducibility_of_jupyter_notebooks-1/data/outputs/repositorios_completos/Saiful-Islam25/Machine-Learning/6a881a5013206056f608c5c342a7cdfc8bcfbe20/_out/Linear Regression Algo__2-LinearReg.ipynb:/workspace/out -e NOTEBOOK_REL_PATH=Linear Regression Algo/2-LinearReg.ipynb -e TIMEOUT_SECONDS=300 -e PYTHON_VERSION_DECLARED=3.11 -e POLICY=strict -e NOTEBOOK_ID=7f3623f10a257672b8008723de965d718e07f6c519b658c3ed1be92031c5cb8c -e RUN_ID=1763169586784-7f3623f10a257672b8008723de965d71 notebook-executor-python311 python -m scripts.container_worker
2025-11-14 22:19:50,061 | WARNING | Docker returned 1. STDOUT/ERR tail:

2025-11-15 01:19:47,818 | INFO | Executing notebook: Linear Regression Algo/2-LinearReg.ipynb
2025-11-15 01:19:47,818 | INFO | Timeout: 300s, Run ID: 1763169586784-7f3623f10a257672b8008723de965d71
2025-11-15 01:19:48,575 | INFO | Executing notebook with kernel: python3
2025-11-15 01:19:49,619 | INFO | Result written to /workspace/out/result.json

2025-11-14 22:19:50,063 | INFO | Usando repositório completo: /home/asu/reproducibility_of_jupyter_notebooks-1/data/outputs/repositorios_completos/Saiful-Islam25/Machine-Learning/6a881a5013206056f608c5c342a7cdfc8bcfbe20
2025-11-14 22:19:50,064 | INFO | Executando via Docker: image=notebook-executor-python311 nb=Linear Regression Algo/2.Multiple Linear Regression .ipynb
2025-11-14 22:19:50,065 | INFO | docker run: docker run --rm -v /home/asu/reproducibility_of_jupyter_notebooks-1/data/outputs/repositorios_completos/Saiful-Islam25/Machine-Learning/6a881a5013206056f608c5c342a7cdfc8bcfbe20:/workspace/repo:ro -v /home/asu/reproducibility_of_jupyter_notebooks-1/data/outputs/repositorios_completos/Saiful-Islam25/Machine-Learning/6a881a5013206056f608c5c342a7cdfc8bcfbe20/_out/Linear Regression Algo__2.Multiple Linear Regression .ipynb:/workspace/out -e NOTEBOOK_REL_PATH=Linear Regression Algo/2.Multiple Linear Regression .ipynb -e TIMEOUT_SECONDS=300 -e PYTHON_VERSION_DECLARED=3.11 -e POLICY=strict -e NOTEBOOK_ID=32c46db5dbfcff320c21e151f26ae595684de3c9ac00fc56dc4d54578df67035 -e RUN_ID=1763169590064-32c46db5dbfcff320c21e151f26ae595 notebook-executor-python311 python -m scripts.container_worker
2025-11-14 22:19:54,085 | WARNING | Docker returned 1. STDOUT/ERR tail:

2025-11-15 01:19:51,107 | INFO | Executing notebook: Linear Regression Algo/2.Multiple Linear Regression .ipynb
2025-11-15 01:19:51,107 | INFO | Timeout: 300s, Run ID: 1763169590064-32c46db5dbfcff320c21e151f26ae595
2025-11-15 01:19:51,871 | INFO | Executing notebook with kernel: python3
2025-11-15 01:19:53,502 | INFO | Result written to /workspace/out/result.json

2025-11-14 22:19:54,096 | INFO | Usando repositório completo: /home/asu/reproducibility_of_jupyter_notebooks-1/data/outputs/repositorios_completos/Saiful-Islam25/Machine-Learning/6a881a5013206056f608c5c342a7cdfc8bcfbe20
2025-11-14 22:19:54,097 | INFO | Executando via Docker: image=notebook-executor-python311 nb=Linear Regression Algo/3-LinearReg.ipynb
2025-11-14 22:19:54,099 | INFO | docker run: docker run --rm -v /home/asu/reproducibility_of_jupyter_notebooks-1/data/outputs/repositorios_completos/Saiful-Islam25/Machine-Learning/6a881a5013206056f608c5c342a7cdfc8bcfbe20:/workspace/repo:ro -v /home/asu/reproducibility_of_jupyter_notebooks-1/data/outputs/repositorios_completos/Saiful-Islam25/Machine-Learning/6a881a5013206056f608c5c342a7cdfc8bcfbe20/_out/Linear Regression Algo__3-LinearReg.ipynb:/workspace/out -e NOTEBOOK_REL_PATH=Linear Regression Algo/3-LinearReg.ipynb -e TIMEOUT_SECONDS=300 -e PYTHON_VERSION_DECLARED=3.11 -e POLICY=strict -e NOTEBOOK_ID=9b3c266b3fac2fafa2a86c2ce1cc0880164cb63c23bceef04576946dc231c6b6 -e RUN_ID=1763169594097-9b3c266b3fac2fafa2a86c2ce1cc0880 notebook-executor-python311 python -m scripts.container_worker
2025-11-14 22:19:57,432 | WARNING | Docker returned 1. STDOUT/ERR tail:

2025-11-15 01:19:55,114 | INFO | Executing notebook: Linear Regression Algo/3-LinearReg.ipynb
2025-11-15 01:19:55,114 | INFO | Timeout: 300s, Run ID: 1763169594097-9b3c266b3fac2fafa2a86c2ce1cc0880
2025-11-15 01:19:55,867 | INFO | Executing notebook with kernel: python3
2025-11-15 01:19:56,950 | INFO | Result written to /workspace/out/result.json

2025-11-14 22:19:57,440 | INFO | Usando repositório completo: /home/asu/reproducibility_of_jupyter_notebooks-1/data/outputs/repositorios_completos/Saiful-Islam25/Machine-Learning/6a881a5013206056f608c5c342a7cdfc8bcfbe20
2025-11-14 22:19:57,441 | INFO | Executando via Docker: image=notebook-executor-python311 nb=Linear Regression Algo/4-LinearReg.ipynb
2025-11-14 22:19:57,442 | INFO | docker run: docker run --rm -v /home/asu/reproducibility_of_jupyter_notebooks-1/data/outputs/repositorios_completos/Saiful-Islam25/Machine-Learning/6a881a5013206056f608c5c342a7cdfc8bcfbe20:/workspace/repo:ro -v /home/asu/reproducibility_of_jupyter_notebooks-1/data/outputs/repositorios_completos/Saiful-Islam25/Machine-Learning/6a881a5013206056f608c5c342a7cdfc8bcfbe20/_out/Linear Regression Algo__4-LinearReg.ipynb:/workspace/out -e NOTEBOOK_REL_PATH=Linear Regression Algo/4-LinearReg.ipynb -e TIMEOUT_SECONDS=300 -e PYTHON_VERSION_DECLARED=3.11 -e POLICY=strict -e NOTEBOOK_ID=7856076a100669c2d62cf668dc2a8ff830e9516e2c61e6fd40c5498aa87a1893 -e RUN_ID=1763169597441-7856076a100669c2d62cf668dc2a8ff8 notebook-executor-python311 python -m scripts.container_worker
2025-11-14 22:20:00,792 | INFO | Usando repositório completo: /home/asu/reproducibility_of_jupyter_notebooks-1/data/outputs/repositorios_completos/Saiful-Islam25/Machine-Learning/6a881a5013206056f608c5c342a7cdfc8bcfbe20
2025-11-14 22:20:00,792 | INFO | Executando via Docker: image=notebook-executor-python311 nb=Linear Regression Algo/5-LinearReg.ipynb
2025-11-14 22:20:00,793 | INFO | docker run: docker run --rm -v /home/asu/reproducibility_of_jupyter_notebooks-1/data/outputs/repositorios_completos/Saiful-Islam25/Machine-Learning/6a881a5013206056f608c5c342a7cdfc8bcfbe20:/workspace/repo:ro -v /home/asu/reproducibility_of_jupyter_notebooks-1/data/outputs/repositorios_completos/Saiful-Islam25/Machine-Learning/6a881a5013206056f608c5c342a7cdfc8bcfbe20/_out/Linear Regression Algo__5-LinearReg.ipynb:/workspace/out -e NOTEBOOK_REL_PATH=Linear Regression Algo/5-LinearReg.ipynb -e TIMEOUT_SECONDS=300 -e PYTHON_VERSION_DECLARED=3.11 -e POLICY=strict -e NOTEBOOK_ID=1cf42a17ab7b1feb29609c4d5d1d9dc0b8d65b34bdfe16f2bc44212c36be3e00 -e RUN_ID=1763169600792-1cf42a17ab7b1feb29609c4d5d1d9dc0 notebook-executor-python311 python -m scripts.container_worker
2025-11-14 22:20:05,172 | WARNING | Docker returned 1. STDOUT/ERR tail:

2025-11-15 01:20:02,084 | INFO | Executing notebook: Linear Regression Algo/5-LinearReg.ipynb
2025-11-15 01:20:02,084 | INFO | Timeout: 300s, Run ID: 1763169600792-1cf42a17ab7b1feb29609c4d5d1d9dc0
2025-11-15 01:20:03,148 | INFO | Executing notebook with kernel: python3
2025-11-15 01:20:04,500 | INFO | Result written to /workspace/out/result.json

2025-11-14 22:20:05,184 | INFO | Usando repositório completo: /home/asu/reproducibility_of_jupyter_notebooks-1/data/outputs/repositorios_completos/Saiful-Islam25/Machine-Learning/6a881a5013206056f608c5c342a7cdfc8bcfbe20
2025-11-14 22:20:05,185 | INFO | Executando via Docker: image=notebook-executor-python311 nb=Linear Regression Algo/6-LinearReg.ipynb
2025-11-14 22:20:05,186 | INFO | docker run: docker run --rm -v /home/asu/reproducibility_of_jupyter_notebooks-1/data/outputs/repositorios_completos/Saiful-Islam25/Machine-Learning/6a881a5013206056f608c5c342a7cdfc8bcfbe20:/workspace/repo:ro -v /home/asu/reproducibility_of_jupyter_notebooks-1/data/outputs/repositorios_completos/Saiful-Islam25/Machine-Learning/6a881a5013206056f608c5c342a7cdfc8bcfbe20/_out/Linear Regression Algo__6-LinearReg.ipynb:/workspace/out -e NOTEBOOK_REL_PATH=Linear Regression Algo/6-LinearReg.ipynb -e TIMEOUT_SECONDS=300 -e PYTHON_VERSION_DECLARED=3.11 -e POLICY=strict -e NOTEBOOK_ID=e548c480a976d0ee5db05462a13f4b426dbb0cdcb1dd3dd5b3aa28e97c9eadf2 -e RUN_ID=1763169605185-e548c480a976d0ee5db05462a13f4b42 notebook-executor-python311 python -m scripts.container_worker
2025-11-14 22:20:09,138 | INFO | Usando repositório completo: /home/asu/reproducibility_of_jupyter_notebooks-1/data/outputs/repositorios_completos/Saiful-Islam25/Machine-Learning/6a881a5013206056f608c5c342a7cdfc8bcfbe20
2025-11-14 22:20:09,139 | INFO | Executando via Docker: image=notebook-executor-python311 nb=Linear Regression Algo/7-LinearReg.ipynb
2025-11-14 22:20:09,140 | INFO | docker run: docker run --rm -v /home/asu/reproducibility_of_jupyter_notebooks-1/data/outputs/repositorios_completos/Saiful-Islam25/Machine-Learning/6a881a5013206056f608c5c342a7cdfc8bcfbe20:/workspace/repo:ro -v /home/asu/reproducibility_of_jupyter_notebooks-1/data/outputs/repositorios_completos/Saiful-Islam25/Machine-Learning/6a881a5013206056f608c5c342a7cdfc8bcfbe20/_out/Linear Regression Algo__7-LinearReg.ipynb:/workspace/out -e NOTEBOOK_REL_PATH=Linear Regression Algo/7-LinearReg.ipynb -e TIMEOUT_SECONDS=300 -e PYTHON_VERSION_DECLARED=3.11 -e POLICY=strict -e NOTEBOOK_ID=b88db86adabc6d0ae4a0dbca1453bb8c55ffd6164e36a3604f790d1c40bb1f3e -e RUN_ID=1763169609139-b88db86adabc6d0ae4a0dbca1453bb8c notebook-executor-python311 python -m scripts.container_worker
2025-11-14 22:20:13,706 | INFO | Usando repositório completo: /home/asu/reproducibility_of_jupyter_notebooks-1/data/outputs/repositorios_completos/Saiful-Islam25/Machine-Learning/6a881a5013206056f608c5c342a7cdfc8bcfbe20
2025-11-14 22:20:13,706 | INFO | Executando via Docker: image=notebook-executor-python311 nb=Linear Regression Algo/Assignment 3.ipynb
2025-11-14 22:20:13,707 | INFO | docker run: docker run --rm -v /home/asu/reproducibility_of_jupyter_notebooks-1/data/outputs/repositorios_completos/Saiful-Islam25/Machine-Learning/6a881a5013206056f608c5c342a7cdfc8bcfbe20:/workspace/repo:ro -v /home/asu/reproducibility_of_jupyter_notebooks-1/data/outputs/repositorios_completos/Saiful-Islam25/Machine-Learning/6a881a5013206056f608c5c342a7cdfc8bcfbe20/_out/Linear Regression Algo__Assignment 3.ipynb:/workspace/out -e NOTEBOOK_REL_PATH=Linear Regression Algo/Assignment 3.ipynb -e TIMEOUT_SECONDS=300 -e PYTHON_VERSION_DECLARED=3.11 -e POLICY=strict -e NOTEBOOK_ID=688fd78c7e739bd88d62be1c3aaaff4b06f8f0e1d3f19b5c30a2c83bd49e0347 -e RUN_ID=1763169613706-688fd78c7e739bd88d62be1c3aaaff4b notebook-executor-python311 python -m scripts.container_worker
2025-11-14 22:20:17,776 | WARNING | Docker returned 1. STDOUT/ERR tail:

2025-11-15 01:20:14,928 | INFO | Executing notebook: Linear Regression Algo/Assignment 3.ipynb
2025-11-15 01:20:14,928 | INFO | Timeout: 300s, Run ID: 1763169613706-688fd78c7e739bd88d62be1c3aaaff4b
2025-11-15 01:20:15,752 | INFO | Executing notebook with kernel: python3
2025-11-15 01:20:17,124 | INFO | Result written to /workspace/out/result.json

2025-11-14 22:20:17,779 | INFO | Usando repositório completo: /home/asu/reproducibility_of_jupyter_notebooks-1/data/outputs/repositorios_completos/Saiful-Islam25/Machine-Learning/6a881a5013206056f608c5c342a7cdfc8bcfbe20
2025-11-14 22:20:17,779 | INFO | Executando via Docker: image=notebook-executor-python311 nb=Linear Regression Algo/Multi Linear Regression.ipynb
2025-11-14 22:20:17,780 | INFO | docker run: docker run --rm -v /home/asu/reproducibility_of_jupyter_notebooks-1/data/outputs/repositorios_completos/Saiful-Islam25/Machine-Learning/6a881a5013206056f608c5c342a7cdfc8bcfbe20:/workspace/repo:ro -v /home/asu/reproducibility_of_jupyter_notebooks-1/data/outputs/repositorios_completos/Saiful-Islam25/Machine-Learning/6a881a5013206056f608c5c342a7cdfc8bcfbe20/_out/Linear Regression Algo__Multi Linear Regression.ipynb:/workspace/out -e NOTEBOOK_REL_PATH=Linear Regression Algo/Multi Linear Regression.ipynb -e TIMEOUT_SECONDS=300 -e PYTHON_VERSION_DECLARED=3.11 -e POLICY=strict -e NOTEBOOK_ID=9d9441bee9bd6b2e4f407183c623763790255e500e432230cda785154b9a4753 -e RUN_ID=1763169617779-9d9441bee9bd6b2e4f407183c6237637 notebook-executor-python311 python -m scripts.container_worker
2025-11-14 22:20:21,964 | WARNING | Docker returned 1. STDOUT/ERR tail:

2025-11-15 01:20:18,918 | INFO | Executing notebook: Linear Regression Algo/Multi Linear Regression.ipynb
2025-11-15 01:20:18,918 | INFO | Timeout: 300s, Run ID: 1763169617779-9d9441bee9bd6b2e4f407183c6237637
2025-11-15 01:20:19,718 | INFO | Executing notebook with kernel: python3
2025-11-15 01:20:21,493 | INFO | Result written to /workspace/out/result.json

2025-11-14 22:20:21,966 | INFO | Usando repositório completo: /home/asu/reproducibility_of_jupyter_notebooks-1/data/outputs/repositorios_completos/Saiful-Islam25/Machine-Learning/6a881a5013206056f608c5c342a7cdfc8bcfbe20
2025-11-14 22:20:21,967 | INFO | Executando via Docker: image=notebook-executor-python311 nb=Projects/1--Time -Series Forecastingof Carbon Monoxide and Nitrogen Dioxide Levels With prophet algrothim and VAR.ipynb
2025-11-14 22:20:21,969 | INFO | docker run: docker run --rm -v /home/asu/reproducibility_of_jupyter_notebooks-1/data/outputs/repositorios_completos/Saiful-Islam25/Machine-Learning/6a881a5013206056f608c5c342a7cdfc8bcfbe20:/workspace/repo:ro -v /home/asu/reproducibility_of_jupyter_notebooks-1/data/outputs/repositorios_completos/Saiful-Islam25/Machine-Learning/6a881a5013206056f608c5c342a7cdfc8bcfbe20/_out/Projects__1--Time -Series Forecastingof Carbon Monoxide and Nitrogen Dioxide Levels With prophet algrothim and VAR.ipynb:/workspace/out -e NOTEBOOK_REL_PATH=Projects/1--Time -Series Forecastingof Carbon Monoxide and Nitrogen Dioxide Levels With prophet algrothim and VAR.ipynb -e TIMEOUT_SECONDS=300 -e PYTHON_VERSION_DECLARED=3.11 -e POLICY=strict -e NOTEBOOK_ID=eb2c3360846861f133540921d6d983cdcee7f23829f4988aae39b56c97d7695a -e RUN_ID=1763169621967-eb2c3360846861f133540921d6d983cd notebook-executor-python311 python -m scripts.container_worker
2025-11-14 22:20:38,736 | INFO | Usando repositório completo: /home/asu/reproducibility_of_jupyter_notebooks-1/data/outputs/repositorios_completos/Saiful-Islam25/Machine-Learning/6a881a5013206056f608c5c342a7cdfc8bcfbe20
2025-11-14 22:20:38,736 | INFO | Executando via Docker: image=notebook-executor-python311 nb=Projects/2-Sentiment Analysis on Amazon Product.ipynb
2025-11-14 22:20:38,737 | INFO | docker run: docker run --rm -v /home/asu/reproducibility_of_jupyter_notebooks-1/data/outputs/repositorios_completos/Saiful-Islam25/Machine-Learning/6a881a5013206056f608c5c342a7cdfc8bcfbe20:/workspace/repo:ro -v /home/asu/reproducibility_of_jupyter_notebooks-1/data/outputs/repositorios_completos/Saiful-Islam25/Machine-Learning/6a881a5013206056f608c5c342a7cdfc8bcfbe20/_out/Projects__2-Sentiment Analysis on Amazon Product.ipynb:/workspace/out -e NOTEBOOK_REL_PATH=Projects/2-Sentiment Analysis on Amazon Product.ipynb -e TIMEOUT_SECONDS=300 -e PYTHON_VERSION_DECLARED=3.11 -e POLICY=strict -e NOTEBOOK_ID=9b06c44c413b7523346f5ac109a7d6b219c36d68548215b743b78201ed495cb3 -e RUN_ID=1763169638736-9b06c44c413b7523346f5ac109a7d6b2 notebook-executor-python311 python -m scripts.container_worker
2025-11-14 22:26:38,734 | INFO | Usando repositório completo: /home/asu/reproducibility_of_jupyter_notebooks-1/data/outputs/repositorios_completos/Saiful-Islam25/Machine-Learning/6a881a5013206056f608c5c342a7cdfc8bcfbe20
2025-11-14 22:26:38,734 | INFO | Executando via Docker: image=notebook-executor-python311 nb=Projects/3--Predicting Customer Credit Mix - End-to-End Machine Learning Workflow.ipynb
2025-11-14 22:26:38,735 | INFO | docker run: docker run --rm -v /home/asu/reproducibility_of_jupyter_notebooks-1/data/outputs/repositorios_completos/Saiful-Islam25/Machine-Learning/6a881a5013206056f608c5c342a7cdfc8bcfbe20:/workspace/repo:ro -v /home/asu/reproducibility_of_jupyter_notebooks-1/data/outputs/repositorios_completos/Saiful-Islam25/Machine-Learning/6a881a5013206056f608c5c342a7cdfc8bcfbe20/_out/Projects__3--Predicting Customer Credit Mix - End-to-End Machine Learning Workflow.ipynb:/workspace/out -e NOTEBOOK_REL_PATH=Projects/3--Predicting Customer Credit Mix - End-to-End Machine Learning Workflow.ipynb -e TIMEOUT_SECONDS=300 -e PYTHON_VERSION_DECLARED=3.11 -e POLICY=strict -e NOTEBOOK_ID=65a5e50ec33d7705bbfe5eccdd0217fa5cf5b6dc54f1e01c27d32a0b7217b8a1 -e RUN_ID=1763169998734-65a5e50ec33d7705bbfe5eccdd0217fa notebook-executor-python311 python -m scripts.container_worker
2025-11-14 22:27:31,967 | INFO | Usando repositório completo: /home/asu/reproducibility_of_jupyter_notebooks-1/data/outputs/repositorios_completos/Saiful-Islam25/Machine-Learning/6a881a5013206056f608c5c342a7cdfc8bcfbe20
2025-11-14 22:27:31,967 | INFO | Executando via Docker: image=notebook-executor-python311 nb=Projects/Breast_Cancer_Prediction_Pycaret.ipynb
2025-11-14 22:27:31,968 | INFO | docker run: docker run --rm -v /home/asu/reproducibility_of_jupyter_notebooks-1/data/outputs/repositorios_completos/Saiful-Islam25/Machine-Learning/6a881a5013206056f608c5c342a7cdfc8bcfbe20:/workspace/repo:ro -v /home/asu/reproducibility_of_jupyter_notebooks-1/data/outputs/repositorios_completos/Saiful-Islam25/Machine-Learning/6a881a5013206056f608c5c342a7cdfc8bcfbe20/_out/Projects__Breast_Cancer_Prediction_Pycaret.ipynb:/workspace/out -e NOTEBOOK_REL_PATH=Projects/Breast_Cancer_Prediction_Pycaret.ipynb -e TIMEOUT_SECONDS=300 -e PYTHON_VERSION_DECLARED=3.11 -e POLICY=strict -e NOTEBOOK_ID=10b9717a5ed70c518eb7fc3ac7c8d51ba99f40b8b9eb1dd26509de05f4a43467 -e RUN_ID=1763170051967-10b9717a5ed70c518eb7fc3ac7c8d51b notebook-executor-python311 python -m scripts.container_worker
2025-11-14 22:27:37,111 | WARNING | Docker returned 1. STDOUT/ERR tail:

2025-11-15 01:27:33,195 | INFO | Executing notebook: Projects/Breast_Cancer_Prediction_Pycaret.ipynb
2025-11-15 01:27:33,195 | INFO | Timeout: 300s, Run ID: 1763170051967-10b9717a5ed70c518eb7fc3ac7c8d51b
2025-11-15 01:27:34,115 | INFO | Executing notebook with kernel: python3
2025-11-15 01:27:36,443 | INFO | Result written to /workspace/out/result.json

2025-11-14 22:27:37,135 | INFO | Usando repositório completo: /home/asu/reproducibility_of_jupyter_notebooks-1/data/outputs/repositorios_completos/Saiful-Islam25/Machine-Learning/6a881a5013206056f608c5c342a7cdfc8bcfbe20
2025-11-14 22:27:37,136 | INFO | Executando via Docker: image=notebook-executor-python312 nb=Projects/Credit_Card_Default_SVM.ipynb
2025-11-14 22:27:37,137 | INFO | docker run: docker run --rm -v /home/asu/reproducibility_of_jupyter_notebooks-1/data/outputs/repositorios_completos/Saiful-Islam25/Machine-Learning/6a881a5013206056f608c5c342a7cdfc8bcfbe20:/workspace/repo:ro -v /home/asu/reproducibility_of_jupyter_notebooks-1/data/outputs/repositorios_completos/Saiful-Islam25/Machine-Learning/6a881a5013206056f608c5c342a7cdfc8bcfbe20/_out/Projects__Credit_Card_Default_SVM.ipynb:/workspace/out -e NOTEBOOK_REL_PATH=Projects/Credit_Card_Default_SVM.ipynb -e TIMEOUT_SECONDS=300 -e PYTHON_VERSION_DECLARED=3.12 -e POLICY=strict -e NOTEBOOK_ID=39a26365444124410d015b85aa6fc35d4a82f7f78a56e49cad6426abe5d06e86 -e RUN_ID=1763170057136-39a26365444124410d015b85aa6fc35d notebook-executor-python312 python -m scripts.container_worker
2025-11-14 22:27:41,331 | WARNING | Docker returned 1. STDOUT/ERR tail:

2025-11-15 01:27:38,352 | INFO | Executing notebook: Projects/Credit_Card_Default_SVM.ipynb
2025-11-15 01:27:38,352 | INFO | Timeout: 300s, Run ID: 1763170057136-39a26365444124410d015b85aa6fc35d, Policy: strict
2025-11-15 01:27:38,352 | INFO | Policy is 'strict': attempting to install repository dependencies...
2025-11-15 01:27:38,353 | INFO | No repository dependency files found
2025-11-15 01:27:39,150 | INFO | Executing notebook with kernel: python3
2025-11-15 01:27:40,874 | INFO | Result written to /workspace/out/result.json

2025-11-14 22:27:41,333 | INFO | Usando repositório completo: /home/asu/reproducibility_of_jupyter_notebooks-1/data/outputs/repositorios_completos/Saiful-Islam25/Machine-Learning/6a881a5013206056f608c5c342a7cdfc8bcfbe20
2025-11-14 22:27:41,333 | INFO | Executando via Docker: image=notebook-executor-python311 nb=Projects/E-Commerce.ipynb
2025-11-14 22:27:41,334 | INFO | docker run: docker run --rm -v /home/asu/reproducibility_of_jupyter_notebooks-1/data/outputs/repositorios_completos/Saiful-Islam25/Machine-Learning/6a881a5013206056f608c5c342a7cdfc8bcfbe20:/workspace/repo:ro -v /home/asu/reproducibility_of_jupyter_notebooks-1/data/outputs/repositorios_completos/Saiful-Islam25/Machine-Learning/6a881a5013206056f608c5c342a7cdfc8bcfbe20/_out/Projects__E-Commerce.ipynb:/workspace/out -e NOTEBOOK_REL_PATH=Projects/E-Commerce.ipynb -e TIMEOUT_SECONDS=300 -e PYTHON_VERSION_DECLARED=3.11 -e POLICY=strict -e NOTEBOOK_ID=21930ee51b8ce6c32a4eab87899a2823f17637e690c60d82e7031551546de94d -e RUN_ID=1763170061333-21930ee51b8ce6c32a4eab87899a2823 notebook-executor-python311 python -m scripts.container_worker
2025-11-14 22:27:44,912 | INFO | Usando repositório completo: /home/asu/reproducibility_of_jupyter_notebooks-1/data/outputs/repositorios_completos/Saiful-Islam25/Machine-Learning/6a881a5013206056f608c5c342a7cdfc8bcfbe20
2025-11-14 22:27:44,912 | INFO | Executando via Docker: image=notebook-executor-python311 nb=Projects/Fake News Detection System using Machine Learning and NLP.ipynb
2025-11-14 22:27:44,912 | INFO | docker run: docker run --rm -v /home/asu/reproducibility_of_jupyter_notebooks-1/data/outputs/repositorios_completos/Saiful-Islam25/Machine-Learning/6a881a5013206056f608c5c342a7cdfc8bcfbe20:/workspace/repo:ro -v /home/asu/reproducibility_of_jupyter_notebooks-1/data/outputs/repositorios_completos/Saiful-Islam25/Machine-Learning/6a881a5013206056f608c5c342a7cdfc8bcfbe20/_out/Projects__Fake News Detection System using Machine Learning and NLP.ipynb:/workspace/out -e NOTEBOOK_REL_PATH=Projects/Fake News Detection System using Machine Learning and NLP.ipynb -e TIMEOUT_SECONDS=300 -e PYTHON_VERSION_DECLARED=3.11 -e POLICY=strict -e NOTEBOOK_ID=8b504915ce276da662e702463ecc0f9146f94b44ed7b214b49a5bd4272a6f1ab -e RUN_ID=1763170064912-8b504915ce276da662e702463ecc0f91 notebook-executor-python311 python -m scripts.container_worker
2025-11-14 22:28:11,023 | WARNING | Docker returned 1. STDOUT/ERR tail:

15 01:27:48,858 | INFO | ModuleNotFoundError detected: wordcloud. Attempting to install...
2025-11-15 01:27:50,537 | INFO | Successfully installed wordcloud
2025-11-15 01:27:50,537 | INFO | Installed wordcloud. Re-executing notebook...
2025-11-15 01:27:51,164 | INFO | Executing notebook with kernel: python3
2025-11-15 01:27:52,491 | INFO | ModuleNotFoundError detected: nltk. Attempting to install...
2025-11-15 01:27:54,288 | INFO | Successfully installed nltk
2025-11-15 01:27:54,288 | INFO | Installed nltk. Re-executing notebook...
2025-11-15 01:27:54,890 | INFO | Executing notebook with kernel: python3
2025-11-15 01:27:56,648 | INFO | ModuleNotFoundError detected: xgboost. Attempting to install...
2025-11-15 01:28:07,795 | INFO | Successfully installed xgboost
2025-11-15 01:28:07,795 | INFO | Installed xgboost. Re-executing notebook...
2025-11-15 01:28:08,377 | INFO | Executing notebook with kernel: python3
2025-11-15 01:28:10,279 | INFO | Result written to /workspace/out/result.json

2025-11-14 22:28:11,026 | INFO | Usando repositório completo: /home/asu/reproducibility_of_jupyter_notebooks-1/data/outputs/repositorios_completos/Saiful-Islam25/Machine-Learning/6a881a5013206056f608c5c342a7cdfc8bcfbe20
2025-11-14 22:28:11,026 | INFO | Executando via Docker: image=notebook-executor nb=Projects/Hypertension Prediction/Notebook.ipynb
2025-11-14 22:28:11,026 | INFO | docker run: docker run --rm -v /home/asu/reproducibility_of_jupyter_notebooks-1/data/outputs/repositorios_completos/Saiful-Islam25/Machine-Learning/6a881a5013206056f608c5c342a7cdfc8bcfbe20:/workspace/repo:ro -v /home/asu/reproducibility_of_jupyter_notebooks-1/data/outputs/repositorios_completos/Saiful-Islam25/Machine-Learning/6a881a5013206056f608c5c342a7cdfc8bcfbe20/_out/Projects__Hypertension Prediction__Notebook.ipynb:/workspace/out -e NOTEBOOK_REL_PATH=Projects/Hypertension Prediction/Notebook.ipynb -e TIMEOUT_SECONDS=300 -e PYTHON_VERSION_DECLARED= -e POLICY=strict -e NOTEBOOK_ID=550fd3c6271661f49a295cc5aed10865eead67ef06170494850b2392349acfc6 -e RUN_ID=1763170091026-550fd3c6271661f49a295cc5aed10865 notebook-executor python -m scripts.container_worker
2025-11-14 22:28:29,653 | WARNING | Docker returned 1. STDOUT/ERR tail:

2025-11-15 01:28:12,370 | INFO | Executing notebook: Projects/Hypertension Prediction/Notebook.ipynb
2025-11-15 01:28:12,370 | INFO | Timeout: 300s, Run ID: 1763170091026-550fd3c6271661f49a295cc5aed10865
2025-11-15 01:28:13,091 | INFO | Executing notebook with kernel: python3
2025-11-15 01:28:14,815 | INFO | ModuleNotFoundError detected: xgboost. Attempting to install...
2025-11-15 01:28:26,480 | INFO | Successfully installed xgboost
2025-11-15 01:28:26,480 | INFO | Installed xgboost. Re-executing notebook...
2025-11-15 01:28:27,245 | INFO | Executing notebook with kernel: python3
2025-11-15 01:28:28,969 | INFO | Result written to /workspace/out/result.json

2025-11-14 22:28:29,679 | INFO | Usando repositório completo: /home/asu/reproducibility_of_jupyter_notebooks-1/data/outputs/repositorios_completos/Saiful-Islam25/Machine-Learning/6a881a5013206056f608c5c342a7cdfc8bcfbe20
2025-11-14 22:28:29,679 | INFO | Executando via Docker: image=notebook-executor-python311 nb=Projects/NLP_Fake_News_correct_version.ipynb
2025-11-14 22:28:29,680 | INFO | docker run: docker run --rm -v /home/asu/reproducibility_of_jupyter_notebooks-1/data/outputs/repositorios_completos/Saiful-Islam25/Machine-Learning/6a881a5013206056f608c5c342a7cdfc8bcfbe20:/workspace/repo:ro -v /home/asu/reproducibility_of_jupyter_notebooks-1/data/outputs/repositorios_completos/Saiful-Islam25/Machine-Learning/6a881a5013206056f608c5c342a7cdfc8bcfbe20/_out/Projects__NLP_Fake_News_correct_version.ipynb:/workspace/out -e NOTEBOOK_REL_PATH=Projects/NLP_Fake_News_correct_version.ipynb -e TIMEOUT_SECONDS=300 -e PYTHON_VERSION_DECLARED=3.11 -e POLICY=strict -e NOTEBOOK_ID=68f67d80915c8f85f857ce738b7d81f770992f7131e954519f410bf6a5c66cc2 -e RUN_ID=1763170109679-68f67d80915c8f85f857ce738b7d81f7 notebook-executor-python311 python -m scripts.container_worker
2025-11-14 22:28:41,926 | WARNING | Docker returned 1. STDOUT/ERR tail:

2025-11-15 01:28:30,758 | INFO | Executing notebook: Projects/NLP_Fake_News_correct_version.ipynb
2025-11-15 01:28:30,759 | INFO | Timeout: 300s, Run ID: 1763170109679-68f67d80915c8f85f857ce738b7d81f7
2025-11-15 01:28:31,514 | INFO | Executing notebook with kernel: python3
2025-11-15 01:28:33,295 | INFO | ModuleNotFoundError detected: wordcloud. Attempting to install...
2025-11-15 01:28:34,872 | INFO | Successfully installed wordcloud
2025-11-15 01:28:34,872 | INFO | Installed wordcloud. Re-executing notebook...
2025-11-15 01:28:35,575 | INFO | Executing notebook with kernel: python3
2025-11-15 01:28:37,211 | INFO | ModuleNotFoundError detected: nltk. Attempting to install...
2025-11-15 01:28:39,025 | INFO | Successfully installed nltk
2025-11-15 01:28:39,025 | INFO | Installed nltk. Re-executing notebook...
2025-11-15 01:28:39,551 | INFO | Executing notebook with kernel: python3
2025-11-15 01:28:41,347 | INFO | Result written to /workspace/out/result.json

2025-11-14 22:28:41,943 | INFO | Usando repositório completo: /home/asu/reproducibility_of_jupyter_notebooks-1/data/outputs/repositorios_completos/Saiful-Islam25/Machine-Learning/6a881a5013206056f608c5c342a7cdfc8bcfbe20
2025-11-14 22:28:41,943 | INFO | Executando via Docker: image=notebook-executor nb=Projects/PatientCare_classifcation_system.ipynb
2025-11-14 22:28:41,944 | INFO | docker run: docker run --rm -v /home/asu/reproducibility_of_jupyter_notebooks-1/data/outputs/repositorios_completos/Saiful-Islam25/Machine-Learning/6a881a5013206056f608c5c342a7cdfc8bcfbe20:/workspace/repo:ro -v /home/asu/reproducibility_of_jupyter_notebooks-1/data/outputs/repositorios_completos/Saiful-Islam25/Machine-Learning/6a881a5013206056f608c5c342a7cdfc8bcfbe20/_out/Projects__PatientCare_classifcation_system.ipynb:/workspace/out -e NOTEBOOK_REL_PATH=Projects/PatientCare_classifcation_system.ipynb -e TIMEOUT_SECONDS=300 -e PYTHON_VERSION_DECLARED=3.10 -e POLICY=strict -e NOTEBOOK_ID=f1be2209bdac3506d0e48859886c71df8f07203bffd80706b3e3ca11c777e4e9 -e RUN_ID=1763170121943-f1be2209bdac3506d0e48859886c71df notebook-executor python -m scripts.container_worker
2025-11-14 22:28:46,402 | WARNING | Docker returned 1. STDOUT/ERR tail:

2025-11-15 01:28:43,321 | INFO | Executing notebook: Projects/PatientCare_classifcation_system.ipynb
2025-11-15 01:28:43,321 | INFO | Timeout: 300s, Run ID: 1763170121943-f1be2209bdac3506d0e48859886c71df
2025-11-15 01:28:44,046 | INFO | Executing notebook with kernel: python3
2025-11-15 01:28:45,816 | INFO | Result written to /workspace/out/result.json

2025-11-14 22:28:46,404 | INFO | Usando repositório completo: /home/asu/reproducibility_of_jupyter_notebooks-1/data/outputs/repositorios_completos/Saiful-Islam25/Machine-Learning/6a881a5013206056f608c5c342a7cdfc8bcfbe20
2025-11-14 22:28:46,405 | INFO | Executando via Docker: image=notebook-executor-python39 nb=Projects/Predicting Customer Credit Mix - End-to-End Machine Learning Workflow.ipynb
2025-11-14 22:28:46,405 | INFO | docker run: docker run --rm -v /home/asu/reproducibility_of_jupyter_notebooks-1/data/outputs/repositorios_completos/Saiful-Islam25/Machine-Learning/6a881a5013206056f608c5c342a7cdfc8bcfbe20:/workspace/repo:ro -v /home/asu/reproducibility_of_jupyter_notebooks-1/data/outputs/repositorios_completos/Saiful-Islam25/Machine-Learning/6a881a5013206056f608c5c342a7cdfc8bcfbe20/_out/Projects__Predicting Customer Credit Mix - End-to-End Machine Learning Workflow.ipynb:/workspace/out -e NOTEBOOK_REL_PATH=Projects/Predicting Customer Credit Mix - End-to-End Machine Learning Workflow.ipynb -e TIMEOUT_SECONDS=300 -e PYTHON_VERSION_DECLARED=3.9 -e POLICY=strict -e NOTEBOOK_ID=1934b9f6ab5b7f06d55657c6cd6cd1318c503d984a15ed16b1363f053c524e15 -e RUN_ID=1763170126405-1934b9f6ab5b7f06d55657c6cd6cd131 notebook-executor-python39 python -m scripts.container_worker
2025-11-14 22:28:50,971 | INFO | Usando repositório completo: /home/asu/reproducibility_of_jupyter_notebooks-1/data/outputs/repositorios_completos/Saiful-Islam25/Machine-Learning/6a881a5013206056f608c5c342a7cdfc8bcfbe20
2025-11-14 22:28:50,971 | INFO | Executando via Docker: image=notebook-executor-python312 nb=Projects/Predicting_Heart_Disease.ipynb
2025-11-14 22:28:50,972 | INFO | docker run: docker run --rm -v /home/asu/reproducibility_of_jupyter_notebooks-1/data/outputs/repositorios_completos/Saiful-Islam25/Machine-Learning/6a881a5013206056f608c5c342a7cdfc8bcfbe20:/workspace/repo:ro -v /home/asu/reproducibility_of_jupyter_notebooks-1/data/outputs/repositorios_completos/Saiful-Islam25/Machine-Learning/6a881a5013206056f608c5c342a7cdfc8bcfbe20/_out/Projects__Predicting_Heart_Disease.ipynb:/workspace/out -e NOTEBOOK_REL_PATH=Projects/Predicting_Heart_Disease.ipynb -e TIMEOUT_SECONDS=300 -e PYTHON_VERSION_DECLARED=3.12 -e POLICY=strict -e NOTEBOOK_ID=480bc0792c256dcc46543bcd4f31c00adf066b4a44d95c6ed727df0cc92068dc -e RUN_ID=1763170130971-480bc0792c256dcc46543bcd4f31c00a notebook-executor-python312 python -m scripts.container_worker
2025-11-14 22:28:56,166 | WARNING | Docker returned 1. STDOUT/ERR tail:

2025-11-15 01:28:52,404 | INFO | Executing notebook: Projects/Predicting_Heart_Disease.ipynb
2025-11-15 01:28:52,404 | INFO | Timeout: 300s, Run ID: 1763170130971-480bc0792c256dcc46543bcd4f31c00a, Policy: strict
2025-11-15 01:28:52,404 | INFO | Policy is 'strict': attempting to install repository dependencies...
2025-11-15 01:28:52,404 | INFO | No repository dependency files found
2025-11-15 01:28:53,525 | INFO | Executing notebook with kernel: python3
2025-11-15 01:28:55,556 | INFO | Result written to /workspace/out/result.json

2025-11-14 22:28:56,168 | INFO | Usando repositório completo: /home/asu/reproducibility_of_jupyter_notebooks-1/data/outputs/repositorios_completos/Saiful-Islam25/Machine-Learning/6a881a5013206056f608c5c342a7cdfc8bcfbe20
2025-11-14 22:28:56,170 | INFO | Executando via Docker: image=notebook-executor-python311 nb=Projects/Project No- 1-Regression - Predicting Car Prices with Machine Learning (1).ipynb
2025-11-14 22:28:56,171 | INFO | docker run: docker run --rm -v /home/asu/reproducibility_of_jupyter_notebooks-1/data/outputs/repositorios_completos/Saiful-Islam25/Machine-Learning/6a881a5013206056f608c5c342a7cdfc8bcfbe20:/workspace/repo:ro -v /home/asu/reproducibility_of_jupyter_notebooks-1/data/outputs/repositorios_completos/Saiful-Islam25/Machine-Learning/6a881a5013206056f608c5c342a7cdfc8bcfbe20/_out/Projects__Project No- 1-Regression - Predicting Car Prices with Machine Learning (1).ipynb:/workspace/out -e NOTEBOOK_REL_PATH=Projects/Project No- 1-Regression - Predicting Car Prices with Machine Learning (1).ipynb -e TIMEOUT_SECONDS=300 -e PYTHON_VERSION_DECLARED=3.11 -e POLICY=strict -e NOTEBOOK_ID=844a1f5802568f32e325f3f5c1bdc58e68fd81154b1bd70803c2b2e548644814 -e RUN_ID=1763170136170-844a1f5802568f32e325f3f5c1bdc58e notebook-executor-python311 python -m scripts.container_worker
2025-11-14 22:29:00,946 | WARNING | Docker returned 1. STDOUT/ERR tail:

2025-11-15 01:28:57,396 | INFO | Executing notebook: Projects/Project No- 1-Regression - Predicting Car Prices with Machine Learning (1).ipynb
2025-11-15 01:28:57,396 | INFO | Timeout: 300s, Run ID: 1763170136170-844a1f5802568f32e325f3f5c1bdc58e
2025-11-15 01:28:58,159 | INFO | Executing notebook with kernel: python3
2025-11-15 01:29:00,486 | INFO | Result written to /workspace/out/result.json

2025-11-14 22:29:01,158 | INFO | Usando repositório completo: /home/asu/reproducibility_of_jupyter_notebooks-1/data/outputs/repositorios_completos/Saiful-Islam25/Machine-Learning/6a881a5013206056f608c5c342a7cdfc8bcfbe20
2025-11-14 22:29:01,158 | INFO | Executando via Docker: image=notebook-executor-python311 nb=Projects/Text_Data_using_Naive_Bayes_Classifier.ipynb
2025-11-14 22:29:01,159 | INFO | docker run: docker run --rm -v /home/asu/reproducibility_of_jupyter_notebooks-1/data/outputs/repositorios_completos/Saiful-Islam25/Machine-Learning/6a881a5013206056f608c5c342a7cdfc8bcfbe20:/workspace/repo:ro -v /home/asu/reproducibility_of_jupyter_notebooks-1/data/outputs/repositorios_completos/Saiful-Islam25/Machine-Learning/6a881a5013206056f608c5c342a7cdfc8bcfbe20/_out/Projects__Text_Data_using_Naive_Bayes_Classifier.ipynb:/workspace/out -e NOTEBOOK_REL_PATH=Projects/Text_Data_using_Naive_Bayes_Classifier.ipynb -e TIMEOUT_SECONDS=300 -e PYTHON_VERSION_DECLARED=3.11 -e POLICY=strict -e NOTEBOOK_ID=08dd9791a02312a3b2992182ce1219a81788d4f29a028a1a71270e583fef5eee -e RUN_ID=1763170141158-08dd9791a02312a3b2992182ce1219a8 notebook-executor-python311 python -m scripts.container_worker
2025-11-14 22:29:05,085 | WARNING | Docker returned 1. STDOUT/ERR tail:

2025-11-15 01:29:02,187 | INFO | Executing notebook: Projects/Text_Data_using_Naive_Bayes_Classifier.ipynb
2025-11-15 01:29:02,187 | INFO | Timeout: 300s, Run ID: 1763170141158-08dd9791a02312a3b2992182ce1219a8
2025-11-15 01:29:02,993 | INFO | Executing notebook with kernel: python3
2025-11-15 01:29:04,609 | INFO | Result written to /workspace/out/result.json

2025-11-14 22:29:05,088 | INFO | Usando repositório completo: /home/asu/reproducibility_of_jupyter_notebooks-1/data/outputs/repositorios_completos/Saiful-Islam25/Machine-Learning/6a881a5013206056f608c5c342a7cdfc8bcfbe20
2025-11-14 22:29:05,088 | INFO | Executando via Docker: image=notebook-executor-python311 nb=Projects/Time -Series Forecastingof Carbon Monoxide and Nitrogen Dioxide Levels With prophet algrothim and VAR 3.ipynb
2025-11-14 22:29:05,090 | INFO | docker run: docker run --rm -v /home/asu/reproducibility_of_jupyter_notebooks-1/data/outputs/repositorios_completos/Saiful-Islam25/Machine-Learning/6a881a5013206056f608c5c342a7cdfc8bcfbe20:/workspace/repo:ro -v /home/asu/reproducibility_of_jupyter_notebooks-1/data/outputs/repositorios_completos/Saiful-Islam25/Machine-Learning/6a881a5013206056f608c5c342a7cdfc8bcfbe20/_out/Projects__Time -Series Forecastingof Carbon Monoxide and Nitrogen Dioxide Levels With prophet algrothim and VAR 3.ipynb:/workspace/out -e NOTEBOOK_REL_PATH=Projects/Time -Series Forecastingof Carbon Monoxide and Nitrogen Dioxide Levels With prophet algrothim and VAR 3.ipynb -e TIMEOUT_SECONDS=300 -e PYTHON_VERSION_DECLARED=3.11 -e POLICY=strict -e NOTEBOOK_ID=86059617470295cbc9d82443a87ae5135420c25d2d357c51db1995e80e97bfa4 -e RUN_ID=1763170145088-86059617470295cbc9d82443a87ae513 notebook-executor-python311 python -m scripts.container_worker
2025-11-14 22:29:14,252 | INFO | Usando repositório completo: /home/asu/reproducibility_of_jupyter_notebooks-1/data/outputs/repositorios_completos/Saiful-Islam25/Machine-Learning/6a881a5013206056f608c5c342a7cdfc8bcfbe20
2025-11-14 22:29:14,253 | INFO | Executando via Docker: image=notebook-executor-python311 nb=Projects/_Calories Prediction.ipynb
2025-11-14 22:29:14,253 | INFO | docker run: docker run --rm -v /home/asu/reproducibility_of_jupyter_notebooks-1/data/outputs/repositorios_completos/Saiful-Islam25/Machine-Learning/6a881a5013206056f608c5c342a7cdfc8bcfbe20:/workspace/repo:ro -v /home/asu/reproducibility_of_jupyter_notebooks-1/data/outputs/repositorios_completos/Saiful-Islam25/Machine-Learning/6a881a5013206056f608c5c342a7cdfc8bcfbe20/_out/Projects___Calories Prediction.ipynb:/workspace/out -e NOTEBOOK_REL_PATH=Projects/_Calories Prediction.ipynb -e TIMEOUT_SECONDS=300 -e PYTHON_VERSION_DECLARED=3.11 -e POLICY=strict -e NOTEBOOK_ID=39406193115810b314bfe19a83eb5c7f945b74382833d280d308d9c5350e7b22 -e RUN_ID=1763170154253-39406193115810b314bfe19a83eb5c7f notebook-executor-python311 python -m scripts.container_worker
2025-11-14 22:29:30,390 | WARNING | Docker returned 1. STDOUT/ERR tail:

2025-11-15 01:29:15,540 | INFO | Executing notebook: Projects/_Calories Prediction.ipynb
2025-11-15 01:29:15,540 | INFO | Timeout: 300s, Run ID: 1763170154253-39406193115810b314bfe19a83eb5c7f
2025-11-15 01:29:16,604 | INFO | Executing notebook with kernel: python3
2025-11-15 01:29:29,735 | INFO | Result written to /workspace/out/result.json

2025-11-14 22:29:30,418 | INFO | Usando repositório completo: /home/asu/reproducibility_of_jupyter_notebooks-1/data/outputs/repositorios_completos/Saiful-Islam25/Machine-Learning/6a881a5013206056f608c5c342a7cdfc8bcfbe20
2025-11-14 22:29:30,418 | INFO | Executando via Docker: image=notebook-executor-python312 nb=Projects/fake-and-real-news-checker.ipynb
2025-11-14 22:29:30,419 | INFO | docker run: docker run --rm -v /home/asu/reproducibility_of_jupyter_notebooks-1/data/outputs/repositorios_completos/Saiful-Islam25/Machine-Learning/6a881a5013206056f608c5c342a7cdfc8bcfbe20:/workspace/repo:ro -v /home/asu/reproducibility_of_jupyter_notebooks-1/data/outputs/repositorios_completos/Saiful-Islam25/Machine-Learning/6a881a5013206056f608c5c342a7cdfc8bcfbe20/_out/Projects__fake-and-real-news-checker.ipynb:/workspace/out -e NOTEBOOK_REL_PATH=Projects/fake-and-real-news-checker.ipynb -e TIMEOUT_SECONDS=300 -e PYTHON_VERSION_DECLARED=3.12 -e POLICY=strict -e NOTEBOOK_ID=21bb6f9a958059a703f8b8d777f2d976497ed6d46fb3ae33d1f9ee435781f5fc -e RUN_ID=1763170170418-21bb6f9a958059a703f8b8d777f2d976 notebook-executor-python312 python -m scripts.container_worker
2025-11-14 22:29:41,574 | WARNING | Docker returned 1. STDOUT/ERR tail:

70170418-21bb6f9a958059a703f8b8d777f2d976, Policy: strict
2025-11-15 01:29:31,629 | INFO | Policy is 'strict': attempting to install repository dependencies...
2025-11-15 01:29:31,629 | INFO | No repository dependency files found
2025-11-15 01:29:32,439 | INFO | Executing notebook with kernel: python3
2025-11-15 01:29:34,124 | INFO | ModuleNotFoundError detected: wordcloud. Attempting to install...
2025-11-15 01:29:34,911 | INFO | Successfully installed wordcloud
2025-11-15 01:29:34,911 | INFO | Installed wordcloud. Re-executing notebook...
2025-11-15 01:29:35,472 | INFO | Executing notebook with kernel: python3
2025-11-15 01:29:37,070 | INFO | ModuleNotFoundError detected: nltk. Attempting to install...
2025-11-15 01:29:38,368 | INFO | Successfully installed nltk
2025-11-15 01:29:38,368 | INFO | Installed nltk. Re-executing notebook...
2025-11-15 01:29:38,945 | INFO | Executing notebook with kernel: python3
2025-11-15 01:29:40,999 | INFO | Result written to /workspace/out/result.json

2025-11-14 22:29:41,579 | INFO | Usando repositório completo: /home/asu/reproducibility_of_jupyter_notebooks-1/data/outputs/repositorios_completos/Saiful-Islam25/Machine-Learning/6a881a5013206056f608c5c342a7cdfc8bcfbe20
2025-11-14 22:29:41,579 | INFO | Executando via Docker: image=notebook-executor-python311 nb=Projects/thyroid_cancer_prediction_pipeline.ipynb
2025-11-14 22:29:41,580 | INFO | docker run: docker run --rm -v /home/asu/reproducibility_of_jupyter_notebooks-1/data/outputs/repositorios_completos/Saiful-Islam25/Machine-Learning/6a881a5013206056f608c5c342a7cdfc8bcfbe20:/workspace/repo:ro -v /home/asu/reproducibility_of_jupyter_notebooks-1/data/outputs/repositorios_completos/Saiful-Islam25/Machine-Learning/6a881a5013206056f608c5c342a7cdfc8bcfbe20/_out/Projects__thyroid_cancer_prediction_pipeline.ipynb:/workspace/out -e NOTEBOOK_REL_PATH=Projects/thyroid_cancer_prediction_pipeline.ipynb -e TIMEOUT_SECONDS=300 -e PYTHON_VERSION_DECLARED=3.11 -e POLICY=strict -e NOTEBOOK_ID=2b75667c4eee8e822de794e33023753a2804bcad93d5680e00011dfe7b2a4f6f -e RUN_ID=1763170181579-2b75667c4eee8e822de794e33023753a notebook-executor-python311 python -m scripts.container_worker
2025-11-14 22:29:45,909 | WARNING | Docker returned 1. STDOUT/ERR tail:

2025-11-15 01:29:42,763 | INFO | Executing notebook: Projects/thyroid_cancer_prediction_pipeline.ipynb
2025-11-15 01:29:42,763 | INFO | Timeout: 300s, Run ID: 1763170181579-2b75667c4eee8e822de794e33023753a
2025-11-15 01:29:43,553 | INFO | Executing notebook with kernel: python3
2025-11-15 01:29:45,412 | INFO | Result written to /workspace/out/result.json

2025-11-14 22:29:45,914 | INFO | Limpeza do workspace temporário concluída.
2025-11-14 22:29:45,914 | INFO | Concluído. Notebooks processados: 395
2025-11-14 22:29:45,914 | INFO | Resultados em: /home/asu/reproducibility_of_jupyter_notebooks-1/data/outputs/execution_results.csv
181579-2b75667c4eee8e822de794e33023753a notebook-executor-python311 python -m scripts.container_worker
2025-11-14 22:29:45,909 | WARNING | Docker returned 1. STDOUT/ERR tail:

2025-11-15 01:29:42,763 | INFO | Executing notebook: Projects/thyroid_cancer_prediction_pipeline.ipynb
2025-11-15 01:29:42,763 | INFO | Timeout: 300s, Run ID: 1763170181579-2b75667c4eee8e822de794e33023753a
2025-11-15 01:29:43,553 | INFO | Executing notebook with kernel: python3
2025-11-15 01:29:45,412 | INFO | Result written to /workspace/out/result.json

2025-11-14 22:29:45,914 | INFO | Limpeza do workspace temporário concluída.
2025-11-14 22:29:45,914 | INFO | Concluído. Notebooks processados: 395
2025-11-14 22:29:45,914 | INFO | Resultados em: /home/asu/reproducibility_of_jupyter_notebooks-1/data/outputs/execution_results.csv
