notebook_id,repo_full_name,notebook_rel_path,exec_error_type,exec_exception_type,real_error_type,real_error_message,exec_exception_str,exec_traceback_str,exec_ok,elapsed_s,exec_env_python_version
c2e53f77127f68dd7cb996540e06a7bfa63d1b63cc2fa697c00f311cf42dd2d6,wewnumam/learn-ai,data-analysis/FreeCodeCamp-Pandas-Real-Life-Example/Exercises_1.ipynb,file_not_found,CellExecutionError,file_not_found,data/sales_data.csv,"An error occurred while executing the following cell:
------------------
sales = pd.read_csv(
    'data/sales_data.csv',
    parse_dates=['Date'])
------------------


[31m---------------------------------------------------------------------------[39m
[31mFileNotFoundError[39m                         Traceback (most recent call last)
[36mCell[39m[36m [39m[32mIn[2][39m[32m, line 1[39m
[32m----> [39m[32m1[39m sales = [43mpd[49m[43m.[49m[43mread_csv[49m[43m([49m
[32m      2","Traceback (most recent call last):
  File ""/opt/pipeline/scripts/execution_core.py"", line 225, in execute_notebook_in_current_env
    client.execute()
    ~~~~~~~~~~~~~~^^
  File ""/usr/local/lib/python3.13/site-packages/jupyter_core/utils/__init__.py"", line 165, in wrapped
    return loop.run_until_complete(inner)
           ~~~~~~~~~~~~~~~~~~~~~~~^^^^^^^
  File ""/usr/local/lib/python3.13/asyncio/base_events.py"", line 725, in run_until_complete
    return future.result()
           ~~~~~~~~~~~~~^^
  File ""/usr/local/lib/python3.13/site-packages/nbclient/client.py"", line 709, in async_execute
    await self.async_execute_cell(
        cell, index, execution_count=self.code_cells_executed + 1
    )
  File ""/usr/local/lib/python3.13/site-packages/nbclient/client.py"", line 1062, in async_execute_cell
    await self._check_raise_for_error(cell, cell_index, exec_reply)
  File ""/usr/local/lib/python3.13/site-packages/nbclient/client.py"", line 918, in _check_raise_for_error
    raise CellExecu",False,2.309,3.13.9
d97db5d1574e42f3c2700c5f9fae8c9e5858a5b4a8ec6810b0e9fea3a50a9a7f,wewnumam/learn-ai,data-analysis/FreeCodeCamp-Pandas-Real-Life-Example/Exercises_2.ipynb,other,CellExecutionError,unclassified,,"An error occurred while executing the following cell:
------------------
conn = sqlite3.connect('data/sakila.db')

df = pd.read_sql('''
    SELECT
        rental.rental_id, rental.rental_date, rental.return_date,
        customer.last_name AS customer_lastname,
        store.store_id,
        city.city AS rental_store_city,
        film.title AS film_title, film.rental_duration AS film_rental_duration,
        film.rental_rate AS film_rental_rate, film.replacement_cost AS film_replacement_cost,
","Traceback (most recent call last):
  File ""/opt/pipeline/scripts/execution_core.py"", line 225, in execute_notebook_in_current_env
    client.execute()
    ~~~~~~~~~~~~~~^^
  File ""/usr/local/lib/python3.13/site-packages/jupyter_core/utils/__init__.py"", line 165, in wrapped
    return loop.run_until_complete(inner)
           ~~~~~~~~~~~~~~~~~~~~~~~^^^^^^^
  File ""/usr/local/lib/python3.13/asyncio/base_events.py"", line 725, in run_until_complete
    return future.result()
           ~~~~~~~~~~~~~^^
  File ""/usr/local/lib/python3.13/site-packages/nbclient/client.py"", line 709, in async_execute
    await self.async_execute_cell(
        cell, index, execution_count=self.code_cells_executed + 1
    )
  File ""/usr/local/lib/python3.13/site-packages/nbclient/client.py"", line 1062, in async_execute_cell
    await self._check_raise_for_error(cell, cell_index, exec_reply)
  File ""/usr/local/lib/python3.13/site-packages/nbclient/client.py"", line 918, in _check_raise_for_error
    raise CellExecu",False,2.11,3.13.9
931de126d369b599ed4f430b7c00ff9973990ffee7777a99daf51daa70586392,wewnumam/learn-ai,data-analysis/FreeCodeCamp-Pandas-Real-Life-Example/Lecture_1.ipynb,file_not_found,CellExecutionError,file_not_found,data/sales_data.csv,"An error occurred while executing the following cell:
------------------
sales = pd.read_csv(
    'data/sales_data.csv',
    parse_dates=['Date'])
------------------


[31m---------------------------------------------------------------------------[39m
[31mFileNotFoundError[39m                         Traceback (most recent call last)
[36mCell[39m[36m [39m[32mIn[2][39m[32m, line 1[39m
[32m----> [39m[32m1[39m sales = [43mpd[49m[43m.[49m[43mread_csv[49m[43m([49m
[32m      2","Traceback (most recent call last):
  File ""/opt/pipeline/scripts/execution_core.py"", line 225, in execute_notebook_in_current_env
    client.execute()
    ~~~~~~~~~~~~~~^^
  File ""/usr/local/lib/python3.13/site-packages/jupyter_core/utils/__init__.py"", line 165, in wrapped
    return loop.run_until_complete(inner)
           ~~~~~~~~~~~~~~~~~~~~~~~^^^^^^^
  File ""/usr/local/lib/python3.13/asyncio/base_events.py"", line 725, in run_until_complete
    return future.result()
           ~~~~~~~~~~~~~^^
  File ""/usr/local/lib/python3.13/site-packages/nbclient/client.py"", line 709, in async_execute
    await self.async_execute_cell(
        cell, index, execution_count=self.code_cells_executed + 1
    )
  File ""/usr/local/lib/python3.13/site-packages/nbclient/client.py"", line 1062, in async_execute_cell
    await self._check_raise_for_error(cell, cell_index, exec_reply)
  File ""/usr/local/lib/python3.13/site-packages/nbclient/client.py"", line 918, in _check_raise_for_error
    raise CellExecu",False,2.101,3.13.9
7707961d01863dfa29aded1f2a9291575746cfd0ffc12753383f619b11166303,wewnumam/learn-ai,data-analysis/FreeCodeCamp-Pandas-Real-Life-Example/Lecture_2.ipynb,other,CellExecutionError,unclassified,,"An error occurred while executing the following cell:
------------------
conn = sqlite3.connect('data/sakila.db')

df = pd.read_sql('''
    SELECT
        rental.rental_id, rental.rental_date, rental.return_date,
        customer.last_name AS customer_lastname,
        store.store_id,
        city.city AS rental_store_city,
        film.title AS film_title, film.rental_duration AS film_rental_duration,
        film.rental_rate AS film_rental_rate, film.replacement_cost AS film_replacement_cost,
","Traceback (most recent call last):
  File ""/opt/pipeline/scripts/execution_core.py"", line 225, in execute_notebook_in_current_env
    client.execute()
    ~~~~~~~~~~~~~~^^
  File ""/usr/local/lib/python3.13/site-packages/jupyter_core/utils/__init__.py"", line 165, in wrapped
    return loop.run_until_complete(inner)
           ~~~~~~~~~~~~~~~~~~~~~~~^^^^^^^
  File ""/usr/local/lib/python3.13/asyncio/base_events.py"", line 725, in run_until_complete
    return future.result()
           ~~~~~~~~~~~~~^^
  File ""/usr/local/lib/python3.13/site-packages/nbclient/client.py"", line 709, in async_execute
    await self.async_execute_cell(
        cell, index, execution_count=self.code_cells_executed + 1
    )
  File ""/usr/local/lib/python3.13/site-packages/nbclient/client.py"", line 1062, in async_execute_cell
    await self._check_raise_for_error(cell, cell_index, exec_reply)
  File ""/usr/local/lib/python3.13/site-packages/nbclient/client.py"", line 918, in _check_raise_for_error
    raise CellExecu",False,1.909,3.13.9
da43bbd214c4f8acd75fb7b713ecc219b3232971f8589d7058f57bd1cd7074cc,wewnumam/learn-ai,data-analysis/RDP-Reading-Data-with-Python-and-Pandas/unit-1-reading-data-with-python-and-pandas/lesson-1-reading-csv-and-txt-files/files/Lecture.ipynb,other,CellExecutionError,missing_dependency,pandas,"An error occurred while executing the following cell:
------------------
import pandas as pd
------------------

[0;31m---------------------------------------------------------------------------[0m
[0;31mModuleNotFoundError[0m                       Traceback (most recent call last)
[0;32m<ipython-input-1-7dd3504c366f>[0m in [0;36m<module>[0;34m[0m
[0;32m----> 1[0;31m [0;32mimport[0m [0mpandas[0m [0;32mas[0m [0mpd[0m[0;34m[0m[0;34m[0m[0m
[0m
[0;31mModuleNotFoundError[0m","Traceback (most recent call last):
  File ""/opt/pipeline/scripts/execution_core.py"", line 225, in execute_notebook_in_current_env
    client.execute()
  File ""/usr/local/lib/python3.6/site-packages/nbclient/util.py"", line 84, in wrapped
    return just_run(coro(*args, **kwargs))
  File ""/usr/local/lib/python3.6/site-packages/nbclient/util.py"", line 62, in just_run
    return loop.run_until_complete(coro)
  File ""/usr/local/lib/python3.6/asyncio/base_events.py"", line 488, in run_until_complete
    return future.result()
  File ""/usr/local/lib/python3.6/site-packages/nbclient/client.py"", line 560, in async_execute
    cell, index, execution_count=self.code_cells_executed + 1
  File ""/usr/local/lib/python3.6/site-packages/nbclient/client.py"", line 854, in async_execute_cell
    self._check_raise_for_error(cell, exec_reply)
  File ""/usr/local/lib/python3.6/site-packages/nbclient/client.py"", line 756, in _check_raise_for_error
    raise CellExecutionError.from_cell_and_msg(cell, exec_reply_",False,1.172,3.6.15
ce1f0f4876ea82818df6638f3e3554aa22fbfc48a8a238f86e3d4f01b29252ce,wewnumam/learn-ai,data-analysis/RDP-Reading-Data-with-Python-and-Pandas/unit-1-reading-data-with-python-and-pandas/lesson-11-reading-data-from-relational-databases/files/Lecture.ipynb,other,CellExecutionError,missing_dependency,pandas,"An error occurred while executing the following cell:
------------------
import pandas as pd
------------------

[0;31m---------------------------------------------------------------------------[0m
[0;31mModuleNotFoundError[0m                       Traceback (most recent call last)
[0;32m<ipython-input-2-7dd3504c366f>[0m in [0;36m<module>[0;34m[0m
[0;32m----> 1[0;31m [0;32mimport[0m [0mpandas[0m [0;32mas[0m [0mpd[0m[0;34m[0m[0;34m[0m[0m
[0m
[0;31mModuleNotFoundError[0m","Traceback (most recent call last):
  File ""/opt/pipeline/scripts/execution_core.py"", line 225, in execute_notebook_in_current_env
    client.execute()
  File ""/usr/local/lib/python3.6/site-packages/nbclient/util.py"", line 84, in wrapped
    return just_run(coro(*args, **kwargs))
  File ""/usr/local/lib/python3.6/site-packages/nbclient/util.py"", line 62, in just_run
    return loop.run_until_complete(coro)
  File ""/usr/local/lib/python3.6/asyncio/base_events.py"", line 488, in run_until_complete
    return future.result()
  File ""/usr/local/lib/python3.6/site-packages/nbclient/client.py"", line 560, in async_execute
    cell, index, execution_count=self.code_cells_executed + 1
  File ""/usr/local/lib/python3.6/site-packages/nbclient/client.py"", line 854, in async_execute_cell
    self._check_raise_for_error(cell, exec_reply)
  File ""/usr/local/lib/python3.6/site-packages/nbclient/client.py"", line 756, in _check_raise_for_error
    raise CellExecutionError.from_cell_and_msg(cell, exec_reply_",False,4.476,3.6.15
1d9cb73d5cdab6459a7a262a588541a57bca90f86ca81296e28e45b90f21758f,wewnumam/learn-ai,data-analysis/RDP-Reading-Data-with-Python-and-Pandas/unit-1-reading-data-with-python-and-pandas/lesson-15-fetching-data-from-a-rest-api/files/Lecture.ipynb,other,CellExecutionError,missing_dependency,pandas,"An error occurred while executing the following cell:
------------------
import pandas as pd
------------------

[0;31m---------------------------------------------------------------------------[0m
[0;31mModuleNotFoundError[0m                       Traceback (most recent call last)
[0;32m<ipython-input-1-7dd3504c366f>[0m in [0;36m<module>[0;34m[0m
[0;32m----> 1[0;31m [0;32mimport[0m [0mpandas[0m [0;32mas[0m [0mpd[0m[0;34m[0m[0;34m[0m[0m
[0m
[0;31mModuleNotFoundError[0m","Traceback (most recent call last):
  File ""/opt/pipeline/scripts/execution_core.py"", line 225, in execute_notebook_in_current_env
    client.execute()
  File ""/usr/local/lib/python3.6/site-packages/nbclient/util.py"", line 84, in wrapped
    return just_run(coro(*args, **kwargs))
  File ""/usr/local/lib/python3.6/site-packages/nbclient/util.py"", line 62, in just_run
    return loop.run_until_complete(coro)
  File ""/usr/local/lib/python3.6/asyncio/base_events.py"", line 488, in run_until_complete
    return future.result()
  File ""/usr/local/lib/python3.6/site-packages/nbclient/client.py"", line 560, in async_execute
    cell, index, execution_count=self.code_cells_executed + 1
  File ""/usr/local/lib/python3.6/site-packages/nbclient/client.py"", line 854, in async_execute_cell
    self._check_raise_for_error(cell, exec_reply)
  File ""/usr/local/lib/python3.6/site-packages/nbclient/client.py"", line 756, in _check_raise_for_error
    raise CellExecutionError.from_cell_and_msg(cell, exec_reply_",False,1.045,3.6.15
58a25dbb7e3cee5c8b8343fda33bfc2b2522263ecc613cadd6dfb163005c9f3b,wewnumam/learn-ai,data-analysis/RDP-Reading-Data-with-Python-and-Pandas/unit-1-reading-data-with-python-and-pandas/lesson-17-reading-html-tables/files/Lecture.ipynb,other,CellExecutionError,missing_dependency,pandas,"An error occurred while executing the following cell:
------------------
import pandas as pd
------------------

[0;31m---------------------------------------------------------------------------[0m
[0;31mModuleNotFoundError[0m                       Traceback (most recent call last)
[0;32m<ipython-input-2-7dd3504c366f>[0m in [0;36m<module>[0;34m[0m
[0;32m----> 1[0;31m [0;32mimport[0m [0mpandas[0m [0;32mas[0m [0mpd[0m[0;34m[0m[0;34m[0m[0m
[0m
[0;31mModuleNotFoundError[0m","Traceback (most recent call last):
  File ""/opt/pipeline/scripts/execution_core.py"", line 225, in execute_notebook_in_current_env
    client.execute()
  File ""/usr/local/lib/python3.6/site-packages/nbclient/util.py"", line 84, in wrapped
    return just_run(coro(*args, **kwargs))
  File ""/usr/local/lib/python3.6/site-packages/nbclient/util.py"", line 62, in just_run
    return loop.run_until_complete(coro)
  File ""/usr/local/lib/python3.6/asyncio/base_events.py"", line 488, in run_until_complete
    return future.result()
  File ""/usr/local/lib/python3.6/site-packages/nbclient/client.py"", line 560, in async_execute
    cell, index, execution_count=self.code_cells_executed + 1
  File ""/usr/local/lib/python3.6/site-packages/nbclient/client.py"", line 854, in async_execute_cell
    self._check_raise_for_error(cell, exec_reply)
  File ""/usr/local/lib/python3.6/site-packages/nbclient/client.py"", line 756, in _check_raise_for_error
    raise CellExecutionError.from_cell_and_msg(cell, exec_reply_",False,3.242,3.6.15
92fdf1af23611040cb77056b3548ff872db87baae81cf3b5210229778fa730db,wewnumam/learn-ai,data-analysis/RDP-Reading-Data-with-Python-and-Pandas/unit-1-reading-data-with-python-and-pandas/lesson-19-complementary-file-types-and-io-tools/files/Lecture.ipynb,other,CellExecutionError,missing_dependency,pandas,"An error occurred while executing the following cell:
------------------
import pandas as pd
------------------

[0;31m---------------------------------------------------------------------------[0m
[0;31mModuleNotFoundError[0m                       Traceback (most recent call last)
[0;32m<ipython-input-1-7dd3504c366f>[0m in [0;36m<module>[0;34m[0m
[0;32m----> 1[0;31m [0;32mimport[0m [0mpandas[0m [0;32mas[0m [0mpd[0m[0;34m[0m[0;34m[0m[0m
[0m
[0;31mModuleNotFoundError[0m","Traceback (most recent call last):
  File ""/opt/pipeline/scripts/execution_core.py"", line 225, in execute_notebook_in_current_env
    client.execute()
  File ""/usr/local/lib/python3.6/site-packages/nbclient/util.py"", line 84, in wrapped
    return just_run(coro(*args, **kwargs))
  File ""/usr/local/lib/python3.6/site-packages/nbclient/util.py"", line 62, in just_run
    return loop.run_until_complete(coro)
  File ""/usr/local/lib/python3.6/asyncio/base_events.py"", line 488, in run_until_complete
    return future.result()
  File ""/usr/local/lib/python3.6/site-packages/nbclient/client.py"", line 560, in async_execute
    cell, index, execution_count=self.code_cells_executed + 1
  File ""/usr/local/lib/python3.6/site-packages/nbclient/client.py"", line 854, in async_execute_cell
    self._check_raise_for_error(cell, exec_reply)
  File ""/usr/local/lib/python3.6/site-packages/nbclient/client.py"", line 756, in _check_raise_for_error
    raise CellExecutionError.from_cell_and_msg(cell, exec_reply_",False,1.026,3.6.15
965bbf9ab3550a9dac0de3fbaefd2fc63786416c11cf844a12c307bc62621ffd,wewnumam/learn-ai,data-analysis/RDP-Reading-Data-with-Python-and-Pandas/unit-1-reading-data-with-python-and-pandas/lesson-5-reading-excel-files/files/Lecture.ipynb,other,CellExecutionError,missing_dependency,pandas,"An error occurred while executing the following cell:
------------------
import pandas as pd
------------------

[0;31m---------------------------------------------------------------------------[0m
[0;31mModuleNotFoundError[0m                       Traceback (most recent call last)
[0;32m<ipython-input-1-7dd3504c366f>[0m in [0;36m<module>[0;34m[0m
[0;32m----> 1[0;31m [0;32mimport[0m [0mpandas[0m [0;32mas[0m [0mpd[0m[0;34m[0m[0;34m[0m[0m
[0m
[0;31mModuleNotFoundError[0m","Traceback (most recent call last):
  File ""/opt/pipeline/scripts/execution_core.py"", line 225, in execute_notebook_in_current_env
    client.execute()
  File ""/usr/local/lib/python3.6/site-packages/nbclient/util.py"", line 84, in wrapped
    return just_run(coro(*args, **kwargs))
  File ""/usr/local/lib/python3.6/site-packages/nbclient/util.py"", line 62, in just_run
    return loop.run_until_complete(coro)
  File ""/usr/local/lib/python3.6/asyncio/base_events.py"", line 488, in run_until_complete
    return future.result()
  File ""/usr/local/lib/python3.6/site-packages/nbclient/client.py"", line 560, in async_execute
    cell, index, execution_count=self.code_cells_executed + 1
  File ""/usr/local/lib/python3.6/site-packages/nbclient/client.py"", line 854, in async_execute_cell
    self._check_raise_for_error(cell, exec_reply)
  File ""/usr/local/lib/python3.6/site-packages/nbclient/client.py"", line 756, in _check_raise_for_error
    raise CellExecutionError.from_cell_and_msg(cell, exec_reply_",False,1.01,3.6.15
9c8b089b8a6be14aadb22e01391f07381185feaefaea98a156bc27efc243b939,wewnumam/learn-ai,data-analysis/RDP-Reading-Data-with-Python-and-Pandas/unit-1-reading-data-with-python-and-pandas/lesson-8-reading-json-files/files/Lecture.ipynb,other,CellExecutionError,missing_dependency,pandas,"An error occurred while executing the following cell:
------------------
import pandas as pd
------------------

[0;31m---------------------------------------------------------------------------[0m
[0;31mModuleNotFoundError[0m                       Traceback (most recent call last)
[0;32m<ipython-input-1-7dd3504c366f>[0m in [0;36m<module>[0;34m[0m
[0;32m----> 1[0;31m [0;32mimport[0m [0mpandas[0m [0;32mas[0m [0mpd[0m[0;34m[0m[0;34m[0m[0m
[0m
[0;31mModuleNotFoundError[0m","Traceback (most recent call last):
  File ""/opt/pipeline/scripts/execution_core.py"", line 225, in execute_notebook_in_current_env
    client.execute()
  File ""/usr/local/lib/python3.6/site-packages/nbclient/util.py"", line 84, in wrapped
    return just_run(coro(*args, **kwargs))
  File ""/usr/local/lib/python3.6/site-packages/nbclient/util.py"", line 62, in just_run
    return loop.run_until_complete(coro)
  File ""/usr/local/lib/python3.6/asyncio/base_events.py"", line 488, in run_until_complete
    return future.result()
  File ""/usr/local/lib/python3.6/site-packages/nbclient/client.py"", line 560, in async_execute
    cell, index, execution_count=self.code_cells_executed + 1
  File ""/usr/local/lib/python3.6/site-packages/nbclient/client.py"", line 854, in async_execute_cell
    self._check_raise_for_error(cell, exec_reply)
  File ""/usr/local/lib/python3.6/site-packages/nbclient/client.py"", line 756, in _check_raise_for_error
    raise CellExecutionError.from_cell_and_msg(cell, exec_reply_",False,1.019,3.6.15
fb7c2a129af47f80c10156b86679555b32bc98cf3e1fe77ed2fa8723043c0501,wewnumam/learn-ai,data-analysis/data-cleaning-rmotr-freecodecamp/5 - Real Example.ipynb,file_not_found,CellExecutionError,file_not_found,data/btc-eth-prices-outliers.csv,"An error occurred while executing the following cell:
------------------
df = pd.read_csv(
    'data/btc-eth-prices-outliers.csv',
    index_col=0,
    parse_dates=True
)
------------------


[31m---------------------------------------------------------------------------[39m
[31mFileNotFoundError[39m                         Traceback (most recent call last)
[36mCell[39m[36m [39m[32mIn[2][39m[32m, line 1[39m
[32m----> [39m[32m1[39m df = [43mpd[49m[43m.[49m[43mread_csv[49m[4","Traceback (most recent call last):
  File ""/opt/pipeline/scripts/execution_core.py"", line 225, in execute_notebook_in_current_env
    client.execute()
    ~~~~~~~~~~~~~~^^
  File ""/usr/local/lib/python3.13/site-packages/jupyter_core/utils/__init__.py"", line 165, in wrapped
    return loop.run_until_complete(inner)
           ~~~~~~~~~~~~~~~~~~~~~~~^^^^^^^
  File ""/usr/local/lib/python3.13/asyncio/base_events.py"", line 725, in run_until_complete
    return future.result()
           ~~~~~~~~~~~~~^^
  File ""/usr/local/lib/python3.13/site-packages/nbclient/client.py"", line 709, in async_execute
    await self.async_execute_cell(
        cell, index, execution_count=self.code_cells_executed + 1
    )
  File ""/usr/local/lib/python3.13/site-packages/nbclient/client.py"", line 1062, in async_execute_cell
    await self._check_raise_for_error(cell, cell_index, exec_reply)
  File ""/usr/local/lib/python3.13/site-packages/nbclient/client.py"", line 918, in _check_raise_for_error
    raise CellExecu",False,2.706,3.13.9
e5e6ce15f5a6a5528d6ed0483b1468c9f57a64e9c76cc80e5fffa524985b887c,wewnumam/learn-ai,data-analysis/freecodecamp-intro-to-pandas/5 - Pandas - Reading CSV and Basic Plotting.ipynb,file_not_found,CellExecutionError,file_not_found,data/btc-market-price.csv,"An error occurred while executing the following cell:
------------------
df = pd.read_csv('data/btc-market-price.csv')
------------------


[31m---------------------------------------------------------------------------[39m
[31mFileNotFoundError[39m                         Traceback (most recent call last)
[36mCell[39m[36m [39m[32mIn[3][39m[32m, line 1[39m
[32m----> [39m[32m1[39m df = [43mpd[49m[43m.[49m[43mread_csv[49m[43m([49m[33;43m'[39;49m[33;43mdata/btc-market-pri","Traceback (most recent call last):
  File ""/opt/pipeline/scripts/execution_core.py"", line 225, in execute_notebook_in_current_env
    client.execute()
    ~~~~~~~~~~~~~~^^
  File ""/usr/local/lib/python3.13/site-packages/jupyter_core/utils/__init__.py"", line 165, in wrapped
    return loop.run_until_complete(inner)
           ~~~~~~~~~~~~~~~~~~~~~~~^^^^^^^
  File ""/usr/local/lib/python3.13/asyncio/base_events.py"", line 725, in run_until_complete
    return future.result()
           ~~~~~~~~~~~~~^^
  File ""/usr/local/lib/python3.13/site-packages/nbclient/client.py"", line 709, in async_execute
    await self.async_execute_cell(
        cell, index, execution_count=self.code_cells_executed + 1
    )
  File ""/usr/local/lib/python3.13/site-packages/nbclient/client.py"", line 1062, in async_execute_cell
    await self._check_raise_for_error(cell, cell_index, exec_reply)
  File ""/usr/local/lib/python3.13/site-packages/nbclient/client.py"", line 918, in _check_raise_for_error
    raise CellExecu",False,2.02,3.13.9
c08f6d4f7295a9c8225d9d298f61f7738c3c02b0ee3ea45a2499c8c1d70ce03b,wewnumam/learn-ai,data-analysis/programming-with-mosh/HelloWorld.ipynb,file_not_found,CellExecutionError,file_not_found,vgsales.csv,"An error occurred while executing the following cell:
------------------
import pandas as pd

df = pd.read_csv('vgsales.csv')
df
------------------


[31m---------------------------------------------------------------------------[39m
[31mFileNotFoundError[39m                         Traceback (most recent call last)
[36mCell[39m[36m [39m[32mIn[1][39m[32m, line 3[39m
[32m      1[39m [38;5;28;01mimport[39;00m[38;5;250m [39m[34;01mpandas[39;00m[38;5;250m [39m[38;5;28;01mas[3","Traceback (most recent call last):
  File ""/opt/pipeline/scripts/execution_core.py"", line 225, in execute_notebook_in_current_env
    client.execute()
    ~~~~~~~~~~~~~~^^
  File ""/usr/local/lib/python3.13/site-packages/jupyter_core/utils/__init__.py"", line 165, in wrapped
    return loop.run_until_complete(inner)
           ~~~~~~~~~~~~~~~~~~~~~~~^^^^^^^
  File ""/usr/local/lib/python3.13/asyncio/base_events.py"", line 725, in run_until_complete
    return future.result()
           ~~~~~~~~~~~~~^^
  File ""/usr/local/lib/python3.13/site-packages/nbclient/client.py"", line 709, in async_execute
    await self.async_execute_cell(
        cell, index, execution_count=self.code_cells_executed + 1
    )
  File ""/usr/local/lib/python3.13/site-packages/nbclient/client.py"", line 1062, in async_execute_cell
    await self._check_raise_for_error(cell, cell_index, exec_reply)
  File ""/usr/local/lib/python3.13/site-packages/nbclient/client.py"", line 918, in _check_raise_for_error
    raise CellExecu",False,1.549,3.13.9
5a7650594104fca13d0d714f5807799e84970f7d903125e28eff973ebdbc1c12,wewnumam/learn-ai,data-science/freecodecamp-intro-to-numpy/3. NumPy exercises.ipynb,other,CellExecutionError,unclassified,,"An error occurred while executing the following cell:
------------------
X = np.arange(4, dtype=np.int)

np.ones_like(X)
------------------


[31m---------------------------------------------------------------------------[39m
[31mAttributeError[39m                            Traceback (most recent call last)
[36mCell[39m[36m [39m[32mIn[11][39m[32m, line 1[39m
[32m----> [39m[32m1[39m X = np.arange([32m4[39m, dtype=[43mnp[49m[43m.[49m[43mint[49m)
[32m      3[39m np.ones_l","Traceback (most recent call last):
  File ""/opt/pipeline/scripts/execution_core.py"", line 225, in execute_notebook_in_current_env
    client.execute()
    ~~~~~~~~~~~~~~^^
  File ""/usr/local/lib/python3.13/site-packages/jupyter_core/utils/__init__.py"", line 165, in wrapped
    return loop.run_until_complete(inner)
           ~~~~~~~~~~~~~~~~~~~~~~~^^^^^^^
  File ""/usr/local/lib/python3.13/asyncio/base_events.py"", line 725, in run_until_complete
    return future.result()
           ~~~~~~~~~~~~~^^
  File ""/usr/local/lib/python3.13/site-packages/nbclient/client.py"", line 709, in async_execute
    await self.async_execute_cell(
        cell, index, execution_count=self.code_cells_executed + 1
    )
  File ""/usr/local/lib/python3.13/site-packages/nbclient/client.py"", line 1062, in async_execute_cell
    await self._check_raise_for_error(cell, cell_index, exec_reply)
  File ""/usr/local/lib/python3.13/site-packages/nbclient/client.py"", line 918, in _check_raise_for_error
    raise CellExecu",False,1.278,3.13.9
9a72d4b0ff503a4548aa3a128e4957eded8c5971d9a184683789c34edd8d5482,wewnumam/learn-ai,machine-learning/decision-tree-classifier/MusicGenreClassifier.ipynb,file_not_found,CellExecutionError,file_not_found,music.csv,"An error occurred while executing the following cell:
------------------
import pandas as pd
import matplotlib.pyplot as plt
from sklearn.tree import DecisionTreeClassifier, plot_tree
from sklearn.model_selection import train_test_split
from sklearn.metrics import accuracy_score

music_data = pd.read_csv('music.csv')
music_data
------------------


[31m---------------------------------------------------------------------------[39m
[31mFileNotFoundError[39m                         Traceback (","Traceback (most recent call last):
  File ""/opt/pipeline/scripts/execution_core.py"", line 225, in execute_notebook_in_current_env
    client.execute()
    ~~~~~~~~~~~~~~^^
  File ""/usr/local/lib/python3.13/site-packages/jupyter_core/utils/__init__.py"", line 165, in wrapped
    return loop.run_until_complete(inner)
           ~~~~~~~~~~~~~~~~~~~~~~~^^^^^^^
  File ""/usr/local/lib/python3.13/asyncio/base_events.py"", line 725, in run_until_complete
    return future.result()
           ~~~~~~~~~~~~~^^
  File ""/usr/local/lib/python3.13/site-packages/nbclient/client.py"", line 709, in async_execute
    await self.async_execute_cell(
        cell, index, execution_count=self.code_cells_executed + 1
    )
  File ""/usr/local/lib/python3.13/site-packages/nbclient/client.py"", line 1062, in async_execute_cell
    await self._check_raise_for_error(cell, cell_index, exec_reply)
  File ""/usr/local/lib/python3.13/site-packages/nbclient/client.py"", line 918, in _check_raise_for_error
    raise CellExecu",False,2.541,3.13.9
becfe407b02fcdaa75a18aad5d90699def023b2fcc133e4900be03e443f0bfb9,wewnumam/learn-ai,machine-learning/decision-tree-classifier/PresistingModel.ipynb,file_not_found,CellExecutionError,file_not_found,music.csv,"An error occurred while executing the following cell:
------------------
import pandas as pd
import joblib
from sklearn.tree import DecisionTreeClassifier

music_data = pd.read_csv('music.csv')
X = music_data.drop(columns='genre')
y = music_data['genre']
# 
model = DecisionTreeClassifier()
model.fit(X, y)

joblib.dump(model, 'music-recommender.joblib')
------------------


[31m---------------------------------------------------------------------------[39m
[31mFileNotFoundError[39m           ","Traceback (most recent call last):
  File ""/opt/pipeline/scripts/execution_core.py"", line 225, in execute_notebook_in_current_env
    client.execute()
    ~~~~~~~~~~~~~~^^
  File ""/usr/local/lib/python3.13/site-packages/jupyter_core/utils/__init__.py"", line 165, in wrapped
    return loop.run_until_complete(inner)
           ~~~~~~~~~~~~~~~~~~~~~~~^^^^^^^
  File ""/usr/local/lib/python3.13/asyncio/base_events.py"", line 725, in run_until_complete
    return future.result()
           ~~~~~~~~~~~~~^^
  File ""/usr/local/lib/python3.13/site-packages/nbclient/client.py"", line 709, in async_execute
    await self.async_execute_cell(
        cell, index, execution_count=self.code_cells_executed + 1
    )
  File ""/usr/local/lib/python3.13/site-packages/nbclient/client.py"", line 1062, in async_execute_cell
    await self._check_raise_for_error(cell, cell_index, exec_reply)
  File ""/usr/local/lib/python3.13/site-packages/nbclient/client.py"", line 918, in _check_raise_for_error
    raise CellExecu",False,2.169,3.13.9
aa94d220b7d39f342b8835e43cbb1039c7fefc988db4011a7ba536c2a2056503,wewnumam/learn-ai,mka-ugm/ace/summary/Summarizer.ipynb,file_not_found,CellExecutionError,file_not_found,paragraf.txt,"An error occurred while executing the following cell:
------------------
from transformers import pipeline

# Pakai model ringan
summarizer = pipeline(""summarization"", model=""sshleifer/distilbart-cnn-12-6"")

def rangkum_dari_file(namafile, min_length=20, max_length=60):
    # Baca isi file txt
    with open(namafile, ""r"", encoding=""utf-8"") as f:
        paragraf = f.read()

    # Ringkas teks
    summary = summarizer(
        paragraf,
        min_length=min_length,
        max_length=max_length","Traceback (most recent call last):
  File ""/opt/pipeline/scripts/execution_core.py"", line 225, in execute_notebook_in_current_env
    client.execute()
  File ""/usr/local/lib/python3.10/site-packages/jupyter_core/utils/__init__.py"", line 165, in wrapped
    return loop.run_until_complete(inner)
  File ""/usr/local/lib/python3.10/asyncio/base_events.py"", line 649, in run_until_complete
    return future.result()
  File ""/usr/local/lib/python3.10/site-packages/nbclient/client.py"", line 709, in async_execute
    await self.async_execute_cell(
  File ""/usr/local/lib/python3.10/site-packages/nbclient/client.py"", line 1062, in async_execute_cell
    await self._check_raise_for_error(cell, cell_index, exec_reply)
  File ""/usr/local/lib/python3.10/site-packages/nbclient/client.py"", line 918, in _check_raise_for_error
    raise CellExecutionError.from_cell_and_msg(cell, exec_reply_content)
nbclient.exceptions.CellExecutionError: An error occurred while executing the following cell:
--------------",False,33.112,3.10.19
91c0afbec4ee0321728abfb490cbb5e1b950af359bb20cfc57d843939ffbb200,wewnumam/learn-ai,mka-ugm/stmh/FeatureSelectionGA.ipynb,file_not_found,CellExecutionError,file_not_found,mental_health_analysis.csv,"An error occurred while executing the following cell:
------------------
import pandas as pd
import numpy as np
import random
from sklearn.linear_model import LinearRegression
from sklearn.metrics import r2_score

# Memuat dataset
# Pastikan file 'mental_health_analysis.csv' berada di direktori yang sama
df = pd.read_csv('mental_health_analysis.csv')

# Menampilkan 5 baris pertama untuk memastikan data termuat dengan benar
print(""Data Awal:"")
print(df.head())
------------------


[31m----------","Traceback (most recent call last):
  File ""/opt/pipeline/scripts/execution_core.py"", line 225, in execute_notebook_in_current_env
    client.execute()
    ~~~~~~~~~~~~~~^^
  File ""/usr/local/lib/python3.13/site-packages/jupyter_core/utils/__init__.py"", line 165, in wrapped
    return loop.run_until_complete(inner)
           ~~~~~~~~~~~~~~~~~~~~~~~^^^^^^^
  File ""/usr/local/lib/python3.13/asyncio/base_events.py"", line 725, in run_until_complete
    return future.result()
           ~~~~~~~~~~~~~^^
  File ""/usr/local/lib/python3.13/site-packages/nbclient/client.py"", line 709, in async_execute
    await self.async_execute_cell(
        cell, index, execution_count=self.code_cells_executed + 1
    )
  File ""/usr/local/lib/python3.13/site-packages/nbclient/client.py"", line 1062, in async_execute_cell
    await self._check_raise_for_error(cell, cell_index, exec_reply)
  File ""/usr/local/lib/python3.13/site-packages/nbclient/client.py"", line 918, in _check_raise_for_error
    raise CellExecu",False,2.356,3.13.9
541a16f5eb0f2b6d438e62aaa5a6c67400e709d757e8bf4859fe7dbb688cbdf4,wewnumam/learn-ai,projects/data-analysis-with-python-projects/demographic-data-analysis/Untitled.ipynb,file_not_found,CellExecutionError,file_not_found,./adult.data.csv,"An error occurred while executing the following cell:
------------------
# Read data from file
df = pd.read_csv('./adult.data.csv')
df.info()
------------------


[31m---------------------------------------------------------------------------[39m
[31mFileNotFoundError[39m                         Traceback (most recent call last)
[36mCell[39m[36m [39m[32mIn[2][39m[32m, line 2[39m
[32m      1[39m [38;5;66;03m# Read data from file[39;00m
[32m----> [39m[32m2[39m df = [43mpd[49m","Traceback (most recent call last):
  File ""/opt/pipeline/scripts/execution_core.py"", line 225, in execute_notebook_in_current_env
    client.execute()
    ~~~~~~~~~~~~~~^^
  File ""/usr/local/lib/python3.13/site-packages/jupyter_core/utils/__init__.py"", line 165, in wrapped
    return loop.run_until_complete(inner)
           ~~~~~~~~~~~~~~~~~~~~~~~^^^^^^^
  File ""/usr/local/lib/python3.13/asyncio/base_events.py"", line 725, in run_until_complete
    return future.result()
           ~~~~~~~~~~~~~^^
  File ""/usr/local/lib/python3.13/site-packages/nbclient/client.py"", line 709, in async_execute
    await self.async_execute_cell(
        cell, index, execution_count=self.code_cells_executed + 1
    )
  File ""/usr/local/lib/python3.13/site-packages/nbclient/client.py"", line 1062, in async_execute_cell
    await self._check_raise_for_error(cell, cell_index, exec_reply)
  File ""/usr/local/lib/python3.13/site-packages/nbclient/client.py"", line 918, in _check_raise_for_error
    raise CellExecu",False,1.809,3.13.9
c6144e14aa7154ba913b5260f08376fb63251e12b754d77cd5d7cbe64c365c95,wewnumam/learn-ai,projects/data-analysis-with-python-projects/medical-data-visualizer/Untitled.ipynb,file_not_found,CellExecutionError,file_not_found,medical_examination.csv,"An error occurred while executing the following cell:
------------------
df = pd.read_csv('medical_examination.csv')
df.info()
------------------


[31m---------------------------------------------------------------------------[39m
[31mFileNotFoundError[39m                         Traceback (most recent call last)
[36mCell[39m[36m [39m[32mIn[2][39m[32m, line 1[39m
[32m----> [39m[32m1[39m df = [43mpd[49m[43m.[49m[43mread_csv[49m[43m([49m[33;43m'[39;49m[33;43mmedical_exa","Traceback (most recent call last):
  File ""/opt/pipeline/scripts/execution_core.py"", line 225, in execute_notebook_in_current_env
    client.execute()
    ~~~~~~~~~~~~~~^^
  File ""/usr/local/lib/python3.13/site-packages/jupyter_core/utils/__init__.py"", line 165, in wrapped
    return loop.run_until_complete(inner)
           ~~~~~~~~~~~~~~~~~~~~~~~^^^^^^^
  File ""/usr/local/lib/python3.13/asyncio/base_events.py"", line 725, in run_until_complete
    return future.result()
           ~~~~~~~~~~~~~^^
  File ""/usr/local/lib/python3.13/site-packages/nbclient/client.py"", line 709, in async_execute
    await self.async_execute_cell(
        cell, index, execution_count=self.code_cells_executed + 1
    )
  File ""/usr/local/lib/python3.13/site-packages/nbclient/client.py"", line 1062, in async_execute_cell
    await self._check_raise_for_error(cell, cell_index, exec_reply)
  File ""/usr/local/lib/python3.13/site-packages/nbclient/client.py"", line 918, in _check_raise_for_error
    raise CellExecu",False,2.588,3.13.9
f90bb3769edaee7bb1e23bffcfc00f9fafb9f049543e9d69b948ed883407a21f,wewnumam/learn-ai,projects/data-analysis-with-python-projects/sea-level-predictor/Untitled.ipynb,file_not_found,CellExecutionError,file_not_found,epa-sea-level.csv,"An error occurred while executing the following cell:
------------------
df = pd.read_csv('epa-sea-level.csv')
df
------------------


[31m---------------------------------------------------------------------------[39m
[31mFileNotFoundError[39m                         Traceback (most recent call last)
[36mCell[39m[36m [39m[32mIn[2][39m[32m, line 1[39m
[32m----> [39m[32m1[39m df = [43mpd[49m[43m.[49m[43mread_csv[49m[43m([49m[33;43m'[39;49m[33;43mepa-sea-level.csv[39;49","Traceback (most recent call last):
  File ""/opt/pipeline/scripts/execution_core.py"", line 225, in execute_notebook_in_current_env
    client.execute()
    ~~~~~~~~~~~~~~^^
  File ""/usr/local/lib/python3.13/site-packages/jupyter_core/utils/__init__.py"", line 165, in wrapped
    return loop.run_until_complete(inner)
           ~~~~~~~~~~~~~~~~~~~~~~~^^^^^^^
  File ""/usr/local/lib/python3.13/asyncio/base_events.py"", line 725, in run_until_complete
    return future.result()
           ~~~~~~~~~~~~~^^
  File ""/usr/local/lib/python3.13/site-packages/nbclient/client.py"", line 709, in async_execute
    await self.async_execute_cell(
        cell, index, execution_count=self.code_cells_executed + 1
    )
  File ""/usr/local/lib/python3.13/site-packages/nbclient/client.py"", line 1062, in async_execute_cell
    await self._check_raise_for_error(cell, cell_index, exec_reply)
  File ""/usr/local/lib/python3.13/site-packages/nbclient/client.py"", line 918, in _check_raise_for_error
    raise CellExecu",False,2.521,3.13.9
e6e90d26a96ec508860e40cf3b21d0125b4fa69146dd8b683917743c816cc3d0,wewnumam/learn-ai,projects/data-analysis-with-python-projects/time-series-visualizer/Untitled.ipynb,file_not_found,CellExecutionError,file_not_found,fcc-forum-pageviews.csv,"An error occurred while executing the following cell:
------------------
df = pd.read_csv('fcc-forum-pageviews.csv')
df.info()
------------------


[31m---------------------------------------------------------------------------[39m
[31mFileNotFoundError[39m                         Traceback (most recent call last)
[36mCell[39m[36m [39m[32mIn[2][39m[32m, line 1[39m
[32m----> [39m[32m1[39m df = [43mpd[49m[43m.[49m[43mread_csv[49m[43m([49m[33;43m'[39;49m[33;43mfcc-forum-p","Traceback (most recent call last):
  File ""/opt/pipeline/scripts/execution_core.py"", line 225, in execute_notebook_in_current_env
    client.execute()
    ~~~~~~~~~~~~~~^^
  File ""/usr/local/lib/python3.13/site-packages/jupyter_core/utils/__init__.py"", line 165, in wrapped
    return loop.run_until_complete(inner)
           ~~~~~~~~~~~~~~~~~~~~~~~^^^^^^^
  File ""/usr/local/lib/python3.13/asyncio/base_events.py"", line 725, in run_until_complete
    return future.result()
           ~~~~~~~~~~~~~^^
  File ""/usr/local/lib/python3.13/site-packages/nbclient/client.py"", line 709, in async_execute
    await self.async_execute_cell(
        cell, index, execution_count=self.code_cells_executed + 1
    )
  File ""/usr/local/lib/python3.13/site-packages/nbclient/client.py"", line 1062, in async_execute_cell
    await self._check_raise_for_error(cell, cell_index, exec_reply)
  File ""/usr/local/lib/python3.13/site-packages/nbclient/client.py"", line 918, in _check_raise_for_error
    raise CellExecu",False,2.863,3.13.9
aaae41c39c5534912ee5fa9094451fe7eab0897c061de6b45fe4e18b0a5a37c5,jasonkneen/smolagents,examples/open_deep_research/analysis.ipynb,other,CellExecutionError,unclassified,,"An error occurred while executing the following cell:
------------------
eval_ds = datasets.load_dataset(""gaia-benchmark/GAIA"", ""2023_all"")[""validation""]
eval_ds = eval_ds.rename_columns({""Question"": ""question"", ""Final answer"": ""true_answer"", ""Level"": ""task""})
eval_df = pd.DataFrame(eval_ds)
------------------


[31m---------------------------------------------------------------------------[39m
[31mDatasetNotFoundError[39m                      Traceback (most recent call last)
[36mCell[39m","Traceback (most recent call last):
  File ""/opt/pipeline/scripts/execution_core.py"", line 225, in execute_notebook_in_current_env
    client.execute()
  File ""/usr/local/lib/python3.12/site-packages/jupyter_core/utils/__init__.py"", line 165, in wrapped
    return loop.run_until_complete(inner)
           ^^^^^^^^^^^^^^^^^^^^^^^^^^^^^^
  File ""/usr/local/lib/python3.12/asyncio/base_events.py"", line 691, in run_until_complete
    return future.result()
           ^^^^^^^^^^^^^^^
  File ""/usr/local/lib/python3.12/site-packages/nbclient/client.py"", line 709, in async_execute
    await self.async_execute_cell(
  File ""/usr/local/lib/python3.12/site-packages/nbclient/client.py"", line 1062, in async_execute_cell
    await self._check_raise_for_error(cell, cell_index, exec_reply)
  File ""/usr/local/lib/python3.12/site-packages/nbclient/client.py"", line 918, in _check_raise_for_error
    raise CellExecutionError.from_cell_and_msg(cell, exec_reply_content)
nbclient.exceptions.CellExecutionError:",False,7.849,3.12.12
7ffdce5485c1f1a3f36c4199a0751deceb7cbfea05d6af384cfcc00f7aa3239b,jasonkneen/smolagents,examples/open_deep_research/visual_vs_text_browser.ipynb,other,CellExecutionError,unclassified,,"An error occurred while executing the following cell:
------------------
import datasets


eval_ds = datasets.load_dataset(""gaia-benchmark/GAIA"", ""2023_all"")[""validation""]
------------------


[31m---------------------------------------------------------------------------[39m
[31mDatasetNotFoundError[39m                      Traceback (most recent call last)
[36mCell[39m[36m [39m[32mIn[2][39m[32m, line 4[39m
[32m      1[39m [38;5;28;01mimport[39;00m[38;5;250m [39m[34;01mdatase","Traceback (most recent call last):
  File ""/opt/pipeline/scripts/execution_core.py"", line 225, in execute_notebook_in_current_env
    client.execute()
  File ""/usr/local/lib/python3.12/site-packages/jupyter_core/utils/__init__.py"", line 165, in wrapped
    return loop.run_until_complete(inner)
           ^^^^^^^^^^^^^^^^^^^^^^^^^^^^^^
  File ""/usr/local/lib/python3.12/asyncio/base_events.py"", line 691, in run_until_complete
    return future.result()
           ^^^^^^^^^^^^^^^
  File ""/usr/local/lib/python3.12/site-packages/nbclient/client.py"", line 709, in async_execute
    await self.async_execute_cell(
  File ""/usr/local/lib/python3.12/site-packages/nbclient/client.py"", line 1062, in async_execute_cell
    await self._check_raise_for_error(cell, cell_index, exec_reply)
  File ""/usr/local/lib/python3.12/site-packages/nbclient/client.py"", line 918, in _check_raise_for_error
    raise CellExecutionError.from_cell_and_msg(cell, exec_reply_content)
nbclient.exceptions.CellExecutionError:",False,4.593,3.12.12
9c948c5085a427829c9195bef3cfa770ced3aa5dbedb7fa9498fe26cd6af6f89,jasonkneen/smolagents,examples/smolagents_benchmark/score.ipynb,other,CellExecutionError,unclassified,,"An error occurred while executing the following cell:
------------------
import datasets
import pandas as pd


# Choose the answers subsets to score:
# answers_subsets = [""meta-llama__Llama-3.1-8B-Instruct__code__gaia""]
# or get all the answers subsets present in the ANSWERS_DATASET
answers_subsets = datasets.get_dataset_config_names(ANSWERS_DATASET)
print(""Number of answers_subsets"", len(answers_subsets))
print(""Example of answers_subset"", answers_subsets[0])

result_df = score_answers(answers_","Traceback (most recent call last):
  File ""/opt/pipeline/scripts/execution_core.py"", line 225, in execute_notebook_in_current_env
    client.execute()
  File ""/usr/local/lib/python3.12/site-packages/jupyter_core/utils/__init__.py"", line 165, in wrapped
    return loop.run_until_complete(inner)
           ^^^^^^^^^^^^^^^^^^^^^^^^^^^^^^
  File ""/usr/local/lib/python3.12/asyncio/base_events.py"", line 691, in run_until_complete
    return future.result()
           ^^^^^^^^^^^^^^^
  File ""/usr/local/lib/python3.12/site-packages/nbclient/client.py"", line 709, in async_execute
    await self.async_execute_cell(
  File ""/usr/local/lib/python3.12/site-packages/nbclient/client.py"", line 1062, in async_execute_cell
    await self._check_raise_for_error(cell, cell_index, exec_reply)
  File ""/usr/local/lib/python3.12/site-packages/nbclient/client.py"", line 918, in _check_raise_for_error
    raise CellExecutionError.from_cell_and_msg(cell, exec_reply_content)
nbclient.exceptions.CellExecutionError:",False,4.495,3.12.12
bcf3988d483f5877bb571105fb0af7350bef01c840e41411b458325b388a40a2,1drie5/py-playground,pytorch-campusx/3_pytorch_autograd.ipynb,other,CellExecutionError,unclassified,,"An error occurred while executing the following cell:
------------------
y.backward()
------------------


[0;31m---------------------------------------------------------------------------[0m
[0;31mRuntimeError[0m                              Traceback (most recent call last)
Cell [0;32mIn[56], line 1[0m
[0;32m----> 1[0m [43my[49m[38;5;241;43m.[39;49m[43mbackward[49m[43m([49m[43m)[49m

File [0;32m/usr/local/lib/python3.10/site-packages/torch/_tensor.py:625[0m, in [0;36mTenso","Traceback (most recent call last):
  File ""/opt/pipeline/scripts/execution_core.py"", line 225, in execute_notebook_in_current_env
    client.execute()
  File ""/usr/local/lib/python3.10/site-packages/jupyter_core/utils/__init__.py"", line 165, in wrapped
    return loop.run_until_complete(inner)
  File ""/usr/local/lib/python3.10/asyncio/base_events.py"", line 649, in run_until_complete
    return future.result()
  File ""/usr/local/lib/python3.10/site-packages/nbclient/client.py"", line 709, in async_execute
    await self.async_execute_cell(
  File ""/usr/local/lib/python3.10/site-packages/nbclient/client.py"", line 1062, in async_execute_cell
    await self._check_raise_for_error(cell, cell_index, exec_reply)
  File ""/usr/local/lib/python3.10/site-packages/nbclient/client.py"", line 918, in _check_raise_for_error
    raise CellExecutionError.from_cell_and_msg(cell, exec_reply_content)
nbclient.exceptions.CellExecutionError: An error occurred while executing the following cell:
--------------",False,2.759,3.10.19
6d095960536f37765ce49e1b402b8c96960e4261bf26b7c9ab398969004365f0,As17-01/brain_signals,notebooks/archieve/embedded/Comparison_plot.ipynb,file_not_found,CellExecutionError,file_not_found,./logs,"An error occurred while executing the following cell:
------------------
def extract_val_metrics_from_file(file_path):
    epochs = []
    val_accuracy = []
    val_loss = []
    val_auc = []
    
    with open(file_path, 'r') as f:
        for line in f:
            match = re.match(r""Epoch (\d+): VAL Accuracy = ([\d\.]+) Loss = ([\d\.]+) AUC = ([\d\.]+)"", line)
            if match:
                epoch, acc, loss, auc = match.groups()
                epochs.append(int(epoch))
               ","Traceback (most recent call last):
  File ""/opt/pipeline/scripts/execution_core.py"", line 225, in execute_notebook_in_current_env
    client.execute()
  File ""/usr/local/lib/python3.10/site-packages/jupyter_core/utils/__init__.py"", line 165, in wrapped
    return loop.run_until_complete(inner)
  File ""/usr/local/lib/python3.10/asyncio/base_events.py"", line 649, in run_until_complete
    return future.result()
  File ""/usr/local/lib/python3.10/site-packages/nbclient/client.py"", line 709, in async_execute
    await self.async_execute_cell(
  File ""/usr/local/lib/python3.10/site-packages/nbclient/client.py"", line 1062, in async_execute_cell
    await self._check_raise_for_error(cell, cell_index, exec_reply)
  File ""/usr/local/lib/python3.10/site-packages/nbclient/client.py"", line 918, in _check_raise_for_error
    raise CellExecutionError.from_cell_and_msg(cell, exec_reply_content)
nbclient.exceptions.CellExecutionError: An error occurred while executing the following cell:
--------------",False,1.445,3.10.19
b62468a341b4a7f414c2366044c12a8228ca898be5d59a73d2e9b91690c34f26,As17-01/brain_signals,notebooks/archieve/embedded/GRUv1.ipynb,file_not_found,CellExecutionError,file_not_found,/home/aseliverstov/projects/brain_signals/data/eeg_data.csv,"An error occurred while executing the following cell:
------------------
data_dir = Path(""/home/aseliverstov/projects/brain_signals/data"")
data = pd.read_csv(data_dir / ""EEG_data.csv"")

data[""ID""] = (len(np.unique(data[""VideoID""])) * data[""SubjectID""] + data[""VideoID""]).astype(""int"")
data = data[ID + USER + FEATURES + TARGET]

data.head(3)
------------------


[0;31m---------------------------------------------------------------------------[0m
[0;31mFileNotFoundError[0m                      ","Traceback (most recent call last):
  File ""/opt/pipeline/scripts/execution_core.py"", line 225, in execute_notebook_in_current_env
    client.execute()
  File ""/usr/local/lib/python3.10/site-packages/jupyter_core/utils/__init__.py"", line 165, in wrapped
    return loop.run_until_complete(inner)
  File ""/usr/local/lib/python3.10/asyncio/base_events.py"", line 649, in run_until_complete
    return future.result()
  File ""/usr/local/lib/python3.10/site-packages/nbclient/client.py"", line 709, in async_execute
    await self.async_execute_cell(
  File ""/usr/local/lib/python3.10/site-packages/nbclient/client.py"", line 1062, in async_execute_cell
    await self._check_raise_for_error(cell, cell_index, exec_reply)
  File ""/usr/local/lib/python3.10/site-packages/nbclient/client.py"", line 918, in _check_raise_for_error
    raise CellExecutionError.from_cell_and_msg(cell, exec_reply_content)
nbclient.exceptions.CellExecutionError: An error occurred while executing the following cell:
--------------",False,4.264,3.10.19
29749a476c884fbb71e2a090e184ecad49e8cfc0b1ee5185e3b1f81735a725cb,As17-01/brain_signals,notebooks/archieve/embedded/GRUv1_emb1.ipynb,file_not_found,CellExecutionError,file_not_found,/home/aseliverstov/projects/brain_signals/data/eeg_data.csv,"An error occurred while executing the following cell:
------------------
data_dir = Path(""/home/aseliverstov/projects/brain_signals/data"")
data = pd.read_csv(data_dir / ""EEG_data.csv"")

new_features = []
for lag in LAGS:
    for feature_name in FEATURES:
        new_feature_name = f""{feature_name}_{lag}""
        new_features.append(new_feature_name)
        data[new_feature_name] = data.groupby(IDS)[feature_name].shift(lag).fillna(0)
FEATURES.extend(new_features)

data[""ID""] = (len(np.unique(dat","Traceback (most recent call last):
  File ""/opt/pipeline/scripts/execution_core.py"", line 225, in execute_notebook_in_current_env
    client.execute()
  File ""/usr/local/lib/python3.10/site-packages/jupyter_core/utils/__init__.py"", line 165, in wrapped
    return loop.run_until_complete(inner)
  File ""/usr/local/lib/python3.10/asyncio/base_events.py"", line 649, in run_until_complete
    return future.result()
  File ""/usr/local/lib/python3.10/site-packages/nbclient/client.py"", line 709, in async_execute
    await self.async_execute_cell(
  File ""/usr/local/lib/python3.10/site-packages/nbclient/client.py"", line 1062, in async_execute_cell
    await self._check_raise_for_error(cell, cell_index, exec_reply)
  File ""/usr/local/lib/python3.10/site-packages/nbclient/client.py"", line 918, in _check_raise_for_error
    raise CellExecutionError.from_cell_and_msg(cell, exec_reply_content)
nbclient.exceptions.CellExecutionError: An error occurred while executing the following cell:
--------------",False,4.357,3.10.19
50b5838c4f9c3905b47af7b0aa2ab5f7f419be5a45d953d40e54d1c2e967a64c,As17-01/brain_signals,notebooks/archieve/embedded/GRUv1_emb2.ipynb,file_not_found,CellExecutionError,file_not_found,/home/aseliverstov/projects/brain_signals/data/eeg_data.csv,"An error occurred while executing the following cell:
------------------
data_dir = Path(""/home/aseliverstov/projects/brain_signals/data"")
data = pd.read_csv(data_dir / ""EEG_data.csv"")

new_features = []
for lag in LAGS:
    for feature_name in FEATURES:
        new_feature_name = f""{feature_name}_{lag}""
        new_features.append(new_feature_name)
        data[new_feature_name] = data.groupby(IDS)[feature_name].shift(lag).fillna(0)
FEATURES.extend(new_features)

data[""ID""] = (len(np.unique(dat","Traceback (most recent call last):
  File ""/opt/pipeline/scripts/execution_core.py"", line 225, in execute_notebook_in_current_env
    client.execute()
  File ""/usr/local/lib/python3.10/site-packages/jupyter_core/utils/__init__.py"", line 165, in wrapped
    return loop.run_until_complete(inner)
  File ""/usr/local/lib/python3.10/asyncio/base_events.py"", line 649, in run_until_complete
    return future.result()
  File ""/usr/local/lib/python3.10/site-packages/nbclient/client.py"", line 709, in async_execute
    await self.async_execute_cell(
  File ""/usr/local/lib/python3.10/site-packages/nbclient/client.py"", line 1062, in async_execute_cell
    await self._check_raise_for_error(cell, cell_index, exec_reply)
  File ""/usr/local/lib/python3.10/site-packages/nbclient/client.py"", line 918, in _check_raise_for_error
    raise CellExecutionError.from_cell_and_msg(cell, exec_reply_content)
nbclient.exceptions.CellExecutionError: An error occurred while executing the following cell:
--------------",False,4.246,3.10.19
10ec2fea97899b80746a27d29d4a4499b85d802de7381e629bca25c6a84d3b6d,As17-01/brain_signals,notebooks/archieve/embedded/GRUv1_emb3.ipynb,file_not_found,CellExecutionError,file_not_found,/home/aseliverstov/projects/brain_signals/data/eeg_data.csv,"An error occurred while executing the following cell:
------------------
data_dir = Path(""/home/aseliverstov/projects/brain_signals/data"")
data = pd.read_csv(data_dir / ""EEG_data.csv"")

new_features = []
for lag in LAGS:
    for feature_name in FEATURES:
        new_feature_name = f""{feature_name}_{lag}""
        new_features.append(new_feature_name)
        data[new_feature_name] = data.groupby(IDS)[feature_name].shift(lag).fillna(0)
FEATURES.extend(new_features)

data[""ID""] = (len(np.unique(dat","Traceback (most recent call last):
  File ""/opt/pipeline/scripts/execution_core.py"", line 225, in execute_notebook_in_current_env
    client.execute()
  File ""/usr/local/lib/python3.10/site-packages/jupyter_core/utils/__init__.py"", line 165, in wrapped
    return loop.run_until_complete(inner)
  File ""/usr/local/lib/python3.10/asyncio/base_events.py"", line 649, in run_until_complete
    return future.result()
  File ""/usr/local/lib/python3.10/site-packages/nbclient/client.py"", line 709, in async_execute
    await self.async_execute_cell(
  File ""/usr/local/lib/python3.10/site-packages/nbclient/client.py"", line 1062, in async_execute_cell
    await self._check_raise_for_error(cell, cell_index, exec_reply)
  File ""/usr/local/lib/python3.10/site-packages/nbclient/client.py"", line 918, in _check_raise_for_error
    raise CellExecutionError.from_cell_and_msg(cell, exec_reply_content)
nbclient.exceptions.CellExecutionError: An error occurred while executing the following cell:
--------------",False,4.594,3.10.19
f29f7d0b3c59d8fb6f341fa8459ffb6fa8aacd6af587ce8fada4ad2e584cd11a,As17-01/brain_signals,notebooks/archieve/embedded/GRUv1_emb4.ipynb,file_not_found,CellExecutionError,file_not_found,/home/aseliverstov/projects/brain_signals/data/eeg_data.csv,"An error occurred while executing the following cell:
------------------
data_dir = Path(""/home/aseliverstov/projects/brain_signals/data"")
data = pd.read_csv(data_dir / ""EEG_data.csv"")

new_features = []
for lag in LAGS:
    for feature_name in FEATURES:
        new_feature_name = f""{feature_name}_{lag}""
        new_features.append(new_feature_name)
        data[new_feature_name] = data.groupby(IDS)[feature_name].shift(lag).fillna(0)
FEATURES.extend(new_features)

if USE_DIFF:
    for feature_na","Traceback (most recent call last):
  File ""/opt/pipeline/scripts/execution_core.py"", line 225, in execute_notebook_in_current_env
    client.execute()
  File ""/usr/local/lib/python3.10/site-packages/jupyter_core/utils/__init__.py"", line 165, in wrapped
    return loop.run_until_complete(inner)
  File ""/usr/local/lib/python3.10/asyncio/base_events.py"", line 649, in run_until_complete
    return future.result()
  File ""/usr/local/lib/python3.10/site-packages/nbclient/client.py"", line 709, in async_execute
    await self.async_execute_cell(
  File ""/usr/local/lib/python3.10/site-packages/nbclient/client.py"", line 1062, in async_execute_cell
    await self._check_raise_for_error(cell, cell_index, exec_reply)
  File ""/usr/local/lib/python3.10/site-packages/nbclient/client.py"", line 918, in _check_raise_for_error
    raise CellExecutionError.from_cell_and_msg(cell, exec_reply_content)
nbclient.exceptions.CellExecutionError: An error occurred while executing the following cell:
--------------",False,4.414,3.10.19
66e6669556225c07779e5fb99d8c6dedf333edb06314af9412361db24af32ac8,As17-01/brain_signals,notebooks/archieve/embedded/GRUv1_plot.ipynb,file_not_found,CellExecutionError,file_not_found,./logs,"An error occurred while executing the following cell:
------------------
def extract_val_metrics_from_file(file_path):
    epochs = []
    val_accuracy = []
    val_loss = []
    val_auc = []
    
    with open(file_path, 'r') as f:
        for line in f:
            match = re.match(r""Epoch (\d+): VAL Accuracy = ([\d\.]+) Loss = ([\d\.]+) AUC = ([\d\.]+)"", line)
            if match:
                epoch, acc, loss, auc = match.groups()
                epochs.append(int(epoch))
               ","Traceback (most recent call last):
  File ""/opt/pipeline/scripts/execution_core.py"", line 225, in execute_notebook_in_current_env
    client.execute()
  File ""/usr/local/lib/python3.10/site-packages/jupyter_core/utils/__init__.py"", line 165, in wrapped
    return loop.run_until_complete(inner)
  File ""/usr/local/lib/python3.10/asyncio/base_events.py"", line 649, in run_until_complete
    return future.result()
  File ""/usr/local/lib/python3.10/site-packages/nbclient/client.py"", line 709, in async_execute
    await self.async_execute_cell(
  File ""/usr/local/lib/python3.10/site-packages/nbclient/client.py"", line 1062, in async_execute_cell
    await self._check_raise_for_error(cell, cell_index, exec_reply)
  File ""/usr/local/lib/python3.10/site-packages/nbclient/client.py"", line 918, in _check_raise_for_error
    raise CellExecutionError.from_cell_and_msg(cell, exec_reply_content)
nbclient.exceptions.CellExecutionError: An error occurred while executing the following cell:
--------------",False,1.612,3.10.19
edcf05c91e54f51f7afb82a8eccfb1dff13b208745b891ae210bfdb0e924d77f,As17-01/brain_signals,notebooks/archieve/embedded/GRUv2.ipynb,file_not_found,CellExecutionError,file_not_found,/home/aseliverstov/projects/brain_signals/data/eeg_data.csv,"An error occurred while executing the following cell:
------------------
data_dir = Path(""/home/aseliverstov/projects/brain_signals/data"")
data = pd.read_csv(data_dir / ""EEG_data.csv"")

data[""ID""] = (len(np.unique(data[""VideoID""])) * data[""SubjectID""] + data[""VideoID""]).astype(""int"")
data = data[ID + USER + FEATURES + TARGET]

data.head(3)
------------------


[0;31m---------------------------------------------------------------------------[0m
[0;31mFileNotFoundError[0m                      ","Traceback (most recent call last):
  File ""/opt/pipeline/scripts/execution_core.py"", line 225, in execute_notebook_in_current_env
    client.execute()
  File ""/usr/local/lib/python3.10/site-packages/jupyter_core/utils/__init__.py"", line 165, in wrapped
    return loop.run_until_complete(inner)
  File ""/usr/local/lib/python3.10/asyncio/base_events.py"", line 649, in run_until_complete
    return future.result()
  File ""/usr/local/lib/python3.10/site-packages/nbclient/client.py"", line 709, in async_execute
    await self.async_execute_cell(
  File ""/usr/local/lib/python3.10/site-packages/nbclient/client.py"", line 1062, in async_execute_cell
    await self._check_raise_for_error(cell, cell_index, exec_reply)
  File ""/usr/local/lib/python3.10/site-packages/nbclient/client.py"", line 918, in _check_raise_for_error
    raise CellExecutionError.from_cell_and_msg(cell, exec_reply_content)
nbclient.exceptions.CellExecutionError: An error occurred while executing the following cell:
--------------",False,4.011,3.10.19
0d5c11a76cb54d4e3b4853bb1899ead2ce910a7fd8e960ad721142c3cd8f455f,As17-01/brain_signals,notebooks/archieve/embedded/GRUv2_conv.ipynb,file_not_found,CellExecutionError,file_not_found,/home/aseliverstov/projects/brain_signals/data/eeg_data.csv,"An error occurred while executing the following cell:
------------------
data_dir = Path(""/home/aseliverstov/projects/brain_signals/data"")
data = pd.read_csv(data_dir / ""EEG_data.csv"")

data[""ID""] = (len(np.unique(data[""VideoID""])) * data[""SubjectID""] + data[""VideoID""]).astype(""int"")
data = data[ID + USER + FEATURES + TARGET]

data.head(3)
------------------


[0;31m---------------------------------------------------------------------------[0m
[0;31mFileNotFoundError[0m                      ","Traceback (most recent call last):
  File ""/opt/pipeline/scripts/execution_core.py"", line 225, in execute_notebook_in_current_env
    client.execute()
  File ""/usr/local/lib/python3.10/site-packages/jupyter_core/utils/__init__.py"", line 165, in wrapped
    return loop.run_until_complete(inner)
  File ""/usr/local/lib/python3.10/asyncio/base_events.py"", line 649, in run_until_complete
    return future.result()
  File ""/usr/local/lib/python3.10/site-packages/nbclient/client.py"", line 709, in async_execute
    await self.async_execute_cell(
  File ""/usr/local/lib/python3.10/site-packages/nbclient/client.py"", line 1062, in async_execute_cell
    await self._check_raise_for_error(cell, cell_index, exec_reply)
  File ""/usr/local/lib/python3.10/site-packages/nbclient/client.py"", line 918, in _check_raise_for_error
    raise CellExecutionError.from_cell_and_msg(cell, exec_reply_content)
nbclient.exceptions.CellExecutionError: An error occurred while executing the following cell:
--------------",False,4.178,3.10.19
2819bba1d33cf6383b777587c3b837278bc386ce244c7604046b3eff7923470f,As17-01/brain_signals,notebooks/archieve/embedded/GRUv2_conv2.ipynb,file_not_found,CellExecutionError,file_not_found,/home/aseliverstov/projects/brain_signals/data/eeg_data.csv,"An error occurred while executing the following cell:
------------------
data_dir = Path(""/home/aseliverstov/projects/brain_signals/data"")
data = pd.read_csv(data_dir / ""EEG_data.csv"")

data[""ID""] = (len(np.unique(data[""VideoID""])) * data[""SubjectID""] + data[""VideoID""]).astype(""int"")
data = data[ID + USER + FEATURES + TARGET]

data.head(3)
------------------


[0;31m---------------------------------------------------------------------------[0m
[0;31mFileNotFoundError[0m                      ","Traceback (most recent call last):
  File ""/opt/pipeline/scripts/execution_core.py"", line 225, in execute_notebook_in_current_env
    client.execute()
  File ""/usr/local/lib/python3.10/site-packages/jupyter_core/utils/__init__.py"", line 165, in wrapped
    return loop.run_until_complete(inner)
  File ""/usr/local/lib/python3.10/asyncio/base_events.py"", line 649, in run_until_complete
    return future.result()
  File ""/usr/local/lib/python3.10/site-packages/nbclient/client.py"", line 709, in async_execute
    await self.async_execute_cell(
  File ""/usr/local/lib/python3.10/site-packages/nbclient/client.py"", line 1062, in async_execute_cell
    await self._check_raise_for_error(cell, cell_index, exec_reply)
  File ""/usr/local/lib/python3.10/site-packages/nbclient/client.py"", line 918, in _check_raise_for_error
    raise CellExecutionError.from_cell_and_msg(cell, exec_reply_content)
nbclient.exceptions.CellExecutionError: An error occurred while executing the following cell:
--------------",False,4.474,3.10.19
1105097479a1f5bfcd3a1dc7ea6017f6cacb73296fac654112dd4bf199537210,As17-01/brain_signals,notebooks/archieve/embedded/GRUv2_conv_expanded.ipynb,file_not_found,CellExecutionError,file_not_found,/home/aseliverstov/projects/brain_signals/data/eeg_data.csv,"An error occurred while executing the following cell:
------------------
data_dir = Path(""/home/aseliverstov/projects/brain_signals/data"")
data = pd.read_csv(data_dir / ""EEG_data.csv"")

data[""ID""] = (len(np.unique(data[""VideoID""])) * data[""SubjectID""] + data[""VideoID""]).astype(""int"")
data = data[ID + USER + FEATURES + TARGET]

data.head(3)
------------------


[0;31m---------------------------------------------------------------------------[0m
[0;31mFileNotFoundError[0m                      ","Traceback (most recent call last):
  File ""/opt/pipeline/scripts/execution_core.py"", line 225, in execute_notebook_in_current_env
    client.execute()
  File ""/usr/local/lib/python3.10/site-packages/jupyter_core/utils/__init__.py"", line 165, in wrapped
    return loop.run_until_complete(inner)
  File ""/usr/local/lib/python3.10/asyncio/base_events.py"", line 649, in run_until_complete
    return future.result()
  File ""/usr/local/lib/python3.10/site-packages/nbclient/client.py"", line 709, in async_execute
    await self.async_execute_cell(
  File ""/usr/local/lib/python3.10/site-packages/nbclient/client.py"", line 1062, in async_execute_cell
    await self._check_raise_for_error(cell, cell_index, exec_reply)
  File ""/usr/local/lib/python3.10/site-packages/nbclient/client.py"", line 918, in _check_raise_for_error
    raise CellExecutionError.from_cell_and_msg(cell, exec_reply_content)
nbclient.exceptions.CellExecutionError: An error occurred while executing the following cell:
--------------",False,4.447,3.10.19
d80b1e41346f6f8e301c5f92ef82939597776660727ba4cc678b00d6d07ed97f,As17-01/brain_signals,notebooks/archieve/embedded/GRUv2_emb1.ipynb,file_not_found,CellExecutionError,file_not_found,/home/aseliverstov/projects/brain_signals/data/eeg_data.csv,"An error occurred while executing the following cell:
------------------
data_dir = Path(""/home/aseliverstov/projects/brain_signals/data"")
data = pd.read_csv(data_dir / ""EEG_data.csv"")

new_features = []
for lag in LAGS:
    for feature_name in FEATURES:
        new_feature_name = f""{feature_name}_{lag}""
        new_features.append(new_feature_name)
        data[new_feature_name] = data.groupby(IDS)[feature_name].shift(lag).fillna(0)
FEATURES.extend(new_features)

data[""ID""] = (len(np.unique(dat","Traceback (most recent call last):
  File ""/opt/pipeline/scripts/execution_core.py"", line 225, in execute_notebook_in_current_env
    client.execute()
  File ""/usr/local/lib/python3.10/site-packages/jupyter_core/utils/__init__.py"", line 165, in wrapped
    return loop.run_until_complete(inner)
  File ""/usr/local/lib/python3.10/asyncio/base_events.py"", line 649, in run_until_complete
    return future.result()
  File ""/usr/local/lib/python3.10/site-packages/nbclient/client.py"", line 709, in async_execute
    await self.async_execute_cell(
  File ""/usr/local/lib/python3.10/site-packages/nbclient/client.py"", line 1062, in async_execute_cell
    await self._check_raise_for_error(cell, cell_index, exec_reply)
  File ""/usr/local/lib/python3.10/site-packages/nbclient/client.py"", line 918, in _check_raise_for_error
    raise CellExecutionError.from_cell_and_msg(cell, exec_reply_content)
nbclient.exceptions.CellExecutionError: An error occurred while executing the following cell:
--------------",False,4.363,3.10.19
3604ecc09e4297d6f6742ac1510bc51e005fba58bdd383a80b85a0d173eb0a52,As17-01/brain_signals,notebooks/archieve/embedded/GRUv2_emb1_expanded.ipynb,file_not_found,CellExecutionError,file_not_found,/home/aseliverstov/projects/brain_signals/data/eeg_data.csv,"An error occurred while executing the following cell:
------------------
data_dir = Path(""/home/aseliverstov/projects/brain_signals/data"")
data = pd.read_csv(data_dir / ""EEG_data.csv"")

new_features = []
for lag in LAGS:
    for feature_name in FEATURES:
        new_feature_name = f""{feature_name}_{lag}""
        new_features.append(new_feature_name)
        data[new_feature_name] = data.groupby(IDS)[feature_name].shift(lag).fillna(0)
FEATURES.extend(new_features)

data[""ID""] = (len(np.unique(dat","Traceback (most recent call last):
  File ""/opt/pipeline/scripts/execution_core.py"", line 225, in execute_notebook_in_current_env
    client.execute()
  File ""/usr/local/lib/python3.10/site-packages/jupyter_core/utils/__init__.py"", line 165, in wrapped
    return loop.run_until_complete(inner)
  File ""/usr/local/lib/python3.10/asyncio/base_events.py"", line 649, in run_until_complete
    return future.result()
  File ""/usr/local/lib/python3.10/site-packages/nbclient/client.py"", line 709, in async_execute
    await self.async_execute_cell(
  File ""/usr/local/lib/python3.10/site-packages/nbclient/client.py"", line 1062, in async_execute_cell
    await self._check_raise_for_error(cell, cell_index, exec_reply)
  File ""/usr/local/lib/python3.10/site-packages/nbclient/client.py"", line 918, in _check_raise_for_error
    raise CellExecutionError.from_cell_and_msg(cell, exec_reply_content)
nbclient.exceptions.CellExecutionError: An error occurred while executing the following cell:
--------------",False,4.433,3.10.19
6bb52f0637c505526faaa6cfbe8ad0453e1c5b4d1f113ca821448ad7d4a70821,As17-01/brain_signals,notebooks/archieve/embedded/GRUv2_emb2.ipynb,file_not_found,CellExecutionError,file_not_found,/home/aseliverstov/projects/brain_signals/data/eeg_data.csv,"An error occurred while executing the following cell:
------------------
data_dir = Path(""/home/aseliverstov/projects/brain_signals/data"")
data = pd.read_csv(data_dir / ""EEG_data.csv"")

new_features = []
for lag in LAGS:
    for feature_name in FEATURES:
        new_feature_name = f""{feature_name}_{lag}""
        new_features.append(new_feature_name)
        data[new_feature_name] = data.groupby(IDS)[feature_name].shift(lag).fillna(0)
FEATURES.extend(new_features)

data[""ID""] = (len(np.unique(dat","Traceback (most recent call last):
  File ""/opt/pipeline/scripts/execution_core.py"", line 225, in execute_notebook_in_current_env
    client.execute()
  File ""/usr/local/lib/python3.10/site-packages/jupyter_core/utils/__init__.py"", line 165, in wrapped
    return loop.run_until_complete(inner)
  File ""/usr/local/lib/python3.10/asyncio/base_events.py"", line 649, in run_until_complete
    return future.result()
  File ""/usr/local/lib/python3.10/site-packages/nbclient/client.py"", line 709, in async_execute
    await self.async_execute_cell(
  File ""/usr/local/lib/python3.10/site-packages/nbclient/client.py"", line 1062, in async_execute_cell
    await self._check_raise_for_error(cell, cell_index, exec_reply)
  File ""/usr/local/lib/python3.10/site-packages/nbclient/client.py"", line 918, in _check_raise_for_error
    raise CellExecutionError.from_cell_and_msg(cell, exec_reply_content)
nbclient.exceptions.CellExecutionError: An error occurred while executing the following cell:
--------------",False,4.22,3.10.19
68d81e3f60999eadd95f8820ddc23105d6fc2dcec157166a82329988f2fba56c,As17-01/brain_signals,notebooks/archieve/embedded/GRUv2_emb3.ipynb,file_not_found,CellExecutionError,file_not_found,/home/aseliverstov/projects/brain_signals/data/eeg_data.csv,"An error occurred while executing the following cell:
------------------
data_dir = Path(""/home/aseliverstov/projects/brain_signals/data"")
data = pd.read_csv(data_dir / ""EEG_data.csv"")

new_features = []
for lag in LAGS:
    for feature_name in FEATURES:
        new_feature_name = f""{feature_name}_{lag}""
        new_features.append(new_feature_name)
        data[new_feature_name] = data.groupby(IDS)[feature_name].shift(lag).fillna(0)
FEATURES.extend(new_features)

data[""ID""] = (len(np.unique(dat","Traceback (most recent call last):
  File ""/opt/pipeline/scripts/execution_core.py"", line 225, in execute_notebook_in_current_env
    client.execute()
  File ""/usr/local/lib/python3.10/site-packages/jupyter_core/utils/__init__.py"", line 165, in wrapped
    return loop.run_until_complete(inner)
  File ""/usr/local/lib/python3.10/asyncio/base_events.py"", line 649, in run_until_complete
    return future.result()
  File ""/usr/local/lib/python3.10/site-packages/nbclient/client.py"", line 709, in async_execute
    await self.async_execute_cell(
  File ""/usr/local/lib/python3.10/site-packages/nbclient/client.py"", line 1062, in async_execute_cell
    await self._check_raise_for_error(cell, cell_index, exec_reply)
  File ""/usr/local/lib/python3.10/site-packages/nbclient/client.py"", line 918, in _check_raise_for_error
    raise CellExecutionError.from_cell_and_msg(cell, exec_reply_content)
nbclient.exceptions.CellExecutionError: An error occurred while executing the following cell:
--------------",False,4.338,3.10.19
f9c1f81c1f3f532f0993fb5d555a7f001c84fee54e73ec630b85a15f9b2f7a87,As17-01/brain_signals,notebooks/archieve/embedded/GRUv2_emb4.ipynb,file_not_found,CellExecutionError,file_not_found,/home/aseliverstov/projects/brain_signals/data/eeg_data.csv,"An error occurred while executing the following cell:
------------------
data_dir = Path(""/home/aseliverstov/projects/brain_signals/data"")
data = pd.read_csv(data_dir / ""EEG_data.csv"")

new_features = []
for lag in LAGS:
    for feature_name in FEATURES:
        new_feature_name = f""{feature_name}_{lag}""
        new_features.append(new_feature_name)
        data[new_feature_name] = data.groupby(IDS)[feature_name].shift(lag).fillna(0)
FEATURES.extend(new_features)

if USE_DIFF:
    for feature_na","Traceback (most recent call last):
  File ""/opt/pipeline/scripts/execution_core.py"", line 225, in execute_notebook_in_current_env
    client.execute()
  File ""/usr/local/lib/python3.10/site-packages/jupyter_core/utils/__init__.py"", line 165, in wrapped
    return loop.run_until_complete(inner)
  File ""/usr/local/lib/python3.10/asyncio/base_events.py"", line 649, in run_until_complete
    return future.result()
  File ""/usr/local/lib/python3.10/site-packages/nbclient/client.py"", line 709, in async_execute
    await self.async_execute_cell(
  File ""/usr/local/lib/python3.10/site-packages/nbclient/client.py"", line 1062, in async_execute_cell
    await self._check_raise_for_error(cell, cell_index, exec_reply)
  File ""/usr/local/lib/python3.10/site-packages/nbclient/client.py"", line 918, in _check_raise_for_error
    raise CellExecutionError.from_cell_and_msg(cell, exec_reply_content)
nbclient.exceptions.CellExecutionError: An error occurred while executing the following cell:
--------------",False,4.525,3.10.19
b83a736791bd617ee21dba619732c2fdc0ed498674beeef0fa3cb465fe753d28,As17-01/brain_signals,notebooks/archieve/embedded/GRUv2_expanded.ipynb,file_not_found,CellExecutionError,file_not_found,/home/aseliverstov/projects/brain_signals/data/eeg_data.csv,"An error occurred while executing the following cell:
------------------
data_dir = Path(""/home/aseliverstov/projects/brain_signals/data"")
data = pd.read_csv(data_dir / ""EEG_data.csv"")

data[""ID""] = (len(np.unique(data[""VideoID""])) * data[""SubjectID""] + data[""VideoID""]).astype(""int"")
data = data[ID + USER + FEATURES + TARGET]

data.head(3)
------------------


[0;31m---------------------------------------------------------------------------[0m
[0;31mFileNotFoundError[0m                      ","Traceback (most recent call last):
  File ""/opt/pipeline/scripts/execution_core.py"", line 225, in execute_notebook_in_current_env
    client.execute()
  File ""/usr/local/lib/python3.10/site-packages/jupyter_core/utils/__init__.py"", line 165, in wrapped
    return loop.run_until_complete(inner)
  File ""/usr/local/lib/python3.10/asyncio/base_events.py"", line 649, in run_until_complete
    return future.result()
  File ""/usr/local/lib/python3.10/site-packages/nbclient/client.py"", line 709, in async_execute
    await self.async_execute_cell(
  File ""/usr/local/lib/python3.10/site-packages/nbclient/client.py"", line 1062, in async_execute_cell
    await self._check_raise_for_error(cell, cell_index, exec_reply)
  File ""/usr/local/lib/python3.10/site-packages/nbclient/client.py"", line 918, in _check_raise_for_error
    raise CellExecutionError.from_cell_and_msg(cell, exec_reply_content)
nbclient.exceptions.CellExecutionError: An error occurred while executing the following cell:
--------------",False,4.325,3.10.19
7cfd054176913b00ffcfd300a16b6a09a1c9253c208bdcb654ca2e0a9fc6333a,As17-01/brain_signals,notebooks/archieve/embedded/GRUv2_plot.ipynb,file_not_found,CellExecutionError,file_not_found,./logs,"An error occurred while executing the following cell:
------------------
def extract_val_metrics_from_file(file_path):
    epochs = []
    val_accuracy = []
    val_loss = []
    val_auc = []
    
    with open(file_path, 'r') as f:
        for line in f:
            match = re.match(r""Epoch (\d+): VAL Accuracy = ([\d\.]+) Loss = ([\d\.]+) AUC = ([\d\.]+)"", line)
            if match:
                epoch, acc, loss, auc = match.groups()
                epochs.append(int(epoch))
               ","Traceback (most recent call last):
  File ""/opt/pipeline/scripts/execution_core.py"", line 225, in execute_notebook_in_current_env
    client.execute()
  File ""/usr/local/lib/python3.10/site-packages/jupyter_core/utils/__init__.py"", line 165, in wrapped
    return loop.run_until_complete(inner)
  File ""/usr/local/lib/python3.10/asyncio/base_events.py"", line 649, in run_until_complete
    return future.result()
  File ""/usr/local/lib/python3.10/site-packages/nbclient/client.py"", line 709, in async_execute
    await self.async_execute_cell(
  File ""/usr/local/lib/python3.10/site-packages/nbclient/client.py"", line 1062, in async_execute_cell
    await self._check_raise_for_error(cell, cell_index, exec_reply)
  File ""/usr/local/lib/python3.10/site-packages/nbclient/client.py"", line 918, in _check_raise_for_error
    raise CellExecutionError.from_cell_and_msg(cell, exec_reply_content)
nbclient.exceptions.CellExecutionError: An error occurred while executing the following cell:
--------------",False,1.695,3.10.19
a4b2c58bcffbe05efcd1e26878a1cc7296b8545035a5011f1b11a6894c5582ae,As17-01/brain_signals,notebooks/archieve/embedded/LSTMv1.ipynb,file_not_found,CellExecutionError,file_not_found,/home/aseliverstov/projects/brain_signals/data/eeg_data.csv,"An error occurred while executing the following cell:
------------------
data_dir = Path(""/home/aseliverstov/projects/brain_signals/data"")
data = pd.read_csv(data_dir / ""EEG_data.csv"")

data[""ID""] = (len(np.unique(data[""VideoID""])) * data[""SubjectID""] + data[""VideoID""]).astype(""int"")
data = data[ID + USER + FEATURES + TARGET]

data.head(3)
------------------


[0;31m---------------------------------------------------------------------------[0m
[0;31mFileNotFoundError[0m                      ","Traceback (most recent call last):
  File ""/opt/pipeline/scripts/execution_core.py"", line 225, in execute_notebook_in_current_env
    client.execute()
  File ""/usr/local/lib/python3.10/site-packages/jupyter_core/utils/__init__.py"", line 165, in wrapped
    return loop.run_until_complete(inner)
  File ""/usr/local/lib/python3.10/asyncio/base_events.py"", line 649, in run_until_complete
    return future.result()
  File ""/usr/local/lib/python3.10/site-packages/nbclient/client.py"", line 709, in async_execute
    await self.async_execute_cell(
  File ""/usr/local/lib/python3.10/site-packages/nbclient/client.py"", line 1062, in async_execute_cell
    await self._check_raise_for_error(cell, cell_index, exec_reply)
  File ""/usr/local/lib/python3.10/site-packages/nbclient/client.py"", line 918, in _check_raise_for_error
    raise CellExecutionError.from_cell_and_msg(cell, exec_reply_content)
nbclient.exceptions.CellExecutionError: An error occurred while executing the following cell:
--------------",False,4.224,3.10.19
36dabb87eeee7dfa110f401a971cac1a27400051fa88d033e58be12b78d0ca84,As17-01/brain_signals,notebooks/archieve/embedded/LSTMv1_emb1.ipynb,file_not_found,CellExecutionError,file_not_found,/home/aseliverstov/projects/brain_signals/data/eeg_data.csv,"An error occurred while executing the following cell:
------------------
data_dir = Path(""/home/aseliverstov/projects/brain_signals/data"")
data = pd.read_csv(data_dir / ""EEG_data.csv"")

new_features = []
for lag in LAGS:
    for feature_name in FEATURES:
        new_feature_name = f""{feature_name}_{lag}""
        new_features.append(new_feature_name)
        data[new_feature_name] = data.groupby(IDS)[feature_name].shift(lag).fillna(0)
FEATURES.extend(new_features)

data[""ID""] = (len(np.unique(dat","Traceback (most recent call last):
  File ""/opt/pipeline/scripts/execution_core.py"", line 225, in execute_notebook_in_current_env
    client.execute()
  File ""/usr/local/lib/python3.10/site-packages/jupyter_core/utils/__init__.py"", line 165, in wrapped
    return loop.run_until_complete(inner)
  File ""/usr/local/lib/python3.10/asyncio/base_events.py"", line 649, in run_until_complete
    return future.result()
  File ""/usr/local/lib/python3.10/site-packages/nbclient/client.py"", line 709, in async_execute
    await self.async_execute_cell(
  File ""/usr/local/lib/python3.10/site-packages/nbclient/client.py"", line 1062, in async_execute_cell
    await self._check_raise_for_error(cell, cell_index, exec_reply)
  File ""/usr/local/lib/python3.10/site-packages/nbclient/client.py"", line 918, in _check_raise_for_error
    raise CellExecutionError.from_cell_and_msg(cell, exec_reply_content)
nbclient.exceptions.CellExecutionError: An error occurred while executing the following cell:
--------------",False,4.419,3.10.19
ce45bc8ac818de4757f4fa2e153585cb8c20393c64d5acff9bd7b2ff510d93ce,As17-01/brain_signals,notebooks/archieve/embedded/LSTMv1_emb2.ipynb,file_not_found,CellExecutionError,file_not_found,/home/aseliverstov/projects/brain_signals/data/eeg_data.csv,"An error occurred while executing the following cell:
------------------
data_dir = Path(""/home/aseliverstov/projects/brain_signals/data"")
data = pd.read_csv(data_dir / ""EEG_data.csv"")

new_features = []
for lag in LAGS:
    for feature_name in FEATURES:
        new_feature_name = f""{feature_name}_{lag}""
        new_features.append(new_feature_name)
        data[new_feature_name] = data.groupby(IDS)[feature_name].shift(lag).fillna(0)
FEATURES.extend(new_features)

data[""ID""] = (len(np.unique(dat","Traceback (most recent call last):
  File ""/opt/pipeline/scripts/execution_core.py"", line 225, in execute_notebook_in_current_env
    client.execute()
  File ""/usr/local/lib/python3.10/site-packages/jupyter_core/utils/__init__.py"", line 165, in wrapped
    return loop.run_until_complete(inner)
  File ""/usr/local/lib/python3.10/asyncio/base_events.py"", line 649, in run_until_complete
    return future.result()
  File ""/usr/local/lib/python3.10/site-packages/nbclient/client.py"", line 709, in async_execute
    await self.async_execute_cell(
  File ""/usr/local/lib/python3.10/site-packages/nbclient/client.py"", line 1062, in async_execute_cell
    await self._check_raise_for_error(cell, cell_index, exec_reply)
  File ""/usr/local/lib/python3.10/site-packages/nbclient/client.py"", line 918, in _check_raise_for_error
    raise CellExecutionError.from_cell_and_msg(cell, exec_reply_content)
nbclient.exceptions.CellExecutionError: An error occurred while executing the following cell:
--------------",False,4.086,3.10.19
113b80f0eb527a22281b022f988295263ce617946ffdccb50a1c730e55cecbd0,As17-01/brain_signals,notebooks/archieve/embedded/LSTMv1_emb3.ipynb,file_not_found,CellExecutionError,file_not_found,/home/aseliverstov/projects/brain_signals/data/eeg_data.csv,"An error occurred while executing the following cell:
------------------
data_dir = Path(""/home/aseliverstov/projects/brain_signals/data"")
data = pd.read_csv(data_dir / ""EEG_data.csv"")

new_features = []
for lag in LAGS:
    for feature_name in FEATURES:
        new_feature_name = f""{feature_name}_{lag}""
        new_features.append(new_feature_name)
        data[new_feature_name] = data.groupby(IDS)[feature_name].shift(lag).fillna(0)
FEATURES.extend(new_features)

data[""ID""] = (len(np.unique(dat","Traceback (most recent call last):
  File ""/opt/pipeline/scripts/execution_core.py"", line 225, in execute_notebook_in_current_env
    client.execute()
  File ""/usr/local/lib/python3.10/site-packages/jupyter_core/utils/__init__.py"", line 165, in wrapped
    return loop.run_until_complete(inner)
  File ""/usr/local/lib/python3.10/asyncio/base_events.py"", line 649, in run_until_complete
    return future.result()
  File ""/usr/local/lib/python3.10/site-packages/nbclient/client.py"", line 709, in async_execute
    await self.async_execute_cell(
  File ""/usr/local/lib/python3.10/site-packages/nbclient/client.py"", line 1062, in async_execute_cell
    await self._check_raise_for_error(cell, cell_index, exec_reply)
  File ""/usr/local/lib/python3.10/site-packages/nbclient/client.py"", line 918, in _check_raise_for_error
    raise CellExecutionError.from_cell_and_msg(cell, exec_reply_content)
nbclient.exceptions.CellExecutionError: An error occurred while executing the following cell:
--------------",False,4.191,3.10.19
511721d35c24b47570287fdc5d995c527dfdcfdc7199a41aac4a599b39ab6852,As17-01/brain_signals,notebooks/archieve/embedded/LSTMv1_emb4.ipynb,file_not_found,CellExecutionError,file_not_found,/home/aseliverstov/projects/brain_signals/data/eeg_data.csv,"An error occurred while executing the following cell:
------------------
data_dir = Path(""/home/aseliverstov/projects/brain_signals/data"")
data = pd.read_csv(data_dir / ""EEG_data.csv"")

new_features = []
for lag in LAGS:
    for feature_name in FEATURES:
        new_feature_name = f""{feature_name}_{lag}""
        new_features.append(new_feature_name)
        data[new_feature_name] = data.groupby(IDS)[feature_name].shift(lag).fillna(0)
FEATURES.extend(new_features)

if USE_DIFF:
    for feature_na","Traceback (most recent call last):
  File ""/opt/pipeline/scripts/execution_core.py"", line 225, in execute_notebook_in_current_env
    client.execute()
  File ""/usr/local/lib/python3.10/site-packages/jupyter_core/utils/__init__.py"", line 165, in wrapped
    return loop.run_until_complete(inner)
  File ""/usr/local/lib/python3.10/asyncio/base_events.py"", line 649, in run_until_complete
    return future.result()
  File ""/usr/local/lib/python3.10/site-packages/nbclient/client.py"", line 709, in async_execute
    await self.async_execute_cell(
  File ""/usr/local/lib/python3.10/site-packages/nbclient/client.py"", line 1062, in async_execute_cell
    await self._check_raise_for_error(cell, cell_index, exec_reply)
  File ""/usr/local/lib/python3.10/site-packages/nbclient/client.py"", line 918, in _check_raise_for_error
    raise CellExecutionError.from_cell_and_msg(cell, exec_reply_content)
nbclient.exceptions.CellExecutionError: An error occurred while executing the following cell:
--------------",False,4.116,3.10.19
60e95fd06ae906ab6e63e8d2384981432bb4a81515d78f0640967332fdb910e2,As17-01/brain_signals,notebooks/archieve/embedded/LSTMv1_plot.ipynb,file_not_found,CellExecutionError,file_not_found,./logs,"An error occurred while executing the following cell:
------------------
def extract_val_metrics_from_file(file_path):
    epochs = []
    val_accuracy = []
    val_loss = []
    val_auc = []
    
    with open(file_path, 'r') as f:
        for line in f:
            match = re.match(r""Epoch (\d+): VAL Accuracy = ([\d\.]+) Loss = ([\d\.]+) AUC = ([\d\.]+)"", line)
            if match:
                epoch, acc, loss, auc = match.groups()
                epochs.append(int(epoch))
               ","Traceback (most recent call last):
  File ""/opt/pipeline/scripts/execution_core.py"", line 225, in execute_notebook_in_current_env
    client.execute()
  File ""/usr/local/lib/python3.10/site-packages/jupyter_core/utils/__init__.py"", line 165, in wrapped
    return loop.run_until_complete(inner)
  File ""/usr/local/lib/python3.10/asyncio/base_events.py"", line 649, in run_until_complete
    return future.result()
  File ""/usr/local/lib/python3.10/site-packages/nbclient/client.py"", line 709, in async_execute
    await self.async_execute_cell(
  File ""/usr/local/lib/python3.10/site-packages/nbclient/client.py"", line 1062, in async_execute_cell
    await self._check_raise_for_error(cell, cell_index, exec_reply)
  File ""/usr/local/lib/python3.10/site-packages/nbclient/client.py"", line 918, in _check_raise_for_error
    raise CellExecutionError.from_cell_and_msg(cell, exec_reply_content)
nbclient.exceptions.CellExecutionError: An error occurred while executing the following cell:
--------------",False,1.559,3.10.19
330abbdb0c0f18dc0c474fd5a5e3a87b66b9045456979f280ac28912f76e96c7,As17-01/brain_signals,notebooks/archieve/embedded/LSTMv2.ipynb,file_not_found,CellExecutionError,file_not_found,/home/aseliverstov/projects/brain_signals/data/eeg_data.csv,"An error occurred while executing the following cell:
------------------
data_dir = Path(""/home/aseliverstov/projects/brain_signals/data"")
data = pd.read_csv(data_dir / ""EEG_data.csv"")

data[""ID""] = (len(np.unique(data[""VideoID""])) * data[""SubjectID""] + data[""VideoID""]).astype(""int"")
data = data[ID + USER + FEATURES + TARGET]

data.head(3)
------------------


[0;31m---------------------------------------------------------------------------[0m
[0;31mFileNotFoundError[0m                      ","Traceback (most recent call last):
  File ""/opt/pipeline/scripts/execution_core.py"", line 225, in execute_notebook_in_current_env
    client.execute()
  File ""/usr/local/lib/python3.10/site-packages/jupyter_core/utils/__init__.py"", line 165, in wrapped
    return loop.run_until_complete(inner)
  File ""/usr/local/lib/python3.10/asyncio/base_events.py"", line 649, in run_until_complete
    return future.result()
  File ""/usr/local/lib/python3.10/site-packages/nbclient/client.py"", line 709, in async_execute
    await self.async_execute_cell(
  File ""/usr/local/lib/python3.10/site-packages/nbclient/client.py"", line 1062, in async_execute_cell
    await self._check_raise_for_error(cell, cell_index, exec_reply)
  File ""/usr/local/lib/python3.10/site-packages/nbclient/client.py"", line 918, in _check_raise_for_error
    raise CellExecutionError.from_cell_and_msg(cell, exec_reply_content)
nbclient.exceptions.CellExecutionError: An error occurred while executing the following cell:
--------------",False,4.235,3.10.19
c7401cecfd08a93b5dffb0b5299d6ca56792e6432db8792bc205db46565c8dd6,As17-01/brain_signals,notebooks/archieve/embedded/LSTMv2_conv.ipynb,file_not_found,CellExecutionError,file_not_found,/home/aseliverstov/projects/brain_signals/data/eeg_data.csv,"An error occurred while executing the following cell:
------------------
data_dir = Path(""/home/aseliverstov/projects/brain_signals/data"")
data = pd.read_csv(data_dir / ""EEG_data.csv"")

data[""ID""] = (len(np.unique(data[""VideoID""])) * data[""SubjectID""] + data[""VideoID""]).astype(""int"")
data = data[ID + USER + FEATURES + TARGET]

data.head(3)
------------------


[0;31m---------------------------------------------------------------------------[0m
[0;31mFileNotFoundError[0m                      ","Traceback (most recent call last):
  File ""/opt/pipeline/scripts/execution_core.py"", line 225, in execute_notebook_in_current_env
    client.execute()
  File ""/usr/local/lib/python3.10/site-packages/jupyter_core/utils/__init__.py"", line 165, in wrapped
    return loop.run_until_complete(inner)
  File ""/usr/local/lib/python3.10/asyncio/base_events.py"", line 649, in run_until_complete
    return future.result()
  File ""/usr/local/lib/python3.10/site-packages/nbclient/client.py"", line 709, in async_execute
    await self.async_execute_cell(
  File ""/usr/local/lib/python3.10/site-packages/nbclient/client.py"", line 1062, in async_execute_cell
    await self._check_raise_for_error(cell, cell_index, exec_reply)
  File ""/usr/local/lib/python3.10/site-packages/nbclient/client.py"", line 918, in _check_raise_for_error
    raise CellExecutionError.from_cell_and_msg(cell, exec_reply_content)
nbclient.exceptions.CellExecutionError: An error occurred while executing the following cell:
--------------",False,4.14,3.10.19
319ffbaf2b8f2b5f5ee142c7ee8374a364d492b65095c12fad8dcb666458aef4,As17-01/brain_signals,notebooks/archieve/embedded/LSTMv2_conv2.ipynb,file_not_found,CellExecutionError,file_not_found,/home/aseliverstov/projects/brain_signals/data/eeg_data.csv,"An error occurred while executing the following cell:
------------------
data_dir = Path(""/home/aseliverstov/projects/brain_signals/data"")
data = pd.read_csv(data_dir / ""EEG_data.csv"")

data[""ID""] = (len(np.unique(data[""VideoID""])) * data[""SubjectID""] + data[""VideoID""]).astype(""int"")
data = data[ID + USER + FEATURES + TARGET]

data.head(3)
------------------


[0;31m---------------------------------------------------------------------------[0m
[0;31mFileNotFoundError[0m                      ","Traceback (most recent call last):
  File ""/opt/pipeline/scripts/execution_core.py"", line 225, in execute_notebook_in_current_env
    client.execute()
  File ""/usr/local/lib/python3.10/site-packages/jupyter_core/utils/__init__.py"", line 165, in wrapped
    return loop.run_until_complete(inner)
  File ""/usr/local/lib/python3.10/asyncio/base_events.py"", line 649, in run_until_complete
    return future.result()
  File ""/usr/local/lib/python3.10/site-packages/nbclient/client.py"", line 709, in async_execute
    await self.async_execute_cell(
  File ""/usr/local/lib/python3.10/site-packages/nbclient/client.py"", line 1062, in async_execute_cell
    await self._check_raise_for_error(cell, cell_index, exec_reply)
  File ""/usr/local/lib/python3.10/site-packages/nbclient/client.py"", line 918, in _check_raise_for_error
    raise CellExecutionError.from_cell_and_msg(cell, exec_reply_content)
nbclient.exceptions.CellExecutionError: An error occurred while executing the following cell:
--------------",False,4.148,3.10.19
37655e8f566034bae2f5a88a0328dbe2208051a693aed9606b4b5f163f08c345,As17-01/brain_signals,notebooks/archieve/embedded/LSTMv2_conv_expanded.ipynb,file_not_found,CellExecutionError,file_not_found,/home/aseliverstov/projects/brain_signals/data/eeg_data.csv,"An error occurred while executing the following cell:
------------------
data_dir = Path(""/home/aseliverstov/projects/brain_signals/data"")
data = pd.read_csv(data_dir / ""EEG_data.csv"")

data[""ID""] = (len(np.unique(data[""VideoID""])) * data[""SubjectID""] + data[""VideoID""]).astype(""int"")
data = data[ID + USER + FEATURES + TARGET]

data.head(3)
------------------


[0;31m---------------------------------------------------------------------------[0m
[0;31mFileNotFoundError[0m                      ","Traceback (most recent call last):
  File ""/opt/pipeline/scripts/execution_core.py"", line 225, in execute_notebook_in_current_env
    client.execute()
  File ""/usr/local/lib/python3.10/site-packages/jupyter_core/utils/__init__.py"", line 165, in wrapped
    return loop.run_until_complete(inner)
  File ""/usr/local/lib/python3.10/asyncio/base_events.py"", line 649, in run_until_complete
    return future.result()
  File ""/usr/local/lib/python3.10/site-packages/nbclient/client.py"", line 709, in async_execute
    await self.async_execute_cell(
  File ""/usr/local/lib/python3.10/site-packages/nbclient/client.py"", line 1062, in async_execute_cell
    await self._check_raise_for_error(cell, cell_index, exec_reply)
  File ""/usr/local/lib/python3.10/site-packages/nbclient/client.py"", line 918, in _check_raise_for_error
    raise CellExecutionError.from_cell_and_msg(cell, exec_reply_content)
nbclient.exceptions.CellExecutionError: An error occurred while executing the following cell:
--------------",False,4.47,3.10.19
47e293285bc58ffe8d814bde08199e782c94e452f396b4a8426b326993e9e489,As17-01/brain_signals,notebooks/archieve/embedded/LSTMv2_emb1.ipynb,file_not_found,CellExecutionError,file_not_found,/home/aseliverstov/projects/brain_signals/data/eeg_data.csv,"An error occurred while executing the following cell:
------------------
data_dir = Path(""/home/aseliverstov/projects/brain_signals/data"")
data = pd.read_csv(data_dir / ""EEG_data.csv"")

new_features = []
for lag in LAGS:
    for feature_name in FEATURES:
        new_feature_name = f""{feature_name}_{lag}""
        new_features.append(new_feature_name)
        data[new_feature_name] = data.groupby(IDS)[feature_name].shift(lag).fillna(0)
FEATURES.extend(new_features)

data[""ID""] = (len(np.unique(dat","Traceback (most recent call last):
  File ""/opt/pipeline/scripts/execution_core.py"", line 225, in execute_notebook_in_current_env
    client.execute()
  File ""/usr/local/lib/python3.10/site-packages/jupyter_core/utils/__init__.py"", line 165, in wrapped
    return loop.run_until_complete(inner)
  File ""/usr/local/lib/python3.10/asyncio/base_events.py"", line 649, in run_until_complete
    return future.result()
  File ""/usr/local/lib/python3.10/site-packages/nbclient/client.py"", line 709, in async_execute
    await self.async_execute_cell(
  File ""/usr/local/lib/python3.10/site-packages/nbclient/client.py"", line 1062, in async_execute_cell
    await self._check_raise_for_error(cell, cell_index, exec_reply)
  File ""/usr/local/lib/python3.10/site-packages/nbclient/client.py"", line 918, in _check_raise_for_error
    raise CellExecutionError.from_cell_and_msg(cell, exec_reply_content)
nbclient.exceptions.CellExecutionError: An error occurred while executing the following cell:
--------------",False,4.174,3.10.19
49930e800c2ae4e8ffdc23be7b554191c2286eae63647db929f560234cb5fc25,As17-01/brain_signals,notebooks/archieve/embedded/LSTMv2_emb1_expanded.ipynb,file_not_found,CellExecutionError,file_not_found,/home/aseliverstov/projects/brain_signals/data/eeg_data.csv,"An error occurred while executing the following cell:
------------------
data_dir = Path(""/home/aseliverstov/projects/brain_signals/data"")
data = pd.read_csv(data_dir / ""EEG_data.csv"")

new_features = []
for lag in LAGS:
    for feature_name in FEATURES:
        new_feature_name = f""{feature_name}_{lag}""
        new_features.append(new_feature_name)
        data[new_feature_name] = data.groupby(IDS)[feature_name].shift(lag).fillna(0)
FEATURES.extend(new_features)

data[""ID""] = (len(np.unique(dat","Traceback (most recent call last):
  File ""/opt/pipeline/scripts/execution_core.py"", line 225, in execute_notebook_in_current_env
    client.execute()
  File ""/usr/local/lib/python3.10/site-packages/jupyter_core/utils/__init__.py"", line 165, in wrapped
    return loop.run_until_complete(inner)
  File ""/usr/local/lib/python3.10/asyncio/base_events.py"", line 649, in run_until_complete
    return future.result()
  File ""/usr/local/lib/python3.10/site-packages/nbclient/client.py"", line 709, in async_execute
    await self.async_execute_cell(
  File ""/usr/local/lib/python3.10/site-packages/nbclient/client.py"", line 1062, in async_execute_cell
    await self._check_raise_for_error(cell, cell_index, exec_reply)
  File ""/usr/local/lib/python3.10/site-packages/nbclient/client.py"", line 918, in _check_raise_for_error
    raise CellExecutionError.from_cell_and_msg(cell, exec_reply_content)
nbclient.exceptions.CellExecutionError: An error occurred while executing the following cell:
--------------",False,4.073,3.10.19
644fa10e7baa411a478044d7c1f79acd5bd649046bfcdd4f973c42cdc57a3f25,As17-01/brain_signals,notebooks/archieve/embedded/LSTMv2_emb2.ipynb,file_not_found,CellExecutionError,file_not_found,/home/aseliverstov/projects/brain_signals/data/eeg_data.csv,"An error occurred while executing the following cell:
------------------
data_dir = Path(""/home/aseliverstov/projects/brain_signals/data"")
data = pd.read_csv(data_dir / ""EEG_data.csv"")

new_features = []
for lag in LAGS:
    for feature_name in FEATURES:
        new_feature_name = f""{feature_name}_{lag}""
        new_features.append(new_feature_name)
        data[new_feature_name] = data.groupby(IDS)[feature_name].shift(lag).fillna(0)
FEATURES.extend(new_features)

data[""ID""] = (len(np.unique(dat","Traceback (most recent call last):
  File ""/opt/pipeline/scripts/execution_core.py"", line 225, in execute_notebook_in_current_env
    client.execute()
  File ""/usr/local/lib/python3.10/site-packages/jupyter_core/utils/__init__.py"", line 165, in wrapped
    return loop.run_until_complete(inner)
  File ""/usr/local/lib/python3.10/asyncio/base_events.py"", line 649, in run_until_complete
    return future.result()
  File ""/usr/local/lib/python3.10/site-packages/nbclient/client.py"", line 709, in async_execute
    await self.async_execute_cell(
  File ""/usr/local/lib/python3.10/site-packages/nbclient/client.py"", line 1062, in async_execute_cell
    await self._check_raise_for_error(cell, cell_index, exec_reply)
  File ""/usr/local/lib/python3.10/site-packages/nbclient/client.py"", line 918, in _check_raise_for_error
    raise CellExecutionError.from_cell_and_msg(cell, exec_reply_content)
nbclient.exceptions.CellExecutionError: An error occurred while executing the following cell:
--------------",False,3.99,3.10.19
d3bdd6bbbe574ed862dd07d8d9c44007c7139c9eb85ce671ca5d50b9d68d3a6b,As17-01/brain_signals,notebooks/archieve/embedded/LSTMv2_emb3.ipynb,file_not_found,CellExecutionError,file_not_found,/home/aseliverstov/projects/brain_signals/data/eeg_data.csv,"An error occurred while executing the following cell:
------------------
data_dir = Path(""/home/aseliverstov/projects/brain_signals/data"")
data = pd.read_csv(data_dir / ""EEG_data.csv"")

new_features = []
for lag in LAGS:
    for feature_name in FEATURES:
        new_feature_name = f""{feature_name}_{lag}""
        new_features.append(new_feature_name)
        data[new_feature_name] = data.groupby(IDS)[feature_name].shift(lag).fillna(0)
FEATURES.extend(new_features)

data[""ID""] = (len(np.unique(dat","Traceback (most recent call last):
  File ""/opt/pipeline/scripts/execution_core.py"", line 225, in execute_notebook_in_current_env
    client.execute()
  File ""/usr/local/lib/python3.10/site-packages/jupyter_core/utils/__init__.py"", line 165, in wrapped
    return loop.run_until_complete(inner)
  File ""/usr/local/lib/python3.10/asyncio/base_events.py"", line 649, in run_until_complete
    return future.result()
  File ""/usr/local/lib/python3.10/site-packages/nbclient/client.py"", line 709, in async_execute
    await self.async_execute_cell(
  File ""/usr/local/lib/python3.10/site-packages/nbclient/client.py"", line 1062, in async_execute_cell
    await self._check_raise_for_error(cell, cell_index, exec_reply)
  File ""/usr/local/lib/python3.10/site-packages/nbclient/client.py"", line 918, in _check_raise_for_error
    raise CellExecutionError.from_cell_and_msg(cell, exec_reply_content)
nbclient.exceptions.CellExecutionError: An error occurred while executing the following cell:
--------------",False,4.26,3.10.19
0033813e43938d90787beb6089f3a29c2068526305d16cc63fe5e62c78e367aa,As17-01/brain_signals,notebooks/archieve/embedded/LSTMv2_emb4.ipynb,file_not_found,CellExecutionError,file_not_found,/home/aseliverstov/projects/brain_signals/data/eeg_data.csv,"An error occurred while executing the following cell:
------------------
data_dir = Path(""/home/aseliverstov/projects/brain_signals/data"")
data = pd.read_csv(data_dir / ""EEG_data.csv"")

new_features = []
for lag in LAGS:
    for feature_name in FEATURES:
        new_feature_name = f""{feature_name}_{lag}""
        new_features.append(new_feature_name)
        data[new_feature_name] = data.groupby(IDS)[feature_name].shift(lag).fillna(0)
FEATURES.extend(new_features)

if USE_DIFF:
    for feature_na","Traceback (most recent call last):
  File ""/opt/pipeline/scripts/execution_core.py"", line 225, in execute_notebook_in_current_env
    client.execute()
  File ""/usr/local/lib/python3.10/site-packages/jupyter_core/utils/__init__.py"", line 165, in wrapped
    return loop.run_until_complete(inner)
  File ""/usr/local/lib/python3.10/asyncio/base_events.py"", line 649, in run_until_complete
    return future.result()
  File ""/usr/local/lib/python3.10/site-packages/nbclient/client.py"", line 709, in async_execute
    await self.async_execute_cell(
  File ""/usr/local/lib/python3.10/site-packages/nbclient/client.py"", line 1062, in async_execute_cell
    await self._check_raise_for_error(cell, cell_index, exec_reply)
  File ""/usr/local/lib/python3.10/site-packages/nbclient/client.py"", line 918, in _check_raise_for_error
    raise CellExecutionError.from_cell_and_msg(cell, exec_reply_content)
nbclient.exceptions.CellExecutionError: An error occurred while executing the following cell:
--------------",False,4.213,3.10.19
aea04662572daa0f1705ebd3f943e459e7cbb2fbdefc53204e287c3230cfe988,As17-01/brain_signals,notebooks/archieve/embedded/LSTMv2_expanded.ipynb,file_not_found,CellExecutionError,file_not_found,/home/aseliverstov/projects/brain_signals/data/eeg_data.csv,"An error occurred while executing the following cell:
------------------
data_dir = Path(""/home/aseliverstov/projects/brain_signals/data"")
data = pd.read_csv(data_dir / ""EEG_data.csv"")

data[""ID""] = (len(np.unique(data[""VideoID""])) * data[""SubjectID""] + data[""VideoID""]).astype(""int"")
data = data[ID + USER + FEATURES + TARGET]

data.head(3)
------------------


[0;31m---------------------------------------------------------------------------[0m
[0;31mFileNotFoundError[0m                      ","Traceback (most recent call last):
  File ""/opt/pipeline/scripts/execution_core.py"", line 225, in execute_notebook_in_current_env
    client.execute()
  File ""/usr/local/lib/python3.10/site-packages/jupyter_core/utils/__init__.py"", line 165, in wrapped
    return loop.run_until_complete(inner)
  File ""/usr/local/lib/python3.10/asyncio/base_events.py"", line 649, in run_until_complete
    return future.result()
  File ""/usr/local/lib/python3.10/site-packages/nbclient/client.py"", line 709, in async_execute
    await self.async_execute_cell(
  File ""/usr/local/lib/python3.10/site-packages/nbclient/client.py"", line 1062, in async_execute_cell
    await self._check_raise_for_error(cell, cell_index, exec_reply)
  File ""/usr/local/lib/python3.10/site-packages/nbclient/client.py"", line 918, in _check_raise_for_error
    raise CellExecutionError.from_cell_and_msg(cell, exec_reply_content)
nbclient.exceptions.CellExecutionError: An error occurred while executing the following cell:
--------------",False,3.919,3.10.19
6295c18ab9415ed023588a0aef621d001f692da18ca5e8f0ea0eb260c6eb00ff,As17-01/brain_signals,notebooks/archieve/embedded/LSTMv2_plot.ipynb,file_not_found,CellExecutionError,file_not_found,./logs,"An error occurred while executing the following cell:
------------------
def extract_val_metrics_from_file(file_path):
    epochs = []
    val_accuracy = []
    val_loss = []
    val_auc = []
    
    with open(file_path, 'r') as f:
        for line in f:
            match = re.match(r""Epoch (\d+): VAL Accuracy = ([\d\.]+) Loss = ([\d\.]+) AUC = ([\d\.]+)"", line)
            if match:
                epoch, acc, loss, auc = match.groups()
                epochs.append(int(epoch))
               ","Traceback (most recent call last):
  File ""/opt/pipeline/scripts/execution_core.py"", line 225, in execute_notebook_in_current_env
    client.execute()
  File ""/usr/local/lib/python3.10/site-packages/jupyter_core/utils/__init__.py"", line 165, in wrapped
    return loop.run_until_complete(inner)
  File ""/usr/local/lib/python3.10/asyncio/base_events.py"", line 649, in run_until_complete
    return future.result()
  File ""/usr/local/lib/python3.10/site-packages/nbclient/client.py"", line 709, in async_execute
    await self.async_execute_cell(
  File ""/usr/local/lib/python3.10/site-packages/nbclient/client.py"", line 1062, in async_execute_cell
    await self._check_raise_for_error(cell, cell_index, exec_reply)
  File ""/usr/local/lib/python3.10/site-packages/nbclient/client.py"", line 918, in _check_raise_for_error
    raise CellExecutionError.from_cell_and_msg(cell, exec_reply_content)
nbclient.exceptions.CellExecutionError: An error occurred while executing the following cell:
--------------",False,1.471,3.10.19
f876e471a621f8e7792a8d85f802dcf907924dd6c535fcffe4f6f23697478378,As17-01/brain_signals,notebooks/archieve/embedded/Linearv1_expanded.ipynb,file_not_found,CellExecutionError,file_not_found,/home/aseliverstov/projects/brain_signals/data/eeg_data.csv,"An error occurred while executing the following cell:
------------------
data_dir = Path(""/home/aseliverstov/projects/brain_signals/data"")
data = pd.read_csv(data_dir / ""EEG_data.csv"")

data[""ID""] = (len(np.unique(data[""VideoID""])) * data[""SubjectID""] + data[""VideoID""]).astype(""int"")
data = data[ID + USER + FEATURES + TARGET]

data.head(3)
------------------


[0;31m---------------------------------------------------------------------------[0m
[0;31mFileNotFoundError[0m                      ","Traceback (most recent call last):
  File ""/opt/pipeline/scripts/execution_core.py"", line 225, in execute_notebook_in_current_env
    client.execute()
  File ""/usr/local/lib/python3.10/site-packages/jupyter_core/utils/__init__.py"", line 165, in wrapped
    return loop.run_until_complete(inner)
  File ""/usr/local/lib/python3.10/asyncio/base_events.py"", line 649, in run_until_complete
    return future.result()
  File ""/usr/local/lib/python3.10/site-packages/nbclient/client.py"", line 709, in async_execute
    await self.async_execute_cell(
  File ""/usr/local/lib/python3.10/site-packages/nbclient/client.py"", line 1062, in async_execute_cell
    await self._check_raise_for_error(cell, cell_index, exec_reply)
  File ""/usr/local/lib/python3.10/site-packages/nbclient/client.py"", line 918, in _check_raise_for_error
    raise CellExecutionError.from_cell_and_msg(cell, exec_reply_content)
nbclient.exceptions.CellExecutionError: An error occurred while executing the following cell:
--------------",False,4.087,3.10.19
cbb0c61ef1927dbe868dcd10c388554de831018b84cd1b7dcddf4ec960f5d16f,As17-01/brain_signals,notebooks/archieve/embedded/Liquidv1.ipynb,file_not_found,CellExecutionError,file_not_found,/home/aseliverstov/projects/brain_signals/data/eeg_data.csv,"An error occurred while executing the following cell:
------------------
data_dir = Path(""/home/aseliverstov/projects/brain_signals/data"")
data = pd.read_csv(data_dir / ""EEG_data.csv"")

data[""ID""] = (len(np.unique(data[""VideoID""])) * data[""SubjectID""] + data[""VideoID""]).astype(""int"")
data = data[ID + USER + FEATURES + TARGET]

data.head(3)
------------------


[0;31m---------------------------------------------------------------------------[0m
[0;31mFileNotFoundError[0m                      ","Traceback (most recent call last):
  File ""/opt/pipeline/scripts/execution_core.py"", line 225, in execute_notebook_in_current_env
    client.execute()
  File ""/usr/local/lib/python3.10/site-packages/jupyter_core/utils/__init__.py"", line 165, in wrapped
    return loop.run_until_complete(inner)
  File ""/usr/local/lib/python3.10/asyncio/base_events.py"", line 649, in run_until_complete
    return future.result()
  File ""/usr/local/lib/python3.10/site-packages/nbclient/client.py"", line 709, in async_execute
    await self.async_execute_cell(
  File ""/usr/local/lib/python3.10/site-packages/nbclient/client.py"", line 1062, in async_execute_cell
    await self._check_raise_for_error(cell, cell_index, exec_reply)
  File ""/usr/local/lib/python3.10/site-packages/nbclient/client.py"", line 918, in _check_raise_for_error
    raise CellExecutionError.from_cell_and_msg(cell, exec_reply_content)
nbclient.exceptions.CellExecutionError: An error occurred while executing the following cell:
--------------",False,4.489,3.10.19
12faea6f5c95bf1abae6c92fb03271e9e3d8169a6361c3f73a97172efaf0fc8a,As17-01/brain_signals,notebooks/archieve/embedded/Liquidv1_emb1.ipynb,file_not_found,CellExecutionError,file_not_found,/home/aseliverstov/projects/brain_signals/data/eeg_data.csv,"An error occurred while executing the following cell:
------------------
data_dir = Path(""/home/aseliverstov/projects/brain_signals/data"")
data = pd.read_csv(data_dir / ""EEG_data.csv"")

new_features = []
for lag in LAGS:
    for feature_name in FEATURES:
        new_feature_name = f""{feature_name}_{lag}""
        new_features.append(new_feature_name)
        data[new_feature_name] = data.groupby(IDS)[feature_name].shift(lag).fillna(0)
FEATURES.extend(new_features)

data[""ID""] = (len(np.unique(dat","Traceback (most recent call last):
  File ""/opt/pipeline/scripts/execution_core.py"", line 225, in execute_notebook_in_current_env
    client.execute()
  File ""/usr/local/lib/python3.10/site-packages/jupyter_core/utils/__init__.py"", line 165, in wrapped
    return loop.run_until_complete(inner)
  File ""/usr/local/lib/python3.10/asyncio/base_events.py"", line 649, in run_until_complete
    return future.result()
  File ""/usr/local/lib/python3.10/site-packages/nbclient/client.py"", line 709, in async_execute
    await self.async_execute_cell(
  File ""/usr/local/lib/python3.10/site-packages/nbclient/client.py"", line 1062, in async_execute_cell
    await self._check_raise_for_error(cell, cell_index, exec_reply)
  File ""/usr/local/lib/python3.10/site-packages/nbclient/client.py"", line 918, in _check_raise_for_error
    raise CellExecutionError.from_cell_and_msg(cell, exec_reply_content)
nbclient.exceptions.CellExecutionError: An error occurred while executing the following cell:
--------------",False,4.49,3.10.19
29b254a93e01f4a984c26c478ce847321d54f30022c34eaac9aefe8c90a140b6,As17-01/brain_signals,notebooks/archieve/embedded/Liquidv1_emb2.ipynb,file_not_found,CellExecutionError,file_not_found,/home/aseliverstov/projects/brain_signals/data/eeg_data.csv,"An error occurred while executing the following cell:
------------------
data_dir = Path(""/home/aseliverstov/projects/brain_signals/data"")
data = pd.read_csv(data_dir / ""EEG_data.csv"")

new_features = []
for lag in LAGS:
    for feature_name in FEATURES:
        new_feature_name = f""{feature_name}_{lag}""
        new_features.append(new_feature_name)
        data[new_feature_name] = data.groupby(IDS)[feature_name].shift(lag).fillna(0)
FEATURES.extend(new_features)

data[""ID""] = (len(np.unique(dat","Traceback (most recent call last):
  File ""/opt/pipeline/scripts/execution_core.py"", line 225, in execute_notebook_in_current_env
    client.execute()
  File ""/usr/local/lib/python3.10/site-packages/jupyter_core/utils/__init__.py"", line 165, in wrapped
    return loop.run_until_complete(inner)
  File ""/usr/local/lib/python3.10/asyncio/base_events.py"", line 649, in run_until_complete
    return future.result()
  File ""/usr/local/lib/python3.10/site-packages/nbclient/client.py"", line 709, in async_execute
    await self.async_execute_cell(
  File ""/usr/local/lib/python3.10/site-packages/nbclient/client.py"", line 1062, in async_execute_cell
    await self._check_raise_for_error(cell, cell_index, exec_reply)
  File ""/usr/local/lib/python3.10/site-packages/nbclient/client.py"", line 918, in _check_raise_for_error
    raise CellExecutionError.from_cell_and_msg(cell, exec_reply_content)
nbclient.exceptions.CellExecutionError: An error occurred while executing the following cell:
--------------",False,3.925,3.10.19
7fc571434509ff9edcd8bf67d9707534d4a06e1f7ee69c640df240839dd80d85,As17-01/brain_signals,notebooks/archieve/embedded/Liquidv1_emb3.ipynb,file_not_found,CellExecutionError,file_not_found,/home/aseliverstov/projects/brain_signals/data/eeg_data.csv,"An error occurred while executing the following cell:
------------------
data_dir = Path(""/home/aseliverstov/projects/brain_signals/data"")
data = pd.read_csv(data_dir / ""EEG_data.csv"")

new_features = []
for lag in LAGS:
    for feature_name in FEATURES:
        new_feature_name = f""{feature_name}_{lag}""
        new_features.append(new_feature_name)
        data[new_feature_name] = data.groupby(IDS)[feature_name].shift(lag).fillna(0)
FEATURES.extend(new_features)

data[""ID""] = (len(np.unique(dat","Traceback (most recent call last):
  File ""/opt/pipeline/scripts/execution_core.py"", line 225, in execute_notebook_in_current_env
    client.execute()
  File ""/usr/local/lib/python3.10/site-packages/jupyter_core/utils/__init__.py"", line 165, in wrapped
    return loop.run_until_complete(inner)
  File ""/usr/local/lib/python3.10/asyncio/base_events.py"", line 649, in run_until_complete
    return future.result()
  File ""/usr/local/lib/python3.10/site-packages/nbclient/client.py"", line 709, in async_execute
    await self.async_execute_cell(
  File ""/usr/local/lib/python3.10/site-packages/nbclient/client.py"", line 1062, in async_execute_cell
    await self._check_raise_for_error(cell, cell_index, exec_reply)
  File ""/usr/local/lib/python3.10/site-packages/nbclient/client.py"", line 918, in _check_raise_for_error
    raise CellExecutionError.from_cell_and_msg(cell, exec_reply_content)
nbclient.exceptions.CellExecutionError: An error occurred while executing the following cell:
--------------",False,3.899,3.10.19
c93b6159869da3cb48a99ce58aaf0a197c0f5e4279036710962ed5bcc02a687d,As17-01/brain_signals,notebooks/archieve/embedded/Liquidv1_emb4.ipynb,file_not_found,CellExecutionError,file_not_found,/home/aseliverstov/projects/brain_signals/data/eeg_data.csv,"An error occurred while executing the following cell:
------------------
data_dir = Path(""/home/aseliverstov/projects/brain_signals/data"")
data = pd.read_csv(data_dir / ""EEG_data.csv"")

new_features = []
for lag in LAGS:
    for feature_name in FEATURES:
        new_feature_name = f""{feature_name}_{lag}""
        new_features.append(new_feature_name)
        data[new_feature_name] = data.groupby(IDS)[feature_name].shift(lag).fillna(0)
FEATURES.extend(new_features)

if USE_DIFF:
    for feature_na","Traceback (most recent call last):
  File ""/opt/pipeline/scripts/execution_core.py"", line 225, in execute_notebook_in_current_env
    client.execute()
  File ""/usr/local/lib/python3.10/site-packages/jupyter_core/utils/__init__.py"", line 165, in wrapped
    return loop.run_until_complete(inner)
  File ""/usr/local/lib/python3.10/asyncio/base_events.py"", line 649, in run_until_complete
    return future.result()
  File ""/usr/local/lib/python3.10/site-packages/nbclient/client.py"", line 709, in async_execute
    await self.async_execute_cell(
  File ""/usr/local/lib/python3.10/site-packages/nbclient/client.py"", line 1062, in async_execute_cell
    await self._check_raise_for_error(cell, cell_index, exec_reply)
  File ""/usr/local/lib/python3.10/site-packages/nbclient/client.py"", line 918, in _check_raise_for_error
    raise CellExecutionError.from_cell_and_msg(cell, exec_reply_content)
nbclient.exceptions.CellExecutionError: An error occurred while executing the following cell:
--------------",False,4.028,3.10.19
8f314e62fc09466e0117d41ce3cd7256cf9463972aa2374b2146218cda726bba,As17-01/brain_signals,notebooks/archieve/embedded/Liquidv1_plot.ipynb,file_not_found,CellExecutionError,file_not_found,./logs,"An error occurred while executing the following cell:
------------------
def extract_val_metrics_from_file(file_path):
    epochs = []
    val_accuracy = []
    val_loss = []
    val_auc = []
    
    with open(file_path, 'r') as f:
        for line in f:
            match = re.match(r""Epoch (\d+): VAL Accuracy = ([\d\.]+) Loss = ([\d\.]+) AUC = ([\d\.]+)"", line)
            if match:
                epoch, acc, loss, auc = match.groups()
                epochs.append(int(epoch))
               ","Traceback (most recent call last):
  File ""/opt/pipeline/scripts/execution_core.py"", line 225, in execute_notebook_in_current_env
    client.execute()
  File ""/usr/local/lib/python3.10/site-packages/jupyter_core/utils/__init__.py"", line 165, in wrapped
    return loop.run_until_complete(inner)
  File ""/usr/local/lib/python3.10/asyncio/base_events.py"", line 649, in run_until_complete
    return future.result()
  File ""/usr/local/lib/python3.10/site-packages/nbclient/client.py"", line 709, in async_execute
    await self.async_execute_cell(
  File ""/usr/local/lib/python3.10/site-packages/nbclient/client.py"", line 1062, in async_execute_cell
    await self._check_raise_for_error(cell, cell_index, exec_reply)
  File ""/usr/local/lib/python3.10/site-packages/nbclient/client.py"", line 918, in _check_raise_for_error
    raise CellExecutionError.from_cell_and_msg(cell, exec_reply_content)
nbclient.exceptions.CellExecutionError: An error occurred while executing the following cell:
--------------",False,1.465,3.10.19
0d58c2f778cf76bd117b556345b314cb56ad7caa99b1854543e59d1a1a1ebdd1,As17-01/brain_signals,notebooks/archieve/embedded/Liquidv2.ipynb,file_not_found,CellExecutionError,file_not_found,/home/aseliverstov/projects/brain_signals/data/eeg_data.csv,"An error occurred while executing the following cell:
------------------
data_dir = Path(""/home/aseliverstov/projects/brain_signals/data"")
data = pd.read_csv(data_dir / ""EEG_data.csv"")

data[""ID""] = (len(np.unique(data[""VideoID""])) * data[""SubjectID""] + data[""VideoID""]).astype(""int"")
data = data[ID + USER + FEATURES + TARGET]

data.head(3)
------------------


[0;31m---------------------------------------------------------------------------[0m
[0;31mFileNotFoundError[0m                      ","Traceback (most recent call last):
  File ""/opt/pipeline/scripts/execution_core.py"", line 225, in execute_notebook_in_current_env
    client.execute()
  File ""/usr/local/lib/python3.10/site-packages/jupyter_core/utils/__init__.py"", line 165, in wrapped
    return loop.run_until_complete(inner)
  File ""/usr/local/lib/python3.10/asyncio/base_events.py"", line 649, in run_until_complete
    return future.result()
  File ""/usr/local/lib/python3.10/site-packages/nbclient/client.py"", line 709, in async_execute
    await self.async_execute_cell(
  File ""/usr/local/lib/python3.10/site-packages/nbclient/client.py"", line 1062, in async_execute_cell
    await self._check_raise_for_error(cell, cell_index, exec_reply)
  File ""/usr/local/lib/python3.10/site-packages/nbclient/client.py"", line 918, in _check_raise_for_error
    raise CellExecutionError.from_cell_and_msg(cell, exec_reply_content)
nbclient.exceptions.CellExecutionError: An error occurred while executing the following cell:
--------------",False,3.944,3.10.19
8ba95e4d72410ddbf280119982e5820579e191b79b2e96a514ba6fccdca52788,As17-01/brain_signals,notebooks/archieve/embedded/Liquidv2_emb1.ipynb,file_not_found,CellExecutionError,file_not_found,/home/aseliverstov/projects/brain_signals/data/eeg_data.csv,"An error occurred while executing the following cell:
------------------
data_dir = Path(""/home/aseliverstov/projects/brain_signals/data"")
data = pd.read_csv(data_dir / ""EEG_data.csv"")

new_features = []
for lag in LAGS:
    for feature_name in FEATURES:
        new_feature_name = f""{feature_name}_{lag}""
        new_features.append(new_feature_name)
        data[new_feature_name] = data.groupby(IDS)[feature_name].shift(lag).fillna(0)
FEATURES.extend(new_features)

data[""ID""] = (len(np.unique(dat","Traceback (most recent call last):
  File ""/opt/pipeline/scripts/execution_core.py"", line 225, in execute_notebook_in_current_env
    client.execute()
  File ""/usr/local/lib/python3.10/site-packages/jupyter_core/utils/__init__.py"", line 165, in wrapped
    return loop.run_until_complete(inner)
  File ""/usr/local/lib/python3.10/asyncio/base_events.py"", line 649, in run_until_complete
    return future.result()
  File ""/usr/local/lib/python3.10/site-packages/nbclient/client.py"", line 709, in async_execute
    await self.async_execute_cell(
  File ""/usr/local/lib/python3.10/site-packages/nbclient/client.py"", line 1062, in async_execute_cell
    await self._check_raise_for_error(cell, cell_index, exec_reply)
  File ""/usr/local/lib/python3.10/site-packages/nbclient/client.py"", line 918, in _check_raise_for_error
    raise CellExecutionError.from_cell_and_msg(cell, exec_reply_content)
nbclient.exceptions.CellExecutionError: An error occurred while executing the following cell:
--------------",False,4.14,3.10.19
d7227316e2eb5313704ad5bbc9aa2e0e39abb8aa02ca2fa2b218bfdb310c7015,As17-01/brain_signals,notebooks/archieve/embedded/Liquidv2_emb2.ipynb,file_not_found,CellExecutionError,file_not_found,/home/aseliverstov/projects/brain_signals/data/eeg_data.csv,"An error occurred while executing the following cell:
------------------
data_dir = Path(""/home/aseliverstov/projects/brain_signals/data"")
data = pd.read_csv(data_dir / ""EEG_data.csv"")

new_features = []
for lag in LAGS:
    for feature_name in FEATURES:
        new_feature_name = f""{feature_name}_{lag}""
        new_features.append(new_feature_name)
        data[new_feature_name] = data.groupby(IDS)[feature_name].shift(lag).fillna(0)
FEATURES.extend(new_features)

data[""ID""] = (len(np.unique(dat","Traceback (most recent call last):
  File ""/opt/pipeline/scripts/execution_core.py"", line 225, in execute_notebook_in_current_env
    client.execute()
  File ""/usr/local/lib/python3.10/site-packages/jupyter_core/utils/__init__.py"", line 165, in wrapped
    return loop.run_until_complete(inner)
  File ""/usr/local/lib/python3.10/asyncio/base_events.py"", line 649, in run_until_complete
    return future.result()
  File ""/usr/local/lib/python3.10/site-packages/nbclient/client.py"", line 709, in async_execute
    await self.async_execute_cell(
  File ""/usr/local/lib/python3.10/site-packages/nbclient/client.py"", line 1062, in async_execute_cell
    await self._check_raise_for_error(cell, cell_index, exec_reply)
  File ""/usr/local/lib/python3.10/site-packages/nbclient/client.py"", line 918, in _check_raise_for_error
    raise CellExecutionError.from_cell_and_msg(cell, exec_reply_content)
nbclient.exceptions.CellExecutionError: An error occurred while executing the following cell:
--------------",False,4.2,3.10.19
a72a54d40e16d7a40b34dc6db41047795ad90ad4c8f654abca6db2f180af40ff,As17-01/brain_signals,notebooks/archieve/embedded/Liquidv2_emb3.ipynb,file_not_found,CellExecutionError,file_not_found,/home/aseliverstov/projects/brain_signals/data/eeg_data.csv,"An error occurred while executing the following cell:
------------------
data_dir = Path(""/home/aseliverstov/projects/brain_signals/data"")
data = pd.read_csv(data_dir / ""EEG_data.csv"")

new_features = []
for lag in LAGS:
    for feature_name in FEATURES:
        new_feature_name = f""{feature_name}_{lag}""
        new_features.append(new_feature_name)
        data[new_feature_name] = data.groupby(IDS)[feature_name].shift(lag).fillna(0)
FEATURES.extend(new_features)

data[""ID""] = (len(np.unique(dat","Traceback (most recent call last):
  File ""/opt/pipeline/scripts/execution_core.py"", line 225, in execute_notebook_in_current_env
    client.execute()
  File ""/usr/local/lib/python3.10/site-packages/jupyter_core/utils/__init__.py"", line 165, in wrapped
    return loop.run_until_complete(inner)
  File ""/usr/local/lib/python3.10/asyncio/base_events.py"", line 649, in run_until_complete
    return future.result()
  File ""/usr/local/lib/python3.10/site-packages/nbclient/client.py"", line 709, in async_execute
    await self.async_execute_cell(
  File ""/usr/local/lib/python3.10/site-packages/nbclient/client.py"", line 1062, in async_execute_cell
    await self._check_raise_for_error(cell, cell_index, exec_reply)
  File ""/usr/local/lib/python3.10/site-packages/nbclient/client.py"", line 918, in _check_raise_for_error
    raise CellExecutionError.from_cell_and_msg(cell, exec_reply_content)
nbclient.exceptions.CellExecutionError: An error occurred while executing the following cell:
--------------",False,4.101,3.10.19
9fb85fa18802cc0e0d663eee38f5c5ca64266c740962272903f02806e13b1ff4,As17-01/brain_signals,notebooks/archieve/embedded/Liquidv2_emb4.ipynb,file_not_found,CellExecutionError,file_not_found,/home/aseliverstov/projects/brain_signals/data/eeg_data.csv,"An error occurred while executing the following cell:
------------------
data_dir = Path(""/home/aseliverstov/projects/brain_signals/data"")
data = pd.read_csv(data_dir / ""EEG_data.csv"")

new_features = []
for lag in LAGS:
    for feature_name in FEATURES:
        new_feature_name = f""{feature_name}_{lag}""
        new_features.append(new_feature_name)
        data[new_feature_name] = data.groupby(IDS)[feature_name].shift(lag).fillna(0)
FEATURES.extend(new_features)

if USE_DIFF:
    for feature_na","Traceback (most recent call last):
  File ""/opt/pipeline/scripts/execution_core.py"", line 225, in execute_notebook_in_current_env
    client.execute()
  File ""/usr/local/lib/python3.10/site-packages/jupyter_core/utils/__init__.py"", line 165, in wrapped
    return loop.run_until_complete(inner)
  File ""/usr/local/lib/python3.10/asyncio/base_events.py"", line 649, in run_until_complete
    return future.result()
  File ""/usr/local/lib/python3.10/site-packages/nbclient/client.py"", line 709, in async_execute
    await self.async_execute_cell(
  File ""/usr/local/lib/python3.10/site-packages/nbclient/client.py"", line 1062, in async_execute_cell
    await self._check_raise_for_error(cell, cell_index, exec_reply)
  File ""/usr/local/lib/python3.10/site-packages/nbclient/client.py"", line 918, in _check_raise_for_error
    raise CellExecutionError.from_cell_and_msg(cell, exec_reply_content)
nbclient.exceptions.CellExecutionError: An error occurred while executing the following cell:
--------------",False,4.169,3.10.19
85ba8ba048a284ef752b2d13ff7d3461cf0dec73c17b68b2aa6c72004346617e,As17-01/brain_signals,notebooks/archieve/embedded/Liquidv2_plot.ipynb,file_not_found,CellExecutionError,file_not_found,./logs,"An error occurred while executing the following cell:
------------------
def extract_val_metrics_from_file(file_path):
    epochs = []
    val_accuracy = []
    val_loss = []
    val_auc = []
    
    with open(file_path, 'r') as f:
        for line in f:
            match = re.match(r""Epoch (\d+): VAL Accuracy = ([\d\.]+) Loss = ([\d\.]+) AUC = ([\d\.]+)"", line)
            if match:
                epoch, acc, loss, auc = match.groups()
                epochs.append(int(epoch))
               ","Traceback (most recent call last):
  File ""/opt/pipeline/scripts/execution_core.py"", line 225, in execute_notebook_in_current_env
    client.execute()
  File ""/usr/local/lib/python3.10/site-packages/jupyter_core/utils/__init__.py"", line 165, in wrapped
    return loop.run_until_complete(inner)
  File ""/usr/local/lib/python3.10/asyncio/base_events.py"", line 649, in run_until_complete
    return future.result()
  File ""/usr/local/lib/python3.10/site-packages/nbclient/client.py"", line 709, in async_execute
    await self.async_execute_cell(
  File ""/usr/local/lib/python3.10/site-packages/nbclient/client.py"", line 1062, in async_execute_cell
    await self._check_raise_for_error(cell, cell_index, exec_reply)
  File ""/usr/local/lib/python3.10/site-packages/nbclient/client.py"", line 918, in _check_raise_for_error
    raise CellExecutionError.from_cell_and_msg(cell, exec_reply_content)
nbclient.exceptions.CellExecutionError: An error occurred while executing the following cell:
--------------",False,1.581,3.10.19
24933d78b1e29e8575845412f8f9f8df3b34f6cb0cf7ce182b8d514149c5be0d,As17-01/brain_signals,notebooks/archieve/embedded/Liquidv3.ipynb,file_not_found,CellExecutionError,file_not_found,/home/aseliverstov/projects/brain_signals/data/eeg_data.csv,"An error occurred while executing the following cell:
------------------
data_dir = Path(""/home/aseliverstov/projects/brain_signals/data"")
data = pd.read_csv(data_dir / ""EEG_data.csv"")

data[""ID""] = (len(np.unique(data[""VideoID""])) * data[""SubjectID""] + data[""VideoID""]).astype(""int"")
data = data[ID + USER + FEATURES + TARGET]

data.head(3)
------------------


[0;31m---------------------------------------------------------------------------[0m
[0;31mFileNotFoundError[0m                      ","Traceback (most recent call last):
  File ""/opt/pipeline/scripts/execution_core.py"", line 225, in execute_notebook_in_current_env
    client.execute()
  File ""/usr/local/lib/python3.10/site-packages/jupyter_core/utils/__init__.py"", line 165, in wrapped
    return loop.run_until_complete(inner)
  File ""/usr/local/lib/python3.10/asyncio/base_events.py"", line 649, in run_until_complete
    return future.result()
  File ""/usr/local/lib/python3.10/site-packages/nbclient/client.py"", line 709, in async_execute
    await self.async_execute_cell(
  File ""/usr/local/lib/python3.10/site-packages/nbclient/client.py"", line 1062, in async_execute_cell
    await self._check_raise_for_error(cell, cell_index, exec_reply)
  File ""/usr/local/lib/python3.10/site-packages/nbclient/client.py"", line 918, in _check_raise_for_error
    raise CellExecutionError.from_cell_and_msg(cell, exec_reply_content)
nbclient.exceptions.CellExecutionError: An error occurred while executing the following cell:
--------------",False,3.928,3.10.19
418eedc1a73b8bbff2dfcdad6278eab1a6e0330611a753bb57771111e561130c,As17-01/brain_signals,notebooks/archieve/embedded/Liquidv3_conv.ipynb,file_not_found,CellExecutionError,file_not_found,/home/aseliverstov/projects/brain_signals/data/eeg_data.csv,"An error occurred while executing the following cell:
------------------
data_dir = Path(""/home/aseliverstov/projects/brain_signals/data"")
data = pd.read_csv(data_dir / ""EEG_data.csv"")

new_features = []
for lag in LAGS:
    for feature_name in FEATURES:
        new_feature_name = f""{feature_name}_{lag}""
        new_features.append(new_feature_name)
        data[new_feature_name] = data.groupby(IDS)[feature_name].shift(lag).fillna(0)
FEATURES.extend(new_features)

data[""ID""] = (len(np.unique(dat","Traceback (most recent call last):
  File ""/opt/pipeline/scripts/execution_core.py"", line 225, in execute_notebook_in_current_env
    client.execute()
  File ""/usr/local/lib/python3.10/site-packages/jupyter_core/utils/__init__.py"", line 165, in wrapped
    return loop.run_until_complete(inner)
  File ""/usr/local/lib/python3.10/asyncio/base_events.py"", line 649, in run_until_complete
    return future.result()
  File ""/usr/local/lib/python3.10/site-packages/nbclient/client.py"", line 709, in async_execute
    await self.async_execute_cell(
  File ""/usr/local/lib/python3.10/site-packages/nbclient/client.py"", line 1062, in async_execute_cell
    await self._check_raise_for_error(cell, cell_index, exec_reply)
  File ""/usr/local/lib/python3.10/site-packages/nbclient/client.py"", line 918, in _check_raise_for_error
    raise CellExecutionError.from_cell_and_msg(cell, exec_reply_content)
nbclient.exceptions.CellExecutionError: An error occurred while executing the following cell:
--------------",False,3.908,3.10.19
edf0b8f118629b2b8094d359fb7469a04e50abce6ae72fe5d7a5335dd46d7cc4,As17-01/brain_signals,notebooks/archieve/embedded/Liquidv3_emb1.ipynb,file_not_found,CellExecutionError,file_not_found,/home/aseliverstov/projects/brain_signals/data/eeg_data.csv,"An error occurred while executing the following cell:
------------------
data_dir = Path(""/home/aseliverstov/projects/brain_signals/data"")
data = pd.read_csv(data_dir / ""EEG_data.csv"")

new_features = []
for lag in LAGS:
    for feature_name in FEATURES:
        new_feature_name = f""{feature_name}_{lag}""
        new_features.append(new_feature_name)
        data[new_feature_name] = data.groupby(IDS)[feature_name].shift(lag).fillna(0)
FEATURES.extend(new_features)

data[""ID""] = (len(np.unique(dat","Traceback (most recent call last):
  File ""/opt/pipeline/scripts/execution_core.py"", line 225, in execute_notebook_in_current_env
    client.execute()
  File ""/usr/local/lib/python3.10/site-packages/jupyter_core/utils/__init__.py"", line 165, in wrapped
    return loop.run_until_complete(inner)
  File ""/usr/local/lib/python3.10/asyncio/base_events.py"", line 649, in run_until_complete
    return future.result()
  File ""/usr/local/lib/python3.10/site-packages/nbclient/client.py"", line 709, in async_execute
    await self.async_execute_cell(
  File ""/usr/local/lib/python3.10/site-packages/nbclient/client.py"", line 1062, in async_execute_cell
    await self._check_raise_for_error(cell, cell_index, exec_reply)
  File ""/usr/local/lib/python3.10/site-packages/nbclient/client.py"", line 918, in _check_raise_for_error
    raise CellExecutionError.from_cell_and_msg(cell, exec_reply_content)
nbclient.exceptions.CellExecutionError: An error occurred while executing the following cell:
--------------",False,3.977,3.10.19
a26d8094389b4f09ed58c3e452a898b087cf59243fc8342cb6cd840b541e1c10,As17-01/brain_signals,notebooks/archieve/embedded/Liquidv3_emb1_expanded.ipynb,file_not_found,CellExecutionError,file_not_found,/home/aseliverstov/projects/brain_signals/data/eeg_data.csv,"An error occurred while executing the following cell:
------------------
data_dir = Path(""/home/aseliverstov/projects/brain_signals/data"")
data = pd.read_csv(data_dir / ""EEG_data.csv"")

new_features = []
for lag in LAGS:
    for feature_name in FEATURES:
        new_feature_name = f""{feature_name}_{lag}""
        new_features.append(new_feature_name)
        data[new_feature_name] = data.groupby(IDS)[feature_name].shift(lag).fillna(0)
FEATURES.extend(new_features)

data[""ID""] = (len(np.unique(dat","Traceback (most recent call last):
  File ""/opt/pipeline/scripts/execution_core.py"", line 225, in execute_notebook_in_current_env
    client.execute()
  File ""/usr/local/lib/python3.10/site-packages/jupyter_core/utils/__init__.py"", line 165, in wrapped
    return loop.run_until_complete(inner)
  File ""/usr/local/lib/python3.10/asyncio/base_events.py"", line 649, in run_until_complete
    return future.result()
  File ""/usr/local/lib/python3.10/site-packages/nbclient/client.py"", line 709, in async_execute
    await self.async_execute_cell(
  File ""/usr/local/lib/python3.10/site-packages/nbclient/client.py"", line 1062, in async_execute_cell
    await self._check_raise_for_error(cell, cell_index, exec_reply)
  File ""/usr/local/lib/python3.10/site-packages/nbclient/client.py"", line 918, in _check_raise_for_error
    raise CellExecutionError.from_cell_and_msg(cell, exec_reply_content)
nbclient.exceptions.CellExecutionError: An error occurred while executing the following cell:
--------------",False,3.901,3.10.19
987c1cd2032d5ff8079c36157b26f0ca7f77c9dbe55b0d6bad9c22fe0faa0fcf,As17-01/brain_signals,notebooks/archieve/embedded/Liquidv3_expanded.ipynb,file_not_found,CellExecutionError,file_not_found,/home/aseliverstov/projects/brain_signals/data/eeg_data.csv,"An error occurred while executing the following cell:
------------------
data_dir = Path(""/home/aseliverstov/projects/brain_signals/data"")
data = pd.read_csv(data_dir / ""EEG_data.csv"")

data[""ID""] = (len(np.unique(data[""VideoID""])) * data[""SubjectID""] + data[""VideoID""]).astype(""int"")
data = data[ID + USER + FEATURES + TARGET]

data.head(3)
------------------


[0;31m---------------------------------------------------------------------------[0m
[0;31mFileNotFoundError[0m                      ","Traceback (most recent call last):
  File ""/opt/pipeline/scripts/execution_core.py"", line 225, in execute_notebook_in_current_env
    client.execute()
  File ""/usr/local/lib/python3.10/site-packages/jupyter_core/utils/__init__.py"", line 165, in wrapped
    return loop.run_until_complete(inner)
  File ""/usr/local/lib/python3.10/asyncio/base_events.py"", line 649, in run_until_complete
    return future.result()
  File ""/usr/local/lib/python3.10/site-packages/nbclient/client.py"", line 709, in async_execute
    await self.async_execute_cell(
  File ""/usr/local/lib/python3.10/site-packages/nbclient/client.py"", line 1062, in async_execute_cell
    await self._check_raise_for_error(cell, cell_index, exec_reply)
  File ""/usr/local/lib/python3.10/site-packages/nbclient/client.py"", line 918, in _check_raise_for_error
    raise CellExecutionError.from_cell_and_msg(cell, exec_reply_content)
nbclient.exceptions.CellExecutionError: An error occurred while executing the following cell:
--------------",False,3.981,3.10.19
24271785b55879d0a6144ebcf966afd05bb38dccbc2ca650d4750995bc09f938,As17-01/brain_signals,notebooks/archieve/embedded/Liquidv3_plot.ipynb,file_not_found,CellExecutionError,file_not_found,./logs,"An error occurred while executing the following cell:
------------------
def extract_val_metrics_from_file(file_path):
    epochs = []
    val_accuracy = []
    val_loss = []
    val_auc = []
    
    with open(file_path, 'r') as f:
        for line in f:
            match = re.match(r""Epoch (\d+): VAL Accuracy = ([\d\.]+) Loss = ([\d\.]+) AUC = ([\d\.]+)"", line)
            if match:
                epoch, acc, loss, auc = match.groups()
                epochs.append(int(epoch))
               ","Traceback (most recent call last):
  File ""/opt/pipeline/scripts/execution_core.py"", line 225, in execute_notebook_in_current_env
    client.execute()
  File ""/usr/local/lib/python3.10/site-packages/jupyter_core/utils/__init__.py"", line 165, in wrapped
    return loop.run_until_complete(inner)
  File ""/usr/local/lib/python3.10/asyncio/base_events.py"", line 649, in run_until_complete
    return future.result()
  File ""/usr/local/lib/python3.10/site-packages/nbclient/client.py"", line 709, in async_execute
    await self.async_execute_cell(
  File ""/usr/local/lib/python3.10/site-packages/nbclient/client.py"", line 1062, in async_execute_cell
    await self._check_raise_for_error(cell, cell_index, exec_reply)
  File ""/usr/local/lib/python3.10/site-packages/nbclient/client.py"", line 918, in _check_raise_for_error
    raise CellExecutionError.from_cell_and_msg(cell, exec_reply_content)
nbclient.exceptions.CellExecutionError: An error occurred while executing the following cell:
--------------",False,1.562,3.10.19
150e2075373625001d974a4dca8a9215f70d3d6dcd8619a107dc704b06b98011,As17-01/brain_signals,notebooks/archieve/feature_importance/GRUv1.ipynb,file_not_found,CellExecutionError,file_not_found,/home/aseliverstov/projects/brain_signals/data/eeg_data.csv,"An error occurred while executing the following cell:
------------------
data_dir = Path(""/home/aseliverstov/projects/brain_signals/data"")
data = pd.read_csv(data_dir / ""EEG_data.csv"")

data[""ID""] = (len(np.unique(data[""VideoID""])) * data[""SubjectID""] + data[""VideoID""]).astype(""int"")
data = data[ID + USER + FEATURES + TARGET]

data.head(3)
------------------


[0;31m---------------------------------------------------------------------------[0m
[0;31mFileNotFoundError[0m                      ","Traceback (most recent call last):
  File ""/opt/pipeline/scripts/execution_core.py"", line 225, in execute_notebook_in_current_env
    client.execute()
  File ""/usr/local/lib/python3.10/site-packages/jupyter_core/utils/__init__.py"", line 165, in wrapped
    return loop.run_until_complete(inner)
  File ""/usr/local/lib/python3.10/asyncio/base_events.py"", line 649, in run_until_complete
    return future.result()
  File ""/usr/local/lib/python3.10/site-packages/nbclient/client.py"", line 709, in async_execute
    await self.async_execute_cell(
  File ""/usr/local/lib/python3.10/site-packages/nbclient/client.py"", line 1062, in async_execute_cell
    await self._check_raise_for_error(cell, cell_index, exec_reply)
  File ""/usr/local/lib/python3.10/site-packages/nbclient/client.py"", line 918, in _check_raise_for_error
    raise CellExecutionError.from_cell_and_msg(cell, exec_reply_content)
nbclient.exceptions.CellExecutionError: An error occurred while executing the following cell:
--------------",False,4.055,3.10.19
d49abee8695e6584a2f500d957308d73e8b26832247e8de4f21470468f63f593,As17-01/brain_signals,notebooks/archieve/feature_importance/GRUv2_conv.ipynb,file_not_found,CellExecutionError,file_not_found,/home/aseliverstov/projects/brain_signals/data/eeg_data.csv,"An error occurred while executing the following cell:
------------------
data_dir = Path(""/home/aseliverstov/projects/brain_signals/data"")
data = pd.read_csv(data_dir / ""EEG_data.csv"")

new_features = []
for lag in LAGS:
    for feature_name in FEATURES:
        new_feature_name = f""{feature_name}_{lag}""
        new_features.append(new_feature_name)
        data[new_feature_name] = data.groupby(IDS)[feature_name].shift(lag).fillna(0)
FEATURES.extend(new_features)

data[""ID""] = (len(np.unique(dat","Traceback (most recent call last):
  File ""/opt/pipeline/scripts/execution_core.py"", line 225, in execute_notebook_in_current_env
    client.execute()
  File ""/usr/local/lib/python3.10/site-packages/jupyter_core/utils/__init__.py"", line 165, in wrapped
    return loop.run_until_complete(inner)
  File ""/usr/local/lib/python3.10/asyncio/base_events.py"", line 649, in run_until_complete
    return future.result()
  File ""/usr/local/lib/python3.10/site-packages/nbclient/client.py"", line 709, in async_execute
    await self.async_execute_cell(
  File ""/usr/local/lib/python3.10/site-packages/nbclient/client.py"", line 1062, in async_execute_cell
    await self._check_raise_for_error(cell, cell_index, exec_reply)
  File ""/usr/local/lib/python3.10/site-packages/nbclient/client.py"", line 918, in _check_raise_for_error
    raise CellExecutionError.from_cell_and_msg(cell, exec_reply_content)
nbclient.exceptions.CellExecutionError: An error occurred while executing the following cell:
--------------",False,3.896,3.10.19
1217a3a893d9073fb7f938ebfbbe3b1951e713deffebb02f619f6722d3c439a8,As17-01/brain_signals,notebooks/archieve/feature_importance/GRUv2_emb1.ipynb,file_not_found,CellExecutionError,file_not_found,/home/aseliverstov/projects/brain_signals/data/eeg_data.csv,"An error occurred while executing the following cell:
------------------
data_dir = Path(""/home/aseliverstov/projects/brain_signals/data"")
data = pd.read_csv(data_dir / ""EEG_data.csv"")

new_features = []
for lag in LAGS:
    for feature_name in FEATURES:
        new_feature_name = f""{feature_name}_{lag}""
        new_features.append(new_feature_name)
        data[new_feature_name] = data.groupby(IDS)[feature_name].shift(lag).fillna(0)
FEATURES.extend(new_features)

data[""ID""] = (len(np.unique(dat","Traceback (most recent call last):
  File ""/opt/pipeline/scripts/execution_core.py"", line 225, in execute_notebook_in_current_env
    client.execute()
  File ""/usr/local/lib/python3.10/site-packages/jupyter_core/utils/__init__.py"", line 165, in wrapped
    return loop.run_until_complete(inner)
  File ""/usr/local/lib/python3.10/asyncio/base_events.py"", line 649, in run_until_complete
    return future.result()
  File ""/usr/local/lib/python3.10/site-packages/nbclient/client.py"", line 709, in async_execute
    await self.async_execute_cell(
  File ""/usr/local/lib/python3.10/site-packages/nbclient/client.py"", line 1062, in async_execute_cell
    await self._check_raise_for_error(cell, cell_index, exec_reply)
  File ""/usr/local/lib/python3.10/site-packages/nbclient/client.py"", line 918, in _check_raise_for_error
    raise CellExecutionError.from_cell_and_msg(cell, exec_reply_content)
nbclient.exceptions.CellExecutionError: An error occurred while executing the following cell:
--------------",False,3.919,3.10.19
edaf501cc0daebe3e265528dfd439081c3b6b4f42c413c4b259bbd2560a49b55,As17-01/brain_signals,notebooks/archieve/feature_importance/LSTMv1.ipynb,file_not_found,CellExecutionError,file_not_found,/home/aseliverstov/projects/brain_signals/data/eeg_data.csv,"An error occurred while executing the following cell:
------------------
data_dir = Path(""/home/aseliverstov/projects/brain_signals/data"")
data = pd.read_csv(data_dir / ""EEG_data.csv"")

data[""ID""] = (len(np.unique(data[""VideoID""])) * data[""SubjectID""] + data[""VideoID""]).astype(""int"")
data = data[ID + USER + FEATURES + TARGET]

data.head(3)
------------------


[0;31m---------------------------------------------------------------------------[0m
[0;31mFileNotFoundError[0m                      ","Traceback (most recent call last):
  File ""/opt/pipeline/scripts/execution_core.py"", line 225, in execute_notebook_in_current_env
    client.execute()
  File ""/usr/local/lib/python3.10/site-packages/jupyter_core/utils/__init__.py"", line 165, in wrapped
    return loop.run_until_complete(inner)
  File ""/usr/local/lib/python3.10/asyncio/base_events.py"", line 649, in run_until_complete
    return future.result()
  File ""/usr/local/lib/python3.10/site-packages/nbclient/client.py"", line 709, in async_execute
    await self.async_execute_cell(
  File ""/usr/local/lib/python3.10/site-packages/nbclient/client.py"", line 1062, in async_execute_cell
    await self._check_raise_for_error(cell, cell_index, exec_reply)
  File ""/usr/local/lib/python3.10/site-packages/nbclient/client.py"", line 918, in _check_raise_for_error
    raise CellExecutionError.from_cell_and_msg(cell, exec_reply_content)
nbclient.exceptions.CellExecutionError: An error occurred while executing the following cell:
--------------",False,4.165,3.10.19
25c5e89847c6d796d9b16ab79c1cff82255fd1be570fdee5dcc17e4f67293f6d,As17-01/brain_signals,notebooks/archieve/feature_importance/LSTMv2_conv.ipynb,file_not_found,CellExecutionError,file_not_found,/home/aseliverstov/projects/brain_signals/data/eeg_data.csv,"An error occurred while executing the following cell:
------------------
data_dir = Path(""/home/aseliverstov/projects/brain_signals/data"")
data = pd.read_csv(data_dir / ""EEG_data.csv"")

new_features = []
for lag in LAGS:
    for feature_name in FEATURES:
        new_feature_name = f""{feature_name}_{lag}""
        new_features.append(new_feature_name)
        data[new_feature_name] = data.groupby(IDS)[feature_name].shift(lag).fillna(0)
FEATURES.extend(new_features)

data[""ID""] = (len(np.unique(dat","Traceback (most recent call last):
  File ""/opt/pipeline/scripts/execution_core.py"", line 225, in execute_notebook_in_current_env
    client.execute()
  File ""/usr/local/lib/python3.10/site-packages/jupyter_core/utils/__init__.py"", line 165, in wrapped
    return loop.run_until_complete(inner)
  File ""/usr/local/lib/python3.10/asyncio/base_events.py"", line 649, in run_until_complete
    return future.result()
  File ""/usr/local/lib/python3.10/site-packages/nbclient/client.py"", line 709, in async_execute
    await self.async_execute_cell(
  File ""/usr/local/lib/python3.10/site-packages/nbclient/client.py"", line 1062, in async_execute_cell
    await self._check_raise_for_error(cell, cell_index, exec_reply)
  File ""/usr/local/lib/python3.10/site-packages/nbclient/client.py"", line 918, in _check_raise_for_error
    raise CellExecutionError.from_cell_and_msg(cell, exec_reply_content)
nbclient.exceptions.CellExecutionError: An error occurred while executing the following cell:
--------------",False,4.088,3.10.19
9fae7201076fb5c0586f3b09aa502f3b1ec46d7be43c169bfa70c1000fe0c25b,As17-01/brain_signals,notebooks/archieve/feature_importance/LSTMv2_emb1.ipynb,file_not_found,CellExecutionError,file_not_found,/home/aseliverstov/projects/brain_signals/data/eeg_data.csv,"An error occurred while executing the following cell:
------------------
data_dir = Path(""/home/aseliverstov/projects/brain_signals/data"")
data = pd.read_csv(data_dir / ""EEG_data.csv"")

new_features = []
for lag in LAGS:
    for feature_name in FEATURES:
        new_feature_name = f""{feature_name}_{lag}""
        new_features.append(new_feature_name)
        data[new_feature_name] = data.groupby(IDS)[feature_name].shift(lag).fillna(0)
FEATURES.extend(new_features)

data[""ID""] = (len(np.unique(dat","Traceback (most recent call last):
  File ""/opt/pipeline/scripts/execution_core.py"", line 225, in execute_notebook_in_current_env
    client.execute()
  File ""/usr/local/lib/python3.10/site-packages/jupyter_core/utils/__init__.py"", line 165, in wrapped
    return loop.run_until_complete(inner)
  File ""/usr/local/lib/python3.10/asyncio/base_events.py"", line 649, in run_until_complete
    return future.result()
  File ""/usr/local/lib/python3.10/site-packages/nbclient/client.py"", line 709, in async_execute
    await self.async_execute_cell(
  File ""/usr/local/lib/python3.10/site-packages/nbclient/client.py"", line 1062, in async_execute_cell
    await self._check_raise_for_error(cell, cell_index, exec_reply)
  File ""/usr/local/lib/python3.10/site-packages/nbclient/client.py"", line 918, in _check_raise_for_error
    raise CellExecutionError.from_cell_and_msg(cell, exec_reply_content)
nbclient.exceptions.CellExecutionError: An error occurred while executing the following cell:
--------------",False,3.937,3.10.19
416b1a89298de8760aaaa1b6b459304d550de5770c48366bfe99dae9a3427521,As17-01/brain_signals,notebooks/archieve/feature_importance/Liquidv1.ipynb,file_not_found,CellExecutionError,file_not_found,/home/aseliverstov/projects/brain_signals/data/eeg_data.csv,"An error occurred while executing the following cell:
------------------
data_dir = Path(""/home/aseliverstov/projects/brain_signals/data"")
data = pd.read_csv(data_dir / ""EEG_data.csv"")

data[""ID""] = (len(np.unique(data[""VideoID""])) * data[""SubjectID""] + data[""VideoID""]).astype(""int"")
data = data[ID + USER + FEATURES + TARGET]

data.head(3)
------------------


[0;31m---------------------------------------------------------------------------[0m
[0;31mFileNotFoundError[0m                      ","Traceback (most recent call last):
  File ""/opt/pipeline/scripts/execution_core.py"", line 225, in execute_notebook_in_current_env
    client.execute()
  File ""/usr/local/lib/python3.10/site-packages/jupyter_core/utils/__init__.py"", line 165, in wrapped
    return loop.run_until_complete(inner)
  File ""/usr/local/lib/python3.10/asyncio/base_events.py"", line 649, in run_until_complete
    return future.result()
  File ""/usr/local/lib/python3.10/site-packages/nbclient/client.py"", line 709, in async_execute
    await self.async_execute_cell(
  File ""/usr/local/lib/python3.10/site-packages/nbclient/client.py"", line 1062, in async_execute_cell
    await self._check_raise_for_error(cell, cell_index, exec_reply)
  File ""/usr/local/lib/python3.10/site-packages/nbclient/client.py"", line 918, in _check_raise_for_error
    raise CellExecutionError.from_cell_and_msg(cell, exec_reply_content)
nbclient.exceptions.CellExecutionError: An error occurred while executing the following cell:
--------------",False,4.09,3.10.19
bceb459ba135047b2d6be094b74525363bd8efc003fd547f9bd781cc389f71b8,As17-01/brain_signals,notebooks/archieve/feature_importance/Liquidv3_conv.ipynb,file_not_found,CellExecutionError,file_not_found,/home/aseliverstov/projects/brain_signals/data/eeg_data.csv,"An error occurred while executing the following cell:
------------------
data_dir = Path(""/home/aseliverstov/projects/brain_signals/data"")
data = pd.read_csv(data_dir / ""EEG_data.csv"")

new_features = []
for lag in LAGS:
    for feature_name in FEATURES:
        new_feature_name = f""{feature_name}_{lag}""
        new_features.append(new_feature_name)
        data[new_feature_name] = data.groupby(IDS)[feature_name].shift(lag).fillna(0)
FEATURES.extend(new_features)

data[""ID""] = (len(np.unique(dat","Traceback (most recent call last):
  File ""/opt/pipeline/scripts/execution_core.py"", line 225, in execute_notebook_in_current_env
    client.execute()
  File ""/usr/local/lib/python3.10/site-packages/jupyter_core/utils/__init__.py"", line 165, in wrapped
    return loop.run_until_complete(inner)
  File ""/usr/local/lib/python3.10/asyncio/base_events.py"", line 649, in run_until_complete
    return future.result()
  File ""/usr/local/lib/python3.10/site-packages/nbclient/client.py"", line 709, in async_execute
    await self.async_execute_cell(
  File ""/usr/local/lib/python3.10/site-packages/nbclient/client.py"", line 1062, in async_execute_cell
    await self._check_raise_for_error(cell, cell_index, exec_reply)
  File ""/usr/local/lib/python3.10/site-packages/nbclient/client.py"", line 918, in _check_raise_for_error
    raise CellExecutionError.from_cell_and_msg(cell, exec_reply_content)
nbclient.exceptions.CellExecutionError: An error occurred while executing the following cell:
--------------",False,4.034,3.10.19
0a420e5b60eaf312b7c08efa499d374a9a3b66df93d6a0fd32ed4cb5b4cccb11,As17-01/brain_signals,notebooks/archieve/feature_importance/Liquidv3_emb1.ipynb,file_not_found,CellExecutionError,file_not_found,/home/aseliverstov/projects/brain_signals/data/eeg_data.csv,"An error occurred while executing the following cell:
------------------
data_dir = Path(""/home/aseliverstov/projects/brain_signals/data"")
data = pd.read_csv(data_dir / ""EEG_data.csv"")

new_features = []
for lag in LAGS:
    for feature_name in FEATURES:
        new_feature_name = f""{feature_name}_{lag}""
        new_features.append(new_feature_name)
        data[new_feature_name] = data.groupby(IDS)[feature_name].shift(lag).fillna(0)
FEATURES.extend(new_features)

data[""ID""] = (len(np.unique(dat","Traceback (most recent call last):
  File ""/opt/pipeline/scripts/execution_core.py"", line 225, in execute_notebook_in_current_env
    client.execute()
  File ""/usr/local/lib/python3.10/site-packages/jupyter_core/utils/__init__.py"", line 165, in wrapped
    return loop.run_until_complete(inner)
  File ""/usr/local/lib/python3.10/asyncio/base_events.py"", line 649, in run_until_complete
    return future.result()
  File ""/usr/local/lib/python3.10/site-packages/nbclient/client.py"", line 709, in async_execute
    await self.async_execute_cell(
  File ""/usr/local/lib/python3.10/site-packages/nbclient/client.py"", line 1062, in async_execute_cell
    await self._check_raise_for_error(cell, cell_index, exec_reply)
  File ""/usr/local/lib/python3.10/site-packages/nbclient/client.py"", line 918, in _check_raise_for_error
    raise CellExecutionError.from_cell_and_msg(cell, exec_reply_content)
nbclient.exceptions.CellExecutionError: An error occurred while executing the following cell:
--------------",False,4.069,3.10.19
89e2aa9f01d437d1e68d9f8586ad0f16a29c469f93343049ee0b8abc346741d8,As17-01/brain_signals,notebooks/archieve/no_embeddings/Combined.ipynb,file_not_found,CellExecutionError,file_not_found,/home/aseliverstov/projects/brain_signals/data/eeg_data.csv,"An error occurred while executing the following cell:
------------------
data_dir = Path(""/home/aseliverstov/projects/brain_signals/data"")
data = pd.read_csv(data_dir / ""EEG_data.csv"")

data[""ID""] = (len(np.unique(data[""VideoID""])) * data[""SubjectID""] + data[""VideoID""]).astype(""int"")
data = data[ID + FEATURES + TARGET]

data.head(3)
------------------


[0;31m---------------------------------------------------------------------------[0m
[0;31mFileNotFoundError[0m                         Trac","Traceback (most recent call last):
  File ""/opt/pipeline/scripts/execution_core.py"", line 225, in execute_notebook_in_current_env
    client.execute()
  File ""/usr/local/lib/python3.10/site-packages/jupyter_core/utils/__init__.py"", line 165, in wrapped
    return loop.run_until_complete(inner)
  File ""/usr/local/lib/python3.10/asyncio/base_events.py"", line 649, in run_until_complete
    return future.result()
  File ""/usr/local/lib/python3.10/site-packages/nbclient/client.py"", line 709, in async_execute
    await self.async_execute_cell(
  File ""/usr/local/lib/python3.10/site-packages/nbclient/client.py"", line 1062, in async_execute_cell
    await self._check_raise_for_error(cell, cell_index, exec_reply)
  File ""/usr/local/lib/python3.10/site-packages/nbclient/client.py"", line 918, in _check_raise_for_error
    raise CellExecutionError.from_cell_and_msg(cell, exec_reply_content)
nbclient.exceptions.CellExecutionError: An error occurred while executing the following cell:
--------------",False,3.92,3.10.19
5194f62f6f195184117e9338ecc77c8134a8d2a8534207cc105f6772355e7a61,As17-01/brain_signals,notebooks/archieve/no_embeddings/Combined_consequitive.ipynb,file_not_found,CellExecutionError,file_not_found,/home/aseliverstov/projects/brain_signals/data/eeg_data.csv,"An error occurred while executing the following cell:
------------------
data_dir = Path(""/home/aseliverstov/projects/brain_signals/data"")
data = pd.read_csv(data_dir / ""EEG_data.csv"")

data[""ID""] = (len(np.unique(data[""VideoID""])) * data[""SubjectID""] + data[""VideoID""]).astype(""int"")
data = data[ID + FEATURES + TARGET]

data.head(3)
------------------


[0;31m---------------------------------------------------------------------------[0m
[0;31mFileNotFoundError[0m                         Trac","Traceback (most recent call last):
  File ""/opt/pipeline/scripts/execution_core.py"", line 225, in execute_notebook_in_current_env
    client.execute()
  File ""/usr/local/lib/python3.10/site-packages/jupyter_core/utils/__init__.py"", line 165, in wrapped
    return loop.run_until_complete(inner)
  File ""/usr/local/lib/python3.10/asyncio/base_events.py"", line 649, in run_until_complete
    return future.result()
  File ""/usr/local/lib/python3.10/site-packages/nbclient/client.py"", line 709, in async_execute
    await self.async_execute_cell(
  File ""/usr/local/lib/python3.10/site-packages/nbclient/client.py"", line 1062, in async_execute_cell
    await self._check_raise_for_error(cell, cell_index, exec_reply)
  File ""/usr/local/lib/python3.10/site-packages/nbclient/client.py"", line 918, in _check_raise_for_error
    raise CellExecutionError.from_cell_and_msg(cell, exec_reply_content)
nbclient.exceptions.CellExecutionError: An error occurred while executing the following cell:
--------------",False,4.072,3.10.19
9ca3a296538c9aaeb27d92a31ac0d9ac90aae35122da286228d86d009b5a5a49,As17-01/brain_signals,notebooks/archieve/no_embeddings/GRU_Liquidv1_autoencoder.ipynb,file_not_found,CellExecutionError,file_not_found,/home/aseliverstov/projects/brain_signals/data/eeg_data.csv,"An error occurred while executing the following cell:
------------------
data_dir = Path(""/home/aseliverstov/projects/brain_signals/data"")
data = pd.read_csv(data_dir / ""EEG_data.csv"")

data[""ID""] = (len(np.unique(data[""VideoID""])) * data[""SubjectID""] + data[""VideoID""]).astype(""int"")
data = data[ID + FEATURES + TARGET]

data.head(3)
------------------


[0;31m---------------------------------------------------------------------------[0m
[0;31mFileNotFoundError[0m                         Trac","Traceback (most recent call last):
  File ""/opt/pipeline/scripts/execution_core.py"", line 225, in execute_notebook_in_current_env
    client.execute()
  File ""/usr/local/lib/python3.10/site-packages/jupyter_core/utils/__init__.py"", line 165, in wrapped
    return loop.run_until_complete(inner)
  File ""/usr/local/lib/python3.10/asyncio/base_events.py"", line 649, in run_until_complete
    return future.result()
  File ""/usr/local/lib/python3.10/site-packages/nbclient/client.py"", line 709, in async_execute
    await self.async_execute_cell(
  File ""/usr/local/lib/python3.10/site-packages/nbclient/client.py"", line 1062, in async_execute_cell
    await self._check_raise_for_error(cell, cell_index, exec_reply)
  File ""/usr/local/lib/python3.10/site-packages/nbclient/client.py"", line 918, in _check_raise_for_error
    raise CellExecutionError.from_cell_and_msg(cell, exec_reply_content)
nbclient.exceptions.CellExecutionError: An error occurred while executing the following cell:
--------------",False,3.85,3.10.19
49eea4f68c32113d423385d431a8a81000e4345c949223a893e0a72ef565df08,As17-01/brain_signals,notebooks/archieve/no_embeddings/GRUv1.ipynb,file_not_found,CellExecutionError,file_not_found,/home/aseliverstov/projects/brain_signals/data/eeg_data.csv,"An error occurred while executing the following cell:
------------------
data_dir = Path(""/home/aseliverstov/projects/brain_signals/data"")
data = pd.read_csv(data_dir / ""EEG_data.csv"")

data[""ID""] = (len(np.unique(data[""VideoID""])) * data[""SubjectID""] + data[""VideoID""]).astype(""int"")
data = data[ID + FEATURES + TARGET]

data.head(3)
------------------


[0;31m---------------------------------------------------------------------------[0m
[0;31mFileNotFoundError[0m                         Trac","Traceback (most recent call last):
  File ""/opt/pipeline/scripts/execution_core.py"", line 225, in execute_notebook_in_current_env
    client.execute()
  File ""/usr/local/lib/python3.10/site-packages/jupyter_core/utils/__init__.py"", line 165, in wrapped
    return loop.run_until_complete(inner)
  File ""/usr/local/lib/python3.10/asyncio/base_events.py"", line 649, in run_until_complete
    return future.result()
  File ""/usr/local/lib/python3.10/site-packages/nbclient/client.py"", line 709, in async_execute
    await self.async_execute_cell(
  File ""/usr/local/lib/python3.10/site-packages/nbclient/client.py"", line 1062, in async_execute_cell
    await self._check_raise_for_error(cell, cell_index, exec_reply)
  File ""/usr/local/lib/python3.10/site-packages/nbclient/client.py"", line 918, in _check_raise_for_error
    raise CellExecutionError.from_cell_and_msg(cell, exec_reply_content)
nbclient.exceptions.CellExecutionError: An error occurred while executing the following cell:
--------------",False,3.948,3.10.19
afd265b25c1246a2dcf08398d5ff0a453600336d66632a897cfdeff68e4f3ae2,As17-01/brain_signals,notebooks/archieve/no_embeddings/GRUv2.ipynb,file_not_found,CellExecutionError,file_not_found,/home/aseliverstov/projects/brain_signals/data/eeg_data.csv,"An error occurred while executing the following cell:
------------------
data_dir = Path(""/home/aseliverstov/projects/brain_signals/data"")
data = pd.read_csv(data_dir / ""EEG_data.csv"")

data[""ID""] = (len(np.unique(data[""VideoID""])) * data[""SubjectID""] + data[""VideoID""]).astype(""int"")
data = data[ID + FEATURES + TARGET]

data.head(3)
------------------


[0;31m---------------------------------------------------------------------------[0m
[0;31mFileNotFoundError[0m                         Trac","Traceback (most recent call last):
  File ""/opt/pipeline/scripts/execution_core.py"", line 225, in execute_notebook_in_current_env
    client.execute()
  File ""/usr/local/lib/python3.10/site-packages/jupyter_core/utils/__init__.py"", line 165, in wrapped
    return loop.run_until_complete(inner)
  File ""/usr/local/lib/python3.10/asyncio/base_events.py"", line 649, in run_until_complete
    return future.result()
  File ""/usr/local/lib/python3.10/site-packages/nbclient/client.py"", line 709, in async_execute
    await self.async_execute_cell(
  File ""/usr/local/lib/python3.10/site-packages/nbclient/client.py"", line 1062, in async_execute_cell
    await self._check_raise_for_error(cell, cell_index, exec_reply)
  File ""/usr/local/lib/python3.10/site-packages/nbclient/client.py"", line 918, in _check_raise_for_error
    raise CellExecutionError.from_cell_and_msg(cell, exec_reply_content)
nbclient.exceptions.CellExecutionError: An error occurred while executing the following cell:
--------------",False,3.901,3.10.19
352eb94d07750f5a2d58df4dd5f7d29d42a455255dce2e4b697621a2b7354ba7,As17-01/brain_signals,notebooks/archieve/no_embeddings/GRUv3.ipynb,file_not_found,CellExecutionError,file_not_found,/home/aseliverstov/projects/brain_signals/data/eeg_data.csv,"An error occurred while executing the following cell:
------------------
data_dir = Path(""/home/aseliverstov/projects/brain_signals/data"")
data = pd.read_csv(data_dir / ""EEG_data.csv"")

data[""ID""] = (len(np.unique(data[""VideoID""])) * data[""SubjectID""] + data[""VideoID""]).astype(""int"")
data = data[ID + FEATURES + TARGET]

data.head(3)
------------------


[0;31m---------------------------------------------------------------------------[0m
[0;31mFileNotFoundError[0m                         Trac","Traceback (most recent call last):
  File ""/opt/pipeline/scripts/execution_core.py"", line 225, in execute_notebook_in_current_env
    client.execute()
  File ""/usr/local/lib/python3.10/site-packages/jupyter_core/utils/__init__.py"", line 165, in wrapped
    return loop.run_until_complete(inner)
  File ""/usr/local/lib/python3.10/asyncio/base_events.py"", line 649, in run_until_complete
    return future.result()
  File ""/usr/local/lib/python3.10/site-packages/nbclient/client.py"", line 709, in async_execute
    await self.async_execute_cell(
  File ""/usr/local/lib/python3.10/site-packages/nbclient/client.py"", line 1062, in async_execute_cell
    await self._check_raise_for_error(cell, cell_index, exec_reply)
  File ""/usr/local/lib/python3.10/site-packages/nbclient/client.py"", line 918, in _check_raise_for_error
    raise CellExecutionError.from_cell_and_msg(cell, exec_reply_content)
nbclient.exceptions.CellExecutionError: An error occurred while executing the following cell:
--------------",False,4.068,3.10.19
3488e1939e1ae39ee911ae78ae2f5e666aaf428add6ec07ce4634cb50da61995,As17-01/brain_signals,notebooks/archieve/no_embeddings/GRUv4.ipynb,file_not_found,CellExecutionError,file_not_found,/home/aseliverstov/projects/brain_signals/data/eeg_data.csv,"An error occurred while executing the following cell:
------------------
data_dir = Path(""/home/aseliverstov/projects/brain_signals/data"")
data = pd.read_csv(data_dir / ""EEG_data.csv"")

data[""ID""] = (len(np.unique(data[""VideoID""])) * data[""SubjectID""] + data[""VideoID""]).astype(""int"")
data = data[ID + FEATURES + TARGET]

data.head(3)
------------------


[0;31m---------------------------------------------------------------------------[0m
[0;31mFileNotFoundError[0m                         Trac","Traceback (most recent call last):
  File ""/opt/pipeline/scripts/execution_core.py"", line 225, in execute_notebook_in_current_env
    client.execute()
  File ""/usr/local/lib/python3.10/site-packages/jupyter_core/utils/__init__.py"", line 165, in wrapped
    return loop.run_until_complete(inner)
  File ""/usr/local/lib/python3.10/asyncio/base_events.py"", line 649, in run_until_complete
    return future.result()
  File ""/usr/local/lib/python3.10/site-packages/nbclient/client.py"", line 709, in async_execute
    await self.async_execute_cell(
  File ""/usr/local/lib/python3.10/site-packages/nbclient/client.py"", line 1062, in async_execute_cell
    await self._check_raise_for_error(cell, cell_index, exec_reply)
  File ""/usr/local/lib/python3.10/site-packages/nbclient/client.py"", line 918, in _check_raise_for_error
    raise CellExecutionError.from_cell_and_msg(cell, exec_reply_content)
nbclient.exceptions.CellExecutionError: An error occurred while executing the following cell:
--------------",False,4.211,3.10.19
a3286ddc1514b3ab11fcb479e1633bbc7e79793533dbfe666026faefa56ce797,As17-01/brain_signals,notebooks/archieve/no_embeddings/GRUv4_augmentationsv0.ipynb,file_not_found,CellExecutionError,file_not_found,/home/aseliverstov/projects/brain_signals/data/eeg_data.csv,"An error occurred while executing the following cell:
------------------
data_dir = Path(""/home/aseliverstov/projects/brain_signals/data"")
data = pd.read_csv(data_dir / ""EEG_data.csv"")

data[""ID""] = (len(np.unique(data[""VideoID""])) * data[""SubjectID""] + data[""VideoID""]).astype(""int"")
data = data[ID + FEATURES + TARGET]

data.head(3)
------------------


[0;31m---------------------------------------------------------------------------[0m
[0;31mFileNotFoundError[0m                         Trac","Traceback (most recent call last):
  File ""/opt/pipeline/scripts/execution_core.py"", line 225, in execute_notebook_in_current_env
    client.execute()
  File ""/usr/local/lib/python3.10/site-packages/jupyter_core/utils/__init__.py"", line 165, in wrapped
    return loop.run_until_complete(inner)
  File ""/usr/local/lib/python3.10/asyncio/base_events.py"", line 649, in run_until_complete
    return future.result()
  File ""/usr/local/lib/python3.10/site-packages/nbclient/client.py"", line 709, in async_execute
    await self.async_execute_cell(
  File ""/usr/local/lib/python3.10/site-packages/nbclient/client.py"", line 1062, in async_execute_cell
    await self._check_raise_for_error(cell, cell_index, exec_reply)
  File ""/usr/local/lib/python3.10/site-packages/nbclient/client.py"", line 918, in _check_raise_for_error
    raise CellExecutionError.from_cell_and_msg(cell, exec_reply_content)
nbclient.exceptions.CellExecutionError: An error occurred while executing the following cell:
--------------",False,4.06,3.10.19
ab67738797ee5dcdd7bdc789d2869b3273b56f5604400ee129830d8c9b2eee5c,As17-01/brain_signals,notebooks/archieve/no_embeddings/GRUv4_autoencoderv0.ipynb,file_not_found,CellExecutionError,file_not_found,/home/aseliverstov/projects/brain_signals/data/eeg_data.csv,"An error occurred while executing the following cell:
------------------
data_dir = Path(""/home/aseliverstov/projects/brain_signals/data"")
data = pd.read_csv(data_dir / ""EEG_data.csv"")

data[""ID""] = (len(np.unique(data[""VideoID""])) * data[""SubjectID""] + data[""VideoID""]).astype(""int"")
data = data[ID + FEATURES + TARGET]

data.head(3)
------------------


[0;31m---------------------------------------------------------------------------[0m
[0;31mFileNotFoundError[0m                         Trac","Traceback (most recent call last):
  File ""/opt/pipeline/scripts/execution_core.py"", line 225, in execute_notebook_in_current_env
    client.execute()
  File ""/usr/local/lib/python3.10/site-packages/jupyter_core/utils/__init__.py"", line 165, in wrapped
    return loop.run_until_complete(inner)
  File ""/usr/local/lib/python3.10/asyncio/base_events.py"", line 649, in run_until_complete
    return future.result()
  File ""/usr/local/lib/python3.10/site-packages/nbclient/client.py"", line 709, in async_execute
    await self.async_execute_cell(
  File ""/usr/local/lib/python3.10/site-packages/nbclient/client.py"", line 1062, in async_execute_cell
    await self._check_raise_for_error(cell, cell_index, exec_reply)
  File ""/usr/local/lib/python3.10/site-packages/nbclient/client.py"", line 918, in _check_raise_for_error
    raise CellExecutionError.from_cell_and_msg(cell, exec_reply_content)
nbclient.exceptions.CellExecutionError: An error occurred while executing the following cell:
--------------",False,4.196,3.10.19
dae09eeb9619872080d32b99990a721fbc77c67cb2402a18f6c694674814e2a7,As17-01/brain_signals,notebooks/archieve/no_embeddings/GRUv4_autoencoderv0_increased_lr.ipynb,file_not_found,CellExecutionError,file_not_found,/home/aseliverstov/projects/brain_signals/data/eeg_data.csv,"An error occurred while executing the following cell:
------------------
data_dir = Path(""/home/aseliverstov/projects/brain_signals/data"")
data = pd.read_csv(data_dir / ""EEG_data.csv"")

data[""ID""] = (len(np.unique(data[""VideoID""])) * data[""SubjectID""] + data[""VideoID""]).astype(""int"")
data = data[ID + FEATURES + TARGET]

data.head(3)
------------------


[0;31m---------------------------------------------------------------------------[0m
[0;31mFileNotFoundError[0m                         Trac","Traceback (most recent call last):
  File ""/opt/pipeline/scripts/execution_core.py"", line 225, in execute_notebook_in_current_env
    client.execute()
  File ""/usr/local/lib/python3.10/site-packages/jupyter_core/utils/__init__.py"", line 165, in wrapped
    return loop.run_until_complete(inner)
  File ""/usr/local/lib/python3.10/asyncio/base_events.py"", line 649, in run_until_complete
    return future.result()
  File ""/usr/local/lib/python3.10/site-packages/nbclient/client.py"", line 709, in async_execute
    await self.async_execute_cell(
  File ""/usr/local/lib/python3.10/site-packages/nbclient/client.py"", line 1062, in async_execute_cell
    await self._check_raise_for_error(cell, cell_index, exec_reply)
  File ""/usr/local/lib/python3.10/site-packages/nbclient/client.py"", line 918, in _check_raise_for_error
    raise CellExecutionError.from_cell_and_msg(cell, exec_reply_content)
nbclient.exceptions.CellExecutionError: An error occurred while executing the following cell:
--------------",False,4.002,3.10.19
945be34bfff0f4190573c5b7bc83a56fc1180fe6d1063495ebda50336fc95e0d,As17-01/brain_signals,notebooks/archieve/no_embeddings/GRUv4_autoencoderv1.ipynb,file_not_found,CellExecutionError,file_not_found,/home/aseliverstov/projects/brain_signals/data/eeg_data.csv,"An error occurred while executing the following cell:
------------------
data_dir = Path(""/home/aseliverstov/projects/brain_signals/data"")
data = pd.read_csv(data_dir / ""EEG_data.csv"")

data[""ID""] = (len(np.unique(data[""VideoID""])) * data[""SubjectID""] + data[""VideoID""]).astype(""int"")
data = data[ID + FEATURES + TARGET]

data.head(3)
------------------


[0;31m---------------------------------------------------------------------------[0m
[0;31mFileNotFoundError[0m                         Trac","Traceback (most recent call last):
  File ""/opt/pipeline/scripts/execution_core.py"", line 225, in execute_notebook_in_current_env
    client.execute()
  File ""/usr/local/lib/python3.10/site-packages/jupyter_core/utils/__init__.py"", line 165, in wrapped
    return loop.run_until_complete(inner)
  File ""/usr/local/lib/python3.10/asyncio/base_events.py"", line 649, in run_until_complete
    return future.result()
  File ""/usr/local/lib/python3.10/site-packages/nbclient/client.py"", line 709, in async_execute
    await self.async_execute_cell(
  File ""/usr/local/lib/python3.10/site-packages/nbclient/client.py"", line 1062, in async_execute_cell
    await self._check_raise_for_error(cell, cell_index, exec_reply)
  File ""/usr/local/lib/python3.10/site-packages/nbclient/client.py"", line 918, in _check_raise_for_error
    raise CellExecutionError.from_cell_and_msg(cell, exec_reply_content)
nbclient.exceptions.CellExecutionError: An error occurred while executing the following cell:
--------------",False,4.135,3.10.19
cfbebe8f186efc025486e92261c78a0260f58933e68a5b712ee364111a444440,As17-01/brain_signals,notebooks/archieve/no_embeddings/GRUv4_best_increased_lr.ipynb,file_not_found,CellExecutionError,file_not_found,/home/aseliverstov/projects/brain_signals/data/eeg_data.csv,"An error occurred while executing the following cell:
------------------
data_dir = Path(""/home/aseliverstov/projects/brain_signals/data"")
data = pd.read_csv(data_dir / ""EEG_data.csv"")

data[""ID""] = (len(np.unique(data[""VideoID""])) * data[""SubjectID""] + data[""VideoID""]).astype(""int"")
data = data[ID + FEATURES + TARGET]

data.head(3)
------------------


[0;31m---------------------------------------------------------------------------[0m
[0;31mFileNotFoundError[0m                         Trac","Traceback (most recent call last):
  File ""/opt/pipeline/scripts/execution_core.py"", line 225, in execute_notebook_in_current_env
    client.execute()
  File ""/usr/local/lib/python3.10/site-packages/jupyter_core/utils/__init__.py"", line 165, in wrapped
    return loop.run_until_complete(inner)
  File ""/usr/local/lib/python3.10/asyncio/base_events.py"", line 649, in run_until_complete
    return future.result()
  File ""/usr/local/lib/python3.10/site-packages/nbclient/client.py"", line 709, in async_execute
    await self.async_execute_cell(
  File ""/usr/local/lib/python3.10/site-packages/nbclient/client.py"", line 1062, in async_execute_cell
    await self._check_raise_for_error(cell, cell_index, exec_reply)
  File ""/usr/local/lib/python3.10/site-packages/nbclient/client.py"", line 918, in _check_raise_for_error
    raise CellExecutionError.from_cell_and_msg(cell, exec_reply_content)
nbclient.exceptions.CellExecutionError: An error occurred while executing the following cell:
--------------",False,4.079,3.10.19
f87365a91af7623f5082c969c7f671823004b749c1b44c3b391df1cf9813b52d,As17-01/brain_signals,notebooks/archieve/no_embeddings/GRUv5.ipynb,file_not_found,CellExecutionError,file_not_found,/home/aseliverstov/projects/brain_signals/data/eeg_data.csv,"An error occurred while executing the following cell:
------------------
data_dir = Path(""/home/aseliverstov/projects/brain_signals/data"")
data = pd.read_csv(data_dir / ""EEG_data.csv"")

data[""ID""] = (len(np.unique(data[""VideoID""])) * data[""SubjectID""] + data[""VideoID""]).astype(""int"")
data = data[ID + FEATURES + TARGET]

data.head(3)
------------------


[0;31m---------------------------------------------------------------------------[0m
[0;31mFileNotFoundError[0m                         Trac","Traceback (most recent call last):
  File ""/opt/pipeline/scripts/execution_core.py"", line 225, in execute_notebook_in_current_env
    client.execute()
  File ""/usr/local/lib/python3.10/site-packages/jupyter_core/utils/__init__.py"", line 165, in wrapped
    return loop.run_until_complete(inner)
  File ""/usr/local/lib/python3.10/asyncio/base_events.py"", line 649, in run_until_complete
    return future.result()
  File ""/usr/local/lib/python3.10/site-packages/nbclient/client.py"", line 709, in async_execute
    await self.async_execute_cell(
  File ""/usr/local/lib/python3.10/site-packages/nbclient/client.py"", line 1062, in async_execute_cell
    await self._check_raise_for_error(cell, cell_index, exec_reply)
  File ""/usr/local/lib/python3.10/site-packages/nbclient/client.py"", line 918, in _check_raise_for_error
    raise CellExecutionError.from_cell_and_msg(cell, exec_reply_content)
nbclient.exceptions.CellExecutionError: An error occurred while executing the following cell:
--------------",False,4.167,3.10.19
bd8654bcd41ffa1f4102a23ce919abaa619a0a444db6be188b5dc2f7c274bcde,As17-01/brain_signals,notebooks/archieve/no_embeddings/GRUv6.ipynb,file_not_found,CellExecutionError,file_not_found,/home/aseliverstov/projects/brain_signals/data/eeg_data.csv,"An error occurred while executing the following cell:
------------------
data_dir = Path(""/home/aseliverstov/projects/brain_signals/data"")
data = pd.read_csv(data_dir / ""EEG_data.csv"")

data[""ID""] = (len(np.unique(data[""VideoID""])) * data[""SubjectID""] + data[""VideoID""]).astype(""int"")
data = data[ID + FEATURES + TARGET]

data.head(3)
------------------


[0;31m---------------------------------------------------------------------------[0m
[0;31mFileNotFoundError[0m                         Trac","Traceback (most recent call last):
  File ""/opt/pipeline/scripts/execution_core.py"", line 225, in execute_notebook_in_current_env
    client.execute()
  File ""/usr/local/lib/python3.10/site-packages/jupyter_core/utils/__init__.py"", line 165, in wrapped
    return loop.run_until_complete(inner)
  File ""/usr/local/lib/python3.10/asyncio/base_events.py"", line 649, in run_until_complete
    return future.result()
  File ""/usr/local/lib/python3.10/site-packages/nbclient/client.py"", line 709, in async_execute
    await self.async_execute_cell(
  File ""/usr/local/lib/python3.10/site-packages/nbclient/client.py"", line 1062, in async_execute_cell
    await self._check_raise_for_error(cell, cell_index, exec_reply)
  File ""/usr/local/lib/python3.10/site-packages/nbclient/client.py"", line 918, in _check_raise_for_error
    raise CellExecutionError.from_cell_and_msg(cell, exec_reply_content)
nbclient.exceptions.CellExecutionError: An error occurred while executing the following cell:
--------------",False,3.89,3.10.19
f60ea8a89ddb2c4a0f21f28576dff99f90d9cc88bb44926537a04a187fd94ce7,As17-01/brain_signals,notebooks/archieve/no_embeddings/GRUv7.ipynb,file_not_found,CellExecutionError,file_not_found,/home/aseliverstov/projects/brain_signals/data/eeg_data.csv,"An error occurred while executing the following cell:
------------------
data_dir = Path(""/home/aseliverstov/projects/brain_signals/data"")
data = pd.read_csv(data_dir / ""EEG_data.csv"")

data[""ID""] = (len(np.unique(data[""VideoID""])) * data[""SubjectID""] + data[""VideoID""]).astype(""int"")
data = data[ID + FEATURES + TARGET]

data.head(3)
------------------


[0;31m---------------------------------------------------------------------------[0m
[0;31mFileNotFoundError[0m                         Trac","Traceback (most recent call last):
  File ""/opt/pipeline/scripts/execution_core.py"", line 225, in execute_notebook_in_current_env
    client.execute()
  File ""/usr/local/lib/python3.10/site-packages/jupyter_core/utils/__init__.py"", line 165, in wrapped
    return loop.run_until_complete(inner)
  File ""/usr/local/lib/python3.10/asyncio/base_events.py"", line 649, in run_until_complete
    return future.result()
  File ""/usr/local/lib/python3.10/site-packages/nbclient/client.py"", line 709, in async_execute
    await self.async_execute_cell(
  File ""/usr/local/lib/python3.10/site-packages/nbclient/client.py"", line 1062, in async_execute_cell
    await self._check_raise_for_error(cell, cell_index, exec_reply)
  File ""/usr/local/lib/python3.10/site-packages/nbclient/client.py"", line 918, in _check_raise_for_error
    raise CellExecutionError.from_cell_and_msg(cell, exec_reply_content)
nbclient.exceptions.CellExecutionError: An error occurred while executing the following cell:
--------------",False,3.782,3.10.19
7c89f6c246d0fd325d6a02e9081f87dc8a64d496f313e6c3575ca6f229a6460b,As17-01/brain_signals,notebooks/archieve/no_embeddings/GRUv8.ipynb,file_not_found,CellExecutionError,file_not_found,/home/aseliverstov/projects/brain_signals/data/eeg_data.csv,"An error occurred while executing the following cell:
------------------
data_dir = Path(""/home/aseliverstov/projects/brain_signals/data"")
data = pd.read_csv(data_dir / ""EEG_data.csv"")

data[""ID""] = (len(np.unique(data[""VideoID""])) * data[""SubjectID""] + data[""VideoID""]).astype(""int"")
data = data[ID + FEATURES + TARGET]

data.head(3)
------------------


[0;31m---------------------------------------------------------------------------[0m
[0;31mFileNotFoundError[0m                         Trac","Traceback (most recent call last):
  File ""/opt/pipeline/scripts/execution_core.py"", line 225, in execute_notebook_in_current_env
    client.execute()
  File ""/usr/local/lib/python3.10/site-packages/jupyter_core/utils/__init__.py"", line 165, in wrapped
    return loop.run_until_complete(inner)
  File ""/usr/local/lib/python3.10/asyncio/base_events.py"", line 649, in run_until_complete
    return future.result()
  File ""/usr/local/lib/python3.10/site-packages/nbclient/client.py"", line 709, in async_execute
    await self.async_execute_cell(
  File ""/usr/local/lib/python3.10/site-packages/nbclient/client.py"", line 1062, in async_execute_cell
    await self._check_raise_for_error(cell, cell_index, exec_reply)
  File ""/usr/local/lib/python3.10/site-packages/nbclient/client.py"", line 918, in _check_raise_for_error
    raise CellExecutionError.from_cell_and_msg(cell, exec_reply_content)
nbclient.exceptions.CellExecutionError: An error occurred while executing the following cell:
--------------",False,3.869,3.10.19
5cf507c917f32f12a875b7865db88d4b32bfcd389ba8c1142c1bd8325a223bc1,As17-01/brain_signals,notebooks/archieve/no_embeddings/GRUv9.ipynb,file_not_found,CellExecutionError,file_not_found,/home/aseliverstov/projects/brain_signals/data/eeg_data.csv,"An error occurred while executing the following cell:
------------------
data_dir = Path(""/home/aseliverstov/projects/brain_signals/data"")
data = pd.read_csv(data_dir / ""EEG_data.csv"")

data[""ID""] = (len(np.unique(data[""VideoID""])) * data[""SubjectID""] + data[""VideoID""]).astype(""int"")
data = data[ID + FEATURES + TARGET]

data.head(3)
------------------


[0;31m---------------------------------------------------------------------------[0m
[0;31mFileNotFoundError[0m                         Trac","Traceback (most recent call last):
  File ""/opt/pipeline/scripts/execution_core.py"", line 225, in execute_notebook_in_current_env
    client.execute()
  File ""/usr/local/lib/python3.10/site-packages/jupyter_core/utils/__init__.py"", line 165, in wrapped
    return loop.run_until_complete(inner)
  File ""/usr/local/lib/python3.10/asyncio/base_events.py"", line 649, in run_until_complete
    return future.result()
  File ""/usr/local/lib/python3.10/site-packages/nbclient/client.py"", line 709, in async_execute
    await self.async_execute_cell(
  File ""/usr/local/lib/python3.10/site-packages/nbclient/client.py"", line 1062, in async_execute_cell
    await self._check_raise_for_error(cell, cell_index, exec_reply)
  File ""/usr/local/lib/python3.10/site-packages/nbclient/client.py"", line 918, in _check_raise_for_error
    raise CellExecutionError.from_cell_and_msg(cell, exec_reply_content)
nbclient.exceptions.CellExecutionError: An error occurred while executing the following cell:
--------------",False,4.088,3.10.19
8793da00610b76fc1929574a2c35880049becdc552f041aaae9ae0aa253de0e7,As17-01/brain_signals,notebooks/archieve/no_embeddings/LSTMv1.ipynb,file_not_found,CellExecutionError,file_not_found,/home/aseliverstov/projects/brain_signals/data/eeg_data.csv,"An error occurred while executing the following cell:
------------------
data_dir = Path(""/home/aseliverstov/projects/brain_signals/data"")
data = pd.read_csv(data_dir / ""EEG_data.csv"")

data[""ID""] = (len(np.unique(data[""VideoID""])) * data[""SubjectID""] + data[""VideoID""]).astype(""int"")
data = data[ID + FEATURES + TARGET]

data.head(3)
------------------


[0;31m---------------------------------------------------------------------------[0m
[0;31mFileNotFoundError[0m                         Trac","Traceback (most recent call last):
  File ""/opt/pipeline/scripts/execution_core.py"", line 225, in execute_notebook_in_current_env
    client.execute()
  File ""/usr/local/lib/python3.10/site-packages/jupyter_core/utils/__init__.py"", line 165, in wrapped
    return loop.run_until_complete(inner)
  File ""/usr/local/lib/python3.10/asyncio/base_events.py"", line 649, in run_until_complete
    return future.result()
  File ""/usr/local/lib/python3.10/site-packages/nbclient/client.py"", line 709, in async_execute
    await self.async_execute_cell(
  File ""/usr/local/lib/python3.10/site-packages/nbclient/client.py"", line 1062, in async_execute_cell
    await self._check_raise_for_error(cell, cell_index, exec_reply)
  File ""/usr/local/lib/python3.10/site-packages/nbclient/client.py"", line 918, in _check_raise_for_error
    raise CellExecutionError.from_cell_and_msg(cell, exec_reply_content)
nbclient.exceptions.CellExecutionError: An error occurred while executing the following cell:
--------------",False,3.909,3.10.19
fcf4e7a0dd06a5d8057b21af8dfd1db55fb180dc35a7ed454836398e24063b09,As17-01/brain_signals,notebooks/archieve/no_embeddings/LSTMv2.ipynb,file_not_found,CellExecutionError,file_not_found,/home/aseliverstov/projects/brain_signals/data/eeg_data.csv,"An error occurred while executing the following cell:
------------------
data_dir = Path(""/home/aseliverstov/projects/brain_signals/data"")
data = pd.read_csv(data_dir / ""EEG_data.csv"")

data[""ID""] = (len(np.unique(data[""VideoID""])) * data[""SubjectID""] + data[""VideoID""]).astype(""int"")
data = data[ID + FEATURES + TARGET]

data.head(3)
------------------


[0;31m---------------------------------------------------------------------------[0m
[0;31mFileNotFoundError[0m                         Trac","Traceback (most recent call last):
  File ""/opt/pipeline/scripts/execution_core.py"", line 225, in execute_notebook_in_current_env
    client.execute()
  File ""/usr/local/lib/python3.10/site-packages/jupyter_core/utils/__init__.py"", line 165, in wrapped
    return loop.run_until_complete(inner)
  File ""/usr/local/lib/python3.10/asyncio/base_events.py"", line 649, in run_until_complete
    return future.result()
  File ""/usr/local/lib/python3.10/site-packages/nbclient/client.py"", line 709, in async_execute
    await self.async_execute_cell(
  File ""/usr/local/lib/python3.10/site-packages/nbclient/client.py"", line 1062, in async_execute_cell
    await self._check_raise_for_error(cell, cell_index, exec_reply)
  File ""/usr/local/lib/python3.10/site-packages/nbclient/client.py"", line 918, in _check_raise_for_error
    raise CellExecutionError.from_cell_and_msg(cell, exec_reply_content)
nbclient.exceptions.CellExecutionError: An error occurred while executing the following cell:
--------------",False,4.047,3.10.19
d74f95ee419156d59323f59bfcaf93e59cf1c4e0b8c00440c245ceb1cc7f51c6,As17-01/brain_signals,notebooks/archieve/no_embeddings/LSTMv2_best_increased_lr2.ipynb,file_not_found,CellExecutionError,file_not_found,/home/aseliverstov/projects/brain_signals/data/eeg_data.csv,"An error occurred while executing the following cell:
------------------
data_dir = Path(""/home/aseliverstov/projects/brain_signals/data"")
data = pd.read_csv(data_dir / ""EEG_data.csv"")

data[""ID""] = (len(np.unique(data[""VideoID""])) * data[""SubjectID""] + data[""VideoID""]).astype(""int"")
data = data[ID + FEATURES + TARGET]

data.head(3)
------------------


[0;31m---------------------------------------------------------------------------[0m
[0;31mFileNotFoundError[0m                         Trac","Traceback (most recent call last):
  File ""/opt/pipeline/scripts/execution_core.py"", line 225, in execute_notebook_in_current_env
    client.execute()
  File ""/usr/local/lib/python3.10/site-packages/jupyter_core/utils/__init__.py"", line 165, in wrapped
    return loop.run_until_complete(inner)
  File ""/usr/local/lib/python3.10/asyncio/base_events.py"", line 649, in run_until_complete
    return future.result()
  File ""/usr/local/lib/python3.10/site-packages/nbclient/client.py"", line 709, in async_execute
    await self.async_execute_cell(
  File ""/usr/local/lib/python3.10/site-packages/nbclient/client.py"", line 1062, in async_execute_cell
    await self._check_raise_for_error(cell, cell_index, exec_reply)
  File ""/usr/local/lib/python3.10/site-packages/nbclient/client.py"", line 918, in _check_raise_for_error
    raise CellExecutionError.from_cell_and_msg(cell, exec_reply_content)
nbclient.exceptions.CellExecutionError: An error occurred while executing the following cell:
--------------",False,3.902,3.10.19
e0fb59d28b737a21f70737824d1db46036ee5c36064fb1500b6b3875dea1642f,As17-01/brain_signals,notebooks/archieve/no_embeddings/LSTMv2_increased_lr1.ipynb,file_not_found,CellExecutionError,file_not_found,/home/aseliverstov/projects/brain_signals/data/eeg_data.csv,"An error occurred while executing the following cell:
------------------
data_dir = Path(""/home/aseliverstov/projects/brain_signals/data"")
data = pd.read_csv(data_dir / ""EEG_data.csv"")

data[""ID""] = (len(np.unique(data[""VideoID""])) * data[""SubjectID""] + data[""VideoID""]).astype(""int"")
data = data[ID + FEATURES + TARGET]

data.head(3)
------------------


[0;31m---------------------------------------------------------------------------[0m
[0;31mFileNotFoundError[0m                         Trac","Traceback (most recent call last):
  File ""/opt/pipeline/scripts/execution_core.py"", line 225, in execute_notebook_in_current_env
    client.execute()
  File ""/usr/local/lib/python3.10/site-packages/jupyter_core/utils/__init__.py"", line 165, in wrapped
    return loop.run_until_complete(inner)
  File ""/usr/local/lib/python3.10/asyncio/base_events.py"", line 649, in run_until_complete
    return future.result()
  File ""/usr/local/lib/python3.10/site-packages/nbclient/client.py"", line 709, in async_execute
    await self.async_execute_cell(
  File ""/usr/local/lib/python3.10/site-packages/nbclient/client.py"", line 1062, in async_execute_cell
    await self._check_raise_for_error(cell, cell_index, exec_reply)
  File ""/usr/local/lib/python3.10/site-packages/nbclient/client.py"", line 918, in _check_raise_for_error
    raise CellExecutionError.from_cell_and_msg(cell, exec_reply_content)
nbclient.exceptions.CellExecutionError: An error occurred while executing the following cell:
--------------",False,4.161,3.10.19
6083cb3bb173cede18155cf8bcafa94b17ad72439490e67d6f741b21add39323,As17-01/brain_signals,notebooks/archieve/no_embeddings/LSTMv3.ipynb,file_not_found,CellExecutionError,file_not_found,/home/aseliverstov/projects/brain_signals/data/eeg_data.csv,"An error occurred while executing the following cell:
------------------
data_dir = Path(""/home/aseliverstov/projects/brain_signals/data"")
data = pd.read_csv(data_dir / ""EEG_data.csv"")

data[""ID""] = (len(np.unique(data[""VideoID""])) * data[""SubjectID""] + data[""VideoID""]).astype(""int"")
data = data[ID + FEATURES + TARGET]

data.head(3)
------------------


[0;31m---------------------------------------------------------------------------[0m
[0;31mFileNotFoundError[0m                         Trac","Traceback (most recent call last):
  File ""/opt/pipeline/scripts/execution_core.py"", line 225, in execute_notebook_in_current_env
    client.execute()
  File ""/usr/local/lib/python3.10/site-packages/jupyter_core/utils/__init__.py"", line 165, in wrapped
    return loop.run_until_complete(inner)
  File ""/usr/local/lib/python3.10/asyncio/base_events.py"", line 649, in run_until_complete
    return future.result()
  File ""/usr/local/lib/python3.10/site-packages/nbclient/client.py"", line 709, in async_execute
    await self.async_execute_cell(
  File ""/usr/local/lib/python3.10/site-packages/nbclient/client.py"", line 1062, in async_execute_cell
    await self._check_raise_for_error(cell, cell_index, exec_reply)
  File ""/usr/local/lib/python3.10/site-packages/nbclient/client.py"", line 918, in _check_raise_for_error
    raise CellExecutionError.from_cell_and_msg(cell, exec_reply_content)
nbclient.exceptions.CellExecutionError: An error occurred while executing the following cell:
--------------",False,4.084,3.10.19
aba5dab3fe04ec9f214efc0c24ae0e8f3dc08bb94fd683a5d03745f4b523cfca,As17-01/brain_signals,notebooks/archieve/no_embeddings/LSTMv3_increased_lr1.ipynb,file_not_found,CellExecutionError,file_not_found,/home/aseliverstov/projects/brain_signals/data/eeg_data.csv,"An error occurred while executing the following cell:
------------------
data_dir = Path(""/home/aseliverstov/projects/brain_signals/data"")
data = pd.read_csv(data_dir / ""EEG_data.csv"")

data[""ID""] = (len(np.unique(data[""VideoID""])) * data[""SubjectID""] + data[""VideoID""]).astype(""int"")
data = data[ID + FEATURES + TARGET]

data.head(3)
------------------


[0;31m---------------------------------------------------------------------------[0m
[0;31mFileNotFoundError[0m                         Trac","Traceback (most recent call last):
  File ""/opt/pipeline/scripts/execution_core.py"", line 225, in execute_notebook_in_current_env
    client.execute()
  File ""/usr/local/lib/python3.10/site-packages/jupyter_core/utils/__init__.py"", line 165, in wrapped
    return loop.run_until_complete(inner)
  File ""/usr/local/lib/python3.10/asyncio/base_events.py"", line 649, in run_until_complete
    return future.result()
  File ""/usr/local/lib/python3.10/site-packages/nbclient/client.py"", line 709, in async_execute
    await self.async_execute_cell(
  File ""/usr/local/lib/python3.10/site-packages/nbclient/client.py"", line 1062, in async_execute_cell
    await self._check_raise_for_error(cell, cell_index, exec_reply)
  File ""/usr/local/lib/python3.10/site-packages/nbclient/client.py"", line 918, in _check_raise_for_error
    raise CellExecutionError.from_cell_and_msg(cell, exec_reply_content)
nbclient.exceptions.CellExecutionError: An error occurred while executing the following cell:
--------------",False,3.952,3.10.19
fcc0190b6bbc6877697f71fbd504fd6e57340f5b8b72a7890614bc23c4e7d4e3,As17-01/brain_signals,notebooks/archieve/no_embeddings/LSTMv4.ipynb,file_not_found,CellExecutionError,file_not_found,/home/aseliverstov/projects/brain_signals/data/eeg_data.csv,"An error occurred while executing the following cell:
------------------
data_dir = Path(""/home/aseliverstov/projects/brain_signals/data"")
data = pd.read_csv(data_dir / ""EEG_data.csv"")

data[""ID""] = (len(np.unique(data[""VideoID""])) * data[""SubjectID""] + data[""VideoID""]).astype(""int"")
data = data[ID + FEATURES + TARGET]

data.head(3)
------------------


[0;31m---------------------------------------------------------------------------[0m
[0;31mFileNotFoundError[0m                         Trac","Traceback (most recent call last):
  File ""/opt/pipeline/scripts/execution_core.py"", line 225, in execute_notebook_in_current_env
    client.execute()
  File ""/usr/local/lib/python3.10/site-packages/jupyter_core/utils/__init__.py"", line 165, in wrapped
    return loop.run_until_complete(inner)
  File ""/usr/local/lib/python3.10/asyncio/base_events.py"", line 649, in run_until_complete
    return future.result()
  File ""/usr/local/lib/python3.10/site-packages/nbclient/client.py"", line 709, in async_execute
    await self.async_execute_cell(
  File ""/usr/local/lib/python3.10/site-packages/nbclient/client.py"", line 1062, in async_execute_cell
    await self._check_raise_for_error(cell, cell_index, exec_reply)
  File ""/usr/local/lib/python3.10/site-packages/nbclient/client.py"", line 918, in _check_raise_for_error
    raise CellExecutionError.from_cell_and_msg(cell, exec_reply_content)
nbclient.exceptions.CellExecutionError: An error occurred while executing the following cell:
--------------",False,4.037,3.10.19
34fb732f7d5898429cb47feedb7fecc85e791d8ac101823b9d733f3ea0342dfe,As17-01/brain_signals,notebooks/archieve/no_embeddings/Linearv1.ipynb,file_not_found,CellExecutionError,file_not_found,/home/aseliverstov/projects/brain_signals/data/eeg_data.csv,"An error occurred while executing the following cell:
------------------
data_dir = Path(""/home/aseliverstov/projects/brain_signals/data"")
data = pd.read_csv(data_dir / ""EEG_data.csv"")

data[""ID""] = (len(np.unique(data[""VideoID""])) * data[""SubjectID""] + data[""VideoID""]).astype(""int"")
data = data[ID + FEATURES + TARGET]

data.head(3)
------------------


[0;31m---------------------------------------------------------------------------[0m
[0;31mFileNotFoundError[0m                         Trac","Traceback (most recent call last):
  File ""/opt/pipeline/scripts/execution_core.py"", line 225, in execute_notebook_in_current_env
    client.execute()
  File ""/usr/local/lib/python3.10/site-packages/jupyter_core/utils/__init__.py"", line 165, in wrapped
    return loop.run_until_complete(inner)
  File ""/usr/local/lib/python3.10/asyncio/base_events.py"", line 649, in run_until_complete
    return future.result()
  File ""/usr/local/lib/python3.10/site-packages/nbclient/client.py"", line 709, in async_execute
    await self.async_execute_cell(
  File ""/usr/local/lib/python3.10/site-packages/nbclient/client.py"", line 1062, in async_execute_cell
    await self._check_raise_for_error(cell, cell_index, exec_reply)
  File ""/usr/local/lib/python3.10/site-packages/nbclient/client.py"", line 918, in _check_raise_for_error
    raise CellExecutionError.from_cell_and_msg(cell, exec_reply_content)
nbclient.exceptions.CellExecutionError: An error occurred while executing the following cell:
--------------",False,4.076,3.10.19
2d0f7edde87e924d52926d1ac7f612ec2c933f69ac6fdb468236b4f5632d40e9,As17-01/brain_signals,notebooks/archieve/no_embeddings/Linearv2_best.ipynb,file_not_found,CellExecutionError,file_not_found,/home/aseliverstov/projects/brain_signals/data/eeg_data.csv,"An error occurred while executing the following cell:
------------------
data_dir = Path(""/home/aseliverstov/projects/brain_signals/data"")
data = pd.read_csv(data_dir / ""EEG_data.csv"")

data[""ID""] = (len(np.unique(data[""VideoID""])) * data[""SubjectID""] + data[""VideoID""]).astype(""int"")
data = data[ID + FEATURES + TARGET]

data.head(3)
------------------


[0;31m---------------------------------------------------------------------------[0m
[0;31mFileNotFoundError[0m                         Trac","Traceback (most recent call last):
  File ""/opt/pipeline/scripts/execution_core.py"", line 225, in execute_notebook_in_current_env
    client.execute()
  File ""/usr/local/lib/python3.10/site-packages/jupyter_core/utils/__init__.py"", line 165, in wrapped
    return loop.run_until_complete(inner)
  File ""/usr/local/lib/python3.10/asyncio/base_events.py"", line 649, in run_until_complete
    return future.result()
  File ""/usr/local/lib/python3.10/site-packages/nbclient/client.py"", line 709, in async_execute
    await self.async_execute_cell(
  File ""/usr/local/lib/python3.10/site-packages/nbclient/client.py"", line 1062, in async_execute_cell
    await self._check_raise_for_error(cell, cell_index, exec_reply)
  File ""/usr/local/lib/python3.10/site-packages/nbclient/client.py"", line 918, in _check_raise_for_error
    raise CellExecutionError.from_cell_and_msg(cell, exec_reply_content)
nbclient.exceptions.CellExecutionError: An error occurred while executing the following cell:
--------------",False,4.09,3.10.19
8af5c26ef845c258c58dd2e5925cf175da9c18e9ce5b1a3a61e01f5791a65be1,As17-01/brain_signals,notebooks/archieve/no_embeddings/Liquidv1.ipynb,file_not_found,CellExecutionError,file_not_found,/home/aseliverstov/projects/brain_signals/data/eeg_data.csv,"An error occurred while executing the following cell:
------------------
data_dir = Path(""/home/aseliverstov/projects/brain_signals/data"")
data = pd.read_csv(data_dir / ""EEG_data.csv"")

data[""ID""] = (len(np.unique(data[""VideoID""])) * data[""SubjectID""] + data[""VideoID""]).astype(""int"")
data = data[ID + FEATURES + TARGET]

data.head(3)
------------------


[0;31m---------------------------------------------------------------------------[0m
[0;31mFileNotFoundError[0m                         Trac","Traceback (most recent call last):
  File ""/opt/pipeline/scripts/execution_core.py"", line 225, in execute_notebook_in_current_env
    client.execute()
  File ""/usr/local/lib/python3.10/site-packages/jupyter_core/utils/__init__.py"", line 165, in wrapped
    return loop.run_until_complete(inner)
  File ""/usr/local/lib/python3.10/asyncio/base_events.py"", line 649, in run_until_complete
    return future.result()
  File ""/usr/local/lib/python3.10/site-packages/nbclient/client.py"", line 709, in async_execute
    await self.async_execute_cell(
  File ""/usr/local/lib/python3.10/site-packages/nbclient/client.py"", line 1062, in async_execute_cell
    await self._check_raise_for_error(cell, cell_index, exec_reply)
  File ""/usr/local/lib/python3.10/site-packages/nbclient/client.py"", line 918, in _check_raise_for_error
    raise CellExecutionError.from_cell_and_msg(cell, exec_reply_content)
nbclient.exceptions.CellExecutionError: An error occurred while executing the following cell:
--------------",False,3.964,3.10.19
8b8926a16ba6fef4a0d08f89670530c7707662a07557469aa152255a8170118b,As17-01/brain_signals,notebooks/archieve/no_embeddings/Liquidv2.ipynb,file_not_found,CellExecutionError,file_not_found,/home/aseliverstov/projects/brain_signals/data/eeg_data.csv,"An error occurred while executing the following cell:
------------------
data_dir = Path(""/home/aseliverstov/projects/brain_signals/data"")
data = pd.read_csv(data_dir / ""EEG_data.csv"")

data[""ID""] = (len(np.unique(data[""VideoID""])) * data[""SubjectID""] + data[""VideoID""]).astype(""int"")
data = data[ID + FEATURES + TARGET]

data.head(3)
------------------


[0;31m---------------------------------------------------------------------------[0m
[0;31mFileNotFoundError[0m                         Trac","Traceback (most recent call last):
  File ""/opt/pipeline/scripts/execution_core.py"", line 225, in execute_notebook_in_current_env
    client.execute()
  File ""/usr/local/lib/python3.10/site-packages/jupyter_core/utils/__init__.py"", line 165, in wrapped
    return loop.run_until_complete(inner)
  File ""/usr/local/lib/python3.10/asyncio/base_events.py"", line 649, in run_until_complete
    return future.result()
  File ""/usr/local/lib/python3.10/site-packages/nbclient/client.py"", line 709, in async_execute
    await self.async_execute_cell(
  File ""/usr/local/lib/python3.10/site-packages/nbclient/client.py"", line 1062, in async_execute_cell
    await self._check_raise_for_error(cell, cell_index, exec_reply)
  File ""/usr/local/lib/python3.10/site-packages/nbclient/client.py"", line 918, in _check_raise_for_error
    raise CellExecutionError.from_cell_and_msg(cell, exec_reply_content)
nbclient.exceptions.CellExecutionError: An error occurred while executing the following cell:
--------------",False,4.235,3.10.19
319afdadf0b8cedfeb252b1a99d8f9d09fe4eaae35c9f19357fae8f5627cac6c,As17-01/brain_signals,notebooks/archieve/no_embeddings/Liquidv3.ipynb,file_not_found,CellExecutionError,file_not_found,/home/aseliverstov/projects/brain_signals/data/eeg_data.csv,"An error occurred while executing the following cell:
------------------
data_dir = Path(""/home/aseliverstov/projects/brain_signals/data"")
data = pd.read_csv(data_dir / ""EEG_data.csv"")

data[""ID""] = (len(np.unique(data[""VideoID""])) * data[""SubjectID""] + data[""VideoID""]).astype(""int"")
data = data[ID + FEATURES + TARGET]

data.head(3)
------------------


[0;31m---------------------------------------------------------------------------[0m
[0;31mFileNotFoundError[0m                         Trac","Traceback (most recent call last):
  File ""/opt/pipeline/scripts/execution_core.py"", line 225, in execute_notebook_in_current_env
    client.execute()
  File ""/usr/local/lib/python3.10/site-packages/jupyter_core/utils/__init__.py"", line 165, in wrapped
    return loop.run_until_complete(inner)
  File ""/usr/local/lib/python3.10/asyncio/base_events.py"", line 649, in run_until_complete
    return future.result()
  File ""/usr/local/lib/python3.10/site-packages/nbclient/client.py"", line 709, in async_execute
    await self.async_execute_cell(
  File ""/usr/local/lib/python3.10/site-packages/nbclient/client.py"", line 1062, in async_execute_cell
    await self._check_raise_for_error(cell, cell_index, exec_reply)
  File ""/usr/local/lib/python3.10/site-packages/nbclient/client.py"", line 918, in _check_raise_for_error
    raise CellExecutionError.from_cell_and_msg(cell, exec_reply_content)
nbclient.exceptions.CellExecutionError: An error occurred while executing the following cell:
--------------",False,3.911,3.10.19
787efcdbd65e2e3ad455138697d80f06d836cc20decdb1e18bb23e18bdf15f77,As17-01/brain_signals,notebooks/archieve/no_embeddings/Liquidv4.ipynb,file_not_found,CellExecutionError,file_not_found,/home/aseliverstov/projects/brain_signals/data/eeg_data.csv,"An error occurred while executing the following cell:
------------------
data_dir = Path(""/home/aseliverstov/projects/brain_signals/data"")
data = pd.read_csv(data_dir / ""EEG_data.csv"")

data[""ID""] = (len(np.unique(data[""VideoID""])) * data[""SubjectID""] + data[""VideoID""]).astype(""int"")
data = data[ID + FEATURES + TARGET]

data.head(3)
------------------


[0;31m---------------------------------------------------------------------------[0m
[0;31mFileNotFoundError[0m                         Trac","Traceback (most recent call last):
  File ""/opt/pipeline/scripts/execution_core.py"", line 225, in execute_notebook_in_current_env
    client.execute()
  File ""/usr/local/lib/python3.10/site-packages/jupyter_core/utils/__init__.py"", line 165, in wrapped
    return loop.run_until_complete(inner)
  File ""/usr/local/lib/python3.10/asyncio/base_events.py"", line 649, in run_until_complete
    return future.result()
  File ""/usr/local/lib/python3.10/site-packages/nbclient/client.py"", line 709, in async_execute
    await self.async_execute_cell(
  File ""/usr/local/lib/python3.10/site-packages/nbclient/client.py"", line 1062, in async_execute_cell
    await self._check_raise_for_error(cell, cell_index, exec_reply)
  File ""/usr/local/lib/python3.10/site-packages/nbclient/client.py"", line 918, in _check_raise_for_error
    raise CellExecutionError.from_cell_and_msg(cell, exec_reply_content)
nbclient.exceptions.CellExecutionError: An error occurred while executing the following cell:
--------------",False,4.07,3.10.19
1e0edd92019f981a5f39f24a9b8678d63e37a5fc6efe40183fafff16fd019a96,As17-01/brain_signals,notebooks/archieve/no_embeddings/Liquidv5.ipynb,file_not_found,CellExecutionError,file_not_found,/home/aseliverstov/projects/brain_signals/data/eeg_data.csv,"An error occurred while executing the following cell:
------------------
data_dir = Path(""/home/aseliverstov/projects/brain_signals/data"")
data = pd.read_csv(data_dir / ""EEG_data.csv"")

data[""ID""] = (len(np.unique(data[""VideoID""])) * data[""SubjectID""] + data[""VideoID""]).astype(""int"")
data = data[ID + FEATURES + TARGET]

data.head(3)
------------------


[0;31m---------------------------------------------------------------------------[0m
[0;31mFileNotFoundError[0m                         Trac","Traceback (most recent call last):
  File ""/opt/pipeline/scripts/execution_core.py"", line 225, in execute_notebook_in_current_env
    client.execute()
  File ""/usr/local/lib/python3.10/site-packages/jupyter_core/utils/__init__.py"", line 165, in wrapped
    return loop.run_until_complete(inner)
  File ""/usr/local/lib/python3.10/asyncio/base_events.py"", line 649, in run_until_complete
    return future.result()
  File ""/usr/local/lib/python3.10/site-packages/nbclient/client.py"", line 709, in async_execute
    await self.async_execute_cell(
  File ""/usr/local/lib/python3.10/site-packages/nbclient/client.py"", line 1062, in async_execute_cell
    await self._check_raise_for_error(cell, cell_index, exec_reply)
  File ""/usr/local/lib/python3.10/site-packages/nbclient/client.py"", line 918, in _check_raise_for_error
    raise CellExecutionError.from_cell_and_msg(cell, exec_reply_content)
nbclient.exceptions.CellExecutionError: An error occurred while executing the following cell:
--------------",False,3.892,3.10.19
93fa3b4b3a9d7b9c59e7503d672c7383861fa2b068bef29a37b8c97ecbac5b1f,As17-01/brain_signals,notebooks/archieve/no_embeddings/Liquidv6.ipynb,file_not_found,CellExecutionError,file_not_found,/home/aseliverstov/projects/brain_signals/data/eeg_data.csv,"An error occurred while executing the following cell:
------------------
data_dir = Path(""/home/aseliverstov/projects/brain_signals/data"")
data = pd.read_csv(data_dir / ""EEG_data.csv"")

data[""ID""] = (len(np.unique(data[""VideoID""])) * data[""SubjectID""] + data[""VideoID""]).astype(""int"")
data = data[ID + FEATURES + TARGET]

data.head(3)
------------------


[0;31m---------------------------------------------------------------------------[0m
[0;31mFileNotFoundError[0m                         Trac","Traceback (most recent call last):
  File ""/opt/pipeline/scripts/execution_core.py"", line 225, in execute_notebook_in_current_env
    client.execute()
  File ""/usr/local/lib/python3.10/site-packages/jupyter_core/utils/__init__.py"", line 165, in wrapped
    return loop.run_until_complete(inner)
  File ""/usr/local/lib/python3.10/asyncio/base_events.py"", line 649, in run_until_complete
    return future.result()
  File ""/usr/local/lib/python3.10/site-packages/nbclient/client.py"", line 709, in async_execute
    await self.async_execute_cell(
  File ""/usr/local/lib/python3.10/site-packages/nbclient/client.py"", line 1062, in async_execute_cell
    await self._check_raise_for_error(cell, cell_index, exec_reply)
  File ""/usr/local/lib/python3.10/site-packages/nbclient/client.py"", line 918, in _check_raise_for_error
    raise CellExecutionError.from_cell_and_msg(cell, exec_reply_content)
nbclient.exceptions.CellExecutionError: An error occurred while executing the following cell:
--------------",False,4.159,3.10.19
48dbfb23866b86291da8ae632d9ab73501fccbb83dfb0853add108e1b544edd4,As17-01/brain_signals,notebooks/archieve/no_embeddings/Liquidv6_increased_lr1.ipynb,file_not_found,CellExecutionError,file_not_found,/home/aseliverstov/projects/brain_signals/data/eeg_data.csv,"An error occurred while executing the following cell:
------------------
data_dir = Path(""/home/aseliverstov/projects/brain_signals/data"")
data = pd.read_csv(data_dir / ""EEG_data.csv"")

data[""ID""] = (len(np.unique(data[""VideoID""])) * data[""SubjectID""] + data[""VideoID""]).astype(""int"")
data = data[ID + FEATURES + TARGET]

data.head(3)
------------------


[0;31m---------------------------------------------------------------------------[0m
[0;31mFileNotFoundError[0m                         Trac","Traceback (most recent call last):
  File ""/opt/pipeline/scripts/execution_core.py"", line 225, in execute_notebook_in_current_env
    client.execute()
  File ""/usr/local/lib/python3.10/site-packages/jupyter_core/utils/__init__.py"", line 165, in wrapped
    return loop.run_until_complete(inner)
  File ""/usr/local/lib/python3.10/asyncio/base_events.py"", line 649, in run_until_complete
    return future.result()
  File ""/usr/local/lib/python3.10/site-packages/nbclient/client.py"", line 709, in async_execute
    await self.async_execute_cell(
  File ""/usr/local/lib/python3.10/site-packages/nbclient/client.py"", line 1062, in async_execute_cell
    await self._check_raise_for_error(cell, cell_index, exec_reply)
  File ""/usr/local/lib/python3.10/site-packages/nbclient/client.py"", line 918, in _check_raise_for_error
    raise CellExecutionError.from_cell_and_msg(cell, exec_reply_content)
nbclient.exceptions.CellExecutionError: An error occurred while executing the following cell:
--------------",False,4.192,3.10.19
e3c2a871e836ad608806038a80af2c89bdb264256a8d31c7cb63e8b0fc449979,As17-01/brain_signals,notebooks/archieve/no_embeddings/Liquidv7.ipynb,file_not_found,CellExecutionError,file_not_found,/home/aseliverstov/projects/brain_signals/data/eeg_data.csv,"An error occurred while executing the following cell:
------------------
data_dir = Path(""/home/aseliverstov/projects/brain_signals/data"")
data = pd.read_csv(data_dir / ""EEG_data.csv"")

data[""ID""] = (len(np.unique(data[""VideoID""])) * data[""SubjectID""] + data[""VideoID""]).astype(""int"")
data = data[ID + FEATURES + TARGET]

data.head(3)
------------------


[0;31m---------------------------------------------------------------------------[0m
[0;31mFileNotFoundError[0m                         Trac","Traceback (most recent call last):
  File ""/opt/pipeline/scripts/execution_core.py"", line 225, in execute_notebook_in_current_env
    client.execute()
  File ""/usr/local/lib/python3.10/site-packages/jupyter_core/utils/__init__.py"", line 165, in wrapped
    return loop.run_until_complete(inner)
  File ""/usr/local/lib/python3.10/asyncio/base_events.py"", line 649, in run_until_complete
    return future.result()
  File ""/usr/local/lib/python3.10/site-packages/nbclient/client.py"", line 709, in async_execute
    await self.async_execute_cell(
  File ""/usr/local/lib/python3.10/site-packages/nbclient/client.py"", line 1062, in async_execute_cell
    await self._check_raise_for_error(cell, cell_index, exec_reply)
  File ""/usr/local/lib/python3.10/site-packages/nbclient/client.py"", line 918, in _check_raise_for_error
    raise CellExecutionError.from_cell_and_msg(cell, exec_reply_content)
nbclient.exceptions.CellExecutionError: An error occurred while executing the following cell:
--------------",False,3.874,3.10.19
777891b226d9fd2977b195a3d91c2399899efbb2da9edb385d8a166f4c1b903c,As17-01/brain_signals,notebooks/archieve/no_embeddings/Liquidv8.ipynb,file_not_found,CellExecutionError,file_not_found,/home/aseliverstov/projects/brain_signals/data/eeg_data.csv,"An error occurred while executing the following cell:
------------------
data_dir = Path(""/home/aseliverstov/projects/brain_signals/data"")
data = pd.read_csv(data_dir / ""EEG_data.csv"")

data[""ID""] = (len(np.unique(data[""VideoID""])) * data[""SubjectID""] + data[""VideoID""]).astype(""int"")
data = data[ID + FEATURES + TARGET]

data.head(3)
------------------


[0;31m---------------------------------------------------------------------------[0m
[0;31mFileNotFoundError[0m                         Trac","Traceback (most recent call last):
  File ""/opt/pipeline/scripts/execution_core.py"", line 225, in execute_notebook_in_current_env
    client.execute()
  File ""/usr/local/lib/python3.10/site-packages/jupyter_core/utils/__init__.py"", line 165, in wrapped
    return loop.run_until_complete(inner)
  File ""/usr/local/lib/python3.10/asyncio/base_events.py"", line 649, in run_until_complete
    return future.result()
  File ""/usr/local/lib/python3.10/site-packages/nbclient/client.py"", line 709, in async_execute
    await self.async_execute_cell(
  File ""/usr/local/lib/python3.10/site-packages/nbclient/client.py"", line 1062, in async_execute_cell
    await self._check_raise_for_error(cell, cell_index, exec_reply)
  File ""/usr/local/lib/python3.10/site-packages/nbclient/client.py"", line 918, in _check_raise_for_error
    raise CellExecutionError.from_cell_and_msg(cell, exec_reply_content)
nbclient.exceptions.CellExecutionError: An error occurred while executing the following cell:
--------------",False,3.77,3.10.19
ab198cea05d51881437b0317e4b271f272b51c2d3777e88ded5f92d069759353,As17-01/brain_signals,notebooks/archieve/no_embeddings/Liquidv8_best_increased_lr2.ipynb,file_not_found,CellExecutionError,file_not_found,/home/aseliverstov/projects/brain_signals/data/eeg_data.csv,"An error occurred while executing the following cell:
------------------
data_dir = Path(""/home/aseliverstov/projects/brain_signals/data"")
data = pd.read_csv(data_dir / ""EEG_data.csv"")

data[""ID""] = (len(np.unique(data[""VideoID""])) * data[""SubjectID""] + data[""VideoID""]).astype(""int"")
data = data[ID + FEATURES + TARGET]

data.head(3)
------------------


[0;31m---------------------------------------------------------------------------[0m
[0;31mFileNotFoundError[0m                         Trac","Traceback (most recent call last):
  File ""/opt/pipeline/scripts/execution_core.py"", line 225, in execute_notebook_in_current_env
    client.execute()
  File ""/usr/local/lib/python3.10/site-packages/jupyter_core/utils/__init__.py"", line 165, in wrapped
    return loop.run_until_complete(inner)
  File ""/usr/local/lib/python3.10/asyncio/base_events.py"", line 649, in run_until_complete
    return future.result()
  File ""/usr/local/lib/python3.10/site-packages/nbclient/client.py"", line 709, in async_execute
    await self.async_execute_cell(
  File ""/usr/local/lib/python3.10/site-packages/nbclient/client.py"", line 1062, in async_execute_cell
    await self._check_raise_for_error(cell, cell_index, exec_reply)
  File ""/usr/local/lib/python3.10/site-packages/nbclient/client.py"", line 918, in _check_raise_for_error
    raise CellExecutionError.from_cell_and_msg(cell, exec_reply_content)
nbclient.exceptions.CellExecutionError: An error occurred while executing the following cell:
--------------",False,4.203,3.10.19
356e0a3330c5fd4bb5d5dc5296c0371fa52df77e2d6c54d00a93783c3bb3cb73,As17-01/brain_signals,notebooks/archieve/no_embeddings/Liquidv8_increased_lr1.ipynb,file_not_found,CellExecutionError,file_not_found,/home/aseliverstov/projects/brain_signals/data/eeg_data.csv,"An error occurred while executing the following cell:
------------------
data_dir = Path(""/home/aseliverstov/projects/brain_signals/data"")
data = pd.read_csv(data_dir / ""EEG_data.csv"")

data[""ID""] = (len(np.unique(data[""VideoID""])) * data[""SubjectID""] + data[""VideoID""]).astype(""int"")
data = data[ID + FEATURES + TARGET]

data.head(3)
------------------


[0;31m---------------------------------------------------------------------------[0m
[0;31mFileNotFoundError[0m                         Trac","Traceback (most recent call last):
  File ""/opt/pipeline/scripts/execution_core.py"", line 225, in execute_notebook_in_current_env
    client.execute()
  File ""/usr/local/lib/python3.10/site-packages/jupyter_core/utils/__init__.py"", line 165, in wrapped
    return loop.run_until_complete(inner)
  File ""/usr/local/lib/python3.10/asyncio/base_events.py"", line 649, in run_until_complete
    return future.result()
  File ""/usr/local/lib/python3.10/site-packages/nbclient/client.py"", line 709, in async_execute
    await self.async_execute_cell(
  File ""/usr/local/lib/python3.10/site-packages/nbclient/client.py"", line 1062, in async_execute_cell
    await self._check_raise_for_error(cell, cell_index, exec_reply)
  File ""/usr/local/lib/python3.10/site-packages/nbclient/client.py"", line 918, in _check_raise_for_error
    raise CellExecutionError.from_cell_and_msg(cell, exec_reply_content)
nbclient.exceptions.CellExecutionError: An error occurred while executing the following cell:
--------------",False,4.096,3.10.19
e5ad320e727e434d9f634109927e5ca613614a6ae7525f7c7df869ee0a438ec6,As17-01/brain_signals,notebooks/archieve/no_embeddings/Liquidv9_increased_lr1.ipynb,file_not_found,CellExecutionError,file_not_found,/home/aseliverstov/projects/brain_signals/data/eeg_data.csv,"An error occurred while executing the following cell:
------------------
data_dir = Path(""/home/aseliverstov/projects/brain_signals/data"")
data = pd.read_csv(data_dir / ""EEG_data.csv"")

data[""ID""] = (len(np.unique(data[""VideoID""])) * data[""SubjectID""] + data[""VideoID""]).astype(""int"")
data = data[ID + FEATURES + TARGET]

data.head(3)
------------------


[0;31m---------------------------------------------------------------------------[0m
[0;31mFileNotFoundError[0m                         Trac","Traceback (most recent call last):
  File ""/opt/pipeline/scripts/execution_core.py"", line 225, in execute_notebook_in_current_env
    client.execute()
  File ""/usr/local/lib/python3.10/site-packages/jupyter_core/utils/__init__.py"", line 165, in wrapped
    return loop.run_until_complete(inner)
  File ""/usr/local/lib/python3.10/asyncio/base_events.py"", line 649, in run_until_complete
    return future.result()
  File ""/usr/local/lib/python3.10/site-packages/nbclient/client.py"", line 709, in async_execute
    await self.async_execute_cell(
  File ""/usr/local/lib/python3.10/site-packages/nbclient/client.py"", line 1062, in async_execute_cell
    await self._check_raise_for_error(cell, cell_index, exec_reply)
  File ""/usr/local/lib/python3.10/site-packages/nbclient/client.py"", line 918, in _check_raise_for_error
    raise CellExecutionError.from_cell_and_msg(cell, exec_reply_content)
nbclient.exceptions.CellExecutionError: An error occurred while executing the following cell:
--------------",False,4.004,3.10.19
0ec8bfe73a6e8831e70a8cd691d2678ec60836c521104f7fd18ddca552f7c80c,As17-01/brain_signals,notebooks/archieve/no_embeddings/Liquidv9_increased_lr2.ipynb,file_not_found,CellExecutionError,file_not_found,/home/aseliverstov/projects/brain_signals/data/eeg_data.csv,"An error occurred while executing the following cell:
------------------
data_dir = Path(""/home/aseliverstov/projects/brain_signals/data"")
data = pd.read_csv(data_dir / ""EEG_data.csv"")

data[""ID""] = (len(np.unique(data[""VideoID""])) * data[""SubjectID""] + data[""VideoID""]).astype(""int"")
data = data[ID + FEATURES + TARGET]

data.head(3)
------------------


[0;31m---------------------------------------------------------------------------[0m
[0;31mFileNotFoundError[0m                         Trac","Traceback (most recent call last):
  File ""/opt/pipeline/scripts/execution_core.py"", line 225, in execute_notebook_in_current_env
    client.execute()
  File ""/usr/local/lib/python3.10/site-packages/jupyter_core/utils/__init__.py"", line 165, in wrapped
    return loop.run_until_complete(inner)
  File ""/usr/local/lib/python3.10/asyncio/base_events.py"", line 649, in run_until_complete
    return future.result()
  File ""/usr/local/lib/python3.10/site-packages/nbclient/client.py"", line 709, in async_execute
    await self.async_execute_cell(
  File ""/usr/local/lib/python3.10/site-packages/nbclient/client.py"", line 1062, in async_execute_cell
    await self._check_raise_for_error(cell, cell_index, exec_reply)
  File ""/usr/local/lib/python3.10/site-packages/nbclient/client.py"", line 918, in _check_raise_for_error
    raise CellExecutionError.from_cell_and_msg(cell, exec_reply_content)
nbclient.exceptions.CellExecutionError: An error occurred while executing the following cell:
--------------",False,4.101,3.10.19
49a670035a22d091dc5593362d00ae181918f8b15b07efeb69a150c257f5181d,As17-01/brain_signals,notebooks/archieve/statistics/EEG_Classical_ML.ipynb,file_not_found,CellExecutionError,file_not_found,./data/eeg_data.csv,"An error occurred while executing the following cell:
------------------
data = pd.read_csv(""./data/EEG_data.csv"")

data[""ID""] = (len(np.unique(data[""VideoID""])) * data[""SubjectID""] + data[""VideoID""]).astype(""int"")

data = data[ID + FEATURES + TARGET] # Keep the needed column

data
------------------


[0;31m---------------------------------------------------------------------------[0m
[0;31mFileNotFoundError[0m                         Traceback (most recent call last)
Cell [0;32mIn[3], lin","Traceback (most recent call last):
  File ""/opt/pipeline/scripts/execution_core.py"", line 225, in execute_notebook_in_current_env
    client.execute()
  File ""/usr/local/lib/python3.10/site-packages/jupyter_core/utils/__init__.py"", line 165, in wrapped
    return loop.run_until_complete(inner)
  File ""/usr/local/lib/python3.10/asyncio/base_events.py"", line 649, in run_until_complete
    return future.result()
  File ""/usr/local/lib/python3.10/site-packages/nbclient/client.py"", line 709, in async_execute
    await self.async_execute_cell(
  File ""/usr/local/lib/python3.10/site-packages/nbclient/client.py"", line 1062, in async_execute_cell
    await self._check_raise_for_error(cell, cell_index, exec_reply)
  File ""/usr/local/lib/python3.10/site-packages/nbclient/client.py"", line 918, in _check_raise_for_error
    raise CellExecutionError.from_cell_and_msg(cell, exec_reply_content)
nbclient.exceptions.CellExecutionError: An error occurred while executing the following cell:
--------------",False,2.087,3.10.19
adb5f5984a4ec9e4546a32833dc83f8e600935354f660a14f4366bedfd8bfd2e,As17-01/brain_signals,notebooks/archieve/statistics/comparison_plot_best.ipynb,file_not_found,CellExecutionError,file_not_found,../embedded/logs,"An error occurred while executing the following cell:
------------------
def extract_val_metrics_from_file(file_path):
    epochs = []
    val_accuracy = []
    val_loss = []
    val_auc = []
    
    with open(file_path, 'r') as f:
        for line in f:
            match = re.match(r""Epoch (\d+): VAL Accuracy = ([\d\.]+) Loss = ([\d\.]+) AUC = ([\d\.]+)"", line)
            if match:
                epoch, acc, loss, auc = match.groups()
                epochs.append(int(epoch))
               ","Traceback (most recent call last):
  File ""/opt/pipeline/scripts/execution_core.py"", line 225, in execute_notebook_in_current_env
    client.execute()
  File ""/usr/local/lib/python3.10/site-packages/jupyter_core/utils/__init__.py"", line 165, in wrapped
    return loop.run_until_complete(inner)
  File ""/usr/local/lib/python3.10/asyncio/base_events.py"", line 649, in run_until_complete
    return future.result()
  File ""/usr/local/lib/python3.10/site-packages/nbclient/client.py"", line 709, in async_execute
    await self.async_execute_cell(
  File ""/usr/local/lib/python3.10/site-packages/nbclient/client.py"", line 1062, in async_execute_cell
    await self._check_raise_for_error(cell, cell_index, exec_reply)
  File ""/usr/local/lib/python3.10/site-packages/nbclient/client.py"", line 918, in _check_raise_for_error
    raise CellExecutionError.from_cell_and_msg(cell, exec_reply_content)
nbclient.exceptions.CellExecutionError: An error occurred while executing the following cell:
--------------",False,1.445,3.10.19
07115f38dbf0f1aff3ecfbef436dabab91f8c2b5c3e2879c93c80324178cc4aa,As17-01/brain_signals,notebooks/archieve/statistics/comparison_plot_best_raw_data.ipynb,file_not_found,CellExecutionError,file_not_found,../embedded/logs,"An error occurred while executing the following cell:
------------------
def extract_val_metrics_from_file(file_path):
    epochs = []
    val_accuracy = []
    val_loss = []
    val_auc = []
    
    with open(file_path, 'r') as f:
        for line in f:
            match = re.match(r""Epoch (\d+): VAL Accuracy = ([\d\.]+) Loss = ([\d\.]+) AUC = ([\d\.]+)"", line)
            if match:
                epoch, acc, loss, auc = match.groups()
                epochs.append(int(epoch))
               ","Traceback (most recent call last):
  File ""/opt/pipeline/scripts/execution_core.py"", line 225, in execute_notebook_in_current_env
    client.execute()
  File ""/usr/local/lib/python3.10/site-packages/jupyter_core/utils/__init__.py"", line 165, in wrapped
    return loop.run_until_complete(inner)
  File ""/usr/local/lib/python3.10/asyncio/base_events.py"", line 649, in run_until_complete
    return future.result()
  File ""/usr/local/lib/python3.10/site-packages/nbclient/client.py"", line 709, in async_execute
    await self.async_execute_cell(
  File ""/usr/local/lib/python3.10/site-packages/nbclient/client.py"", line 1062, in async_execute_cell
    await self._check_raise_for_error(cell, cell_index, exec_reply)
  File ""/usr/local/lib/python3.10/site-packages/nbclient/client.py"", line 918, in _check_raise_for_error
    raise CellExecutionError.from_cell_and_msg(cell, exec_reply_content)
nbclient.exceptions.CellExecutionError: An error occurred while executing the following cell:
--------------",False,1.443,3.10.19
7b46e1cc091b4027a423a5d662968a9876dd0aa585d1113a5b3ff3a3c1668f8b,As17-01/brain_signals,notebooks/archieve/statistics/raw_plot.ipynb,file_not_found,CellExecutionError,file_not_found,/home/aseliverstov/projects/brain_signals/data/eeg_data.csv,"An error occurred while executing the following cell:
------------------
data_dir = Path(""/home/aseliverstov/projects/brain_signals/data"")
data = pd.read_csv(data_dir / ""EEG_data.csv"")

data[""ID""] = (len(np.unique(data[""VideoID""])) * data[""SubjectID""] + data[""VideoID""]).astype(""int"")
data = data[ID + IDS + FEATURES + TARGET]

data.head(3)
------------------


[0;31m---------------------------------------------------------------------------[0m
[0;31mFileNotFoundError[0m                       ","Traceback (most recent call last):
  File ""/opt/pipeline/scripts/execution_core.py"", line 225, in execute_notebook_in_current_env
    client.execute()
  File ""/usr/local/lib/python3.10/site-packages/jupyter_core/utils/__init__.py"", line 165, in wrapped
    return loop.run_until_complete(inner)
  File ""/usr/local/lib/python3.10/asyncio/base_events.py"", line 649, in run_until_complete
    return future.result()
  File ""/usr/local/lib/python3.10/site-packages/nbclient/client.py"", line 709, in async_execute
    await self.async_execute_cell(
  File ""/usr/local/lib/python3.10/site-packages/nbclient/client.py"", line 1062, in async_execute_cell
    await self._check_raise_for_error(cell, cell_index, exec_reply)
  File ""/usr/local/lib/python3.10/site-packages/nbclient/client.py"", line 918, in _check_raise_for_error
    raise CellExecutionError.from_cell_and_msg(cell, exec_reply_content)
nbclient.exceptions.CellExecutionError: An error occurred while executing the following cell:
--------------",False,2.407,3.10.19
a1980128e9c1838a11e8d8feda7528e40aff584a4b7d95400a940c5d92f88ef3,As17-01/brain_signals,notebooks/manuscript/GRU.ipynb,file_not_found,CellExecutionError,file_not_found,/home/aseliverstov/projects/brain_signals/data/eeg_data.csv,"An error occurred while executing the following cell:
------------------
data_dir = Path(""/home/aseliverstov/projects/brain_signals/data"")
data = pd.read_csv(data_dir / ""EEG_data.csv"")

data[""ID""] = (len(np.unique(data[""VideoID""])) * data[""SubjectID""] + data[""VideoID""]).astype(""int"")
data = data[ID + USER + FEATURES + TARGET]

data.head(3)
------------------


[0;31m---------------------------------------------------------------------------[0m
[0;31mFileNotFoundError[0m                      ","Traceback (most recent call last):
  File ""/opt/pipeline/scripts/execution_core.py"", line 225, in execute_notebook_in_current_env
    client.execute()
  File ""/usr/local/lib/python3.10/site-packages/jupyter_core/utils/__init__.py"", line 165, in wrapped
    return loop.run_until_complete(inner)
  File ""/usr/local/lib/python3.10/asyncio/base_events.py"", line 649, in run_until_complete
    return future.result()
  File ""/usr/local/lib/python3.10/site-packages/nbclient/client.py"", line 709, in async_execute
    await self.async_execute_cell(
  File ""/usr/local/lib/python3.10/site-packages/nbclient/client.py"", line 1062, in async_execute_cell
    await self._check_raise_for_error(cell, cell_index, exec_reply)
  File ""/usr/local/lib/python3.10/site-packages/nbclient/client.py"", line 918, in _check_raise_for_error
    raise CellExecutionError.from_cell_and_msg(cell, exec_reply_content)
nbclient.exceptions.CellExecutionError: An error occurred while executing the following cell:
--------------",False,3.934,3.10.19
4e96f0c13780d2c87eb0b88d2e838ec3c91573d0c79c5d4b737ab9cfa551b9d3,As17-01/brain_signals,notebooks/manuscript/comparison_plot_reworked.ipynb,file_not_found,CellExecutionError,file_not_found,../../results,"An error occurred while executing the following cell:
------------------
def extract_metrics_from_file(file_path):
    all_epochs = []
    all_accuracy = []
    all_loss = []
    all_auc = []
    all_loss_std = []
    all_auc_std = []
    
    with open(file_path, 'r') as f:
        for line in f:
            match = re.match(r""Epoch (\d+): ACC = ([\d\.]+) std: ([\d\.]+); LOSS = ([\d\.]+) std: ([\d\.]+); AUC = ([\d\.]+) std: ([\d\.]+)"", line)
            if match:
                epoch, acc, acc","Traceback (most recent call last):
  File ""/opt/pipeline/scripts/execution_core.py"", line 225, in execute_notebook_in_current_env
    client.execute()
  File ""/usr/local/lib/python3.10/site-packages/jupyter_core/utils/__init__.py"", line 165, in wrapped
    return loop.run_until_complete(inner)
  File ""/usr/local/lib/python3.10/asyncio/base_events.py"", line 649, in run_until_complete
    return future.result()
  File ""/usr/local/lib/python3.10/site-packages/nbclient/client.py"", line 709, in async_execute
    await self.async_execute_cell(
  File ""/usr/local/lib/python3.10/site-packages/nbclient/client.py"", line 1062, in async_execute_cell
    await self._check_raise_for_error(cell, cell_index, exec_reply)
  File ""/usr/local/lib/python3.10/site-packages/nbclient/client.py"", line 918, in _check_raise_for_error
    raise CellExecutionError.from_cell_and_msg(cell, exec_reply_content)
nbclient.exceptions.CellExecutionError: An error occurred while executing the following cell:
--------------",False,2.092,3.10.19
f16baf4c147804d0a729d7b7cc071cd7232bc2e17b57911cbafef7cb5df841e7,As17-01/brain_signals,notebooks/manuscript/description.ipynb,file_not_found,CellExecutionError,file_not_found,/home/aseliverstov/projects/brain_signals/data/eeg_data.csv,"An error occurred while executing the following cell:
------------------
data_dir = Path(""/home/aseliverstov/projects/brain_signals/data"")
data = pd.read_csv(data_dir / ""EEG_data.csv"")

data[""ID""] = (len(np.unique(data[""VideoID""])) * data[""SubjectID""] + data[""VideoID""]).astype(""int"")
data = data[ID + USER + FEATURES + TARGET]

data.head(3)
------------------


[0;31m---------------------------------------------------------------------------[0m
[0;31mFileNotFoundError[0m                      ","Traceback (most recent call last):
  File ""/opt/pipeline/scripts/execution_core.py"", line 225, in execute_notebook_in_current_env
    client.execute()
  File ""/usr/local/lib/python3.10/site-packages/jupyter_core/utils/__init__.py"", line 165, in wrapped
    return loop.run_until_complete(inner)
  File ""/usr/local/lib/python3.10/asyncio/base_events.py"", line 649, in run_until_complete
    return future.result()
  File ""/usr/local/lib/python3.10/site-packages/nbclient/client.py"", line 709, in async_execute
    await self.async_execute_cell(
  File ""/usr/local/lib/python3.10/site-packages/nbclient/client.py"", line 1062, in async_execute_cell
    await self._check_raise_for_error(cell, cell_index, exec_reply)
  File ""/usr/local/lib/python3.10/site-packages/nbclient/client.py"", line 918, in _check_raise_for_error
    raise CellExecutionError.from_cell_and_msg(cell, exec_reply_content)
nbclient.exceptions.CellExecutionError: An error occurred while executing the following cell:
--------------",False,3.054,3.10.19
ec817fd25b450959959c3647a62f7640c73f930146c4cb7ea378697e60906314,As17-01/brain_signals,notebooks/manuscript/distributions.ipynb,file_not_found,CellExecutionError,file_not_found,/home/aseliverstov/projects/brain_signals/data/eeg_data.csv,"An error occurred while executing the following cell:
------------------
data_dir = Path(""/home/aseliverstov/projects/brain_signals/data"")
data = pd.read_csv(data_dir / ""EEG_data.csv"")

data[""ID""] = (len(np.unique(data[""VideoID""])) * data[""SubjectID""] + data[""VideoID""]).astype(""int"")
data = data[ID + USER + FEATURES + TARGET]

data.head(3)
------------------


[0;31m---------------------------------------------------------------------------[0m
[0;31mFileNotFoundError[0m                      ","Traceback (most recent call last):
  File ""/opt/pipeline/scripts/execution_core.py"", line 225, in execute_notebook_in_current_env
    client.execute()
  File ""/usr/local/lib/python3.10/site-packages/jupyter_core/utils/__init__.py"", line 165, in wrapped
    return loop.run_until_complete(inner)
  File ""/usr/local/lib/python3.10/asyncio/base_events.py"", line 649, in run_until_complete
    return future.result()
  File ""/usr/local/lib/python3.10/site-packages/nbclient/client.py"", line 709, in async_execute
    await self.async_execute_cell(
  File ""/usr/local/lib/python3.10/site-packages/nbclient/client.py"", line 1062, in async_execute_cell
    await self._check_raise_for_error(cell, cell_index, exec_reply)
  File ""/usr/local/lib/python3.10/site-packages/nbclient/client.py"", line 918, in _check_raise_for_error
    raise CellExecutionError.from_cell_and_msg(cell, exec_reply_content)
nbclient.exceptions.CellExecutionError: An error occurred while executing the following cell:
--------------",False,1.502,3.10.19
14e052c85abd0907415581436df198ba205539fd7c8a0f58af015a8408d08054,As17-01/brain_signals,notebooks/manuscript/regressions.ipynb,file_not_found,CellExecutionError,file_not_found,/home/aseliverstov/projects/brain_signals/data/eeg_data.csv,"An error occurred while executing the following cell:
------------------
# Read data
data_dir = Path(""/home/aseliverstov/projects/brain_signals/data"")
data = pd.read_csv(data_dir / ""EEG_data.csv"")

data[""ID""] = (len(np.unique(data[""VideoID""])) * data[""SubjectID""] + data[""VideoID""]).astype(""int"")
data = data[ID + FEATURES + TARGET + CONTROLS]

data.head(3)
------------------


[0;31m---------------------------------------------------------------------------[0m
[0;31mFileNotFoundError[0m      ","Traceback (most recent call last):
  File ""/opt/pipeline/scripts/execution_core.py"", line 225, in execute_notebook_in_current_env
    client.execute()
  File ""/usr/local/lib/python3.10/site-packages/jupyter_core/utils/__init__.py"", line 165, in wrapped
    return loop.run_until_complete(inner)
  File ""/usr/local/lib/python3.10/asyncio/base_events.py"", line 649, in run_until_complete
    return future.result()
  File ""/usr/local/lib/python3.10/site-packages/nbclient/client.py"", line 709, in async_execute
    await self.async_execute_cell(
  File ""/usr/local/lib/python3.10/site-packages/nbclient/client.py"", line 1062, in async_execute_cell
    await self._check_raise_for_error(cell, cell_index, exec_reply)
  File ""/usr/local/lib/python3.10/site-packages/nbclient/client.py"", line 918, in _check_raise_for_error
    raise CellExecutionError.from_cell_and_msg(cell, exec_reply_content)
nbclient.exceptions.CellExecutionError: An error occurred while executing the following cell:
--------------",False,1.996,3.10.19
47490611143d20efbc7d4f9f2cd24fb910e76d9e0539bfcd139133869d369665,rogerqiu7/Cancer-Mortality-Prediction,Code_Library/.ipynb_checkpoints/1_Data_Preparation-checkpoint.ipynb,file_not_found,CellExecutionError,file_not_found,/users/shailjasomani/documents/usd_ms_ads/ads_599/datasets/raw_data/ihme_usa_stomach_cancer_county_race_ethn_2000_2019_mx_male/ihme_usa_stomach_cancer_county_race_ethn_2000_2019_mx_2019_male_y2023m06d,"An error occurred while executing the following cell:
------------------
# Define the file paths
#file_path_male = '/Users/roger.qiu/Documents/other/code/USD/12. Capstone Project/ADS-599-Capstone/module_1/option2/IHME_USA_STOMACH_CANCER_COUNTY_RACE_ETHN_2000_2019_MX_MALE/IHME_USA_STOMACH_CANCER_COUNTY_RACE_ETHN_2000_2019_MX_2019_MALE_Y2023M06D28.CSV'
#file_path_female = '/Users/roger.qiu/Documents/other/code/USD/12. Capstone Project/ADS-599-Capstone/module_1/option2/IHME_USA_STOMACH_CANCER_COUNT","Traceback (most recent call last):
  File ""/usr/local/lib/python3.9/site-packages/jupyter_core/utils/__init__.py"", line 154, in wrapped
    asyncio.get_running_loop()
RuntimeError: no running event loop

During handling of the above exception, another exception occurred:

Traceback (most recent call last):
  File ""/opt/pipeline/scripts/execution_core.py"", line 225, in execute_notebook_in_current_env
    client.execute()
  File ""/usr/local/lib/python3.9/site-packages/jupyter_core/utils/__init__.py"", line 158, in wrapped
    return loop.run_until_complete(inner)
  File ""/usr/local/lib/python3.9/asyncio/base_events.py"", line 647, in run_until_complete
    return future.result()
  File ""/usr/local/lib/python3.9/site-packages/nbclient/client.py"", line 709, in async_execute
    await self.async_execute_cell(
  File ""/usr/local/lib/python3.9/site-packages/nbclient/client.py"", line 1062, in async_execute_cell
    await self._check_raise_for_error(cell, cell_index, exec_reply)
  File ""/usr/loca",False,3.506,3.9.25
ef0860e428cc1f4c777e6c4791f7deb9774861f80b14e717ea87d2bbf3f611e2,rogerqiu7/Cancer-Mortality-Prediction,Code_Library/.ipynb_checkpoints/2_EDA-checkpoint.ipynb,file_not_found,CellExecutionError,file_not_found,/users/shailjasomani/documents/usd_ms_ads/ads_599/datasets/prepped_dataset.csv,"An error occurred while executing the following cell:
------------------
# read in the cleaned and consolidated dataset for EDA
df = pd.read_csv('/Users/shailjasomani/Documents/USD_MS_ADS/ADS_599/Datasets/prepped_dataset.csv')
df.head()
------------------


[0;31m---------------------------------------------------------------------------[0m
[0;31mFileNotFoundError[0m                         Traceback (most recent call last)
Cell [0;32mIn[2], line 2[0m
[1;32m      1[0m [38;5;66;03m# read","Traceback (most recent call last):
  File ""/usr/local/lib/python3.9/site-packages/jupyter_core/utils/__init__.py"", line 154, in wrapped
    asyncio.get_running_loop()
RuntimeError: no running event loop

During handling of the above exception, another exception occurred:

Traceback (most recent call last):
  File ""/opt/pipeline/scripts/execution_core.py"", line 225, in execute_notebook_in_current_env
    client.execute()
  File ""/usr/local/lib/python3.9/site-packages/jupyter_core/utils/__init__.py"", line 158, in wrapped
    return loop.run_until_complete(inner)
  File ""/usr/local/lib/python3.9/asyncio/base_events.py"", line 647, in run_until_complete
    return future.result()
  File ""/usr/local/lib/python3.9/site-packages/nbclient/client.py"", line 709, in async_execute
    await self.async_execute_cell(
  File ""/usr/local/lib/python3.9/site-packages/nbclient/client.py"", line 1062, in async_execute_cell
    await self._check_raise_for_error(cell, cell_index, exec_reply)
  File ""/usr/loca",False,3.553,3.9.25
eded67534d10fc6d3edbf5f44ed41f028fd53cdca1f375180f0c13f5b787dc3b,rogerqiu7/Cancer-Mortality-Prediction,Code_Library/.ipynb_checkpoints/3_Modeling-checkpoint.ipynb,file_not_found,CellExecutionError,file_not_found,/users/shailjasomani/documents/usd_ms_ads/ads_599/datasets/prepped_dataset.csv,"An error occurred while executing the following cell:
------------------
# read in the cleaned and consolidated dataset for EDA
full_data = pd.read_csv('/Users/shailjasomani/Documents/USD_MS_ADS/ADS_599/Datasets/prepped_dataset.csv')
full_data.head()
------------------


[0;31m---------------------------------------------------------------------------[0m
[0;31mFileNotFoundError[0m                         Traceback (most recent call last)
Cell [0;32mIn[3], line 2[0m
[1;32m      1[0m [38;","Traceback (most recent call last):
  File ""/usr/local/lib/python3.9/site-packages/jupyter_core/utils/__init__.py"", line 154, in wrapped
    asyncio.get_running_loop()
RuntimeError: no running event loop

During handling of the above exception, another exception occurred:

Traceback (most recent call last):
  File ""/opt/pipeline/scripts/execution_core.py"", line 225, in execute_notebook_in_current_env
    client.execute()
  File ""/usr/local/lib/python3.9/site-packages/jupyter_core/utils/__init__.py"", line 158, in wrapped
    return loop.run_until_complete(inner)
  File ""/usr/local/lib/python3.9/asyncio/base_events.py"", line 647, in run_until_complete
    return future.result()
  File ""/usr/local/lib/python3.9/site-packages/nbclient/client.py"", line 709, in async_execute
    await self.async_execute_cell(
  File ""/usr/local/lib/python3.9/site-packages/nbclient/client.py"", line 1062, in async_execute_cell
    await self._check_raise_for_error(cell, cell_index, exec_reply)
  File ""/usr/loca",False,3.042,3.9.25
223ab002b3d814d48eb65cf121e903049f3354d743877aa077b6772392a6a1df,rogerqiu7/Cancer-Mortality-Prediction,Code_Library/1_Data_Preparation.ipynb,file_not_found,CellExecutionError,file_not_found,/users/shailjasomani/documents/usd_ms_ads/ads_599/datasets/raw_data/ihme_usa_stomach_cancer_county_race_ethn_2000_2019_mx_male/ihme_usa_stomach_cancer_county_race_ethn_2000_2019_mx_2019_male_y2023m06d,"An error occurred while executing the following cell:
------------------
# Define the file paths
#file_path_male = '/Users/roger.qiu/Documents/other/code/USD/12. Capstone Project/ADS-599-Capstone/module_1/option2/IHME_USA_STOMACH_CANCER_COUNTY_RACE_ETHN_2000_2019_MX_MALE/IHME_USA_STOMACH_CANCER_COUNTY_RACE_ETHN_2000_2019_MX_2019_MALE_Y2023M06D28.CSV'
#file_path_female = '/Users/roger.qiu/Documents/other/code/USD/12. Capstone Project/ADS-599-Capstone/module_1/option2/IHME_USA_STOMACH_CANCER_COUNT","Traceback (most recent call last):
  File ""/usr/local/lib/python3.9/site-packages/jupyter_core/utils/__init__.py"", line 154, in wrapped
    asyncio.get_running_loop()
RuntimeError: no running event loop

During handling of the above exception, another exception occurred:

Traceback (most recent call last):
  File ""/opt/pipeline/scripts/execution_core.py"", line 225, in execute_notebook_in_current_env
    client.execute()
  File ""/usr/local/lib/python3.9/site-packages/jupyter_core/utils/__init__.py"", line 158, in wrapped
    return loop.run_until_complete(inner)
  File ""/usr/local/lib/python3.9/asyncio/base_events.py"", line 647, in run_until_complete
    return future.result()
  File ""/usr/local/lib/python3.9/site-packages/nbclient/client.py"", line 709, in async_execute
    await self.async_execute_cell(
  File ""/usr/local/lib/python3.9/site-packages/nbclient/client.py"", line 1062, in async_execute_cell
    await self._check_raise_for_error(cell, cell_index, exec_reply)
  File ""/usr/loca",False,1.576,3.9.25
8c73755e837901741169529308a9d9189cf80cc0a682f1962f9b240fd7a767b2,rogerqiu7/Cancer-Mortality-Prediction,Code_Library/2_EDA.ipynb,file_not_found,CellExecutionError,file_not_found,/users/shailjasomani/documents/usd_ms_ads/ads_599/datasets/prepped_dataset.csv,"An error occurred while executing the following cell:
------------------
# read in the cleaned and consolidated dataset for EDA
df = pd.read_csv('/Users/shailjasomani/Documents/USD_MS_ADS/ADS_599/Datasets/prepped_dataset.csv')
df.head()
------------------


[0;31m---------------------------------------------------------------------------[0m
[0;31mFileNotFoundError[0m                         Traceback (most recent call last)
Cell [0;32mIn[2], line 2[0m
[1;32m      1[0m [38;5;66;03m# read","Traceback (most recent call last):
  File ""/usr/local/lib/python3.9/site-packages/jupyter_core/utils/__init__.py"", line 154, in wrapped
    asyncio.get_running_loop()
RuntimeError: no running event loop

During handling of the above exception, another exception occurred:

Traceback (most recent call last):
  File ""/opt/pipeline/scripts/execution_core.py"", line 225, in execute_notebook_in_current_env
    client.execute()
  File ""/usr/local/lib/python3.9/site-packages/jupyter_core/utils/__init__.py"", line 158, in wrapped
    return loop.run_until_complete(inner)
  File ""/usr/local/lib/python3.9/asyncio/base_events.py"", line 647, in run_until_complete
    return future.result()
  File ""/usr/local/lib/python3.9/site-packages/nbclient/client.py"", line 709, in async_execute
    await self.async_execute_cell(
  File ""/usr/local/lib/python3.9/site-packages/nbclient/client.py"", line 1062, in async_execute_cell
    await self._check_raise_for_error(cell, cell_index, exec_reply)
  File ""/usr/loca",False,2.466,3.9.25
532ed8c2631bf84ef0c1261505aa5b48fc2a578a2e181e435308875792443179,rogerqiu7/Cancer-Mortality-Prediction,Code_Library/3_Modeling.ipynb,file_not_found,CellExecutionError,file_not_found,/users/shailjasomani/documents/usd_ms_ads/ads_599/datasets/prepped_dataset.csv,"An error occurred while executing the following cell:
------------------
# read in the cleaned and consolidated dataset for EDA
full_data = pd.read_csv('/Users/shailjasomani/Documents/USD_MS_ADS/ADS_599/Datasets/prepped_dataset.csv')
full_data.head()
------------------


[0;31m---------------------------------------------------------------------------[0m
[0;31mFileNotFoundError[0m                         Traceback (most recent call last)
Cell [0;32mIn[3], line 2[0m
[1;32m      1[0m [38;","Traceback (most recent call last):
  File ""/usr/local/lib/python3.9/site-packages/jupyter_core/utils/__init__.py"", line 154, in wrapped
    asyncio.get_running_loop()
RuntimeError: no running event loop

During handling of the above exception, another exception occurred:

Traceback (most recent call last):
  File ""/opt/pipeline/scripts/execution_core.py"", line 225, in execute_notebook_in_current_env
    client.execute()
  File ""/usr/local/lib/python3.9/site-packages/jupyter_core/utils/__init__.py"", line 158, in wrapped
    return loop.run_until_complete(inner)
  File ""/usr/local/lib/python3.9/asyncio/base_events.py"", line 647, in run_until_complete
    return future.result()
  File ""/usr/local/lib/python3.9/site-packages/nbclient/client.py"", line 709, in async_execute
    await self.async_execute_cell(
  File ""/usr/local/lib/python3.9/site-packages/nbclient/client.py"", line 1062, in async_execute_cell
    await self._check_raise_for_error(cell, cell_index, exec_reply)
  File ""/usr/loca",False,2.793,3.9.25
d5455d1e858bcd3100b0b63bbc591324d53369ef819ab470b81d9f9ad7d23584,rogerqiu7/Cancer-Mortality-Prediction,FoodVision.ipynb,other,CellExecutionError,runtime_error,no running event loop,"An error occurred while executing the following cell:
------------------
from mlflow.models.signature import infer_signature

# Train and compare multiple models
for model_name in models_to_test:
    print(f""\n{'='*60}"")
    print(f""Training {model_name}"")
    print(f""{'='*60}\n"")

    # Start MLflow run (tracks all metrics/artifacts for this model)
    with mlflow.start_run(run_name=model_name):

        # ========================================
        # 1. SETUP PHASE
        # =============","Traceback (most recent call last):
  File ""/usr/local/lib/python3.8/site-packages/jupyter_core/utils/__init__.py"", line 154, in wrapped
    asyncio.get_running_loop()
RuntimeError: no running event loop

During handling of the above exception, another exception occurred:

Traceback (most recent call last):
  File ""/opt/pipeline/scripts/execution_core.py"", line 225, in execute_notebook_in_current_env
    client.execute()
  File ""/usr/local/lib/python3.8/site-packages/jupyter_core/utils/__init__.py"", line 158, in wrapped
    return loop.run_until_complete(inner)
  File ""/usr/local/lib/python3.8/asyncio/base_events.py"", line 616, in run_until_complete
    return future.result()
  File ""/usr/local/lib/python3.8/site-packages/nbclient/client.py"", line 709, in async_execute
    await self.async_execute_cell(
  File ""/usr/local/lib/python3.8/site-packages/nbclient/client.py"", line 1062, in async_execute_cell
    await self._check_raise_for_error(cell, cell_index, exec_reply)
  File ""/usr/loca",False,33.727,3.8.20
32bde089d3855fc2186e78c6975a7fde8db30678b072849603da44a313f2de21,yupraw/Portfolio-Project,Traveloka_Sentiment_Analysis/Web_Scraping_Sentiment_Analysis.ipynb,file_not_found,CellExecutionError,file_not_found,kamuskatabaku.xlsx,"An error occurred while executing the following cell:
------------------
import pandas as pd

# Step 1: Read the Excel file containing the mapping of standard and non-standard words
kamus_data = pd.read_excel('kamuskatabaku.xlsx')

# Step 2: Create a dictionary for word normalization
kamus_tidak_baku = dict(zip(kamus_data['tidak_baku'], kamus_data['kata_baku']))

# Step 3: Define the function to replace taboo words (non-standard) with standard words
def replace_taboo_words(text, taboo_dict):
   ","Traceback (most recent call last):
  File ""/opt/pipeline/scripts/execution_core.py"", line 225, in execute_notebook_in_current_env
    client.execute()
  File ""/usr/local/lib/python3.10/site-packages/jupyter_core/utils/__init__.py"", line 165, in wrapped
    return loop.run_until_complete(inner)
  File ""/usr/local/lib/python3.10/asyncio/base_events.py"", line 649, in run_until_complete
    return future.result()
  File ""/usr/local/lib/python3.10/site-packages/nbclient/client.py"", line 709, in async_execute
    await self.async_execute_cell(
  File ""/usr/local/lib/python3.10/site-packages/nbclient/client.py"", line 1062, in async_execute_cell
    await self._check_raise_for_error(cell, cell_index, exec_reply)
  File ""/usr/local/lib/python3.10/site-packages/nbclient/client.py"", line 918, in _check_raise_for_error
    raise CellExecutionError.from_cell_and_msg(cell, exec_reply_content)
nbclient.exceptions.CellExecutionError: An error occurred while executing the following cell:
--------------",False,114.415,3.10.19
a21889e5d3969ad46af0d7af89c79db3ad9913a2a9fa9530e629ffffcb20d5a4,romms921/arXiver,author_affil.ipynb,other,CellExecutionError,missing_dependency,folium,"An error occurred while executing the following cell:
------------------
import pandas as pd
import numpy as np
import urllib.request as libreq
from groq import Groq
import xml.etree.ElementTree as ET
import certifi
import os
from datetime import datetime
from tqdm import tqdm
from dotenv import load_dotenv
load_dotenv()
from bs4 import BeautifulSoup
import re
import PyPDF2
import io
import warnings
warnings.filterwarnings('ignore')
import geopandas
import geodatasets
import folium
from scholarl","Traceback (most recent call last):
  File ""/opt/pipeline/scripts/execution_core.py"", line 225, in execute_notebook_in_current_env
    client.execute()
  File ""/usr/local/lib/python3.11/site-packages/jupyter_core/utils/__init__.py"", line 165, in wrapped
    return loop.run_until_complete(inner)
           ^^^^^^^^^^^^^^^^^^^^^^^^^^^^^^
  File ""/usr/local/lib/python3.11/asyncio/base_events.py"", line 654, in run_until_complete
    return future.result()
           ^^^^^^^^^^^^^^^
  File ""/usr/local/lib/python3.11/site-packages/nbclient/client.py"", line 709, in async_execute
    await self.async_execute_cell(
  File ""/usr/local/lib/python3.11/site-packages/nbclient/client.py"", line 1062, in async_execute_cell
    await self._check_raise_for_error(cell, cell_index, exec_reply)
  File ""/usr/local/lib/python3.11/site-packages/nbclient/client.py"", line 918, in _check_raise_for_error
    raise CellExecutionError.from_cell_and_msg(cell, exec_reply_content)
nbclient.exceptions.CellExecutionError:",False,1.563,3.11.14
f1bbf7c6bcfa1d421b0debcab28c6718ebccffb82165aa59118e5d397ecdaecd,romms921/arXiver,clean_arxiv.ipynb,other,CellExecutionError,unclassified,,"An error occurred while executing the following cell:
------------------
arxiv_data = ArxivDataframe('astro-ph', '2025-01-03')
# Get processed dataframe with all features
df = arxiv_data.construct_dataframe()
------------------

----- stdout -----
yo
https://arxiv.org/catchup/astro-ph/2025-01-03?abs=True
------------------

[31m---------------------------------------------------------------------------[39m
[31mHTTPError[39m                                 Traceback (most recent call last)
[","Traceback (most recent call last):
  File ""/opt/pipeline/scripts/execution_core.py"", line 225, in execute_notebook_in_current_env
    client.execute()
  File ""/usr/local/lib/python3.11/site-packages/jupyter_core/utils/__init__.py"", line 165, in wrapped
    return loop.run_until_complete(inner)
           ^^^^^^^^^^^^^^^^^^^^^^^^^^^^^^
  File ""/usr/local/lib/python3.11/asyncio/base_events.py"", line 654, in run_until_complete
    return future.result()
           ^^^^^^^^^^^^^^^
  File ""/usr/local/lib/python3.11/site-packages/nbclient/client.py"", line 709, in async_execute
    await self.async_execute_cell(
  File ""/usr/local/lib/python3.11/site-packages/nbclient/client.py"", line 1062, in async_execute_cell
    await self._check_raise_for_error(cell, cell_index, exec_reply)
  File ""/usr/local/lib/python3.11/site-packages/nbclient/client.py"", line 918, in _check_raise_for_error
    raise CellExecutionError.from_cell_and_msg(cell, exec_reply_content)
nbclient.exceptions.CellExecutionError:",False,2.903,3.11.14
9c496a25039709ff478f112101e68247f10d89a6a2d5e931d8c11837f1f2d827,romms921/arXiver,main.ipynb,other,CellExecutionError,runtime_error,no running event loop,"An error occurred while executing the following cell:
------------------
import pandas as pd
import numpy as np
import urllib.request as libreq
from groq import Groq
import xml.etree.ElementTree as ET
from IPython.display import display, Latex
from scholarly import ProxyGenerator, scholarly
import certifi
import os

os.environ['SSL_CERT_FILE'] = certifi.where()

pg = ProxyGenerator()
pg.FreeProxies()

------------------


[0;31m-------------------------------------------------------------------","Traceback (most recent call last):
  File ""/usr/local/lib/python3.9/site-packages/jupyter_core/utils/__init__.py"", line 154, in wrapped
    asyncio.get_running_loop()
RuntimeError: no running event loop

During handling of the above exception, another exception occurred:

Traceback (most recent call last):
  File ""/opt/pipeline/scripts/execution_core.py"", line 225, in execute_notebook_in_current_env
    client.execute()
  File ""/usr/local/lib/python3.9/site-packages/jupyter_core/utils/__init__.py"", line 158, in wrapped
    return loop.run_until_complete(inner)
  File ""/usr/local/lib/python3.9/asyncio/base_events.py"", line 647, in run_until_complete
    return future.result()
  File ""/usr/local/lib/python3.9/site-packages/nbclient/client.py"", line 709, in async_execute
    await self.async_execute_cell(
  File ""/usr/local/lib/python3.9/site-packages/nbclient/client.py"", line 1062, in async_execute_cell
    await self._check_raise_for_error(cell, cell_index, exec_reply)
  File ""/usr/loca",False,3.567,3.9.25
e4d11d1bb6399c0511adfbdae1424db373943ec1c4ba2ebf213b59bdc84e41c3,romms921/arXiver,script.ipynb,other,CellExecutionError,unclassified,,"An error occurred while executing the following cell:
------------------
data['summary'] = np.nan

client_summary = Groq(
    api_key=os.environ['GROQ_API_KEY_1'],
)

for i in range(len(data)):
    content = data['abstract'][i]
    summary = client_summary.chat.completions.create(
        messages=[
            {
                ""role"": ""system"",
                ""content"": ""You need to provide a one line summary of the provided abstract. You should not fabricate any information. Please do not in","Traceback (most recent call last):
  File ""/opt/pipeline/scripts/execution_core.py"", line 225, in execute_notebook_in_current_env
    client.execute()
  File ""/usr/local/lib/python3.11/site-packages/jupyter_core/utils/__init__.py"", line 165, in wrapped
    return loop.run_until_complete(inner)
           ^^^^^^^^^^^^^^^^^^^^^^^^^^^^^^
  File ""/usr/local/lib/python3.11/asyncio/base_events.py"", line 654, in run_until_complete
    return future.result()
           ^^^^^^^^^^^^^^^
  File ""/usr/local/lib/python3.11/site-packages/nbclient/client.py"", line 709, in async_execute
    await self.async_execute_cell(
  File ""/usr/local/lib/python3.11/site-packages/nbclient/client.py"", line 1062, in async_execute_cell
    await self._check_raise_for_error(cell, cell_index, exec_reply)
  File ""/usr/local/lib/python3.11/site-packages/nbclient/client.py"", line 918, in _check_raise_for_error
    raise CellExecutionError.from_cell_and_msg(cell, exec_reply_content)
nbclient.exceptions.CellExecutionError:",False,2.74,3.11.14
fe77e4a4a13cb2939cb09ae791201d75791a05063d55253012e82f6f8e767365,romms921/arXiver,stats.ipynb,file_not_found,CellExecutionError,file_not_found,arxiv_papers.csv,"An error occurred while executing the following cell:
------------------
data = pd.read_csv('arxiv_papers.csv')
------------------


[31m---------------------------------------------------------------------------[39m
[31mFileNotFoundError[39m                         Traceback (most recent call last)
[36mCell[39m[36m [39m[32mIn[2][39m[32m, line 1[39m
[32m----> [39m[32m1[39m data = [43mpd[49m[43m.[49m[43mread_csv[49m[43m([49m[33;43m'[39;49m[33;43marxiv_papers.csv[39;49m","Traceback (most recent call last):
  File ""/opt/pipeline/scripts/execution_core.py"", line 225, in execute_notebook_in_current_env
    client.execute()
  File ""/usr/local/lib/python3.11/site-packages/jupyter_core/utils/__init__.py"", line 165, in wrapped
    return loop.run_until_complete(inner)
           ^^^^^^^^^^^^^^^^^^^^^^^^^^^^^^
  File ""/usr/local/lib/python3.11/asyncio/base_events.py"", line 654, in run_until_complete
    return future.result()
           ^^^^^^^^^^^^^^^
  File ""/usr/local/lib/python3.11/site-packages/nbclient/client.py"", line 709, in async_execute
    await self.async_execute_cell(
  File ""/usr/local/lib/python3.11/site-packages/nbclient/client.py"", line 1062, in async_execute_cell
    await self._check_raise_for_error(cell, cell_index, exec_reply)
  File ""/usr/local/lib/python3.11/site-packages/nbclient/client.py"", line 918, in _check_raise_for_error
    raise CellExecutionError.from_cell_and_msg(cell, exec_reply_content)
nbclient.exceptions.CellExecutionError:",False,2.345,3.11.14
ab3ab9efa842c387303e30461a307ab2b3a0fdc2f4b5d7e8caba24622942155d,Stars1233/sparse,examples/sparse_finch.ipynb,other,CellExecutionError,missing_dependency,sparse._version,"An error occurred while executing the following cell:
------------------
import importlib
import time

import sparse

import matplotlib.pyplot as plt
import networkx as nx

import numpy as np
import scipy.sparse as sps
import scipy.sparse.linalg as splin
------------------


[0;31m---------------------------------------------------------------------------[0m
[0;31mModuleNotFoundError[0m                       Traceback (most recent call last)
Cell [0;32mIn[2], line 4[0m
[1;32m      1[0m ","Traceback (most recent call last):
  File ""/opt/pipeline/scripts/execution_core.py"", line 225, in execute_notebook_in_current_env
    client.execute()
  File ""/usr/local/lib/python3.10/site-packages/jupyter_core/utils/__init__.py"", line 165, in wrapped
    return loop.run_until_complete(inner)
  File ""/usr/local/lib/python3.10/asyncio/base_events.py"", line 649, in run_until_complete
    return future.result()
  File ""/usr/local/lib/python3.10/site-packages/nbclient/client.py"", line 709, in async_execute
    await self.async_execute_cell(
  File ""/usr/local/lib/python3.10/site-packages/nbclient/client.py"", line 1062, in async_execute_cell
    await self._check_raise_for_error(cell, cell_index, exec_reply)
  File ""/usr/local/lib/python3.10/site-packages/nbclient/client.py"", line 918, in _check_raise_for_error
    raise CellExecutionError.from_cell_and_msg(cell, exec_reply_content)
nbclient.exceptions.CellExecutionError: An error occurred while executing the following cell:
--------------",False,0.893,3.10.19
5368024c8d0c8dcbf92e5bafa1138c68903e8a8d599833b582b9ca80db995ff1,Subin-Vidhu/2025,0_Coursera/1_Introduction to Computer Vision and Image Processing/Code/2 1 2_Images_with_python_library_CV.ipynb,file_not_found,CellExecutionError,unclassified,,"An error occurred while executing the following cell:
------------------
import cv2
------------------


[0;31m---------------------------------------------------------------------------[0m
[0;31mImportError[0m                               Traceback (most recent call last)
Cell [0;32mIn[6], line 1[0m
[0;32m----> 1[0m [38;5;28;01mimport[39;00m[38;5;250m [39m[38;5;21;01mcv2[39;00m

File [0;32m/usr/local/lib/python3.10/site-packages/cv2/__init__.py:181[0m
[1;32m    176[0m        ","Traceback (most recent call last):
  File ""/opt/pipeline/scripts/execution_core.py"", line 225, in execute_notebook_in_current_env
    client.execute()
  File ""/usr/local/lib/python3.10/site-packages/jupyter_core/utils/__init__.py"", line 165, in wrapped
    return loop.run_until_complete(inner)
  File ""/usr/local/lib/python3.10/asyncio/base_events.py"", line 649, in run_until_complete
    return future.result()
  File ""/usr/local/lib/python3.10/site-packages/nbclient/client.py"", line 709, in async_execute
    await self.async_execute_cell(
  File ""/usr/local/lib/python3.10/site-packages/nbclient/client.py"", line 1062, in async_execute_cell
    await self._check_raise_for_error(cell, cell_index, exec_reply)
  File ""/usr/local/lib/python3.10/site-packages/nbclient/client.py"", line 918, in _check_raise_for_error
    raise CellExecutionError.from_cell_and_msg(cell, exec_reply_content)
nbclient.exceptions.CellExecutionError: An error occurred while executing the following cell:
--------------",False,1.514,3.10.19
3a2050dd60a9b0d87c5d7cc0c9f87b435dda89b3ef4511f6c37b0fed82bd5994,Subin-Vidhu/2025,0_Coursera/1_Introduction to Computer Vision and Image Processing/Code/2 2 1_basic_image_manipulation_PIL.ipynb,file_not_found,CellExecutionError,file_not_found,baboon.png,"An error occurred while executing the following cell:
------------------
baboon = np.array(Image.open('baboon.png'))
plt.figure(figsize=(5,5))
plt.imshow(baboon )
plt.show()
------------------


[0;31m---------------------------------------------------------------------------[0m
[0;31mFileNotFoundError[0m                         Traceback (most recent call last)
Cell [0;32mIn[3], line 1[0m
[0;32m----> 1[0m baboon [38;5;241m=[39m np[38;5;241m.[39marray([43mImage[49m[38;5;241;43m.[","Traceback (most recent call last):
  File ""/opt/pipeline/scripts/execution_core.py"", line 225, in execute_notebook_in_current_env
    client.execute()
  File ""/usr/local/lib/python3.10/site-packages/jupyter_core/utils/__init__.py"", line 165, in wrapped
    return loop.run_until_complete(inner)
  File ""/usr/local/lib/python3.10/asyncio/base_events.py"", line 649, in run_until_complete
    return future.result()
  File ""/usr/local/lib/python3.10/site-packages/nbclient/client.py"", line 709, in async_execute
    await self.async_execute_cell(
  File ""/usr/local/lib/python3.10/site-packages/nbclient/client.py"", line 1062, in async_execute_cell
    await self._check_raise_for_error(cell, cell_index, exec_reply)
  File ""/usr/local/lib/python3.10/site-packages/nbclient/client.py"", line 918, in _check_raise_for_error
    raise CellExecutionError.from_cell_and_msg(cell, exec_reply_content)
nbclient.exceptions.CellExecutionError: An error occurred while executing the following cell:
--------------",False,2.034,3.10.19
9a1a5ba6475224c2ef06a616d8c76a942060cd91f7ad25c5f42b40f5f9dc5e5c,Subin-Vidhu/2025,0_Coursera/1_Introduction to Computer Vision and Image Processing/Code/2 2 2_basic_image_manipulation_open_CV.ipynb,file_not_found,CellExecutionError,unclassified,,"An error occurred while executing the following cell:
------------------
import matplotlib.pyplot as plt
import cv2
import numpy as np
------------------


[0;31m---------------------------------------------------------------------------[0m
[0;31mImportError[0m                               Traceback (most recent call last)
Cell [0;32mIn[2], line 2[0m
[1;32m      1[0m [38;5;28;01mimport[39;00m[38;5;250m [39m[38;5;21;01mmatplotlib[39;00m[38;5;21;01m.[39;00m[38;5;21;01mpyplot[39;","Traceback (most recent call last):
  File ""/opt/pipeline/scripts/execution_core.py"", line 225, in execute_notebook_in_current_env
    client.execute()
  File ""/usr/local/lib/python3.10/site-packages/jupyter_core/utils/__init__.py"", line 165, in wrapped
    return loop.run_until_complete(inner)
  File ""/usr/local/lib/python3.10/asyncio/base_events.py"", line 649, in run_until_complete
    return future.result()
  File ""/usr/local/lib/python3.10/site-packages/nbclient/client.py"", line 709, in async_execute
    await self.async_execute_cell(
  File ""/usr/local/lib/python3.10/site-packages/nbclient/client.py"", line 1062, in async_execute_cell
    await self._check_raise_for_error(cell, cell_index, exec_reply)
  File ""/usr/local/lib/python3.10/site-packages/nbclient/client.py"", line 918, in _check_raise_for_error
    raise CellExecutionError.from_cell_and_msg(cell, exec_reply_content)
nbclient.exceptions.CellExecutionError: An error occurred while executing the following cell:
--------------",False,1.934,3.10.19
c83a5503d58aff856751300e2b9a4c67d7dce0089b4739c3afc5c502b27bc09a,Subin-Vidhu/2025,0_Coursera/1_Introduction to Computer Vision and Image Processing/Code/2 3 2_ Histograms and Intensity Transformations.ipynb,file_not_found,CellExecutionError,unclassified,,"An error occurred while executing the following cell:
------------------
import matplotlib.pyplot as plt
import cv2
import numpy as np
------------------


[0;31m---------------------------------------------------------------------------[0m
[0;31mImportError[0m                               Traceback (most recent call last)
Cell [0;32mIn[2], line 2[0m
[1;32m      1[0m [38;5;28;01mimport[39;00m[38;5;250m [39m[38;5;21;01mmatplotlib[39;00m[38;5;21;01m.[39;00m[38;5;21;01mpyplot[39;","Traceback (most recent call last):
  File ""/opt/pipeline/scripts/execution_core.py"", line 225, in execute_notebook_in_current_env
    client.execute()
  File ""/usr/local/lib/python3.10/site-packages/jupyter_core/utils/__init__.py"", line 165, in wrapped
    return loop.run_until_complete(inner)
  File ""/usr/local/lib/python3.10/asyncio/base_events.py"", line 649, in run_until_complete
    return future.result()
  File ""/usr/local/lib/python3.10/site-packages/nbclient/client.py"", line 709, in async_execute
    await self.async_execute_cell(
  File ""/usr/local/lib/python3.10/site-packages/nbclient/client.py"", line 1062, in async_execute_cell
    await self._check_raise_for_error(cell, cell_index, exec_reply)
  File ""/usr/local/lib/python3.10/site-packages/nbclient/client.py"", line 918, in _check_raise_for_error
    raise CellExecutionError.from_cell_and_msg(cell, exec_reply_content)
nbclient.exceptions.CellExecutionError: An error occurred while executing the following cell:
--------------",False,2.138,3.10.19
5319a683460dc5bd4404c306dc07ef5914a4aa36593c4283108735b6decb19f1,Subin-Vidhu/2025,0_Coursera/1_Introduction to Computer Vision and Image Processing/Code/2 4 1_Gemetric_trasfroms_PIL.ipynb,file_not_found,CellExecutionError,file_not_found,lenna.png,"An error occurred while executing the following cell:
------------------
image = Image.open(""lenna.png"")
plt.imshow(image)
plt.show()
------------------


[0;31m---------------------------------------------------------------------------[0m
[0;31mFileNotFoundError[0m                         Traceback (most recent call last)
Cell [0;32mIn[4], line 1[0m
[0;32m----> 1[0m image [38;5;241m=[39m [43mImage[49m[38;5;241;43m.[39;49m[43mopen[49m[43m([49m[38;5;124;43m""[39;49m[38;5;124;4","Traceback (most recent call last):
  File ""/opt/pipeline/scripts/execution_core.py"", line 225, in execute_notebook_in_current_env
    client.execute()
  File ""/usr/local/lib/python3.10/site-packages/jupyter_core/utils/__init__.py"", line 165, in wrapped
    return loop.run_until_complete(inner)
  File ""/usr/local/lib/python3.10/asyncio/base_events.py"", line 649, in run_until_complete
    return future.result()
  File ""/usr/local/lib/python3.10/site-packages/nbclient/client.py"", line 709, in async_execute
    await self.async_execute_cell(
  File ""/usr/local/lib/python3.10/site-packages/nbclient/client.py"", line 1062, in async_execute_cell
    await self._check_raise_for_error(cell, cell_index, exec_reply)
  File ""/usr/local/lib/python3.10/site-packages/nbclient/client.py"", line 918, in _check_raise_for_error
    raise CellExecutionError.from_cell_and_msg(cell, exec_reply_content)
nbclient.exceptions.CellExecutionError: An error occurred while executing the following cell:
--------------",False,2.037,3.10.19
7892b623a1d7ef6fbab88d6c92fadb244fbe255a4d3054ae121d82f6a9c42d9b,Subin-Vidhu/2025,0_Coursera/1_Introduction to Computer Vision and Image Processing/Code/2 4 2_Gemetric_trasfroms_OpenCV.ipynb,file_not_found,CellExecutionError,unclassified,,"An error occurred while executing the following cell:
------------------
import matplotlib.pyplot as plt
import cv2
import numpy as np
------------------


[0;31m---------------------------------------------------------------------------[0m
[0;31mImportError[0m                               Traceback (most recent call last)
Cell [0;32mIn[2], line 2[0m
[1;32m      1[0m [38;5;28;01mimport[39;00m[38;5;250m [39m[38;5;21;01mmatplotlib[39;00m[38;5;21;01m.[39;00m[38;5;21;01mpyplot[39;","Traceback (most recent call last):
  File ""/opt/pipeline/scripts/execution_core.py"", line 225, in execute_notebook_in_current_env
    client.execute()
  File ""/usr/local/lib/python3.10/site-packages/jupyter_core/utils/__init__.py"", line 165, in wrapped
    return loop.run_until_complete(inner)
  File ""/usr/local/lib/python3.10/asyncio/base_events.py"", line 649, in run_until_complete
    return future.result()
  File ""/usr/local/lib/python3.10/site-packages/nbclient/client.py"", line 709, in async_execute
    await self.async_execute_cell(
  File ""/usr/local/lib/python3.10/site-packages/nbclient/client.py"", line 1062, in async_execute_cell
    await self._check_raise_for_error(cell, cell_index, exec_reply)
  File ""/usr/local/lib/python3.10/site-packages/nbclient/client.py"", line 918, in _check_raise_for_error
    raise CellExecutionError.from_cell_and_msg(cell, exec_reply_content)
nbclient.exceptions.CellExecutionError: An error occurred while executing the following cell:
--------------",False,2.044,3.10.19
6dad5c1b3fd0dc65b37f8f7a4e076fe362afcd5e1a2fb879920776f85d7c00cd,Subin-Vidhu/2025,0_Coursera/1_Introduction to Computer Vision and Image Processing/Code/2 5 1_Spatial_Filtering-PIL.ipynb,file_not_found,CellExecutionError,file_not_found,lenna.png,"An error occurred while executing the following cell:
------------------
# Loads the image from the specified file
image = Image.open(""lenna.png"")
# Renders the image
plt.figure(figsize=(5,5))
plt.imshow(image)
plt.show()
------------------


[0;31m---------------------------------------------------------------------------[0m
[0;31mFileNotFoundError[0m                         Traceback (most recent call last)
Cell [0;32mIn[4], line 2[0m
[1;32m      1[0m [38;5;66;03m# Loads the image fro","Traceback (most recent call last):
  File ""/opt/pipeline/scripts/execution_core.py"", line 225, in execute_notebook_in_current_env
    client.execute()
  File ""/usr/local/lib/python3.10/site-packages/jupyter_core/utils/__init__.py"", line 165, in wrapped
    return loop.run_until_complete(inner)
  File ""/usr/local/lib/python3.10/asyncio/base_events.py"", line 649, in run_until_complete
    return future.result()
  File ""/usr/local/lib/python3.10/site-packages/nbclient/client.py"", line 709, in async_execute
    await self.async_execute_cell(
  File ""/usr/local/lib/python3.10/site-packages/nbclient/client.py"", line 1062, in async_execute_cell
    await self._check_raise_for_error(cell, cell_index, exec_reply)
  File ""/usr/local/lib/python3.10/site-packages/nbclient/client.py"", line 918, in _check_raise_for_error
    raise CellExecutionError.from_cell_and_msg(cell, exec_reply_content)
nbclient.exceptions.CellExecutionError: An error occurred while executing the following cell:
--------------",False,2.013,3.10.19
543fc9ee3a77701698b70af80b66489159ed05f2ec00a5ccb89ea1abe3bcf0fc,Subin-Vidhu/2025,0_Coursera/1_Introduction to Computer Vision and Image Processing/Code/2 5 2_Spatial_Filtering.ipynb,file_not_found,CellExecutionError,unclassified,,"An error occurred while executing the following cell:
------------------
# Used to view the images
import matplotlib.pyplot as plt
# Used to perform filtering on an image
import cv2
# Used to create kernels for filtering
import numpy as np
------------------


[0;31m---------------------------------------------------------------------------[0m
[0;31mImportError[0m                               Traceback (most recent call last)
Cell [0;32mIn[2], line 4[0m
[1;32m      2[0m [38;5;28;01mimp","Traceback (most recent call last):
  File ""/opt/pipeline/scripts/execution_core.py"", line 225, in execute_notebook_in_current_env
    client.execute()
  File ""/usr/local/lib/python3.10/site-packages/jupyter_core/utils/__init__.py"", line 165, in wrapped
    return loop.run_until_complete(inner)
  File ""/usr/local/lib/python3.10/asyncio/base_events.py"", line 649, in run_until_complete
    return future.result()
  File ""/usr/local/lib/python3.10/site-packages/nbclient/client.py"", line 709, in async_execute
    await self.async_execute_cell(
  File ""/usr/local/lib/python3.10/site-packages/nbclient/client.py"", line 1062, in async_execute_cell
    await self._check_raise_for_error(cell, cell_index, exec_reply)
  File ""/usr/local/lib/python3.10/site-packages/nbclient/client.py"", line 918, in _check_raise_for_error
    raise CellExecutionError.from_cell_and_msg(cell, exec_reply_content)
nbclient.exceptions.CellExecutionError: An error occurred while executing the following cell:
--------------",False,1.843,3.10.19
812e148c3306c83dbbeb08ef6e7ce63ff4a550f3c9c2f58754b6ff8d480ef208,Subin-Vidhu/2025,0_Coursera/1_Introduction to Computer Vision and Image Processing/Code/2.1.1_Images_with_python_library_PIL.ipynb,file_not_found,CellExecutionError,file_not_found,lenna.png,"An error occurred while executing the following cell:
------------------
image = Image.open(my_image)
type(image)
------------------


[0;31m---------------------------------------------------------------------------[0m
[0;31mFileNotFoundError[0m                         Traceback (most recent call last)
Cell [0;32mIn[7], line 1[0m
[0;32m----> 1[0m image [38;5;241m=[39m [43mImage[49m[38;5;241;43m.[39;49m[43mopen[49m[43m([49m[43mmy_image[49m[43m)[49m
[1;32m      2[0m [38;5","Traceback (most recent call last):
  File ""/opt/pipeline/scripts/execution_core.py"", line 225, in execute_notebook_in_current_env
    client.execute()
  File ""/usr/local/lib/python3.10/site-packages/jupyter_core/utils/__init__.py"", line 165, in wrapped
    return loop.run_until_complete(inner)
  File ""/usr/local/lib/python3.10/asyncio/base_events.py"", line 649, in run_until_complete
    return future.result()
  File ""/usr/local/lib/python3.10/site-packages/nbclient/client.py"", line 709, in async_execute
    await self.async_execute_cell(
  File ""/usr/local/lib/python3.10/site-packages/nbclient/client.py"", line 1062, in async_execute_cell
    await self._check_raise_for_error(cell, cell_index, exec_reply)
  File ""/usr/local/lib/python3.10/site-packages/nbclient/client.py"", line 918, in _check_raise_for_error
    raise CellExecutionError.from_cell_and_msg(cell, exec_reply_content)
nbclient.exceptions.CellExecutionError: An error occurred while executing the following cell:
--------------",False,1.627,3.10.19
774c444b285077f332b489f21fd7f4d84829bcb97b1bf347957fb27561a7fb2d,Subin-Vidhu/2025,0_Coursera/1_Introduction to Computer Vision and Image Processing/Code/Data Augmentation.ipynb,file_not_found,CellExecutionError,file_not_found,/workspace/normal.pt,"An error occurred while executing the following cell:
------------------
checkpoint_normal = torch.load(os.path.join(os.getcwd(),'normal.pt'))
------------------


[0;31m---------------------------------------------------------------------------[0m
[0;31mFileNotFoundError[0m                         Traceback (most recent call last)
Cell [0;32mIn[18], line 1[0m
[0;32m----> 1[0m checkpoint_normal [38;5;241m=[39m [43mtorch[49m[38;5;241;43m.[39;49m[43mload[49m[43m([49m[43mos[49m","Traceback (most recent call last):
  File ""/opt/pipeline/scripts/execution_core.py"", line 225, in execute_notebook_in_current_env
    client.execute()
  File ""/usr/local/lib/python3.10/site-packages/jupyter_core/utils/__init__.py"", line 165, in wrapped
    return loop.run_until_complete(inner)
  File ""/usr/local/lib/python3.10/asyncio/base_events.py"", line 649, in run_until_complete
    return future.result()
  File ""/usr/local/lib/python3.10/site-packages/nbclient/client.py"", line 709, in async_execute
    await self.async_execute_cell(
  File ""/usr/local/lib/python3.10/site-packages/nbclient/client.py"", line 1062, in async_execute_cell
    await self._check_raise_for_error(cell, cell_index, exec_reply)
  File ""/usr/local/lib/python3.10/site-packages/nbclient/client.py"", line 918, in _check_raise_for_error
    raise CellExecutionError.from_cell_and_msg(cell, exec_reply_content)
nbclient.exceptions.CellExecutionError: An error occurred while executing the following cell:
--------------",False,22.14,3.10.19
a2eea9595f5a13800ece2cd368ee98494de5cfa03a53e2d20a0fde1a43b3b01e,Subin-Vidhu/2025,0_Coursera/1_Introduction to Computer Vision and Image Processing/Code/Logistic Regression With Mini-Batch Gradient Descent.ipynb,other,CellExecutionError,unclassified,,"An error occurred while executing the following cell:
------------------
# First we create an instance of the model we want to train
model = logistic_regression(1)
# We create a criterion which will measure loss
criterion = nn.BCELoss()
# We create a data loader with the dataset and specified batch size of 1
trainloader = DataLoader(dataset = data_set, batch_size = ""SET_BATCH_SIZE"")
# We create an optimizer with the model parameters and learning rate
optimizer = torch.optim.SGD(model.parameters(","Traceback (most recent call last):
  File ""/opt/pipeline/scripts/execution_core.py"", line 225, in execute_notebook_in_current_env
    client.execute()
  File ""/usr/local/lib/python3.10/site-packages/jupyter_core/utils/__init__.py"", line 165, in wrapped
    return loop.run_until_complete(inner)
  File ""/usr/local/lib/python3.10/asyncio/base_events.py"", line 649, in run_until_complete
    return future.result()
  File ""/usr/local/lib/python3.10/site-packages/nbclient/client.py"", line 709, in async_execute
    await self.async_execute_cell(
  File ""/usr/local/lib/python3.10/site-packages/nbclient/client.py"", line 1062, in async_execute_cell
    await self._check_raise_for_error(cell, cell_index, exec_reply)
  File ""/usr/local/lib/python3.10/site-packages/nbclient/client.py"", line 918, in _check_raise_for_error
    raise CellExecutionError.from_cell_and_msg(cell, exec_reply_content)
nbclient.exceptions.CellExecutionError: An error occurred while executing the following cell:
--------------",False,7.71,3.10.19
442d9bf4672058e946b5d83625c982f230cb861e1d7a983ae64a0d944d8d5963,Subin-Vidhu/2025,0_Coursera/1_Introduction to Computer Vision and Image Processing/Code/Support Vector Machines vs Vanilla Linear Classifier.ipynb,other,CellExecutionError,unclassified,,"An error occurred while executing the following cell:
------------------
algorithm = []
algorithm.append(('SVM', svm_classifier))
algorithm.append(('Logistic_L1', logit))
algorithm.append(('Logistic_L2', LogisticRegression(C=0.01, penalty='l2', solver='saga', tol=0.1, multi_class='multinomial')))


results = []
names = []
y = digits.target
for name, algo in algorithm:
    k_fold = model_selection.KFold(n_splits=10, random_state=10)
    if name == 'SVM':
        X = flatten_digits
        cv_resu","Traceback (most recent call last):
  File ""/opt/pipeline/scripts/execution_core.py"", line 225, in execute_notebook_in_current_env
    client.execute()
  File ""/usr/local/lib/python3.10/site-packages/jupyter_core/utils/__init__.py"", line 165, in wrapped
    return loop.run_until_complete(inner)
  File ""/usr/local/lib/python3.10/asyncio/base_events.py"", line 649, in run_until_complete
    return future.result()
  File ""/usr/local/lib/python3.10/site-packages/nbclient/client.py"", line 709, in async_execute
    await self.async_execute_cell(
  File ""/usr/local/lib/python3.10/site-packages/nbclient/client.py"", line 1062, in async_execute_cell
    await self._check_raise_for_error(cell, cell_index, exec_reply)
  File ""/usr/local/lib/python3.10/site-packages/nbclient/client.py"", line 918, in _check_raise_for_error
    raise CellExecutionError.from_cell_and_msg(cell, exec_reply_content)
nbclient.exceptions.CellExecutionError: An error occurred while executing the following cell:
--------------",False,4.991,3.10.19
e863fd4e795b4b21f615765934a421d9b1ced858af4d76937a1a4cef954129bb,Subin-Vidhu/2025,0_Coursera/2_Generative Adversarial Networks (GANs) Specialization/Apply Generative Adversarial Networks (GANs)/C3W1_Assignment.ipynb,other,CellExecutionError,runtime_error,no running event loop,"An error occurred while executing the following cell:
------------------
# UNGRADED FUNCTION: find_optimal
def find_optimal():
    # In the following section, you can write the code to choose your optimal answer
    # You can even use the eval_augmentation function in your code if you'd like!
    gen_names = [
        ""gen_1.pt"",
        ""gen_2.pt"",
        ""gen_3.pt"",
        ""gen_4.pt""
    ]

    #### START CODE HERE #### 
    best_p_real, best_gen_name = None, None
    #### END CODE HERE ####","Traceback (most recent call last):
  File ""/usr/local/lib/python3.8/site-packages/jupyter_core/utils/__init__.py"", line 154, in wrapped
    asyncio.get_running_loop()
RuntimeError: no running event loop

During handling of the above exception, another exception occurred:

Traceback (most recent call last):
  File ""/opt/pipeline/scripts/execution_core.py"", line 225, in execute_notebook_in_current_env
    client.execute()
  File ""/usr/local/lib/python3.8/site-packages/jupyter_core/utils/__init__.py"", line 158, in wrapped
    return loop.run_until_complete(inner)
  File ""/usr/local/lib/python3.8/asyncio/base_events.py"", line 616, in run_until_complete
    return future.result()
  File ""/usr/local/lib/python3.8/site-packages/nbclient/client.py"", line 709, in async_execute
    await self.async_execute_cell(
  File ""/usr/local/lib/python3.8/site-packages/nbclient/client.py"", line 1062, in async_execute_cell
    await self._check_raise_for_error(cell, cell_index, exec_reply)
  File ""/usr/loca",False,5.955,3.8.20
b8b526943dd2635e27cb31ec4b21becd08988e429415d2db3b175069879bba87,Subin-Vidhu/2025,0_Coursera/2_Generative Adversarial Networks (GANs) Specialization/Apply Generative Adversarial Networks (GANs)/C3W2A_Assignment.ipynb,file_not_found,CellExecutionError,file_not_found,/workspace/train-volume.tif,"An error occurred while executing the following cell:
------------------
from skimage import io
import numpy as np
volumes = torch.Tensor(io.imread('train-volume.tif'))[:, None, :, :] / 255
labels = torch.Tensor(io.imread('train-labels.tif', plugin=""tifffile""))[:, None, :, :] / 255
labels = crop(labels, torch.Size([len(labels), 1, target_shape, target_shape]))
dataset = torch.utils.data.TensorDataset(volumes, labels)
------------------


[0;31m---------------------------------------------------","Traceback (most recent call last):
  File ""/usr/local/lib/python3.8/site-packages/jupyter_core/utils/__init__.py"", line 154, in wrapped
    asyncio.get_running_loop()
RuntimeError: no running event loop

During handling of the above exception, another exception occurred:

Traceback (most recent call last):
  File ""/opt/pipeline/scripts/execution_core.py"", line 225, in execute_notebook_in_current_env
    client.execute()
  File ""/usr/local/lib/python3.8/site-packages/jupyter_core/utils/__init__.py"", line 158, in wrapped
    return loop.run_until_complete(inner)
  File ""/usr/local/lib/python3.8/asyncio/base_events.py"", line 616, in run_until_complete
    return future.result()
  File ""/usr/local/lib/python3.8/site-packages/nbclient/client.py"", line 709, in async_execute
    await self.async_execute_cell(
  File ""/usr/local/lib/python3.8/site-packages/nbclient/client.py"", line 1062, in async_execute_cell
    await self._check_raise_for_error(cell, cell_index, exec_reply)
  File ""/usr/loca",False,5.408,3.8.20
be0392c9e674d563785876e6e0ee7109f26c36a1072065a4f080e086af01e691,Subin-Vidhu/2025,0_Coursera/2_Generative Adversarial Networks (GANs) Specialization/Apply Generative Adversarial Networks (GANs)/C3W2B_Assignment.ipynb,file_not_found,CellExecutionError,file_not_found,maps,"An error occurred while executing the following cell:
------------------
transform = transforms.Compose([
    transforms.ToTensor(),
])

import torchvision
dataset = torchvision.datasets.ImageFolder(""maps"", transform=transform)
------------------


[0;31m---------------------------------------------------------------------------[0m
[0;31mFileNotFoundError[0m                         Traceback (most recent call last)
Cell [0;32mIn[6], line 6[0m
[1;32m      1[0m transform [38;5;241m=[39m ","Traceback (most recent call last):
  File ""/usr/local/lib/python3.8/site-packages/jupyter_core/utils/__init__.py"", line 154, in wrapped
    asyncio.get_running_loop()
RuntimeError: no running event loop

During handling of the above exception, another exception occurred:

Traceback (most recent call last):
  File ""/opt/pipeline/scripts/execution_core.py"", line 225, in execute_notebook_in_current_env
    client.execute()
  File ""/usr/local/lib/python3.8/site-packages/jupyter_core/utils/__init__.py"", line 158, in wrapped
    return loop.run_until_complete(inner)
  File ""/usr/local/lib/python3.8/asyncio/base_events.py"", line 616, in run_until_complete
    return future.result()
  File ""/usr/local/lib/python3.8/site-packages/nbclient/client.py"", line 709, in async_execute
    await self.async_execute_cell(
  File ""/usr/local/lib/python3.8/site-packages/nbclient/client.py"", line 1062, in async_execute_cell
    await self._check_raise_for_error(cell, cell_index, exec_reply)
  File ""/usr/loca",False,3.839,3.8.20
4fe971416c0ea30efe28eee6dd7c76a1e523878ab0638c0d2154d1cdfa97173d,Subin-Vidhu/2025,0_Coursera/2_Generative Adversarial Networks (GANs) Specialization/Build Basic Generative Adversarial Networks (GANs)/C1W1_Your_First_GAN.ipynb,other,CellExecutionError,runtime_error,no running event loop,"An error occurred while executing the following cell:
------------------
# Set your parameters
criterion = nn.BCEWithLogitsLoss()
n_epochs = 200
z_dim = 64
display_step = 500
batch_size = 128
lr = 0.00001

# Load MNIST dataset as tensors
dataloader = DataLoader(
    MNIST('.', download=False, transform=transforms.ToTensor()),
    batch_size=batch_size,
    shuffle=True)

### DO NOT EDIT ###
device = 'cuda'
------------------


[0;31m--------------------------------------------------------------","Traceback (most recent call last):
  File ""/usr/local/lib/python3.8/site-packages/jupyter_core/utils/__init__.py"", line 154, in wrapped
    asyncio.get_running_loop()
RuntimeError: no running event loop

During handling of the above exception, another exception occurred:

Traceback (most recent call last):
  File ""/opt/pipeline/scripts/execution_core.py"", line 225, in execute_notebook_in_current_env
    client.execute()
  File ""/usr/local/lib/python3.8/site-packages/jupyter_core/utils/__init__.py"", line 158, in wrapped
    return loop.run_until_complete(inner)
  File ""/usr/local/lib/python3.8/asyncio/base_events.py"", line 616, in run_until_complete
    return future.result()
  File ""/usr/local/lib/python3.8/site-packages/nbclient/client.py"", line 709, in async_execute
    await self.async_execute_cell(
  File ""/usr/local/lib/python3.8/site-packages/nbclient/client.py"", line 1062, in async_execute_cell
    await self._check_raise_for_error(cell, cell_index, exec_reply)
  File ""/usr/loca",False,3.892,3.8.20
3743cbb4354e258bff4086823284f873801dbfa72aa3ab9089235262e0490dc7,Subin-Vidhu/2025,0_Coursera/2_Generative Adversarial Networks (GANs) Specialization/Build Basic Generative Adversarial Networks (GANs)/C1W3_WGAN_GP.ipynb,other,CellExecutionError,runtime_error,no running event loop,"An error occurred while executing the following cell:
------------------
n_epochs = 100
z_dim = 64
display_step = 500
batch_size = 128
lr = 0.0002
beta_1 = 0.5
beta_2 = 0.999
c_lambda = 10
crit_repeats = 5
device = 'cuda'

transform = transforms.Compose([
    transforms.ToTensor(),
    transforms.Normalize((0.5,), (0.5,)),
])

dataloader = DataLoader(
    MNIST('.', download=False, transform=transform),
    batch_size=batch_size,
    shuffle=True)
------------------


[0;31m--------------------","Traceback (most recent call last):
  File ""/usr/local/lib/python3.8/site-packages/jupyter_core/utils/__init__.py"", line 154, in wrapped
    asyncio.get_running_loop()
RuntimeError: no running event loop

During handling of the above exception, another exception occurred:

Traceback (most recent call last):
  File ""/opt/pipeline/scripts/execution_core.py"", line 225, in execute_notebook_in_current_env
    client.execute()
  File ""/usr/local/lib/python3.8/site-packages/jupyter_core/utils/__init__.py"", line 158, in wrapped
    return loop.run_until_complete(inner)
  File ""/usr/local/lib/python3.8/asyncio/base_events.py"", line 616, in run_until_complete
    return future.result()
  File ""/usr/local/lib/python3.8/site-packages/nbclient/client.py"", line 709, in async_execute
    await self.async_execute_cell(
  File ""/usr/local/lib/python3.8/site-packages/nbclient/client.py"", line 1062, in async_execute_cell
    await self._check_raise_for_error(cell, cell_index, exec_reply)
  File ""/usr/loca",False,3.945,3.8.20
8223f795364bdc1548913ba1fe2dd640f578df10c10faa2c14bd95aa3417bcd9,Subin-Vidhu/2025,0_Coursera/2_Generative Adversarial Networks (GANs) Specialization/Build Basic Generative Adversarial Networks (GANs)/C1W4A_Build_a_Conditional_GAN.ipynb,other,CellExecutionError,runtime_error,no running event loop,"An error occurred while executing the following cell:
------------------
criterion = nn.BCEWithLogitsLoss()
n_epochs = 200
z_dim = 64
display_step = 500
batch_size = 128
lr = 0.0002
device = 'cuda'

transform = transforms.Compose([
    transforms.ToTensor(),
    transforms.Normalize((0.5,), (0.5,)),
])

dataloader = DataLoader(
    MNIST('.', download=False, transform=transform),
    batch_size=batch_size,
    shuffle=True)
------------------


[0;31m--------------------------------------------","Traceback (most recent call last):
  File ""/usr/local/lib/python3.8/site-packages/jupyter_core/utils/__init__.py"", line 154, in wrapped
    asyncio.get_running_loop()
RuntimeError: no running event loop

During handling of the above exception, another exception occurred:

Traceback (most recent call last):
  File ""/opt/pipeline/scripts/execution_core.py"", line 225, in execute_notebook_in_current_env
    client.execute()
  File ""/usr/local/lib/python3.8/site-packages/jupyter_core/utils/__init__.py"", line 158, in wrapped
    return loop.run_until_complete(inner)
  File ""/usr/local/lib/python3.8/asyncio/base_events.py"", line 616, in run_until_complete
    return future.result()
  File ""/usr/local/lib/python3.8/site-packages/nbclient/client.py"", line 709, in async_execute
    await self.async_execute_cell(
  File ""/usr/local/lib/python3.8/site-packages/nbclient/client.py"", line 1062, in async_execute_cell
    await self._check_raise_for_error(cell, cell_index, exec_reply)
  File ""/usr/loca",False,3.964,3.8.20
243510ec02681dd2ed6bc5c07475911b7eda2ef5dffde195b337a417a4829d7e,Subin-Vidhu/2025,0_Coursera/2_Generative Adversarial Networks (GANs) Specialization/Build Basic Generative Adversarial Networks (GANs)/C1W4B_Controllable_Generation.ipynb,other,CellExecutionError,runtime_error,no running event loop,"An error occurred while executing the following cell:
------------------
import torch
gen = Generator(z_dim).to(device)
gen_dict = torch.load(""pretrained_celeba.pth"", map_location=torch.device(device))[""gen""]
gen.load_state_dict(gen_dict)
gen.eval()

n_classes = 40
classifier = Classifier(n_classes=n_classes).to(device)
class_dict = torch.load(""pretrained_classifier.pth"", map_location=torch.device(device))[""classifier""]
classifier.load_state_dict(class_dict)
classifier.eval()
print(""Loaded the m","Traceback (most recent call last):
  File ""/usr/local/lib/python3.8/site-packages/jupyter_core/utils/__init__.py"", line 154, in wrapped
    asyncio.get_running_loop()
RuntimeError: no running event loop

During handling of the above exception, another exception occurred:

Traceback (most recent call last):
  File ""/opt/pipeline/scripts/execution_core.py"", line 225, in execute_notebook_in_current_env
    client.execute()
  File ""/usr/local/lib/python3.8/site-packages/jupyter_core/utils/__init__.py"", line 158, in wrapped
    return loop.run_until_complete(inner)
  File ""/usr/local/lib/python3.8/asyncio/base_events.py"", line 616, in run_until_complete
    return future.result()
  File ""/usr/local/lib/python3.8/site-packages/nbclient/client.py"", line 709, in async_execute
    await self.async_execute_cell(
  File ""/usr/local/lib/python3.8/site-packages/nbclient/client.py"", line 1062, in async_execute_cell
    await self._check_raise_for_error(cell, cell_index, exec_reply)
  File ""/usr/loca",False,3.939,3.8.20
1a5694cc7135404fcf5027321beb99d651940e0c5e9dc860378e98e0c26bbd51,Subin-Vidhu/2025,0_Coursera/2_Generative Adversarial Networks (GANs) Specialization/Build Basic Generative Adversarial Networks (GANs)/C1_W2_Assignment.ipynb,other,CellExecutionError,runtime_error,no running event loop,"An error occurred while executing the following cell:
------------------
criterion = nn.BCEWithLogitsLoss()
z_dim = 64
display_step = 500
batch_size = 128
# A learning rate of 0.0002 works well on DCGAN
lr = 0.0002

# These parameters control the optimizer's momentum, which you can read more about here:
# https://distill.pub/2017/momentum/ but you don’t need to worry about it for this course!
beta_1 = 0.5 
beta_2 = 0.999
device = 'cuda'

# You can tranform the image values to be between -1 and 1","Traceback (most recent call last):
  File ""/usr/local/lib/python3.8/site-packages/jupyter_core/utils/__init__.py"", line 154, in wrapped
    asyncio.get_running_loop()
RuntimeError: no running event loop

During handling of the above exception, another exception occurred:

Traceback (most recent call last):
  File ""/opt/pipeline/scripts/execution_core.py"", line 225, in execute_notebook_in_current_env
    client.execute()
  File ""/usr/local/lib/python3.8/site-packages/jupyter_core/utils/__init__.py"", line 158, in wrapped
    return loop.run_until_complete(inner)
  File ""/usr/local/lib/python3.8/asyncio/base_events.py"", line 616, in run_until_complete
    return future.result()
  File ""/usr/local/lib/python3.8/site-packages/nbclient/client.py"", line 709, in async_execute
    await self.async_execute_cell(
  File ""/usr/local/lib/python3.8/site-packages/nbclient/client.py"", line 1062, in async_execute_cell
    await self._check_raise_for_error(cell, cell_index, exec_reply)
  File ""/usr/loca",False,4.037,3.8.20
e7517c6fcad6132decd62f3ddf82117ccc0303282bad7da83a580b83cba71eee,Subin-Vidhu/2025,0_Coursera/2_Generative Adversarial Networks (GANs) Specialization/Build Better Generative Adversarial Networks (GANs)/C2W1_Assignment.ipynb,file_not_found,CellExecutionError,file_not_found,fid_images_tensor.npz,"An error occurred while executing the following cell:
------------------
z_dim = 64
image_size = 299
device = 'cuda'

transform = transforms.Compose([
    transforms.Resize(image_size),
    transforms.CenterCrop(image_size),
    transforms.ToTensor(),
    transforms.Normalize((0.5, 0.5, 0.5), (0.5, 0.5, 0.5)),
])

in_coursera = True # Set this to false if you're running this outside Coursera
if in_coursera:
    import numpy as np
    data = torch.Tensor(np.load('fid_images_tensor.npz', allow_pic","Traceback (most recent call last):
  File ""/usr/local/lib/python3.8/site-packages/jupyter_core/utils/__init__.py"", line 154, in wrapped
    asyncio.get_running_loop()
RuntimeError: no running event loop

During handling of the above exception, another exception occurred:

Traceback (most recent call last):
  File ""/opt/pipeline/scripts/execution_core.py"", line 225, in execute_notebook_in_current_env
    client.execute()
  File ""/usr/local/lib/python3.8/site-packages/jupyter_core/utils/__init__.py"", line 158, in wrapped
    return loop.run_until_complete(inner)
  File ""/usr/local/lib/python3.8/asyncio/base_events.py"", line 616, in run_until_complete
    return future.result()
  File ""/usr/local/lib/python3.8/site-packages/nbclient/client.py"", line 709, in async_execute
    await self.async_execute_cell(
  File ""/usr/local/lib/python3.8/site-packages/nbclient/client.py"", line 1062, in async_execute_cell
    await self._check_raise_for_error(cell, cell_index, exec_reply)
  File ""/usr/loca",False,3.78,3.8.20
b5ae9df6026d2e23787f183aaee1461d8ea26fc45cca240552bdaef626f0c653,Subin-Vidhu/2025,0_Coursera/2_Generative Adversarial Networks (GANs) Specialization/Build Better Generative Adversarial Networks (GANs)/C2W2_Assignment.ipynb,other,CellExecutionError,runtime_error,no running event loop,"An error occurred while executing the following cell:
------------------
import torch
gen = Generator(z_dim).to(device)
gen_dict = torch.load(""pretrained_celeba.pth"", map_location=torch.device(device))[""gen""]
gen.load_state_dict(gen_dict)
gen.eval()

n_classes = 40
classifier = Classifier(n_classes=n_classes).to(device)
class_dict = torch.load(""pretrained_classifier.pth"", map_location=torch.device(device))[""classifier""]
classifier.load_state_dict(class_dict)
classifier.eval()
print(""Loaded the m","Traceback (most recent call last):
  File ""/usr/local/lib/python3.8/site-packages/jupyter_core/utils/__init__.py"", line 154, in wrapped
    asyncio.get_running_loop()
RuntimeError: no running event loop

During handling of the above exception, another exception occurred:

Traceback (most recent call last):
  File ""/opt/pipeline/scripts/execution_core.py"", line 225, in execute_notebook_in_current_env
    client.execute()
  File ""/usr/local/lib/python3.8/site-packages/jupyter_core/utils/__init__.py"", line 158, in wrapped
    return loop.run_until_complete(inner)
  File ""/usr/local/lib/python3.8/asyncio/base_events.py"", line 616, in run_until_complete
    return future.result()
  File ""/usr/local/lib/python3.8/site-packages/nbclient/client.py"", line 709, in async_execute
    await self.async_execute_cell(
  File ""/usr/local/lib/python3.8/site-packages/nbclient/client.py"", line 1062, in async_execute_cell
    await self._check_raise_for_error(cell, cell_index, exec_reply)
  File ""/usr/loca",False,3.992,3.8.20
47e4cfbef501aa029aa0ae8db87cdd7c405f7d72513aaba7793b8479e2ca9e39,Subin-Vidhu/2025,0_Coursera/3_Microsoft Python Development Professional Certificate/ii.Data Analysis and Visualization with Python/codes/C2_M5_L01.ipynb,file_not_found,CellExecutionError,file_not_found,house_prices.csv,"An error occurred while executing the following cell:
------------------
# Provided for you - no changes necessary.
import pandas as pd
df = pd.read_csv(""house_prices.csv"")

# Display the first 5 rows of the DataFrame
df.head()
------------------


[0;31m---------------------------------------------------------------------------[0m
[0;31mFileNotFoundError[0m                         Traceback (most recent call last)
Cell [0;32mIn[2], line 3[0m
[1;32m      1[0m [38;5;66;03m# Provided for ","Traceback (most recent call last):
  File ""/opt/pipeline/scripts/execution_core.py"", line 225, in execute_notebook_in_current_env
    client.execute()
  File ""/usr/local/lib/python3.10/site-packages/jupyter_core/utils/__init__.py"", line 165, in wrapped
    return loop.run_until_complete(inner)
  File ""/usr/local/lib/python3.10/asyncio/base_events.py"", line 649, in run_until_complete
    return future.result()
  File ""/usr/local/lib/python3.10/site-packages/nbclient/client.py"", line 709, in async_execute
    await self.async_execute_cell(
  File ""/usr/local/lib/python3.10/site-packages/nbclient/client.py"", line 1062, in async_execute_cell
    await self._check_raise_for_error(cell, cell_index, exec_reply)
  File ""/usr/local/lib/python3.10/site-packages/nbclient/client.py"", line 918, in _check_raise_for_error
    raise CellExecutionError.from_cell_and_msg(cell, exec_reply_content)
nbclient.exceptions.CellExecutionError: An error occurred while executing the following cell:
--------------",False,1.84,3.10.19
105c296b3151959ab7c8a9ed9cf8cf821af2411ccdb2525bcebc1311b4979582,Subin-Vidhu/2025,0_Coursera/3_Microsoft Python Development Professional Certificate/iii.Automation and Scripting with Python/Codes/churn/C3_M5_PA01.ipynb,file_not_found,CellExecutionError,file_not_found,customer_churn.csv,"An error occurred while executing the following cell:
------------------
import pandas as pd 
df = pd.read_csv(""customer_churn.csv"")
------------------


[0;31m---------------------------------------------------------------------------[0m
[0;31mFileNotFoundError[0m                         Traceback (most recent call last)
Cell [0;32mIn[1], line 2[0m
[1;32m      1[0m [38;5;28;01mimport[39;00m[38;5;250m [39m[38;5;21;01mpandas[39;00m[38;5;250m [39m[38;5;28;01mas[39;00m[38;5;250m ","Traceback (most recent call last):
  File ""/opt/pipeline/scripts/execution_core.py"", line 225, in execute_notebook_in_current_env
    client.execute()
  File ""/usr/local/lib/python3.10/site-packages/jupyter_core/utils/__init__.py"", line 165, in wrapped
    return loop.run_until_complete(inner)
  File ""/usr/local/lib/python3.10/asyncio/base_events.py"", line 649, in run_until_complete
    return future.result()
  File ""/usr/local/lib/python3.10/site-packages/nbclient/client.py"", line 709, in async_execute
    await self.async_execute_cell(
  File ""/usr/local/lib/python3.10/site-packages/nbclient/client.py"", line 1062, in async_execute_cell
    await self._check_raise_for_error(cell, cell_index, exec_reply)
  File ""/usr/local/lib/python3.10/site-packages/nbclient/client.py"", line 918, in _check_raise_for_error
    raise CellExecutionError.from_cell_and_msg(cell, exec_reply_content)
nbclient.exceptions.CellExecutionError: An error occurred while executing the following cell:
--------------",False,1.782,3.10.19
f69944ee6d0010a7a3d89653da9e89e2661bcf94ff1ba8150f6d981bc6e37eff,Subin-Vidhu/2025,0_Coursera/3_Microsoft Python Development Professional Certificate/iii.Automation and Scripting with Python/Codes/final/C3_M5_PA02.ipynb,other,CellExecutionError,unclassified,,"An error occurred while executing the following cell:
------------------
%%bash
# Initialize a Git repository
git init

# Add all the files to staging
git add .

# Commit the changes
git commit -m ""Initial commit for the automation and scripting project""
------------------

----- stderr -----
hint: Using 'master' as the name for the initial branch. This default branch name
hint: is subject t
----- stderr -----
o change. To configure the initial branch name to use in all
hint: of your new reposit","Traceback (most recent call last):
  File ""/opt/pipeline/scripts/execution_core.py"", line 225, in execute_notebook_in_current_env
    client.execute()
  File ""/usr/local/lib/python3.10/site-packages/jupyter_core/utils/__init__.py"", line 165, in wrapped
    return loop.run_until_complete(inner)
  File ""/usr/local/lib/python3.10/asyncio/base_events.py"", line 649, in run_until_complete
    return future.result()
  File ""/usr/local/lib/python3.10/site-packages/nbclient/client.py"", line 709, in async_execute
    await self.async_execute_cell(
  File ""/usr/local/lib/python3.10/site-packages/nbclient/client.py"", line 1062, in async_execute_cell
    await self._check_raise_for_error(cell, cell_index, exec_reply)
  File ""/usr/local/lib/python3.10/site-packages/nbclient/client.py"", line 918, in _check_raise_for_error
    raise CellExecutionError.from_cell_and_msg(cell, exec_reply_content)
nbclient.exceptions.CellExecutionError: An error occurred while executing the following cell:
--------------",False,27.474,3.10.19
ec68879e08103d81ee53b4c4f400451b1bb7ef64b739ac334877c2a7f6e3ee6b,Subin-Vidhu/2025,0_Coursera/3_Microsoft Python Development Professional Certificate/vi.Project Development in Python/Creating a chatbot with Python (1).ipynb,other,CellExecutionError,unclassified,,"An error occurred while executing the following cell:
------------------
possible_conditions = []
extracted_symptoms = []

# Get user's symptoms
user_input = input(""Please enter your primary concern: "")

# Extract symptoms
extracted_symptoms = extract_symptoms(user_input)

# Analyze symptoms
possible_conditions = analyze_symptoms(extracted_symptoms)

# Generate initial response
response = generate_response(extracted_symptoms, possible_conditions)
print(""Chatbot:"", response)
------------------


","Traceback (most recent call last):
  File ""/opt/pipeline/scripts/execution_core.py"", line 225, in execute_notebook_in_current_env
    client.execute()
  File ""/usr/local/lib/python3.10/site-packages/jupyter_core/utils/__init__.py"", line 165, in wrapped
    return loop.run_until_complete(inner)
  File ""/usr/local/lib/python3.10/asyncio/base_events.py"", line 649, in run_until_complete
    return future.result()
  File ""/usr/local/lib/python3.10/site-packages/nbclient/client.py"", line 709, in async_execute
    await self.async_execute_cell(
  File ""/usr/local/lib/python3.10/site-packages/nbclient/client.py"", line 1062, in async_execute_cell
    await self._check_raise_for_error(cell, cell_index, exec_reply)
  File ""/usr/local/lib/python3.10/site-packages/nbclient/client.py"", line 918, in _check_raise_for_error
    raise CellExecutionError.from_cell_and_msg(cell, exec_reply_content)
nbclient.exceptions.CellExecutionError: An error occurred while executing the following cell:
--------------",False,19.548,3.10.19
5915f2fdbfc0c2508f74013509f9c290cc85fd750a2aabab4371affef735ff67,Subin-Vidhu/2025,0_Coursera/3_Microsoft Python Development Professional Certificate/vi.Project Development in Python/Creating a chatbot with Python.ipynb,other,CellExecutionError,unclassified,,"An error occurred while executing the following cell:
------------------
possible_conditions = []
extracted_symptoms = []

# Get user's symptoms
user_input = input(""Please enter your primary concern: "")

# Extract symptoms
extracted_symptoms = extract_symptoms(user_input)

# Analyze symptoms
possible_conditions = analyze_symptoms(extracted_symptoms)

# Generate initial response
response = generate_response(extracted_symptoms, possible_conditions)
print(""Chatbot:"", response)
------------------


","Traceback (most recent call last):
  File ""/opt/pipeline/scripts/execution_core.py"", line 225, in execute_notebook_in_current_env
    client.execute()
  File ""/usr/local/lib/python3.10/site-packages/jupyter_core/utils/__init__.py"", line 165, in wrapped
    return loop.run_until_complete(inner)
  File ""/usr/local/lib/python3.10/asyncio/base_events.py"", line 649, in run_until_complete
    return future.result()
  File ""/usr/local/lib/python3.10/site-packages/nbclient/client.py"", line 709, in async_execute
    await self.async_execute_cell(
  File ""/usr/local/lib/python3.10/site-packages/nbclient/client.py"", line 1062, in async_execute_cell
    await self._check_raise_for_error(cell, cell_index, exec_reply)
  File ""/usr/local/lib/python3.10/site-packages/nbclient/client.py"", line 918, in _check_raise_for_error
    raise CellExecutionError.from_cell_and_msg(cell, exec_reply_content)
nbclient.exceptions.CellExecutionError: An error occurred while executing the following cell:
--------------",False,17.177,3.10.19
6f7fcad062d5b2782fb8a171e40f49009236ba5c7536fc6eaab6600641c4945e,Subin-Vidhu/2025,0_Datacamp/2_Machine Learning Engineer/4_Predictive Modeling for Agriculture-Project/workspace/workspace/notebook.ipynb,file_not_found,CellExecutionError,file_not_found,soil_measures.csv,"An error occurred while executing the following cell:
------------------
# All required libraries are imported here for you.
import pandas as pd
from sklearn.linear_model import LogisticRegression
from sklearn.model_selection import train_test_split
from sklearn import metrics

# Load the dataset
crops = pd.read_csv(""soil_measures.csv"")

# Check for missing values
crops.isna().sum()

# Check how many crops we have, i.e., multi-class target
crops.crop.unique()

# Split into feature and target set","Traceback (most recent call last):
  File ""/usr/local/lib/python3.8/site-packages/jupyter_core/utils/__init__.py"", line 154, in wrapped
    asyncio.get_running_loop()
RuntimeError: no running event loop

During handling of the above exception, another exception occurred:

Traceback (most recent call last):
  File ""/opt/pipeline/scripts/execution_core.py"", line 225, in execute_notebook_in_current_env
    client.execute()
  File ""/usr/local/lib/python3.8/site-packages/jupyter_core/utils/__init__.py"", line 158, in wrapped
    return loop.run_until_complete(inner)
  File ""/usr/local/lib/python3.8/asyncio/base_events.py"", line 616, in run_until_complete
    return future.result()
  File ""/usr/local/lib/python3.8/site-packages/nbclient/client.py"", line 709, in async_execute
    await self.async_execute_cell(
  File ""/usr/local/lib/python3.8/site-packages/nbclient/client.py"", line 1062, in async_execute_cell
    await self._check_raise_for_error(cell, cell_index, exec_reply)
  File ""/usr/loca",False,2.359,3.8.20
20bdce1861aea4781383721e46ad0dd7388239c85641bdc1ef560daad37667c2,Subin-Vidhu/2025,0_Datacamp/3_Machine Learning Scientist in Python/2_Predictive Modeling for Agriculture-Project/workspace/workspace/notebook.ipynb,file_not_found,CellExecutionError,file_not_found,soil_measures.csv,"An error occurred while executing the following cell:
------------------
# All required libraries are imported here for you.
import pandas as pd
from sklearn.linear_model import LogisticRegression
from sklearn.model_selection import train_test_split
from sklearn import metrics

# Load the dataset
crops = pd.read_csv(""soil_measures.csv"")

# Check for missing values
crops.isna().sum()

# Check how many crops we have, i.e., multi-class target
crops.crop.unique()

# Split into feature and target set","Traceback (most recent call last):
  File ""/usr/local/lib/python3.8/site-packages/jupyter_core/utils/__init__.py"", line 154, in wrapped
    asyncio.get_running_loop()
RuntimeError: no running event loop

During handling of the above exception, another exception occurred:

Traceback (most recent call last):
  File ""/opt/pipeline/scripts/execution_core.py"", line 225, in execute_notebook_in_current_env
    client.execute()
  File ""/usr/local/lib/python3.8/site-packages/jupyter_core/utils/__init__.py"", line 158, in wrapped
    return loop.run_until_complete(inner)
  File ""/usr/local/lib/python3.8/asyncio/base_events.py"", line 616, in run_until_complete
    return future.result()
  File ""/usr/local/lib/python3.8/site-packages/nbclient/client.py"", line 709, in async_execute
    await self.async_execute_cell(
  File ""/usr/local/lib/python3.8/site-packages/nbclient/client.py"", line 1062, in async_execute_cell
    await self._check_raise_for_error(cell, cell_index, exec_reply)
  File ""/usr/loca",False,4.247,3.8.20
9238c49ee7c0029cb8b9e5fe53daf32f43100cfbce499aedc863d9f7814896ec,Subin-Vidhu/2025,0_Datacamp/7_Tuberculosis_Competition/TB_Detection_PyTorch_ResNet18_CNN_ChestXRay (1).ipynb,other,CellExecutionError,unclassified,,"An error occurred while executing the following cell:
------------------
train_dir = os.path.join(DATA_ROOT, ""train"")
val_dir = os.path.join(DATA_ROOT, ""test"")

print(f""Train Folder: {train_dir}"")
print(f""Validation Folder: {val_dir}"")

# Count images in each class
def count_images(folder):
    counts = {}
    for cls in os.listdir(folder):
        cls_path = os.path.join(folder, cls)
        if os.path.isdir(cls_path):
            counts[cls] = len(os.listdir(cls_path))
    return counts

train","Traceback (most recent call last):
  File ""/opt/pipeline/scripts/execution_core.py"", line 225, in execute_notebook_in_current_env
    client.execute()
  File ""/usr/local/lib/python3.10/site-packages/jupyter_core/utils/__init__.py"", line 165, in wrapped
    return loop.run_until_complete(inner)
  File ""/usr/local/lib/python3.10/asyncio/base_events.py"", line 649, in run_until_complete
    return future.result()
  File ""/usr/local/lib/python3.10/site-packages/nbclient/client.py"", line 709, in async_execute
    await self.async_execute_cell(
  File ""/usr/local/lib/python3.10/site-packages/nbclient/client.py"", line 1062, in async_execute_cell
    await self._check_raise_for_error(cell, cell_index, exec_reply)
  File ""/usr/local/lib/python3.10/site-packages/nbclient/client.py"", line 918, in _check_raise_for_error
    raise CellExecutionError.from_cell_and_msg(cell, exec_reply_content)
nbclient.exceptions.CellExecutionError: An error occurred while executing the following cell:
--------------",False,3.65,3.10.19
be9e942ea59ea01b1bde74ce6290ab7c93fddfa5e96a8ccf873d113395a28a60,Subin-Vidhu/2025,0_Datacamp/7_Tuberculosis_Competition/TB_Detection_PyTorch_ResNet18_CNN_ChestXRay.ipynb,other,CellExecutionError,unclassified,,"An error occurred while executing the following cell:
------------------
train_dir = os.path.join(DATA_ROOT, ""train"")
val_dir = os.path.join(DATA_ROOT, ""test"")

print(f""Train Folder: {train_dir}"")
print(f""Validation Folder: {val_dir}"")

# Count images in each class
def count_images(folder):
    counts = {}
    for cls in os.listdir(folder):
        cls_path = os.path.join(folder, cls)
        if os.path.isdir(cls_path):
            counts[cls] = len(os.listdir(cls_path))
    return counts

train","Traceback (most recent call last):
  File ""/opt/pipeline/scripts/execution_core.py"", line 225, in execute_notebook_in_current_env
    client.execute()
  File ""/usr/local/lib/python3.10/site-packages/jupyter_core/utils/__init__.py"", line 165, in wrapped
    return loop.run_until_complete(inner)
  File ""/usr/local/lib/python3.10/asyncio/base_events.py"", line 649, in run_until_complete
    return future.result()
  File ""/usr/local/lib/python3.10/site-packages/nbclient/client.py"", line 709, in async_execute
    await self.async_execute_cell(
  File ""/usr/local/lib/python3.10/site-packages/nbclient/client.py"", line 1062, in async_execute_cell
    await self._check_raise_for_error(cell, cell_index, exec_reply)
  File ""/usr/local/lib/python3.10/site-packages/nbclient/client.py"", line 918, in _check_raise_for_error
    raise CellExecutionError.from_cell_and_msg(cell, exec_reply_content)
nbclient.exceptions.CellExecutionError: An error occurred while executing the following cell:
--------------",False,3.608,3.10.19
67653884cc353af942af6e392fa81449e571b9be863601c374da98416e2642cd,Subin-Vidhu/2025,0_Udemy_Courses/2_Brain Computer Interface and Deep Learning Using Python/CODES/Section_3_Project_1/1_Brain_computer_interface.ipynb,file_not_found,CellExecutionError,file_not_found,./1.npy,"An error occurred while executing the following cell:
------------------
dataset = np.load(""./1.npy"")
------------------


[0;31m---------------------------------------------------------------------------[0m
[0;31mFileNotFoundError[0m                         Traceback (most recent call last)
Cell [0;32mIn[2], line 1[0m
[0;32m----> 1[0m dataset [38;5;241m=[39m [43mnp[49m[38;5;241;43m.[39;49m[43mload[49m[43m([49m[38;5;124;43m""[39;49m[38;5;124;43m./1.npy[39;49m[38;5;124;43m""","Traceback (most recent call last):
  File ""/usr/local/lib/python3.9/site-packages/jupyter_core/utils/__init__.py"", line 154, in wrapped
    asyncio.get_running_loop()
RuntimeError: no running event loop

During handling of the above exception, another exception occurred:

Traceback (most recent call last):
  File ""/opt/pipeline/scripts/execution_core.py"", line 225, in execute_notebook_in_current_env
    client.execute()
  File ""/usr/local/lib/python3.9/site-packages/jupyter_core/utils/__init__.py"", line 158, in wrapped
    return loop.run_until_complete(inner)
  File ""/usr/local/lib/python3.9/asyncio/base_events.py"", line 647, in run_until_complete
    return future.result()
  File ""/usr/local/lib/python3.9/site-packages/nbclient/client.py"", line 709, in async_execute
    await self.async_execute_cell(
  File ""/usr/local/lib/python3.9/site-packages/nbclient/client.py"", line 1062, in async_execute_cell
    await self._check_raise_for_error(cell, cell_index, exec_reply)
  File ""/usr/loca",False,1.382,3.9.25
eb8c769c36e44eed156c95859f9ceb9208c0fb4392c4499d544ce37c9e79bfba,Subin-Vidhu/2025,0_Udemy_Courses/2_Brain Computer Interface and Deep Learning Using Python/CODES/Section_3_Project_1/2_segmentation.ipynb,file_not_found,CellExecutionError,file_not_found,./1.npy,"An error occurred while executing the following cell:
------------------
dataset = np.load(""./1.npy"")
------------------


[0;31m---------------------------------------------------------------------------[0m
[0;31mFileNotFoundError[0m                         Traceback (most recent call last)
Cell [0;32mIn[2], line 1[0m
[0;32m----> 1[0m dataset [38;5;241m=[39m [43mnp[49m[38;5;241;43m.[39;49m[43mload[49m[43m([49m[38;5;124;43m""[39;49m[38;5;124;43m./1.npy[39;49m[38;5;124;43m""","Traceback (most recent call last):
  File ""/usr/local/lib/python3.9/site-packages/jupyter_core/utils/__init__.py"", line 154, in wrapped
    asyncio.get_running_loop()
RuntimeError: no running event loop

During handling of the above exception, another exception occurred:

Traceback (most recent call last):
  File ""/opt/pipeline/scripts/execution_core.py"", line 225, in execute_notebook_in_current_env
    client.execute()
  File ""/usr/local/lib/python3.9/site-packages/jupyter_core/utils/__init__.py"", line 158, in wrapped
    return loop.run_until_complete(inner)
  File ""/usr/local/lib/python3.9/asyncio/base_events.py"", line 647, in run_until_complete
    return future.result()
  File ""/usr/local/lib/python3.9/site-packages/nbclient/client.py"", line 709, in async_execute
    await self.async_execute_cell(
  File ""/usr/local/lib/python3.9/site-packages/nbclient/client.py"", line 1062, in async_execute_cell
    await self._check_raise_for_error(cell, cell_index, exec_reply)
  File ""/usr/loca",False,1.311,3.9.25
69f073c315e6a01b6cd169a787a3c44ad93835a0c0e8d49c5b5da706f1d65e15,Subin-Vidhu/2025,0_Udemy_Courses/2_Brain Computer Interface and Deep Learning Using Python/CODES/Section_3_Project_1/3_splitting_your_data.ipynb,file_not_found,CellExecutionError,file_not_found,./1.npy,"An error occurred while executing the following cell:
------------------
dataset = np.load(""./1.npy"")
------------------


[0;31m---------------------------------------------------------------------------[0m
[0;31mFileNotFoundError[0m                         Traceback (most recent call last)
Cell [0;32mIn[2], line 1[0m
[0;32m----> 1[0m dataset [38;5;241m=[39m [43mnp[49m[38;5;241;43m.[39;49m[43mload[49m[43m([49m[38;5;124;43m""[39;49m[38;5;124;43m./1.npy[39;49m[38;5;124;43m""","Traceback (most recent call last):
  File ""/usr/local/lib/python3.9/site-packages/jupyter_core/utils/__init__.py"", line 154, in wrapped
    asyncio.get_running_loop()
RuntimeError: no running event loop

During handling of the above exception, another exception occurred:

Traceback (most recent call last):
  File ""/opt/pipeline/scripts/execution_core.py"", line 225, in execute_notebook_in_current_env
    client.execute()
  File ""/usr/local/lib/python3.9/site-packages/jupyter_core/utils/__init__.py"", line 158, in wrapped
    return loop.run_until_complete(inner)
  File ""/usr/local/lib/python3.9/asyncio/base_events.py"", line 647, in run_until_complete
    return future.result()
  File ""/usr/local/lib/python3.9/site-packages/nbclient/client.py"", line 709, in async_execute
    await self.async_execute_cell(
  File ""/usr/local/lib/python3.9/site-packages/nbclient/client.py"", line 1062, in async_execute_cell
    await self._check_raise_for_error(cell, cell_index, exec_reply)
  File ""/usr/loca",False,1.316,3.9.25
4b17d178709c1684d5ccd929be6f3aa513d5dd9a67792c2d1122aeaf1ae846b4,Subin-Vidhu/2025,0_Udemy_Courses/2_Brain Computer Interface and Deep Learning Using Python/CODES/Section_3_Project_1/4_Data_Preprocessing.ipynb,file_not_found,CellExecutionError,file_not_found,./1.npy,"An error occurred while executing the following cell:
------------------
dataset = np.load(""./1.npy"")
------------------


[0;31m---------------------------------------------------------------------------[0m
[0;31mFileNotFoundError[0m                         Traceback (most recent call last)
Cell [0;32mIn[2], line 1[0m
[0;32m----> 1[0m dataset [38;5;241m=[39m [43mnp[49m[38;5;241;43m.[39;49m[43mload[49m[43m([49m[38;5;124;43m""[39;49m[38;5;124;43m./1.npy[39;49m[38;5;124;43m""","Traceback (most recent call last):
  File ""/usr/local/lib/python3.9/site-packages/jupyter_core/utils/__init__.py"", line 154, in wrapped
    asyncio.get_running_loop()
RuntimeError: no running event loop

During handling of the above exception, another exception occurred:

Traceback (most recent call last):
  File ""/opt/pipeline/scripts/execution_core.py"", line 225, in execute_notebook_in_current_env
    client.execute()
  File ""/usr/local/lib/python3.9/site-packages/jupyter_core/utils/__init__.py"", line 158, in wrapped
    return loop.run_until_complete(inner)
  File ""/usr/local/lib/python3.9/asyncio/base_events.py"", line 647, in run_until_complete
    return future.result()
  File ""/usr/local/lib/python3.9/site-packages/nbclient/client.py"", line 709, in async_execute
    await self.async_execute_cell(
  File ""/usr/local/lib/python3.9/site-packages/nbclient/client.py"", line 1062, in async_execute_cell
    await self._check_raise_for_error(cell, cell_index, exec_reply)
  File ""/usr/loca",False,1.269,3.9.25
244f4c2e7b60775a3a36240e4ecc6464cb485d8fca1479e0516ef9c16403a39e,Subin-Vidhu/2025,0_Udemy_Courses/2_Brain Computer Interface and Deep Learning Using Python/CODES/Section_3_Project_1/5_building_your_network.ipynb,file_not_found,CellExecutionError,file_not_found,./1.npy,"An error occurred while executing the following cell:
------------------
dataset = np.load(""./1.npy"")
------------------


[0;31m---------------------------------------------------------------------------[0m
[0;31mFileNotFoundError[0m                         Traceback (most recent call last)
Cell [0;32mIn[2], line 1[0m
[0;32m----> 1[0m dataset [38;5;241m=[39m [43mnp[49m[38;5;241;43m.[39;49m[43mload[49m[43m([49m[38;5;124;43m""[39;49m[38;5;124;43m./1.npy[39;49m[38;5;124;43m""","Traceback (most recent call last):
  File ""/usr/local/lib/python3.9/site-packages/jupyter_core/utils/__init__.py"", line 154, in wrapped
    asyncio.get_running_loop()
RuntimeError: no running event loop

During handling of the above exception, another exception occurred:

Traceback (most recent call last):
  File ""/opt/pipeline/scripts/execution_core.py"", line 225, in execute_notebook_in_current_env
    client.execute()
  File ""/usr/local/lib/python3.9/site-packages/jupyter_core/utils/__init__.py"", line 158, in wrapped
    return loop.run_until_complete(inner)
  File ""/usr/local/lib/python3.9/asyncio/base_events.py"", line 647, in run_until_complete
    return future.result()
  File ""/usr/local/lib/python3.9/site-packages/nbclient/client.py"", line 709, in async_execute
    await self.async_execute_cell(
  File ""/usr/local/lib/python3.9/site-packages/nbclient/client.py"", line 1062, in async_execute_cell
    await self._check_raise_for_error(cell, cell_index, exec_reply)
  File ""/usr/loca",False,1.264,3.9.25
b0c34f64779f1abecd7692b76a0d2d99be2b963da44e93bb4642591fc2ab94b0,Subin-Vidhu/2025,0_Udemy_Courses/2_Brain Computer Interface and Deep Learning Using Python/CODES/Section_3_Project_1/6_training_your_cnn.ipynb,file_not_found,CellExecutionError,file_not_found,./1.npy,"An error occurred while executing the following cell:
------------------
dataset = np.load(""./1.npy"")
------------------


[0;31m---------------------------------------------------------------------------[0m
[0;31mFileNotFoundError[0m                         Traceback (most recent call last)
Cell [0;32mIn[2], line 1[0m
[0;32m----> 1[0m dataset [38;5;241m=[39m [43mnp[49m[38;5;241;43m.[39;49m[43mload[49m[43m([49m[38;5;124;43m""[39;49m[38;5;124;43m./1.npy[39;49m[38;5;124;43m""","Traceback (most recent call last):
  File ""/usr/local/lib/python3.9/site-packages/jupyter_core/utils/__init__.py"", line 154, in wrapped
    asyncio.get_running_loop()
RuntimeError: no running event loop

During handling of the above exception, another exception occurred:

Traceback (most recent call last):
  File ""/opt/pipeline/scripts/execution_core.py"", line 225, in execute_notebook_in_current_env
    client.execute()
  File ""/usr/local/lib/python3.9/site-packages/jupyter_core/utils/__init__.py"", line 158, in wrapped
    return loop.run_until_complete(inner)
  File ""/usr/local/lib/python3.9/asyncio/base_events.py"", line 647, in run_until_complete
    return future.result()
  File ""/usr/local/lib/python3.9/site-packages/nbclient/client.py"", line 709, in async_execute
    await self.async_execute_cell(
  File ""/usr/local/lib/python3.9/site-packages/nbclient/client.py"", line 1062, in async_execute_cell
    await self._check_raise_for_error(cell, cell_index, exec_reply)
  File ""/usr/loca",False,1.284,3.9.25
ceb1e46bcd8b7add97f96d2e264b1db614b82385bfa477e656a8a1ba756ef91e,Subin-Vidhu/2025,0_Udemy_Courses/2_Brain Computer Interface and Deep Learning Using Python/CODES/Section_5_Project_2/1_data_preprocessing.ipynb,file_not_found,CellExecutionError,file_not_found,/content/drive/mydrive/1.npy,"An error occurred while executing the following cell:
------------------
dataset = np.load(""/content/drive/MyDrive/1.npy"")
------------------


[0;31m---------------------------------------------------------------------------[0m
[0;31mFileNotFoundError[0m                         Traceback (most recent call last)
Cell [0;32mIn[2], line 1[0m
[0;32m----> 1[0m dataset [38;5;241m=[39m [43mnp[49m[38;5;241;43m.[39;49m[43mload[49m[43m([49m[38;5;124;43m""[39;49m[38;5;124;43m/content/d","Traceback (most recent call last):
  File ""/opt/pipeline/scripts/execution_core.py"", line 225, in execute_notebook_in_current_env
    client.execute()
  File ""/usr/local/lib/python3.10/site-packages/jupyter_core/utils/__init__.py"", line 165, in wrapped
    return loop.run_until_complete(inner)
  File ""/usr/local/lib/python3.10/asyncio/base_events.py"", line 649, in run_until_complete
    return future.result()
  File ""/usr/local/lib/python3.10/site-packages/nbclient/client.py"", line 709, in async_execute
    await self.async_execute_cell(
  File ""/usr/local/lib/python3.10/site-packages/nbclient/client.py"", line 1062, in async_execute_cell
    await self._check_raise_for_error(cell, cell_index, exec_reply)
  File ""/usr/local/lib/python3.10/site-packages/nbclient/client.py"", line 918, in _check_raise_for_error
    raise CellExecutionError.from_cell_and_msg(cell, exec_reply_content)
nbclient.exceptions.CellExecutionError: An error occurred while executing the following cell:
--------------",False,1.191,3.10.19
37894c5e094abb1ff44f3f1b9e7dd7ee0dd6eb628448eeb797d91b7f823621e6,Subin-Vidhu/2025,0_Udemy_Courses/2_Brain Computer Interface and Deep Learning Using Python/CODES/Section_5_Project_2/2_Feature_extraction.ipynb,file_not_found,CellExecutionError,file_not_found,/content/drive/mydrive/1.npy,"An error occurred while executing the following cell:
------------------
dataset = np.load(""/content/drive/MyDrive/1.npy"")
------------------


[0;31m---------------------------------------------------------------------------[0m
[0;31mFileNotFoundError[0m                         Traceback (most recent call last)
Cell [0;32mIn[2], line 1[0m
[0;32m----> 1[0m dataset [38;5;241m=[39m [43mnp[49m[38;5;241;43m.[39;49m[43mload[49m[43m([49m[38;5;124;43m""[39;49m[38;5;124;43m/content/d","Traceback (most recent call last):
  File ""/opt/pipeline/scripts/execution_core.py"", line 225, in execute_notebook_in_current_env
    client.execute()
  File ""/usr/local/lib/python3.10/site-packages/jupyter_core/utils/__init__.py"", line 165, in wrapped
    return loop.run_until_complete(inner)
  File ""/usr/local/lib/python3.10/asyncio/base_events.py"", line 649, in run_until_complete
    return future.result()
  File ""/usr/local/lib/python3.10/site-packages/nbclient/client.py"", line 709, in async_execute
    await self.async_execute_cell(
  File ""/usr/local/lib/python3.10/site-packages/nbclient/client.py"", line 1062, in async_execute_cell
    await self._check_raise_for_error(cell, cell_index, exec_reply)
  File ""/usr/local/lib/python3.10/site-packages/nbclient/client.py"", line 918, in _check_raise_for_error
    raise CellExecutionError.from_cell_and_msg(cell, exec_reply_content)
nbclient.exceptions.CellExecutionError: An error occurred while executing the following cell:
--------------",False,1.174,3.10.19
1787689ac201c85b8acf7990e6b895fddfc41f2bb351eb25b687e8c619267ede,Subin-Vidhu/2025,0_Udemy_Courses/2_Brain Computer Interface and Deep Learning Using Python/CODES/Section_5_Project_2/3_building_Generator_NN.ipynb,file_not_found,CellExecutionError,file_not_found,/content/drive/mydrive/1.npy,"An error occurred while executing the following cell:
------------------
dataset = np.load(""/content/drive/MyDrive/1.npy"")
------------------


[0;31m---------------------------------------------------------------------------[0m
[0;31mFileNotFoundError[0m                         Traceback (most recent call last)
Cell [0;32mIn[2], line 1[0m
[0;32m----> 1[0m dataset [38;5;241m=[39m [43mnp[49m[38;5;241;43m.[39;49m[43mload[49m[43m([49m[38;5;124;43m""[39;49m[38;5;124;43m/content/d","Traceback (most recent call last):
  File ""/opt/pipeline/scripts/execution_core.py"", line 225, in execute_notebook_in_current_env
    client.execute()
  File ""/usr/local/lib/python3.10/site-packages/jupyter_core/utils/__init__.py"", line 165, in wrapped
    return loop.run_until_complete(inner)
  File ""/usr/local/lib/python3.10/asyncio/base_events.py"", line 649, in run_until_complete
    return future.result()
  File ""/usr/local/lib/python3.10/site-packages/nbclient/client.py"", line 709, in async_execute
    await self.async_execute_cell(
  File ""/usr/local/lib/python3.10/site-packages/nbclient/client.py"", line 1062, in async_execute_cell
    await self._check_raise_for_error(cell, cell_index, exec_reply)
  File ""/usr/local/lib/python3.10/site-packages/nbclient/client.py"", line 918, in _check_raise_for_error
    raise CellExecutionError.from_cell_and_msg(cell, exec_reply_content)
nbclient.exceptions.CellExecutionError: An error occurred while executing the following cell:
--------------",False,1.197,3.10.19
70e99a43bfecdb0abee5d89fd8eac49ed861728ab255c2b08ed95de78baa30c4,Subin-Vidhu/2025,0_Udemy_Courses/2_Brain Computer Interface and Deep Learning Using Python/CODES/Section_5_Project_2/4_Building_Discriminator.ipynb,file_not_found,CellExecutionError,file_not_found,/content/drive/mydrive/1.npy,"An error occurred while executing the following cell:
------------------
dataset = np.load(""/content/drive/MyDrive/1.npy"")
------------------


[0;31m---------------------------------------------------------------------------[0m
[0;31mFileNotFoundError[0m                         Traceback (most recent call last)
Cell [0;32mIn[2], line 1[0m
[0;32m----> 1[0m dataset [38;5;241m=[39m [43mnp[49m[38;5;241;43m.[39;49m[43mload[49m[43m([49m[38;5;124;43m""[39;49m[38;5;124;43m/content/d","Traceback (most recent call last):
  File ""/opt/pipeline/scripts/execution_core.py"", line 225, in execute_notebook_in_current_env
    client.execute()
  File ""/usr/local/lib/python3.10/site-packages/jupyter_core/utils/__init__.py"", line 165, in wrapped
    return loop.run_until_complete(inner)
  File ""/usr/local/lib/python3.10/asyncio/base_events.py"", line 649, in run_until_complete
    return future.result()
  File ""/usr/local/lib/python3.10/site-packages/nbclient/client.py"", line 709, in async_execute
    await self.async_execute_cell(
  File ""/usr/local/lib/python3.10/site-packages/nbclient/client.py"", line 1062, in async_execute_cell
    await self._check_raise_for_error(cell, cell_index, exec_reply)
  File ""/usr/local/lib/python3.10/site-packages/nbclient/client.py"", line 918, in _check_raise_for_error
    raise CellExecutionError.from_cell_and_msg(cell, exec_reply_content)
nbclient.exceptions.CellExecutionError: An error occurred while executing the following cell:
--------------",False,1.179,3.10.19
6fa9d33f4ad30b63e0b9f7c5268eb7c16b9d65dd63a6f8b564dc9dca8ccf1e2c,Subin-Vidhu/2025,0_Udemy_Courses/2_Brain Computer Interface and Deep Learning Using Python/CODES/Section_5_Project_2/5_training_and_testing_your_GAN.ipynb,file_not_found,CellExecutionError,file_not_found,/content/drive/mydrive/1.npy,"An error occurred while executing the following cell:
------------------
dataset = np.load(""/content/drive/MyDrive/1.npy"")
------------------


[0;31m---------------------------------------------------------------------------[0m
[0;31mFileNotFoundError[0m                         Traceback (most recent call last)
Cell [0;32mIn[2], line 1[0m
[0;32m----> 1[0m dataset [38;5;241m=[39m [43mnp[49m[38;5;241;43m.[39;49m[43mload[49m[43m([49m[38;5;124;43m""[39;49m[38;5;124;43m/content/d","Traceback (most recent call last):
  File ""/opt/pipeline/scripts/execution_core.py"", line 225, in execute_notebook_in_current_env
    client.execute()
  File ""/usr/local/lib/python3.10/site-packages/jupyter_core/utils/__init__.py"", line 165, in wrapped
    return loop.run_until_complete(inner)
  File ""/usr/local/lib/python3.10/asyncio/base_events.py"", line 649, in run_until_complete
    return future.result()
  File ""/usr/local/lib/python3.10/site-packages/nbclient/client.py"", line 709, in async_execute
    await self.async_execute_cell(
  File ""/usr/local/lib/python3.10/site-packages/nbclient/client.py"", line 1062, in async_execute_cell
    await self._check_raise_for_error(cell, cell_index, exec_reply)
  File ""/usr/local/lib/python3.10/site-packages/nbclient/client.py"", line 918, in _check_raise_for_error
    raise CellExecutionError.from_cell_and_msg(cell, exec_reply_content)
nbclient.exceptions.CellExecutionError: An error occurred while executing the following cell:
--------------",False,1.173,3.10.19
d0c6115a17b8850c97a05949ffa93efda04954b163bf2ca74f86a8f133f49494,Subin-Vidhu/2025,1_Face Recognition with Machine Learning + Deploy Flask  App/001 Python/Control Flow Statements.ipynb,other,CellExecutionError,runtime_error,no running event loop,"An error occurred while executing the following cell:
------------------
a = float(input('Enter a value a ='))
b = float(input('Enter a value b ='))

if a > b:
    print('{} is greater {}'.format(a,b))
elif a == b:
    print('{} and {} are equal'.format(a,b))
else:
    print('{} is less than {}'.format(a,b))
------------------


[0;31m---------------------------------------------------------------------------[0m
[0;31mStdinNotImplementedError[0m                  Traceback (most recent call l","Traceback (most recent call last):
  File ""/usr/local/lib/python3.8/site-packages/jupyter_core/utils/__init__.py"", line 154, in wrapped
    asyncio.get_running_loop()
RuntimeError: no running event loop

During handling of the above exception, another exception occurred:

Traceback (most recent call last):
  File ""/opt/pipeline/scripts/execution_core.py"", line 225, in execute_notebook_in_current_env
    client.execute()
  File ""/usr/local/lib/python3.8/site-packages/jupyter_core/utils/__init__.py"", line 158, in wrapped
    return loop.run_until_complete(inner)
  File ""/usr/local/lib/python3.8/asyncio/base_events.py"", line 616, in run_until_complete
    return future.result()
  File ""/usr/local/lib/python3.8/site-packages/nbclient/client.py"", line 709, in async_execute
    await self.async_execute_cell(
  File ""/usr/local/lib/python3.8/site-packages/nbclient/client.py"", line 1062, in async_execute_cell
    await self._check_raise_for_error(cell, cell_index, exec_reply)
  File ""/usr/loca",False,1.128,3.8.20
9b4a03e9f48d9d6087bed071ee645818359f8b7e134dbe1295fd98048afd5b80,Subin-Vidhu/2025,1_Face Recognition with Machine Learning + Deploy Flask  App/1_OpenCV/02_reading_image.ipynb,file_not_found,CellExecutionError,runtime_error,no running event loop,"An error occurred while executing the following cell:
------------------
import numpy as np
import cv2
import matplotlib.image as matimg
from PIL import Image

import matplotlib.pyplot as plt
------------------


[0;31m---------------------------------------------------------------------------[0m
[0;31mImportError[0m                               Traceback (most recent call last)
Cell [0;32mIn[1], line 2[0m
[1;32m      1[0m [38;5;28;01mimport[39;00m[38;5;250m [39m[38;5;21;01mnumpy[","Traceback (most recent call last):
  File ""/usr/local/lib/python3.9/site-packages/jupyter_core/utils/__init__.py"", line 154, in wrapped
    asyncio.get_running_loop()
RuntimeError: no running event loop

During handling of the above exception, another exception occurred:

Traceback (most recent call last):
  File ""/opt/pipeline/scripts/execution_core.py"", line 225, in execute_notebook_in_current_env
    client.execute()
  File ""/usr/local/lib/python3.9/site-packages/jupyter_core/utils/__init__.py"", line 158, in wrapped
    return loop.run_until_complete(inner)
  File ""/usr/local/lib/python3.9/asyncio/base_events.py"", line 647, in run_until_complete
    return future.result()
  File ""/usr/local/lib/python3.9/site-packages/nbclient/client.py"", line 709, in async_execute
    await self.async_execute_cell(
  File ""/usr/local/lib/python3.9/site-packages/nbclient/client.py"", line 1062, in async_execute_cell
    await self._check_raise_for_error(cell, cell_index, exec_reply)
  File ""/usr/loca",False,1.61,3.9.25
a3938282c7525499135bbe99c96a2d906f9eda6908ed4f3f4cf0d6088a850fcf,Subin-Vidhu/2025,1_Face Recognition with Machine Learning + Deploy Flask  App/1_OpenCV/03_image_resizing.ipynb,file_not_found,CellExecutionError,runtime_error,no running event loop,"An error occurred while executing the following cell:
------------------
import numpy as np
import cv2
import matplotlib.pyplot as plt
------------------


[0;31m---------------------------------------------------------------------------[0m
[0;31mImportError[0m                               Traceback (most recent call last)
Cell [0;32mIn[1], line 2[0m
[1;32m      1[0m [38;5;28;01mimport[39;00m[38;5;250m [39m[38;5;21;01mnumpy[39;00m[38;5;250m [39m[38;5;28;01mas[39;00m[38;5;250m","Traceback (most recent call last):
  File ""/usr/local/lib/python3.9/site-packages/jupyter_core/utils/__init__.py"", line 154, in wrapped
    asyncio.get_running_loop()
RuntimeError: no running event loop

During handling of the above exception, another exception occurred:

Traceback (most recent call last):
  File ""/opt/pipeline/scripts/execution_core.py"", line 225, in execute_notebook_in_current_env
    client.execute()
  File ""/usr/local/lib/python3.9/site-packages/jupyter_core/utils/__init__.py"", line 158, in wrapped
    return loop.run_until_complete(inner)
  File ""/usr/local/lib/python3.9/asyncio/base_events.py"", line 647, in run_until_complete
    return future.result()
  File ""/usr/local/lib/python3.9/site-packages/nbclient/client.py"", line 709, in async_execute
    await self.async_execute_cell(
  File ""/usr/local/lib/python3.9/site-packages/nbclient/client.py"", line 1062, in async_execute_cell
    await self._check_raise_for_error(cell, cell_index, exec_reply)
  File ""/usr/loca",False,1.572,3.9.25
08126fce599752c87077b1ed2fc018119e16e9db9188f592d1703e30dc8a2d8c,Subin-Vidhu/2025,1_Face Recognition with Machine Learning + Deploy Flask  App/1_OpenCV/04_face_detection.ipynb,file_not_found,CellExecutionError,runtime_error,no running event loop,"An error occurred while executing the following cell:
------------------
import numpy as np
import cv2
import matplotlib.pyplot as plt
------------------


[0;31m---------------------------------------------------------------------------[0m
[0;31mImportError[0m                               Traceback (most recent call last)
Cell [0;32mIn[1], line 2[0m
[1;32m      1[0m [38;5;28;01mimport[39;00m[38;5;250m [39m[38;5;21;01mnumpy[39;00m[38;5;250m [39m[38;5;28;01mas[39;00m[38;5;250m","Traceback (most recent call last):
  File ""/usr/local/lib/python3.9/site-packages/jupyter_core/utils/__init__.py"", line 154, in wrapped
    asyncio.get_running_loop()
RuntimeError: no running event loop

During handling of the above exception, another exception occurred:

Traceback (most recent call last):
  File ""/opt/pipeline/scripts/execution_core.py"", line 225, in execute_notebook_in_current_env
    client.execute()
  File ""/usr/local/lib/python3.9/site-packages/jupyter_core/utils/__init__.py"", line 158, in wrapped
    return loop.run_until_complete(inner)
  File ""/usr/local/lib/python3.9/asyncio/base_events.py"", line 647, in run_until_complete
    return future.result()
  File ""/usr/local/lib/python3.9/site-packages/nbclient/client.py"", line 709, in async_execute
    await self.async_execute_cell(
  File ""/usr/local/lib/python3.9/site-packages/nbclient/client.py"", line 1062, in async_execute_cell
    await self._check_raise_for_error(cell, cell_index, exec_reply)
  File ""/usr/loca",False,1.304,3.9.25
cbaa16f8ce583f4f96ea02c6c19834f1d55ebdab5ff16e110798b7e6c71c7ed1,Subin-Vidhu/2025,1_Face Recognition with Machine Learning + Deploy Flask  App/2_Train_FaceRecognition_with_ML/01_FRM_data_preprocessing_crop_faces.ipynb,file_not_found,CellExecutionError,runtime_error,no running event loop,"An error occurred while executing the following cell:
------------------
import numpy as np # numerical python
import cv2 # opencv
from glob import glob # glob use to extract path of file
import matplotlib.pyplot as plt # visualze and display 
------------------


[0;31m---------------------------------------------------------------------------[0m
[0;31mImportError[0m                               Traceback (most recent call last)
Cell [0;32mIn[1], line 2[0m
[1;32m      1[0m [38;5;28;01","Traceback (most recent call last):
  File ""/usr/local/lib/python3.9/site-packages/jupyter_core/utils/__init__.py"", line 154, in wrapped
    asyncio.get_running_loop()
RuntimeError: no running event loop

During handling of the above exception, another exception occurred:

Traceback (most recent call last):
  File ""/opt/pipeline/scripts/execution_core.py"", line 225, in execute_notebook_in_current_env
    client.execute()
  File ""/usr/local/lib/python3.9/site-packages/jupyter_core/utils/__init__.py"", line 158, in wrapped
    return loop.run_until_complete(inner)
  File ""/usr/local/lib/python3.9/asyncio/base_events.py"", line 647, in run_until_complete
    return future.result()
  File ""/usr/local/lib/python3.9/site-packages/nbclient/client.py"", line 709, in async_execute
    await self.async_execute_cell(
  File ""/usr/local/lib/python3.9/site-packages/nbclient/client.py"", line 1062, in async_execute_cell
    await self._check_raise_for_error(cell, cell_index, exec_reply)
  File ""/usr/loca",False,1.33,3.9.25
21ae98ea05fed24dd3280556282b46b9265a995f4138f22b735baf4b3bb2bae7,Subin-Vidhu/2025,1_Face Recognition with Machine Learning + Deploy Flask  App/2_Train_FaceRecognition_with_ML/02_FRM_data_preprocessing_EDA.ipynb,file_not_found,CellExecutionError,runtime_error,no running event loop,"An error occurred while executing the following cell:
------------------
import numpy as np
import pandas as pd

# visualization
import matplotlib.pyplot as plt
import seaborn as sns

# computer vision library
import cv2

# glob
from glob import glob
------------------


[0;31m---------------------------------------------------------------------------[0m
[0;31mImportError[0m                               Traceback (most recent call last)
Cell [0;32mIn[2], line 9[0m
[1;32m      6[0m [38;","Traceback (most recent call last):
  File ""/usr/local/lib/python3.9/site-packages/jupyter_core/utils/__init__.py"", line 154, in wrapped
    asyncio.get_running_loop()
RuntimeError: no running event loop

During handling of the above exception, another exception occurred:

Traceback (most recent call last):
  File ""/opt/pipeline/scripts/execution_core.py"", line 225, in execute_notebook_in_current_env
    client.execute()
  File ""/usr/local/lib/python3.9/site-packages/jupyter_core/utils/__init__.py"", line 158, in wrapped
    return loop.run_until_complete(inner)
  File ""/usr/local/lib/python3.9/asyncio/base_events.py"", line 647, in run_until_complete
    return future.result()
  File ""/usr/local/lib/python3.9/site-packages/nbclient/client.py"", line 709, in async_execute
    await self.async_execute_cell(
  File ""/usr/local/lib/python3.9/site-packages/nbclient/client.py"", line 1062, in async_execute_cell
    await self._check_raise_for_error(cell, cell_index, exec_reply)
  File ""/usr/loca",False,4.334,3.9.25
d54e4726fa00f96941202db2518cc460238ef43ab69efa1c736489098cd76a23,Subin-Vidhu/2025,1_Face Recognition with Machine Learning + Deploy Flask  App/2_Train_FaceRecognition_with_ML/03_FRM_feature_extraction_eigen_face.ipynb,file_not_found,CellExecutionError,runtime_error,no running event loop,"An error occurred while executing the following cell:
------------------
import numpy as np
import pandas as pd
import matplotlib.pyplot as plt

import cv2

## Eigen Face
from sklearn.decomposition import PCA 

import pickle
------------------


[0;31m---------------------------------------------------------------------------[0m
[0;31mImportError[0m                               Traceback (most recent call last)
Cell [0;32mIn[1], line 5[0m
[1;32m      2[0m [38;5;28;01mimport[39;00m[38","Traceback (most recent call last):
  File ""/usr/local/lib/python3.9/site-packages/jupyter_core/utils/__init__.py"", line 154, in wrapped
    asyncio.get_running_loop()
RuntimeError: no running event loop

During handling of the above exception, another exception occurred:

Traceback (most recent call last):
  File ""/opt/pipeline/scripts/execution_core.py"", line 225, in execute_notebook_in_current_env
    client.execute()
  File ""/usr/local/lib/python3.9/site-packages/jupyter_core/utils/__init__.py"", line 158, in wrapped
    return loop.run_until_complete(inner)
  File ""/usr/local/lib/python3.9/asyncio/base_events.py"", line 647, in run_until_complete
    return future.result()
  File ""/usr/local/lib/python3.9/site-packages/nbclient/client.py"", line 709, in async_execute
    await self.async_execute_cell(
  File ""/usr/local/lib/python3.9/site-packages/nbclient/client.py"", line 1062, in async_execute_cell
    await self._check_raise_for_error(cell, cell_index, exec_reply)
  File ""/usr/loca",False,1.833,3.9.25
66533036d9a89357f5a496703eab3de626c4e8b4e1cc12edbd0ce4d6c9df92da,Subin-Vidhu/2025,1_Face Recognition with Machine Learning + Deploy Flask  App/2_Train_FaceRecognition_with_ML/04_FRM_Machine_learning.ipynb,file_not_found,CellExecutionError,file_not_found,./data/data_pca_50_target.npz,"An error occurred while executing the following cell:
------------------
# load numpy array
data = np.load('./data/data_pca_50_target.npz')
data.files
------------------


[0;31m---------------------------------------------------------------------------[0m
[0;31mFileNotFoundError[0m                         Traceback (most recent call last)
Cell [0;32mIn[2], line 2[0m
[1;32m      1[0m [38;5;66;03m# load numpy array[39;00m
[0;32m----> 2[0m data [38;5;241m=[39m [43mnp[49m[38;5;241;","Traceback (most recent call last):
  File ""/usr/local/lib/python3.9/site-packages/jupyter_core/utils/__init__.py"", line 154, in wrapped
    asyncio.get_running_loop()
RuntimeError: no running event loop

During handling of the above exception, another exception occurred:

Traceback (most recent call last):
  File ""/opt/pipeline/scripts/execution_core.py"", line 225, in execute_notebook_in_current_env
    client.execute()
  File ""/usr/local/lib/python3.9/site-packages/jupyter_core/utils/__init__.py"", line 158, in wrapped
    return loop.run_until_complete(inner)
  File ""/usr/local/lib/python3.9/asyncio/base_events.py"", line 647, in run_until_complete
    return future.result()
  File ""/usr/local/lib/python3.9/site-packages/nbclient/client.py"", line 709, in async_execute
    await self.async_execute_cell(
  File ""/usr/local/lib/python3.9/site-packages/nbclient/client.py"", line 1062, in async_execute_cell
    await self._check_raise_for_error(cell, cell_index, exec_reply)
  File ""/usr/loca",False,1.955,3.9.25
aa0ac44a72a044258bb6640e351bcc2b3a59f1c25f62e0bbc4ab955d99e87910,Subin-Vidhu/2025,1_Face Recognition with Machine Learning + Deploy Flask  App/2_Train_FaceRecognition_with_ML/05_FRM_make_pipeline.ipynb,file_not_found,CellExecutionError,runtime_error,no running event loop,"An error occurred while executing the following cell:
------------------
import numpy as np
import pandas as pd
import sklearn
import pickle

import matplotlib.pyplot as plt
import cv2
------------------


[0;31m---------------------------------------------------------------------------[0m
[0;31mImportError[0m                               Traceback (most recent call last)
Cell [0;32mIn[1], line 7[0m
[1;32m      4[0m [38;5;28;01mimport[39;00m[38;5;250m [39m[38;5;21;01mpickle[39;00m","Traceback (most recent call last):
  File ""/usr/local/lib/python3.9/site-packages/jupyter_core/utils/__init__.py"", line 154, in wrapped
    asyncio.get_running_loop()
RuntimeError: no running event loop

During handling of the above exception, another exception occurred:

Traceback (most recent call last):
  File ""/opt/pipeline/scripts/execution_core.py"", line 225, in execute_notebook_in_current_env
    client.execute()
  File ""/usr/local/lib/python3.9/site-packages/jupyter_core/utils/__init__.py"", line 158, in wrapped
    return loop.run_until_complete(inner)
  File ""/usr/local/lib/python3.9/asyncio/base_events.py"", line 647, in run_until_complete
    return future.result()
  File ""/usr/local/lib/python3.9/site-packages/nbclient/client.py"", line 709, in async_execute
    await self.async_execute_cell(
  File ""/usr/local/lib/python3.9/site-packages/nbclient/client.py"", line 1062, in async_execute_cell
    await self._check_raise_for_error(cell, cell_index, exec_reply)
  File ""/usr/loca",False,2.321,3.9.25
06fa758f6d53850e3eb89329db08ee1c474ba0037613e74c7eb5121b564c0982,Subin-Vidhu/2025,1_Face Recognition with Machine Learning + Deploy Flask  App/2_Train_FaceRecognition_with_ML/06_FRM_predictions.ipynb,file_not_found,CellExecutionError,runtime_error,no running event loop,"An error occurred while executing the following cell:
------------------
import cv2
from face_recognition import faceRecognitionPipeline
------------------


[0;31m---------------------------------------------------------------------------[0m
[0;31mImportError[0m                               Traceback (most recent call last)
Cell [0;32mIn[1], line 1[0m
[0;32m----> 1[0m [38;5;28;01mimport[39;00m[38;5;250m [39m[38;5;21;01mcv2[39;00m
[1;32m      2[0m [38;5;28;01mfrom[39;00m[38;5","Traceback (most recent call last):
  File ""/usr/local/lib/python3.9/site-packages/jupyter_core/utils/__init__.py"", line 154, in wrapped
    asyncio.get_running_loop()
RuntimeError: no running event loop

During handling of the above exception, another exception occurred:

Traceback (most recent call last):
  File ""/opt/pipeline/scripts/execution_core.py"", line 225, in execute_notebook_in_current_env
    client.execute()
  File ""/usr/local/lib/python3.9/site-packages/jupyter_core/utils/__init__.py"", line 158, in wrapped
    return loop.run_until_complete(inner)
  File ""/usr/local/lib/python3.9/asyncio/base_events.py"", line 647, in run_until_complete
    return future.result()
  File ""/usr/local/lib/python3.9/site-packages/nbclient/client.py"", line 709, in async_execute
    await self.async_execute_cell(
  File ""/usr/local/lib/python3.9/site-packages/nbclient/client.py"", line 1062, in async_execute_cell
    await self._check_raise_for_error(cell, cell_index, exec_reply)
  File ""/usr/loca",False,1.232,3.9.25
61da2f3de8856a33ce2d3ef9cd9070bc7e46753e91f9f399e1202f87eae853fe,Subin-Vidhu/2025,4_GenAI Essentials – Full Course for Beginners/GenAI-Essentials/ai21-labs/basic.ipynb,other,CellExecutionError,unclassified,,"An error occurred while executing the following cell:
------------------

messages = [
    UserMessage(
        content=""Tell me something I don't know. Limit the response to 30 words maximum.""
    )
]
client = AI21Client(api_key=os.environ.get(""AI21_API_KEY""))
response = client.chat.completions.create(
		model=""jamba-1.5-large"",
		messages=messages,
		n=1,
		max_tokens=2048,
		temperature=0.4,
		top_p=1,
		response_format=ResponseFormat(type=""text""),
)
print(response)
------------------


[31m","Traceback (most recent call last):
  File ""/opt/pipeline/scripts/execution_core.py"", line 225, in execute_notebook_in_current_env
    client.execute()
  File ""/usr/local/lib/python3.12/site-packages/jupyter_core/utils/__init__.py"", line 165, in wrapped
    return loop.run_until_complete(inner)
           ^^^^^^^^^^^^^^^^^^^^^^^^^^^^^^
  File ""/usr/local/lib/python3.12/asyncio/base_events.py"", line 691, in run_until_complete
    return future.result()
           ^^^^^^^^^^^^^^^
  File ""/usr/local/lib/python3.12/site-packages/nbclient/client.py"", line 709, in async_execute
    await self.async_execute_cell(
  File ""/usr/local/lib/python3.12/site-packages/nbclient/client.py"", line 1062, in async_execute_cell
    await self._check_raise_for_error(cell, cell_index, exec_reply)
  File ""/usr/local/lib/python3.12/site-packages/nbclient/client.py"", line 918, in _check_raise_for_error
    raise CellExecutionError.from_cell_and_msg(cell, exec_reply_content)
nbclient.exceptions.CellExecutionError:",False,3.731,3.12.12
4e556d3cb63530dcc7a98587b46b066ea5fce058b60b840c5ba49e86aae40909,Subin-Vidhu/2025,4_GenAI Essentials – Full Course for Beginners/GenAI-Essentials/amazon-bedrock/basic.ipynb,other,CellExecutionError,unclassified,,"An error occurred while executing the following cell:
------------------
client = boto3.client('bedrock-runtime')
------------------


[31m---------------------------------------------------------------------------[39m
[31mNoRegionError[39m                             Traceback (most recent call last)
[36mCell[39m[36m [39m[32mIn[2][39m[32m, line 1[39m
[32m----> [39m[32m1[39m client = [43mboto3[49m[43m.[49m[43mclient[49m[43m([49m[33;43m'[39;49m[33;43mbedrock-runtime[39","Traceback (most recent call last):
  File ""/opt/pipeline/scripts/execution_core.py"", line 225, in execute_notebook_in_current_env
    client.execute()
  File ""/usr/local/lib/python3.11/site-packages/jupyter_core/utils/__init__.py"", line 165, in wrapped
    return loop.run_until_complete(inner)
           ^^^^^^^^^^^^^^^^^^^^^^^^^^^^^^
  File ""/usr/local/lib/python3.11/asyncio/base_events.py"", line 654, in run_until_complete
    return future.result()
           ^^^^^^^^^^^^^^^
  File ""/usr/local/lib/python3.11/site-packages/nbclient/client.py"", line 709, in async_execute
    await self.async_execute_cell(
  File ""/usr/local/lib/python3.11/site-packages/nbclient/client.py"", line 1062, in async_execute_cell
    await self._check_raise_for_error(cell, cell_index, exec_reply)
  File ""/usr/local/lib/python3.11/site-packages/nbclient/client.py"", line 918, in _check_raise_for_error
    raise CellExecutionError.from_cell_and_msg(cell, exec_reply_content)
nbclient.exceptions.CellExecutionError:",False,6.019,3.11.14
8eccf99ac74c8572e549d5d379b7280e74a1a427c9ea6b3ea590535aa9caf09c,Subin-Vidhu/2025,4_GenAI Essentials – Full Course for Beginners/GenAI-Essentials/anthropic/basic.ipynb,other,CellExecutionError,unclassified,,"An error occurred while executing the following cell:
------------------
import anthropic

client = anthropic.Anthropic()

model_id = ""claude-3-5-sonnet-20241022""

messages=[{
  ""role"": ""user"",
  ""content"": ""Hello, Claude"",
}]

message = client.messages.create(
    model=model_id,
    max_tokens=1000,
    temperature=0,
    messages=messages
)
print(message.content)
------------------


[31m---------------------------------------------------------------------------[39m
[31mTypeError[39m     ","Traceback (most recent call last):
  File ""/opt/pipeline/scripts/execution_core.py"", line 225, in execute_notebook_in_current_env
    client.execute()
  File ""/usr/local/lib/python3.12/site-packages/jupyter_core/utils/__init__.py"", line 165, in wrapped
    return loop.run_until_complete(inner)
           ^^^^^^^^^^^^^^^^^^^^^^^^^^^^^^
  File ""/usr/local/lib/python3.12/asyncio/base_events.py"", line 691, in run_until_complete
    return future.result()
           ^^^^^^^^^^^^^^^
  File ""/usr/local/lib/python3.12/site-packages/nbclient/client.py"", line 709, in async_execute
    await self.async_execute_cell(
  File ""/usr/local/lib/python3.12/site-packages/nbclient/client.py"", line 1062, in async_execute_cell
    await self._check_raise_for_error(cell, cell_index, exec_reply)
  File ""/usr/local/lib/python3.12/site-packages/nbclient/client.py"", line 918, in _check_raise_for_error
    raise CellExecutionError.from_cell_and_msg(cell, exec_reply_content)
nbclient.exceptions.CellExecutionError:",False,2.863,3.12.12
1a2c3d7a7e7210037705f63d86c802e9b49235ee3a8e715907547ecdf2756035,Subin-Vidhu/2025,4_GenAI Essentials – Full Course for Beginners/GenAI-Essentials/azure-ai-foundry/basic.ipynb,other,CellExecutionError,unclassified,,"An error occurred while executing the following cell:
------------------
from azure.identity import DefaultAzureCredential
from azure.ai.projects import AIProjectClient

project_connection_string=""YOUR STRING""

project = AIProjectClient.from_connection_string(
  conn_str=project_connection_string,
  credential=DefaultAzureCredential())
------------------


[0;31m---------------------------------------------------------------------------[0m
[0;31mAttributeError[0m                            T","Traceback (most recent call last):
  File ""/opt/pipeline/scripts/execution_core.py"", line 225, in execute_notebook_in_current_env
    client.execute()
  File ""/usr/local/lib/python3.10/site-packages/jupyter_core/utils/__init__.py"", line 165, in wrapped
    return loop.run_until_complete(inner)
  File ""/usr/local/lib/python3.10/asyncio/base_events.py"", line 649, in run_until_complete
    return future.result()
  File ""/usr/local/lib/python3.10/site-packages/nbclient/client.py"", line 709, in async_execute
    await self.async_execute_cell(
  File ""/usr/local/lib/python3.10/site-packages/nbclient/client.py"", line 1062, in async_execute_cell
    await self._check_raise_for_error(cell, cell_index, exec_reply)
  File ""/usr/local/lib/python3.10/site-packages/nbclient/client.py"", line 918, in _check_raise_for_error
    raise CellExecutionError.from_cell_and_msg(cell, exec_reply_content)
nbclient.exceptions.CellExecutionError: An error occurred while executing the following cell:
--------------",False,6.105,3.10.19
e6f4dfa419ef3901080c3e57542b3e16c81e19ec2cb43cee355ff5f94df49843,Subin-Vidhu/2025,4_GenAI Essentials – Full Course for Beginners/GenAI-Essentials/cohere/basic.ipynb,other,CellExecutionError,unclassified,,"An error occurred while executing the following cell:
------------------
import cohere
co = cohere.ClientV2()
response = co.chat(
    model=""command-r-plus-08-2024"",
    messages=[{""role"": ""user"", ""content"": ""hello world!""}],
)
print(response)
------------------


[31m---------------------------------------------------------------------------[39m
[31mApiError[39m                                  Traceback (most recent call last)
[36mCell[39m[36m [39m[32mIn[3][39m[32m, line 2[39m
[32","Traceback (most recent call last):
  File ""/opt/pipeline/scripts/execution_core.py"", line 225, in execute_notebook_in_current_env
    client.execute()
  File ""/usr/local/lib/python3.12/site-packages/jupyter_core/utils/__init__.py"", line 165, in wrapped
    return loop.run_until_complete(inner)
           ^^^^^^^^^^^^^^^^^^^^^^^^^^^^^^
  File ""/usr/local/lib/python3.12/asyncio/base_events.py"", line 691, in run_until_complete
    return future.result()
           ^^^^^^^^^^^^^^^
  File ""/usr/local/lib/python3.12/site-packages/nbclient/client.py"", line 709, in async_execute
    await self.async_execute_cell(
  File ""/usr/local/lib/python3.12/site-packages/nbclient/client.py"", line 1062, in async_execute_cell
    await self._check_raise_for_error(cell, cell_index, exec_reply)
  File ""/usr/local/lib/python3.12/site-packages/nbclient/client.py"", line 918, in _check_raise_for_error
    raise CellExecutionError.from_cell_and_msg(cell, exec_reply_content)
nbclient.exceptions.CellExecutionError:",False,3.633,3.12.12
f2de9584fc1ee3784421358873610a3433b0712133bec364749f74fa99b114ae,Subin-Vidhu/2025,4_GenAI Essentials – Full Course for Beginners/GenAI-Essentials/google-ai-studio/basic.ipynb,other,CellExecutionError,unclassified,,"An error occurred while executing the following cell:
------------------
import google.generativeai as genai

genai.configure(api_key=os.environ.get(""GOOGLE_API_KEY""))
model = genai.GenerativeModel(""gemini-1.5-flash"")
response = model.generate_content(""Explain how AI works"")
print(response.text)
------------------


[31m---------------------------------------------------------------------------[39m
[31mDefaultCredentialsError[39m                   Traceback (most recent call last)
[36mCell","Traceback (most recent call last):
  File ""/opt/pipeline/scripts/execution_core.py"", line 225, in execute_notebook_in_current_env
    client.execute()
  File ""/usr/local/lib/python3.12/site-packages/jupyter_core/utils/__init__.py"", line 165, in wrapped
    return loop.run_until_complete(inner)
           ^^^^^^^^^^^^^^^^^^^^^^^^^^^^^^
  File ""/usr/local/lib/python3.12/asyncio/base_events.py"", line 691, in run_until_complete
    return future.result()
           ^^^^^^^^^^^^^^^
  File ""/usr/local/lib/python3.12/site-packages/nbclient/client.py"", line 709, in async_execute
    await self.async_execute_cell(
  File ""/usr/local/lib/python3.12/site-packages/nbclient/client.py"", line 1062, in async_execute_cell
    await self._check_raise_for_error(cell, cell_index, exec_reply)
  File ""/usr/local/lib/python3.12/site-packages/nbclient/client.py"", line 918, in _check_raise_for_error
    raise CellExecutionError.from_cell_and_msg(cell, exec_reply_content)
nbclient.exceptions.CellExecutionError:",False,21.221,3.12.12
8a12b2ead9d2187c94bfdcce40fa0198737d5f723cd1dbbba3472b88809abf25,Subin-Vidhu/2025,4_GenAI Essentials – Full Course for Beginners/GenAI-Essentials/hugging-face/hf-direct-model.ipynb,other,CellExecutionError,unclassified,,"An error occurred while executing the following cell:
------------------
from transformers import AutoTokenizer, AutoModelForCausalLM

model_path = ""./models/""

# Download the tokenizer and model
tokenizer = AutoTokenizer.from_pretrained(""meta-llama/Llama-3.2-1B"", cache_dir=model_path)
model = AutoModelForCausalLM.from_pretrained(""meta-llama/Llama-3.2-1B"", cache_dir=model_path)
------------------


[0;31m---------------------------------------------------------------------------[0m
[0;31mHTTP","Traceback (most recent call last):
  File ""/opt/pipeline/scripts/execution_core.py"", line 225, in execute_notebook_in_current_env
    client.execute()
  File ""/usr/local/lib/python3.10/site-packages/jupyter_core/utils/__init__.py"", line 165, in wrapped
    return loop.run_until_complete(inner)
  File ""/usr/local/lib/python3.10/asyncio/base_events.py"", line 649, in run_until_complete
    return future.result()
  File ""/usr/local/lib/python3.10/site-packages/nbclient/client.py"", line 709, in async_execute
    await self.async_execute_cell(
  File ""/usr/local/lib/python3.10/site-packages/nbclient/client.py"", line 1062, in async_execute_cell
    await self._check_raise_for_error(cell, cell_index, exec_reply)
  File ""/usr/local/lib/python3.10/site-packages/nbclient/client.py"", line 918, in _check_raise_for_error
    raise CellExecutionError.from_cell_and_msg(cell, exec_reply_content)
nbclient.exceptions.CellExecutionError: An error occurred while executing the following cell:
--------------",False,9.315,3.10.19
ffd9d5eb0d5a7d70318fdccf99254ea21bbe76f27d28bf331d78b729ec930c09,Subin-Vidhu/2025,4_GenAI Essentials – Full Course for Beginners/GenAI-Essentials/openai/basic.ipynb,other,CellExecutionError,unclassified,,"An error occurred while executing the following cell:
------------------
from openai import OpenAI
client = OpenAI()

completion = client.chat.completions.create(
    model=""gpt-4o-mini"",
    messages=[
        {""role"": ""system"", ""content"": ""You are a helpful assistant.""},
        {
            ""role"": ""user"",
            ""content"": ""Write a haiku about recursion in programming.""
        }
    ]
)

print(completion.choices[0].message)
------------------


[31m-----------------------------------","Traceback (most recent call last):
  File ""/opt/pipeline/scripts/execution_core.py"", line 225, in execute_notebook_in_current_env
    client.execute()
  File ""/usr/local/lib/python3.12/site-packages/jupyter_core/utils/__init__.py"", line 165, in wrapped
    return loop.run_until_complete(inner)
           ^^^^^^^^^^^^^^^^^^^^^^^^^^^^^^
  File ""/usr/local/lib/python3.12/asyncio/base_events.py"", line 691, in run_until_complete
    return future.result()
           ^^^^^^^^^^^^^^^
  File ""/usr/local/lib/python3.12/site-packages/nbclient/client.py"", line 709, in async_execute
    await self.async_execute_cell(
  File ""/usr/local/lib/python3.12/site-packages/nbclient/client.py"", line 1062, in async_execute_cell
    await self._check_raise_for_error(cell, cell_index, exec_reply)
  File ""/usr/local/lib/python3.12/site-packages/nbclient/client.py"", line 918, in _check_raise_for_error
    raise CellExecutionError.from_cell_and_msg(cell, exec_reply_content)
nbclient.exceptions.CellExecutionError:",False,2.325,3.12.12
57c394e7458b9cf49812b59b7c94840eb13d76bd68ca5703d861fe07fdf3d020,Subin-Vidhu/2025,4_GenAI Essentials – Full Course for Beginners/GenAI-Essentials/pgvector/basic.ipynb,other,CellExecutionError,unclassified,,"An error occurred while executing the following cell:
------------------
# Example usage
if __name__ == ""__main__"":
    # Initialize vector store with Docker PostgreSQL connection
    store = PostgresVectorStore(
        ""postgresql://vectordb:vectorpass@localhost:5432/vectordb""
    )
    
    # Example texts and metadata
    texts = [
        ""The quick brown fox jumps over the lazy dog"",
        ""Machine learning is a subset of artificial intelligence"",
        ""Python is a versatile programmi","Traceback (most recent call last):
  File ""/opt/pipeline/scripts/execution_core.py"", line 225, in execute_notebook_in_current_env
    client.execute()
  File ""/usr/local/lib/python3.12/site-packages/jupyter_core/utils/__init__.py"", line 165, in wrapped
    return loop.run_until_complete(inner)
           ^^^^^^^^^^^^^^^^^^^^^^^^^^^^^^
  File ""/usr/local/lib/python3.12/asyncio/base_events.py"", line 691, in run_until_complete
    return future.result()
           ^^^^^^^^^^^^^^^
  File ""/usr/local/lib/python3.12/site-packages/nbclient/client.py"", line 709, in async_execute
    await self.async_execute_cell(
  File ""/usr/local/lib/python3.12/site-packages/nbclient/client.py"", line 1062, in async_execute_cell
    await self._check_raise_for_error(cell, cell_index, exec_reply)
  File ""/usr/local/lib/python3.12/site-packages/nbclient/client.py"", line 918, in _check_raise_for_error
    raise CellExecutionError.from_cell_and_msg(cell, exec_reply_content)
nbclient.exceptions.CellExecutionError:",False,20.608,3.12.12
322ff1eaf29a6dfbfcadd1f2bac61468689394a844231b0420958c66ac2fb41a,Subin-Vidhu/2025,4_GenAI Essentials – Full Course for Beginners/GenAI-Essentials/pinecone/basic.ipynb,other,CellExecutionError,unclassified,,"An error occurred while executing the following cell:
------------------
from pinecone.grpc import PineconeGRPC as Pinecone
from pinecone import ServerlessSpec
import time

api_key=os.environ.get('PINECONE_API_KEY')
pc = Pinecone(api_key=api_key)
------------------


[31m---------------------------------------------------------------------------[39m
[31mPineconeConfigurationError[39m                Traceback (most recent call last)
[36mCell[39m[36m [39m[32mIn[4][39m[32m, line 6[39m
","Traceback (most recent call last):
  File ""/opt/pipeline/scripts/execution_core.py"", line 225, in execute_notebook_in_current_env
    client.execute()
  File ""/usr/local/lib/python3.12/site-packages/jupyter_core/utils/__init__.py"", line 165, in wrapped
    return loop.run_until_complete(inner)
           ^^^^^^^^^^^^^^^^^^^^^^^^^^^^^^
  File ""/usr/local/lib/python3.12/asyncio/base_events.py"", line 691, in run_until_complete
    return future.result()
           ^^^^^^^^^^^^^^^
  File ""/usr/local/lib/python3.12/site-packages/nbclient/client.py"", line 709, in async_execute
    await self.async_execute_cell(
  File ""/usr/local/lib/python3.12/site-packages/nbclient/client.py"", line 1062, in async_execute_cell
    await self._check_raise_for_error(cell, cell_index, exec_reply)
  File ""/usr/local/lib/python3.12/site-packages/nbclient/client.py"", line 918, in _check_raise_for_error
    raise CellExecutionError.from_cell_and_msg(cell, exec_reply_content)
nbclient.exceptions.CellExecutionError:",False,5.942,3.12.12
fc6bf5b36c98d230453c88b4ddac8afb86c86357096dea2187988ba1846659c8,Subin-Vidhu/2025,4_GenAI Essentials – Full Course for Beginners/GenAI-Essentials/pinecone/cohere_and_pinecone.ipynb,other,CellExecutionError,unclassified,,"An error occurred while executing the following cell:
------------------
import cohere
co = cohere.Client()
------------------


[31m---------------------------------------------------------------------------[39m
[31mApiError[39m                                  Traceback (most recent call last)
[36mCell[39m[36m [39m[32mIn[3][39m[32m, line 2[39m
[32m      1[39m [38;5;28;01mimport[39;00m[38;5;250m [39m[34;01mcohere[39;00m
[32m----> [39m[32m2[39m co = [43mcohere[49m[43m.","Traceback (most recent call last):
  File ""/opt/pipeline/scripts/execution_core.py"", line 225, in execute_notebook_in_current_env
    client.execute()
  File ""/usr/local/lib/python3.12/site-packages/jupyter_core/utils/__init__.py"", line 165, in wrapped
    return loop.run_until_complete(inner)
           ^^^^^^^^^^^^^^^^^^^^^^^^^^^^^^
  File ""/usr/local/lib/python3.12/asyncio/base_events.py"", line 691, in run_until_complete
    return future.result()
           ^^^^^^^^^^^^^^^
  File ""/usr/local/lib/python3.12/site-packages/nbclient/client.py"", line 709, in async_execute
    await self.async_execute_cell(
  File ""/usr/local/lib/python3.12/site-packages/nbclient/client.py"", line 1062, in async_execute_cell
    await self._check_raise_for_error(cell, cell_index, exec_reply)
  File ""/usr/local/lib/python3.12/site-packages/nbclient/client.py"", line 918, in _check_raise_for_error
    raise CellExecutionError.from_cell_and_msg(cell, exec_reply_content)
nbclient.exceptions.CellExecutionError:",False,6.325,3.12.12
151444f4fbdcc7254cbccc55c57d2c131e7a91deb96d0051ef6935feadd2f89d,Subin-Vidhu/2025,4_GenAI Essentials – Full Course for Beginners/GenAI-Essentials/prompting/react/basic.ipynb,other,CellExecutionError,unclassified,,"An error occurred while executing the following cell:
------------------
from openai import OpenAI
client = OpenAI()

completion = client.chat.completions.create(
    model=""gpt-4o-mini"",
    messages=[
        {""role"": ""system"", ""content"": system_prompt},
        {""role"": ""user"",""content"": user_prompt}
    ]
)
------------------


[31m---------------------------------------------------------------------------[39m
[31mOpenAIError[39m                               Traceback (most recent call ","Traceback (most recent call last):
  File ""/opt/pipeline/scripts/execution_core.py"", line 225, in execute_notebook_in_current_env
    client.execute()
  File ""/usr/local/lib/python3.12/site-packages/jupyter_core/utils/__init__.py"", line 165, in wrapped
    return loop.run_until_complete(inner)
           ^^^^^^^^^^^^^^^^^^^^^^^^^^^^^^
  File ""/usr/local/lib/python3.12/asyncio/base_events.py"", line 691, in run_until_complete
    return future.result()
           ^^^^^^^^^^^^^^^
  File ""/usr/local/lib/python3.12/site-packages/nbclient/client.py"", line 709, in async_execute
    await self.async_execute_cell(
  File ""/usr/local/lib/python3.12/site-packages/nbclient/client.py"", line 1062, in async_execute_cell
    await self._check_raise_for_error(cell, cell_index, exec_reply)
  File ""/usr/local/lib/python3.12/site-packages/nbclient/client.py"", line 918, in _check_raise_for_error
    raise CellExecutionError.from_cell_and_msg(cell, exec_reply_content)
nbclient.exceptions.CellExecutionError:",False,2.131,3.12.12
881419795e6b71e6fbe8b8830820b66da4e2d7aa2f7bc9f3ec260e43e62adcb4,Subin-Vidhu/2025,4_GenAI Essentials – Full Course for Beginners/GenAI-Essentials/serpapi/basic.ipynb,other,CellExecutionError,unclassified,,"An error occurred while executing the following cell:
------------------
params = {
  ""engine"": ""google"",
  ""q"": ""のは bunpro"",
  ""api_key"": os.environ.get('SERP_API_KEY')
}

search = GoogleSearch(params)
results = search.get_dict()
organic_results = results[""organic_results""]

------------------


[31m---------------------------------------------------------------------------[39m
[31mKeyError[39m                                  Traceback (most recent call last)
[36mCell[39m[36m [39m[32m","Traceback (most recent call last):
  File ""/opt/pipeline/scripts/execution_core.py"", line 225, in execute_notebook_in_current_env
    client.execute()
  File ""/usr/local/lib/python3.12/site-packages/jupyter_core/utils/__init__.py"", line 165, in wrapped
    return loop.run_until_complete(inner)
           ^^^^^^^^^^^^^^^^^^^^^^^^^^^^^^
  File ""/usr/local/lib/python3.12/asyncio/base_events.py"", line 691, in run_until_complete
    return future.result()
           ^^^^^^^^^^^^^^^
  File ""/usr/local/lib/python3.12/site-packages/nbclient/client.py"", line 709, in async_execute
    await self.async_execute_cell(
  File ""/usr/local/lib/python3.12/site-packages/nbclient/client.py"", line 1062, in async_execute_cell
    await self._check_raise_for_error(cell, cell_index, exec_reply)
  File ""/usr/local/lib/python3.12/site-packages/nbclient/client.py"", line 918, in _check_raise_for_error
    raise CellExecutionError.from_cell_and_msg(cell, exec_reply_content)
nbclient.exceptions.CellExecutionError:",False,3.983,3.12.12
0e2952a7d9e8a326e0a22ea51d268e5a7ee839523e0693b2e51c205166bec01b,digital-duck/zinets,docs/research/md2pdf.ipynb,file_not_found,CellExecutionError,runtime_error,no running event loop,"An error occurred while executing the following cell:
------------------
from md2pdf.core import md2pdf
------------------

----- stdout -----

-----

WeasyPrint could not import some external libraries. Please carefully follow the installation steps before reporting an issue:
https://doc.courtbouillon.org/weasyprint/stable/first_steps.html#installation
https://doc.courtbouillon.org/weasyprint/stable/first_steps.html#troubleshooting 

-----
------------------

[0;31m----------------------------","Traceback (most recent call last):
  File ""/usr/local/lib/python3.9/site-packages/jupyter_core/utils/__init__.py"", line 154, in wrapped
    asyncio.get_running_loop()
RuntimeError: no running event loop

During handling of the above exception, another exception occurred:

Traceback (most recent call last):
  File ""/opt/pipeline/scripts/execution_core.py"", line 225, in execute_notebook_in_current_env
    client.execute()
  File ""/usr/local/lib/python3.9/site-packages/jupyter_core/utils/__init__.py"", line 158, in wrapped
    return loop.run_until_complete(inner)
  File ""/usr/local/lib/python3.9/asyncio/base_events.py"", line 647, in run_until_complete
    return future.result()
  File ""/usr/local/lib/python3.9/site-packages/nbclient/client.py"", line 709, in async_execute
    await self.async_execute_cell(
  File ""/usr/local/lib/python3.9/site-packages/nbclient/client.py"", line 1062, in async_execute_cell
    await self._check_raise_for_error(cell, cell_index, exec_reply)
  File ""/usr/loca",False,8.176,3.9.25
332525c77f302b958c4462bd08f7adef269704da87a6a7018d2237810ed7fc62,delb-xml/demo-notebooks,getting_started.ipynb,other,CellExecutionError,missing_dependency,delb.filters,"An error occurred while executing the following cell:
------------------
from delb.filters import is_tag_node

author_node = title_node.fetch_following_sibling(is_tag_node)
print(author_node.full_text)
------------------


[31m---------------------------------------------------------------------------[39m
[31mModuleNotFoundError[39m                       Traceback (most recent call last)
[36mCell[39m[36m [39m[32mIn[7][39m[32m, line 1[39m
[32m----> [39m[32m1[39m [38;5;28;01mfrom","Traceback (most recent call last):
  File ""/opt/pipeline/scripts/execution_core.py"", line 225, in execute_notebook_in_current_env
    client.execute()
    ~~~~~~~~~~~~~~^^
  File ""/usr/local/lib/python3.13/site-packages/jupyter_core/utils/__init__.py"", line 165, in wrapped
    return loop.run_until_complete(inner)
           ~~~~~~~~~~~~~~~~~~~~~~~^^^^^^^
  File ""/usr/local/lib/python3.13/asyncio/base_events.py"", line 725, in run_until_complete
    return future.result()
           ~~~~~~~~~~~~~^^
  File ""/usr/local/lib/python3.13/site-packages/nbclient/client.py"", line 709, in async_execute
    await self.async_execute_cell(
        cell, index, execution_count=self.code_cells_executed + 1
    )
  File ""/usr/local/lib/python3.13/site-packages/nbclient/client.py"", line 1062, in async_execute_cell
    await self._check_raise_for_error(cell, cell_index, exec_reply)
  File ""/usr/local/lib/python3.13/site-packages/nbclient/client.py"", line 918, in _check_raise_for_error
    raise CellExecu",False,5.05,3.13.9
5dda0b19c40e6aaf6d40ece452060dec03eefce946d38d73be93130108d35357,ferustigris/colab_invest,Update_stocks.ipynb,file_not_found,CellExecutionError,file_not_found,client_secret.json,"An error occurred while executing the following cell:
------------------
sheet_eu = GSheetUpdater(EU_SHEET_NUMBER)
try:
  sheet_eu.apply_for_all(cols_and_funcs, 2)
except NoValue as e:
  print(e)
------------------


[0;31m---------------------------------------------------------------------------[0m
[0;31mFileNotFoundError[0m                         Traceback (most recent call last)
Cell [0;32mIn[6], line 1[0m
[0;32m----> 1[0m sheet_eu [38;5;241m=[39m [43mGSheetUpdater[49m[43m([49","Traceback (most recent call last):
  File ""/opt/pipeline/scripts/execution_core.py"", line 225, in execute_notebook_in_current_env
    client.execute()
  File ""/usr/local/lib/python3.10/site-packages/jupyter_core/utils/__init__.py"", line 165, in wrapped
    return loop.run_until_complete(inner)
  File ""/usr/local/lib/python3.10/asyncio/base_events.py"", line 649, in run_until_complete
    return future.result()
  File ""/usr/local/lib/python3.10/site-packages/nbclient/client.py"", line 709, in async_execute
    await self.async_execute_cell(
  File ""/usr/local/lib/python3.10/site-packages/nbclient/client.py"", line 1062, in async_execute_cell
    await self._check_raise_for_error(cell, cell_index, exec_reply)
  File ""/usr/local/lib/python3.10/site-packages/nbclient/client.py"", line 918, in _check_raise_for_error
    raise CellExecutionError.from_cell_and_msg(cell, exec_reply_content)
nbclient.exceptions.CellExecutionError: An error occurred while executing the following cell:
--------------",False,13.958,3.10.19
1867d082bd05eba0cc557458fd8ff76e7a88d1e4b9cd90703727ec877ce6283e,ferustigris/colab_invest,portfolio_balance.ipynb,other,CellExecutionError,missing_dependency,google.colab,"An error occurred while executing the following cell:
------------------
from google.colab import drive
drive.mount('/content/drive')
------------------


[0;31m---------------------------------------------------------------------------[0m
[0;31mModuleNotFoundError[0m                       Traceback (most recent call last)
Cell [0;32mIn[3], line 1[0m
[0;32m----> 1[0m [38;5;28;01mfrom[39;00m[38;5;250m [39m[38;5;21;01mgoogle[39;00m[38;5;21;01m.[39;00m[38;5;21;01mcolab[39;00m[38;","Traceback (most recent call last):
  File ""/usr/local/lib/python3.8/site-packages/jupyter_core/utils/__init__.py"", line 154, in wrapped
    asyncio.get_running_loop()
RuntimeError: no running event loop

During handling of the above exception, another exception occurred:

Traceback (most recent call last):
  File ""/opt/pipeline/scripts/execution_core.py"", line 225, in execute_notebook_in_current_env
    client.execute()
  File ""/usr/local/lib/python3.8/site-packages/jupyter_core/utils/__init__.py"", line 158, in wrapped
    return loop.run_until_complete(inner)
  File ""/usr/local/lib/python3.8/asyncio/base_events.py"", line 616, in run_until_complete
    return future.result()
  File ""/usr/local/lib/python3.8/site-packages/nbclient/client.py"", line 709, in async_execute
    await self.async_execute_cell(
  File ""/usr/local/lib/python3.8/site-packages/nbclient/client.py"", line 1062, in async_execute_cell
    await self._check_raise_for_error(cell, cell_index, exec_reply)
  File ""/usr/loca",False,3.791,3.8.20
e114a81abee7695688f8b1e74a7e5d761b393681471b67e853362fe44adaf027,ralf-42/GenAI,01_notebook/A00_snippets_genai.ipynb,other,CellExecutionError,missing_dependency,genai_lib,"An error occurred while executing the following cell:
------------------
from genai_lib.utilities import check_environment, get_ipinfo, setup_api_keys, mprint, install_packages, load_chat_prompt_template
------------------


[0;31m---------------------------------------------------------------------------[0m
[0;31mModuleNotFoundError[0m                       Traceback (most recent call last)
Cell [0;32mIn[2], line 1[0m
[0;32m----> 1[0m [38;5;28;01mfrom[39;00m[38;5;250m [39m[38;5;21;","Traceback (most recent call last):
  File ""/opt/pipeline/scripts/execution_core.py"", line 225, in execute_notebook_in_current_env
    client.execute()
  File ""/usr/local/lib/python3.10/site-packages/jupyter_core/utils/__init__.py"", line 165, in wrapped
    return loop.run_until_complete(inner)
  File ""/usr/local/lib/python3.10/asyncio/base_events.py"", line 649, in run_until_complete
    return future.result()
  File ""/usr/local/lib/python3.10/site-packages/nbclient/client.py"", line 709, in async_execute
    await self.async_execute_cell(
  File ""/usr/local/lib/python3.10/site-packages/nbclient/client.py"", line 1062, in async_execute_cell
    await self._check_raise_for_error(cell, cell_index, exec_reply)
  File ""/usr/local/lib/python3.10/site-packages/nbclient/client.py"", line 918, in _check_raise_for_error
    raise CellExecutionError.from_cell_and_msg(cell, exec_reply_content)
nbclient.exceptions.CellExecutionError: An error occurred while executing the following cell:
--------------",False,1.08,3.10.19
9df3f37ac4929147c5316beb7227badcaaf49f9ce94b04c387c0e52bfb103ec5,ralf-42/GenAI,01_notebook/M00_Kurs_Intro.ipynb,other,CellExecutionError,missing_dependency,google.colab,"An error occurred while executing the following cell:
------------------
from google.colab import drive
drive.mount('/content/drive')
------------------


[0;31m---------------------------------------------------------------------------[0m
[0;31mModuleNotFoundError[0m                       Traceback (most recent call last)
Cell [0;32mIn[1], line 1[0m
[0;32m----> 1[0m [38;5;28;01mfrom[39;00m[38;5;250m [39m[38;5;21;01mgoogle[39;00m[38;5;21;01m.[39;00m[38;5;21;01mcolab[39;00m[38;","Traceback (most recent call last):
  File ""/opt/pipeline/scripts/execution_core.py"", line 225, in execute_notebook_in_current_env
    client.execute()
  File ""/usr/local/lib/python3.10/site-packages/jupyter_core/utils/__init__.py"", line 165, in wrapped
    return loop.run_until_complete(inner)
  File ""/usr/local/lib/python3.10/asyncio/base_events.py"", line 649, in run_until_complete
    return future.result()
  File ""/usr/local/lib/python3.10/site-packages/nbclient/client.py"", line 709, in async_execute
    await self.async_execute_cell(
  File ""/usr/local/lib/python3.10/site-packages/nbclient/client.py"", line 1062, in async_execute_cell
    await self._check_raise_for_error(cell, cell_index, exec_reply)
  File ""/usr/local/lib/python3.10/site-packages/nbclient/client.py"", line 918, in _check_raise_for_error
    raise CellExecutionError.from_cell_and_msg(cell, exec_reply_content)
nbclient.exceptions.CellExecutionError: An error occurred while executing the following cell:
--------------",False,0.961,3.10.19
cab9c84bb86ad1d9feff111006e86325e0c957aca4061116ce45d840888c0863,ralf-42/GenAI,01_notebook/M01_GenAI_Intro.ipynb,other,CellExecutionError,missing_dependency,genai_lib,"An error occurred while executing the following cell:
------------------
#@title 🔧 Umgebung einrichten{ display-mode: ""form"" }
!uv pip install --system -q git+https://github.com/ralf-42/GenAI.git#subdirectory=04_modul
from genai_lib.utilities import check_environment, get_ipinfo, setup_api_keys, mprint, install_packages
# setup_api_keys(['OPENAI_API_KEY', 'HF_TOKEN'], create_globals=False)
print()
check_environment()
print()
get_ipinfo()
------------------

----- stdout -----
/usr/bin/sh: 1: uv:","Traceback (most recent call last):
  File ""/opt/pipeline/scripts/execution_core.py"", line 225, in execute_notebook_in_current_env
    client.execute()
  File ""/usr/local/lib/python3.10/site-packages/jupyter_core/utils/__init__.py"", line 165, in wrapped
    return loop.run_until_complete(inner)
  File ""/usr/local/lib/python3.10/asyncio/base_events.py"", line 649, in run_until_complete
    return future.result()
  File ""/usr/local/lib/python3.10/site-packages/nbclient/client.py"", line 709, in async_execute
    await self.async_execute_cell(
  File ""/usr/local/lib/python3.10/site-packages/nbclient/client.py"", line 1062, in async_execute_cell
    await self._check_raise_for_error(cell, cell_index, exec_reply)
  File ""/usr/local/lib/python3.10/site-packages/nbclient/client.py"", line 918, in _check_raise_for_error
    raise CellExecutionError.from_cell_and_msg(cell, exec_reply_content)
nbclient.exceptions.CellExecutionError: An error occurred while executing the following cell:
--------------",False,1.075,3.10.19
6b9c3ef7d4e9a6126f8dbc37785acf65adbc5841600763b14c7109bf28b7cbc2,ralf-42/GenAI,01_notebook/M03_Codieren_mit_GenAI.ipynb,other,CellExecutionError,missing_dependency,genai_lib,"An error occurred while executing the following cell:
------------------
#@title 🔧 Umgebung einrichten{ display-mode: ""form"" }
!uv pip install --system -q git+https://github.com/ralf-42/GenAI.git#subdirectory=04_modul
from genai_lib.utilities import check_environment, get_ipinfo, setup_api_keys, mprint, install_packages
setup_api_keys(['OPENAI_API_KEY', 'HF_TOKEN'], create_globals=False)
print()
check_environment()
print()
get_ipinfo()
------------------

----- stdout -----
/usr/bin/sh: 1: uv: n","Traceback (most recent call last):
  File ""/opt/pipeline/scripts/execution_core.py"", line 225, in execute_notebook_in_current_env
    client.execute()
  File ""/usr/local/lib/python3.10/site-packages/jupyter_core/utils/__init__.py"", line 165, in wrapped
    return loop.run_until_complete(inner)
  File ""/usr/local/lib/python3.10/asyncio/base_events.py"", line 649, in run_until_complete
    return future.result()
  File ""/usr/local/lib/python3.10/site-packages/nbclient/client.py"", line 709, in async_execute
    await self.async_execute_cell(
  File ""/usr/local/lib/python3.10/site-packages/nbclient/client.py"", line 1062, in async_execute_cell
    await self._check_raise_for_error(cell, cell_index, exec_reply)
  File ""/usr/local/lib/python3.10/site-packages/nbclient/client.py"", line 918, in _check_raise_for_error
    raise CellExecutionError.from_cell_and_msg(cell, exec_reply_content)
nbclient.exceptions.CellExecutionError: An error occurred while executing the following cell:
--------------",False,1.173,3.10.19
001a2214a94ed729703640869e87a57cef3205675ec39d0b27bbae937cf081b9,ralf-42/GenAI,01_notebook/M04a_LangChain101.ipynb,other,CellExecutionError,missing_dependency,genai_lib,"An error occurred while executing the following cell:
------------------
#@title 🔧 Umgebung einrichten{ display-mode: ""form"" }
!uv pip install --system -q git+https://github.com/ralf-42/GenAI.git#subdirectory=04_modul
from genai_lib.utilities import check_environment, get_ipinfo, setup_api_keys, mprint, install_packages, load_chat_prompt_template
setup_api_keys(['OPENAI_API_KEY', 'HF_TOKEN'], create_globals=False)
print()
check_environment()
print()
get_ipinfo()
------------------

----- stdout ","Traceback (most recent call last):
  File ""/opt/pipeline/scripts/execution_core.py"", line 225, in execute_notebook_in_current_env
    client.execute()
  File ""/usr/local/lib/python3.12/site-packages/jupyter_core/utils/__init__.py"", line 165, in wrapped
    return loop.run_until_complete(inner)
           ^^^^^^^^^^^^^^^^^^^^^^^^^^^^^^
  File ""/usr/local/lib/python3.12/asyncio/base_events.py"", line 691, in run_until_complete
    return future.result()
           ^^^^^^^^^^^^^^^
  File ""/usr/local/lib/python3.12/site-packages/nbclient/client.py"", line 709, in async_execute
    await self.async_execute_cell(
  File ""/usr/local/lib/python3.12/site-packages/nbclient/client.py"", line 1062, in async_execute_cell
    await self._check_raise_for_error(cell, cell_index, exec_reply)
  File ""/usr/local/lib/python3.12/site-packages/nbclient/client.py"", line 918, in _check_raise_for_error
    raise CellExecutionError.from_cell_and_msg(cell, exec_reply_content)
nbclient.exceptions.CellExecutionError:",False,1.243,3.12.12
d8f85f99d206c5c0626edc510de049d5a60366a6ff89a672ee6268eab9f22046,ralf-42/GenAI,01_notebook/M04b_LangGraph101.ipynb,other,CellExecutionError,missing_dependency,genai_lib,"An error occurred while executing the following cell:
------------------
#@title 🔧 Umgebung einrichten{ display-mode: ""form"" }
!uv pip install --system -q git+https://github.com/ralf-42/GenAI.git#subdirectory=04_modul
from genai_lib.utilities import check_environment, get_ipinfo, setup_api_keys, mprint, install_packages
setup_api_keys(['OPENAI_API_KEY', 'HF_TOKEN'], create_globals=False)
print()
check_environment()
print()
get_ipinfo()
------------------

----- stdout -----
/usr/bin/sh: 1: uv: n","Traceback (most recent call last):
  File ""/opt/pipeline/scripts/execution_core.py"", line 225, in execute_notebook_in_current_env
    client.execute()
  File ""/usr/local/lib/python3.10/site-packages/jupyter_core/utils/__init__.py"", line 165, in wrapped
    return loop.run_until_complete(inner)
  File ""/usr/local/lib/python3.10/asyncio/base_events.py"", line 649, in run_until_complete
    return future.result()
  File ""/usr/local/lib/python3.10/site-packages/nbclient/client.py"", line 709, in async_execute
    await self.async_execute_cell(
  File ""/usr/local/lib/python3.10/site-packages/nbclient/client.py"", line 1062, in async_execute_cell
    await self._check_raise_for_error(cell, cell_index, exec_reply)
  File ""/usr/local/lib/python3.10/site-packages/nbclient/client.py"", line 918, in _check_raise_for_error
    raise CellExecutionError.from_cell_and_msg(cell, exec_reply_content)
nbclient.exceptions.CellExecutionError: An error occurred while executing the following cell:
--------------",False,1.196,3.10.19
a15a03cb6e207ffbf50b17ae08b66661cdc65c9ba7a9462ef4e53258ba8cd181,ralf-42/GenAI,01_notebook/M05_LLM_Transformer.ipynb,other,CellExecutionError,missing_dependency,genai_lib,"An error occurred while executing the following cell:
------------------
#@title 🔧 Umgebung einrichten{ display-mode: ""form"" }
!uv pip install --system -q git+https://github.com/ralf-42/GenAI.git#subdirectory=04_modul
from genai_lib.utilities import check_environment, get_ipinfo, setup_api_keys, mprint, install_packages
setup_api_keys(['OPENAI_API_KEY', 'HF_TOKEN'], create_globals=False)
print()
check_environment()
print()
get_ipinfo()
------------------

----- stdout -----
/usr/bin/sh: 1: uv: n","Traceback (most recent call last):
  File ""/opt/pipeline/scripts/execution_core.py"", line 225, in execute_notebook_in_current_env
    client.execute()
  File ""/usr/local/lib/python3.10/site-packages/jupyter_core/utils/__init__.py"", line 165, in wrapped
    return loop.run_until_complete(inner)
  File ""/usr/local/lib/python3.10/asyncio/base_events.py"", line 649, in run_until_complete
    return future.result()
  File ""/usr/local/lib/python3.10/site-packages/nbclient/client.py"", line 709, in async_execute
    await self.async_execute_cell(
  File ""/usr/local/lib/python3.10/site-packages/nbclient/client.py"", line 1062, in async_execute_cell
    await self._check_raise_for_error(cell, cell_index, exec_reply)
  File ""/usr/local/lib/python3.10/site-packages/nbclient/client.py"", line 918, in _check_raise_for_error
    raise CellExecutionError.from_cell_and_msg(cell, exec_reply_content)
nbclient.exceptions.CellExecutionError: An error occurred while executing the following cell:
--------------",False,1.19,3.10.19
cb915f4c9b40096c6e7161fa4d1a2ab3bb07677166c68112a753f79ac55781ac,ralf-42/GenAI,01_notebook/M06_Chat_Memory.ipynb,other,CellExecutionError,missing_dependency,genai_lib,"An error occurred while executing the following cell:
------------------
#@title 🔧 Umgebung einrichten{ display-mode: ""form"" }
!uv pip install --system -q git+https://github.com/ralf-42/GenAI.git#subdirectory=04_modul
!uv pip install --system -q langgraph langchain_openai
from genai_lib.utilities import check_environment, get_ipinfo, setup_api_keys, mprint, install_packages
setup_api_keys(['OPENAI_API_KEY', 'HF_TOKEN'], create_globals=False)
print()
check_environment()
print()
get_ipinfo()
-----","Traceback (most recent call last):
  File ""/opt/pipeline/scripts/execution_core.py"", line 225, in execute_notebook_in_current_env
    client.execute()
  File ""/usr/local/lib/python3.10/site-packages/jupyter_core/utils/__init__.py"", line 165, in wrapped
    return loop.run_until_complete(inner)
  File ""/usr/local/lib/python3.10/asyncio/base_events.py"", line 649, in run_until_complete
    return future.result()
  File ""/usr/local/lib/python3.10/site-packages/nbclient/client.py"", line 709, in async_execute
    await self.async_execute_cell(
  File ""/usr/local/lib/python3.10/site-packages/nbclient/client.py"", line 1062, in async_execute_cell
    await self._check_raise_for_error(cell, cell_index, exec_reply)
  File ""/usr/local/lib/python3.10/site-packages/nbclient/client.py"", line 918, in _check_raise_for_error
    raise CellExecutionError.from_cell_and_msg(cell, exec_reply_content)
nbclient.exceptions.CellExecutionError: An error occurred while executing the following cell:
--------------",False,1.192,3.10.19
5f4625796b968302ea1aee4e5f5d8428b59deb92d5a9e03c65a1f89ef6c86834,ralf-42/GenAI,01_notebook/M07_OutputParser.ipynb,other,CellExecutionError,missing_dependency,genai_lib,"An error occurred while executing the following cell:
------------------
#@title 🔧 Umgebung einrichten{ display-mode: ""form"" }
!uv pip install --system -q git+https://github.com/ralf-42/GenAI.git#subdirectory=04_modul
from genai_lib.utilities import check_environment, get_ipinfo, setup_api_keys, mprint, install_packages
setup_api_keys(['OPENAI_API_KEY', 'HF_TOKEN'], create_globals=False)
print()
check_environment()
print()
get_ipinfo()
------------------

----- stdout -----
/usr/bin/sh: 1: uv: n","Traceback (most recent call last):
  File ""/opt/pipeline/scripts/execution_core.py"", line 225, in execute_notebook_in_current_env
    client.execute()
  File ""/usr/local/lib/python3.10/site-packages/jupyter_core/utils/__init__.py"", line 165, in wrapped
    return loop.run_until_complete(inner)
  File ""/usr/local/lib/python3.10/asyncio/base_events.py"", line 649, in run_until_complete
    return future.result()
  File ""/usr/local/lib/python3.10/site-packages/nbclient/client.py"", line 709, in async_execute
    await self.async_execute_cell(
  File ""/usr/local/lib/python3.10/site-packages/nbclient/client.py"", line 1062, in async_execute_cell
    await self._check_raise_for_error(cell, cell_index, exec_reply)
  File ""/usr/local/lib/python3.10/site-packages/nbclient/client.py"", line 918, in _check_raise_for_error
    raise CellExecutionError.from_cell_and_msg(cell, exec_reply_content)
nbclient.exceptions.CellExecutionError: An error occurred while executing the following cell:
--------------",False,1.106,3.10.19
f6659b9e3453a8f075b78d5b2fab17ff851e04ab001d7d29f50a61ec765ba343,ralf-42/GenAI,01_notebook/M08_RAG_LangChain.ipynb,other,CellExecutionError,missing_dependency,genai_lib,"An error occurred while executing the following cell:
------------------
#@title 🔧 Umgebung einrichten{ display-mode: ""form"" }
!uv pip install --system -q git+https://github.com/ralf-42/GenAI.git#subdirectory=04_modul
from genai_lib.utilities import check_environment, get_ipinfo, setup_api_keys, mprint, install_packages
setup_api_keys(['OPENAI_API_KEY', 'HF_TOKEN'], create_globals=False)
print()
check_environment()
print()
get_ipinfo()
------------------

----- stdout -----
/usr/bin/sh: 1: uv: n","Traceback (most recent call last):
  File ""/opt/pipeline/scripts/execution_core.py"", line 225, in execute_notebook_in_current_env
    client.execute()
  File ""/usr/local/lib/python3.10/site-packages/jupyter_core/utils/__init__.py"", line 165, in wrapped
    return loop.run_until_complete(inner)
  File ""/usr/local/lib/python3.10/asyncio/base_events.py"", line 649, in run_until_complete
    return future.result()
  File ""/usr/local/lib/python3.10/site-packages/nbclient/client.py"", line 709, in async_execute
    await self.async_execute_cell(
  File ""/usr/local/lib/python3.10/site-packages/nbclient/client.py"", line 1062, in async_execute_cell
    await self._check_raise_for_error(cell, cell_index, exec_reply)
  File ""/usr/local/lib/python3.10/site-packages/nbclient/client.py"", line 918, in _check_raise_for_error
    raise CellExecutionError.from_cell_and_msg(cell, exec_reply_content)
nbclient.exceptions.CellExecutionError: An error occurred while executing the following cell:
--------------",False,1.079,3.10.19
754beaa34188b44f43b4cc6b927dc6483abc0d4edad84238fc0685af098d89c5,ralf-42/GenAI,01_notebook/M09_Multimodal_Bild.ipynb,other,CellExecutionError,missing_dependency,genai_lib,"An error occurred while executing the following cell:
------------------
#@title 🔧 Umgebung einrichten{ display-mode: ""form"" }
!uv pip install --system -q git+https://github.com/ralf-42/GenAI.git#subdirectory=04_modul
from genai_lib.utilities import check_environment, get_ipinfo, setup_api_keys, mprint, install_packages
setup_api_keys(['OPENAI_API_KEY', 'HF_TOKEN'], create_globals=False)
print()
check_environment()
print()
get_ipinfo()
------------------

----- stdout -----
/usr/bin/sh: 1: uv: n","Traceback (most recent call last):
  File ""/opt/pipeline/scripts/execution_core.py"", line 225, in execute_notebook_in_current_env
    client.execute()
  File ""/usr/local/lib/python3.10/site-packages/jupyter_core/utils/__init__.py"", line 165, in wrapped
    return loop.run_until_complete(inner)
  File ""/usr/local/lib/python3.10/asyncio/base_events.py"", line 649, in run_until_complete
    return future.result()
  File ""/usr/local/lib/python3.10/site-packages/nbclient/client.py"", line 709, in async_execute
    await self.async_execute_cell(
  File ""/usr/local/lib/python3.10/site-packages/nbclient/client.py"", line 1062, in async_execute_cell
    await self._check_raise_for_error(cell, cell_index, exec_reply)
  File ""/usr/local/lib/python3.10/site-packages/nbclient/client.py"", line 918, in _check_raise_for_error
    raise CellExecutionError.from_cell_and_msg(cell, exec_reply_content)
nbclient.exceptions.CellExecutionError: An error occurred while executing the following cell:
--------------",False,1.075,3.10.19
36cec24e76e4dcbc118b04b09ad4f27022b8c59059257afc24cb10d2e7fa113e,ralf-42/GenAI,01_notebook/M10_Agenten_LangChain.ipynb,other,CellExecutionError,missing_dependency,genai_lib,"An error occurred while executing the following cell:
------------------
#@title 🔧 Umgebung einrichten{ display-mode: ""form"" }
!uv pip install --system -q git+https://github.com/ralf-42/GenAI.git#subdirectory=04_modul
from genai_lib.utilities import check_environment, get_ipinfo, setup_api_keys, mprint, install_packages
setup_api_keys(['OPENAI_API_KEY', 'HF_TOKEN', 'SERPAPI_API_KEY'], create_globals=False)
print()
check_environment()
print()
get_ipinfo()
------------------

----- stdout -----
/u","Traceback (most recent call last):
  File ""/opt/pipeline/scripts/execution_core.py"", line 225, in execute_notebook_in_current_env
    client.execute()
  File ""/usr/local/lib/python3.10/site-packages/jupyter_core/utils/__init__.py"", line 165, in wrapped
    return loop.run_until_complete(inner)
  File ""/usr/local/lib/python3.10/asyncio/base_events.py"", line 649, in run_until_complete
    return future.result()
  File ""/usr/local/lib/python3.10/site-packages/nbclient/client.py"", line 709, in async_execute
    await self.async_execute_cell(
  File ""/usr/local/lib/python3.10/site-packages/nbclient/client.py"", line 1062, in async_execute_cell
    await self._check_raise_for_error(cell, cell_index, exec_reply)
  File ""/usr/local/lib/python3.10/site-packages/nbclient/client.py"", line 918, in _check_raise_for_error
    raise CellExecutionError.from_cell_and_msg(cell, exec_reply_content)
nbclient.exceptions.CellExecutionError: An error occurred while executing the following cell:
--------------",False,1.078,3.10.19
3769c5c2bb9674ee72ed06ecdf2d3e2d922924ba30d0899b76e6e58ec01bb729,ralf-42/GenAI,01_notebook/M11_Gradio.ipynb,other,CellExecutionError,missing_dependency,genai_lib,"An error occurred while executing the following cell:
------------------
#@title 🔧 Umgebung einrichten{ display-mode: ""form"" }
!uv pip install --system -q git+https://github.com/ralf-42/GenAI.git#subdirectory=04_modul
from genai_lib.utilities import check_environment, get_ipinfo, setup_api_keys, mprint, install_packages
setup_api_keys(['OPENAI_API_KEY', 'HF_TOKEN'], create_globals=False)
print()
check_environment()
print()
get_ipinfo()
# Bei Bedarf: Trennen zwischen Installationsname () und Impo","Traceback (most recent call last):
  File ""/opt/pipeline/scripts/execution_core.py"", line 225, in execute_notebook_in_current_env
    client.execute()
  File ""/usr/local/lib/python3.12/site-packages/jupyter_core/utils/__init__.py"", line 165, in wrapped
    return loop.run_until_complete(inner)
           ^^^^^^^^^^^^^^^^^^^^^^^^^^^^^^
  File ""/usr/local/lib/python3.12/asyncio/base_events.py"", line 691, in run_until_complete
    return future.result()
           ^^^^^^^^^^^^^^^
  File ""/usr/local/lib/python3.12/site-packages/nbclient/client.py"", line 709, in async_execute
    await self.async_execute_cell(
  File ""/usr/local/lib/python3.12/site-packages/nbclient/client.py"", line 1062, in async_execute_cell
    await self._check_raise_for_error(cell, cell_index, exec_reply)
  File ""/usr/local/lib/python3.12/site-packages/nbclient/client.py"", line 918, in _check_raise_for_error
    raise CellExecutionError.from_cell_and_msg(cell, exec_reply_content)
nbclient.exceptions.CellExecutionError:",False,1.349,3.12.12
bad946d32289451ad9255a4b0671b6b777fc1311f72904a0f3dd842e89ca66f8,ralf-42/GenAI,01_notebook/M12_Lokale_Open_Source_Modelle.ipynb,other,CellExecutionError,missing_dependency,genai_lib,"An error occurred while executing the following cell:
------------------
#@title 🔧 Umgebung einrichten{ display-mode: ""form"" }
!uv pip install --system -q git+https://github.com/ralf-42/GenAI.git#subdirectory=04_modul
from genai_lib.utilities import check_environment, get_ipinfo, setup_api_keys, mprint, install_packages
setup_api_keys(['OPENAI_API_KEY', 'HF_TOKEN'], create_globals=False)
print()
check_environment()
print()
get_ipinfo()
# Bei Bedarf: Trennen zwischen Installationsname () und Impo","Traceback (most recent call last):
  File ""/opt/pipeline/scripts/execution_core.py"", line 225, in execute_notebook_in_current_env
    client.execute()
  File ""/usr/local/lib/python3.10/site-packages/jupyter_core/utils/__init__.py"", line 165, in wrapped
    return loop.run_until_complete(inner)
  File ""/usr/local/lib/python3.10/asyncio/base_events.py"", line 649, in run_until_complete
    return future.result()
  File ""/usr/local/lib/python3.10/site-packages/nbclient/client.py"", line 709, in async_execute
    await self.async_execute_cell(
  File ""/usr/local/lib/python3.10/site-packages/nbclient/client.py"", line 1062, in async_execute_cell
    await self._check_raise_for_error(cell, cell_index, exec_reply)
  File ""/usr/local/lib/python3.10/site-packages/nbclient/client.py"", line 918, in _check_raise_for_error
    raise CellExecutionError.from_cell_and_msg(cell, exec_reply_content)
nbclient.exceptions.CellExecutionError: An error occurred while executing the following cell:
--------------",False,1.107,3.10.19
ff446f0ac3420fe816adcdfb2818851786ff23e974713a56e2c587cf768fbc85,ralf-42/GenAI,01_notebook/M13_SQL_RAG.ipynb,other,CellExecutionError,missing_dependency,genai_lib,"An error occurred while executing the following cell:
------------------
#@title 🔧 Umgebung einrichten{ display-mode: ""form"" }
!uv pip install --system -q git+https://github.com/ralf-42/GenAI.git#subdirectory=04_modul
from genai_lib.utilities import check_environment, get_ipinfo, setup_api_keys, mprint, install_packages
setup_api_keys(['OPENAI_API_KEY', 'HF_TOKEN'], create_globals=False)
print()
check_environment()
print()
get_ipinfo()
# Bei Bedarf: Trennen zwischen Installationsname () und Impo","Traceback (most recent call last):
  File ""/opt/pipeline/scripts/execution_core.py"", line 225, in execute_notebook_in_current_env
    client.execute()
  File ""/usr/local/lib/python3.10/site-packages/jupyter_core/utils/__init__.py"", line 165, in wrapped
    return loop.run_until_complete(inner)
  File ""/usr/local/lib/python3.10/asyncio/base_events.py"", line 649, in run_until_complete
    return future.result()
  File ""/usr/local/lib/python3.10/site-packages/nbclient/client.py"", line 709, in async_execute
    await self.async_execute_cell(
  File ""/usr/local/lib/python3.10/site-packages/nbclient/client.py"", line 1062, in async_execute_cell
    await self._check_raise_for_error(cell, cell_index, exec_reply)
  File ""/usr/local/lib/python3.10/site-packages/nbclient/client.py"", line 918, in _check_raise_for_error
    raise CellExecutionError.from_cell_and_msg(cell, exec_reply_content)
nbclient.exceptions.CellExecutionError: An error occurred while executing the following cell:
--------------",False,1.101,3.10.19
2f79986252b8688eeed1d8e77784f9eb9feb2601b81e5837e6c6f6e7c94f9b79,ralf-42/GenAI,01_notebook/M14_Multimodal_RAG.ipynb,other,CellExecutionError,missing_dependency,genai_lib,"An error occurred while executing the following cell:
------------------
#@title 🔧 Umgebung einrichten{ display-mode: ""form"" }
!uv pip install --system -q git+https://github.com/ralf-42/GenAI.git#subdirectory=04_modul
from genai_lib.utilities import check_environment, get_ipinfo, setup_api_keys, mprint, install_packages
setup_api_keys(['OPENAI_API_KEY', 'HF_TOKEN'], create_globals=False)
print()
check_environment()
print()
get_ipinfo()
------------------

----- stdout -----
/usr/bin/sh: 1: uv: n","Traceback (most recent call last):
  File ""/opt/pipeline/scripts/execution_core.py"", line 225, in execute_notebook_in_current_env
    client.execute()
  File ""/usr/local/lib/python3.10/site-packages/jupyter_core/utils/__init__.py"", line 165, in wrapped
    return loop.run_until_complete(inner)
  File ""/usr/local/lib/python3.10/asyncio/base_events.py"", line 649, in run_until_complete
    return future.result()
  File ""/usr/local/lib/python3.10/site-packages/nbclient/client.py"", line 709, in async_execute
    await self.async_execute_cell(
  File ""/usr/local/lib/python3.10/site-packages/nbclient/client.py"", line 1062, in async_execute_cell
    await self._check_raise_for_error(cell, cell_index, exec_reply)
  File ""/usr/local/lib/python3.10/site-packages/nbclient/client.py"", line 918, in _check_raise_for_error
    raise CellExecutionError.from_cell_and_msg(cell, exec_reply_content)
nbclient.exceptions.CellExecutionError: An error occurred while executing the following cell:
--------------",False,1.076,3.10.19
8ad867461425c69688a2f92d348e021d1747e1badddb5cad14a9df138d669dc5,ralf-42/GenAI,01_notebook/M15_Multimodal_Audio.ipynb,other,CellExecutionError,missing_dependency,genai_lib,"An error occurred while executing the following cell:
------------------
#@title 🔧 Umgebung einrichten{ display-mode: ""form"" }
!uv pip install --system -q git+https://github.com/ralf-42/GenAI.git#subdirectory=04_modul
from genai_lib.utilities import check_environment, get_ipinfo, setup_api_keys, mprint, install_packages
setup_api_keys(['OPENAI_API_KEY', 'HF_TOKEN'], create_globals=False)
print()
check_environment()
print()
get_ipinfo()
# Bei Bedarf: Trennen zwischen Installationsname () und Impo","Traceback (most recent call last):
  File ""/opt/pipeline/scripts/execution_core.py"", line 225, in execute_notebook_in_current_env
    client.execute()
  File ""/usr/local/lib/python3.10/site-packages/jupyter_core/utils/__init__.py"", line 165, in wrapped
    return loop.run_until_complete(inner)
  File ""/usr/local/lib/python3.10/asyncio/base_events.py"", line 649, in run_until_complete
    return future.result()
  File ""/usr/local/lib/python3.10/site-packages/nbclient/client.py"", line 709, in async_execute
    await self.async_execute_cell(
  File ""/usr/local/lib/python3.10/site-packages/nbclient/client.py"", line 1062, in async_execute_cell
    await self._check_raise_for_error(cell, cell_index, exec_reply)
  File ""/usr/local/lib/python3.10/site-packages/nbclient/client.py"", line 918, in _check_raise_for_error
    raise CellExecutionError.from_cell_and_msg(cell, exec_reply_content)
nbclient.exceptions.CellExecutionError: An error occurred while executing the following cell:
--------------",False,1.104,3.10.19
a16ab350e6fcf19fcfa9542311cb7812df4f1e3bfef8e4f327e4ac473cec30a0,ralf-42/GenAI,01_notebook/M16_Multimodal_Video.ipynb,other,CellExecutionError,missing_dependency,genai_lib,"An error occurred while executing the following cell:
------------------
#@title 🔧 Umgebung einrichten{ display-mode: ""form"" }
!uv pip install --system -q git+https://github.com/ralf-42/GenAI.git#subdirectory=04_modul
from genai_lib.utilities import check_environment, get_ipinfo, setup_api_keys, mprint, install_packages
setup_api_keys(['OPENAI_API_KEY', 'HF_TOKEN'], create_globals=False)
print()
check_environment()
print()
get_ipinfo()
# Bei Bedarf: Trennen zwischen Installationsname () und Impo","Traceback (most recent call last):
  File ""/opt/pipeline/scripts/execution_core.py"", line 225, in execute_notebook_in_current_env
    client.execute()
  File ""/usr/local/lib/python3.10/site-packages/jupyter_core/utils/__init__.py"", line 165, in wrapped
    return loop.run_until_complete(inner)
  File ""/usr/local/lib/python3.10/asyncio/base_events.py"", line 649, in run_until_complete
    return future.result()
  File ""/usr/local/lib/python3.10/site-packages/nbclient/client.py"", line 709, in async_execute
    await self.async_execute_cell(
  File ""/usr/local/lib/python3.10/site-packages/nbclient/client.py"", line 1062, in async_execute_cell
    await self._check_raise_for_error(cell, cell_index, exec_reply)
  File ""/usr/local/lib/python3.10/site-packages/nbclient/client.py"", line 918, in _check_raise_for_error
    raise CellExecutionError.from_cell_and_msg(cell, exec_reply_content)
nbclient.exceptions.CellExecutionError: An error occurred while executing the following cell:
--------------",False,1.18,3.10.19
77ee48cba877dadce0c8842b5a661a2ff7eba5a0d9912edf3ed842bdf0445652,ralf-42/GenAI,01_notebook/M17_MCP_Model_Context_Protocol.ipynb,other,CellExecutionError,missing_dependency,genai_lib,"An error occurred while executing the following cell:
------------------
#@title 🔧 Umgebung einrichten{ display-mode: ""form"" }
!uv pip install --system -q git+https://github.com/ralf-42/GenAI.git#subdirectory=04_modul
from genai_lib.utilities import check_environment, get_ipinfo, setup_api_keys, mprint, install_packages
setup_api_keys(['OPENAI_API_KEY', 'HF_TOKEN'], create_globals=False)
print()
check_environment()
print()
get_ipinfo()
------------------

----- stdout -----
/usr/bin/sh: 1: uv: n","Traceback (most recent call last):
  File ""/opt/pipeline/scripts/execution_core.py"", line 225, in execute_notebook_in_current_env
    client.execute()
  File ""/usr/local/lib/python3.10/site-packages/jupyter_core/utils/__init__.py"", line 165, in wrapped
    return loop.run_until_complete(inner)
  File ""/usr/local/lib/python3.10/asyncio/base_events.py"", line 649, in run_until_complete
    return future.result()
  File ""/usr/local/lib/python3.10/site-packages/nbclient/client.py"", line 709, in async_execute
    await self.async_execute_cell(
  File ""/usr/local/lib/python3.10/site-packages/nbclient/client.py"", line 1062, in async_execute_cell
    await self._check_raise_for_error(cell, cell_index, exec_reply)
  File ""/usr/local/lib/python3.10/site-packages/nbclient/client.py"", line 918, in _check_raise_for_error
    raise CellExecutionError.from_cell_and_msg(cell, exec_reply_content)
nbclient.exceptions.CellExecutionError: An error occurred while executing the following cell:
--------------",False,1.09,3.10.19
753365da6fef917b4c2378d7835f0fc3137aee98f650bd01280b183f94cddfab,ralf-42/GenAI,01_notebook/M18_Fine_Tuning.ipynb,other,CellExecutionError,missing_dependency,genai_lib,"An error occurred while executing the following cell:
------------------
#@title 🔧 Umgebung einrichten{ display-mode: ""form"" }
!uv pip install --system -q git+https://github.com/ralf-42/GenAI.git#subdirectory=04_modul
from genai_lib.utilities import check_environment, get_ipinfo, setup_api_keys, mprint, install_packages
setup_api_keys(['OPENAI_API_KEY', 'HF_TOKEN'], create_globals=False)
print()
check_environment()
print()
get_ipinfo()
# Bei Bedarf: Trennen zwischen Installationsname () und Impo","Traceback (most recent call last):
  File ""/opt/pipeline/scripts/execution_core.py"", line 225, in execute_notebook_in_current_env
    client.execute()
  File ""/usr/local/lib/python3.10/site-packages/jupyter_core/utils/__init__.py"", line 165, in wrapped
    return loop.run_until_complete(inner)
  File ""/usr/local/lib/python3.10/asyncio/base_events.py"", line 649, in run_until_complete
    return future.result()
  File ""/usr/local/lib/python3.10/site-packages/nbclient/client.py"", line 709, in async_execute
    await self.async_execute_cell(
  File ""/usr/local/lib/python3.10/site-packages/nbclient/client.py"", line 1062, in async_execute_cell
    await self._check_raise_for_error(cell, cell_index, exec_reply)
  File ""/usr/local/lib/python3.10/site-packages/nbclient/client.py"", line 918, in _check_raise_for_error
    raise CellExecutionError.from_cell_and_msg(cell, exec_reply_content)
nbclient.exceptions.CellExecutionError: An error occurred while executing the following cell:
--------------",False,1.18,3.10.19
c321430517df4717ab985cda6043e75de9dd9b3dba39faf137e1ec29cacbe9fc,Nikhild1093/Nikhild1093,Neural Networks/Dog_vs_Cat_Transfer_Learning.ipynb,other,CellExecutionError,missing_dependency,google.colab,"An error occurred while executing the following cell:
------------------
from IPython.core.formatters import PlainTextFormatter
import numpy as np
from PIL import Image
import matplotlib.pyplot as plt
import matplotlib.image as mpimg
from sklearn.model_selection import train_test_split
from google.colab.patches import cv2_imshow
------------------


[0;31m---------------------------------------------------------------------------[0m
[0;31mModuleNotFoundError[0m                       Tracebac","Traceback (most recent call last):
  File ""/opt/pipeline/scripts/execution_core.py"", line 225, in execute_notebook_in_current_env
    client.execute()
  File ""/usr/local/lib/python3.10/site-packages/jupyter_core/utils/__init__.py"", line 165, in wrapped
    return loop.run_until_complete(inner)
  File ""/usr/local/lib/python3.10/asyncio/base_events.py"", line 649, in run_until_complete
    return future.result()
  File ""/usr/local/lib/python3.10/site-packages/nbclient/client.py"", line 709, in async_execute
    await self.async_execute_cell(
  File ""/usr/local/lib/python3.10/site-packages/nbclient/client.py"", line 1062, in async_execute_cell
    await self._check_raise_for_error(cell, cell_index, exec_reply)
  File ""/usr/local/lib/python3.10/site-packages/nbclient/client.py"", line 918, in _check_raise_for_error
    raise CellExecutionError.from_cell_and_msg(cell, exec_reply_content)
nbclient.exceptions.CellExecutionError: An error occurred while executing the following cell:
--------------",False,2.431,3.10.19
d6f1cfd79538848ed0033794a1950b7496a1cfc57155543a41cacdc68472e2f3,Nikhild1093/Nikhild1093,Neural Networks/MNIST_digits_Recurrent_NN.ipynb,file_not_found,CellExecutionError,unclassified,,"An error occurred while executing the following cell:
------------------
import numpy as np
import matplotlib.pyplot as plt
import seaborn as sns
import cv2
from google.colab.patches import cv2_imshow
from PIL import Image
import tensorflow as tf
tf.random.set_seed(3)
from tensorflow import keras
from keras.datasets import mnist
from tensorflow.math import confusion_matrix
------------------


[0;31m---------------------------------------------------------------------------[0m
[0;31mImportErr","Traceback (most recent call last):
  File ""/opt/pipeline/scripts/execution_core.py"", line 225, in execute_notebook_in_current_env
    client.execute()
  File ""/usr/local/lib/python3.10/site-packages/jupyter_core/utils/__init__.py"", line 165, in wrapped
    return loop.run_until_complete(inner)
  File ""/usr/local/lib/python3.10/asyncio/base_events.py"", line 649, in run_until_complete
    return future.result()
  File ""/usr/local/lib/python3.10/site-packages/nbclient/client.py"", line 709, in async_execute
    await self.async_execute_cell(
  File ""/usr/local/lib/python3.10/site-packages/nbclient/client.py"", line 1062, in async_execute_cell
    await self._check_raise_for_error(cell, cell_index, exec_reply)
  File ""/usr/local/lib/python3.10/site-packages/nbclient/client.py"", line 918, in _check_raise_for_error
    raise CellExecutionError.from_cell_and_msg(cell, exec_reply_content)
nbclient.exceptions.CellExecutionError: An error occurred while executing the following cell:
--------------",False,2.233,3.10.19
944961bdb93a347d42e0e2bcedfdca3d3ff891f81fafd01bb900ec8aff11572c,Nikhild1093/Nikhild1093,Practice/Customer_Segmentation_K_Means_Clustering.ipynb,file_not_found,CellExecutionError,file_not_found,/kaggle/input/customer-segmentation-tutorial-in-python/mall_customers.csv,"An error occurred while executing the following cell:
------------------
data = pd.read_csv('/kaggle/input/customer-segmentation-tutorial-in-python/Mall_Customers.csv')
------------------


[0;31m---------------------------------------------------------------------------[0m
[0;31mFileNotFoundError[0m                         Traceback (most recent call last)
Cell [0;32mIn[3], line 1[0m
[0;32m----> 1[0m data [38;5;241m=[39m [43mpd[49m[38;5;241;43m.[39;49m[43mread_csv[49m[43m([49m","Traceback (most recent call last):
  File ""/opt/pipeline/scripts/execution_core.py"", line 225, in execute_notebook_in_current_env
    client.execute()
  File ""/usr/local/lib/python3.10/site-packages/jupyter_core/utils/__init__.py"", line 165, in wrapped
    return loop.run_until_complete(inner)
  File ""/usr/local/lib/python3.10/asyncio/base_events.py"", line 649, in run_until_complete
    return future.result()
  File ""/usr/local/lib/python3.10/site-packages/nbclient/client.py"", line 709, in async_execute
    await self.async_execute_cell(
  File ""/usr/local/lib/python3.10/site-packages/nbclient/client.py"", line 1062, in async_execute_cell
    await self._check_raise_for_error(cell, cell_index, exec_reply)
  File ""/usr/local/lib/python3.10/site-packages/nbclient/client.py"", line 918, in _check_raise_for_error
    raise CellExecutionError.from_cell_and_msg(cell, exec_reply_content)
nbclient.exceptions.CellExecutionError: An error occurred while executing the following cell:
--------------",False,3.314,3.10.19
63a4d8702fc74e73fc6a29dc1a3461805c0a949f57a7bda661bd10a6f4614897,Nikhild1093/Nikhild1093,Practice/Diabetes_Prediction_SVM.ipynb,file_not_found,CellExecutionError,file_not_found,/content/diabetes.csv,"An error occurred while executing the following cell:
------------------
data = pd.read_csv('/content/diabetes.csv')
data.head()
------------------


[0;31m---------------------------------------------------------------------------[0m
[0;31mFileNotFoundError[0m                         Traceback (most recent call last)
Cell [0;32mIn[2], line 1[0m
[0;32m----> 1[0m data [38;5;241m=[39m [43mpd[49m[38;5;241;43m.[39;49m[43mread_csv[49m[43m([49m[38;5;124;43m'[39;49m[38;5;124;43m/co","Traceback (most recent call last):
  File ""/opt/pipeline/scripts/execution_core.py"", line 225, in execute_notebook_in_current_env
    client.execute()
  File ""/usr/local/lib/python3.10/site-packages/jupyter_core/utils/__init__.py"", line 165, in wrapped
    return loop.run_until_complete(inner)
  File ""/usr/local/lib/python3.10/asyncio/base_events.py"", line 649, in run_until_complete
    return future.result()
  File ""/usr/local/lib/python3.10/site-packages/nbclient/client.py"", line 709, in async_execute
    await self.async_execute_cell(
  File ""/usr/local/lib/python3.10/site-packages/nbclient/client.py"", line 1062, in async_execute_cell
    await self._check_raise_for_error(cell, cell_index, exec_reply)
  File ""/usr/local/lib/python3.10/site-packages/nbclient/client.py"", line 918, in _check_raise_for_error
    raise CellExecutionError.from_cell_and_msg(cell, exec_reply_content)
nbclient.exceptions.CellExecutionError: An error occurred while executing the following cell:
--------------",False,1.959,3.10.19
72449cad68fae8e94259ed20a79fb7521c02834ddb2f01cf0ed8b68add7a9262,Nikhild1093/Nikhild1093,Practice/Gold_Price_RandomForest.ipynb,file_not_found,CellExecutionError,file_not_found,/kaggle/input/gold-price-data/gld_price_data.csv,"An error occurred while executing the following cell:
------------------
#loading csv into pd dataframe
gold_data=pd.read_csv('/kaggle/input/gold-price-data/gld_price_data.csv')
------------------


[0;31m---------------------------------------------------------------------------[0m
[0;31mFileNotFoundError[0m                         Traceback (most recent call last)
Cell [0;32mIn[4], line 2[0m
[1;32m      1[0m [38;5;66;03m#loading csv into pd dataframe[39;00m
[0;32m----> 2[0m gold_da","Traceback (most recent call last):
  File ""/opt/pipeline/scripts/execution_core.py"", line 225, in execute_notebook_in_current_env
    client.execute()
  File ""/usr/local/lib/python3.10/site-packages/jupyter_core/utils/__init__.py"", line 165, in wrapped
    return loop.run_until_complete(inner)
  File ""/usr/local/lib/python3.10/asyncio/base_events.py"", line 649, in run_until_complete
    return future.result()
  File ""/usr/local/lib/python3.10/site-packages/nbclient/client.py"", line 709, in async_execute
    await self.async_execute_cell(
  File ""/usr/local/lib/python3.10/site-packages/nbclient/client.py"", line 1062, in async_execute_cell
    await self._check_raise_for_error(cell, cell_index, exec_reply)
  File ""/usr/local/lib/python3.10/site-packages/nbclient/client.py"", line 918, in _check_raise_for_error
    raise CellExecutionError.from_cell_and_msg(cell, exec_reply_content)
nbclient.exceptions.CellExecutionError: An error occurred while executing the following cell:
--------------",False,5.011,3.10.19
4cb5a46232f41d356539d5a6b31769c754f8113391255c89f17370a35a1b477e,Nikhild1093/Nikhild1093,Practice/Spam_Email_Classifier_Logistic.ipynb,file_not_found,CellExecutionError,file_not_found,/content/mail_data.csv,"An error occurred while executing the following cell:
------------------
data = pd.read_csv('/content/mail_data.csv')
------------------


[0;31m---------------------------------------------------------------------------[0m
[0;31mFileNotFoundError[0m                         Traceback (most recent call last)
Cell [0;32mIn[2], line 1[0m
[0;32m----> 1[0m data [38;5;241m=[39m [43mpd[49m[38;5;241;43m.[39;49m[43mread_csv[49m[43m([49m[38;5;124;43m'[39;49m[38;5;124;43m/content/mail_","Traceback (most recent call last):
  File ""/opt/pipeline/scripts/execution_core.py"", line 225, in execute_notebook_in_current_env
    client.execute()
  File ""/usr/local/lib/python3.10/site-packages/jupyter_core/utils/__init__.py"", line 165, in wrapped
    return loop.run_until_complete(inner)
  File ""/usr/local/lib/python3.10/asyncio/base_events.py"", line 649, in run_until_complete
    return future.result()
  File ""/usr/local/lib/python3.10/site-packages/nbclient/client.py"", line 709, in async_execute
    await self.async_execute_cell(
  File ""/usr/local/lib/python3.10/site-packages/nbclient/client.py"", line 1062, in async_execute_cell
    await self._check_raise_for_error(cell, cell_index, exec_reply)
  File ""/usr/local/lib/python3.10/site-packages/nbclient/client.py"", line 918, in _check_raise_for_error
    raise CellExecutionError.from_cell_and_msg(cell, exec_reply_content)
nbclient.exceptions.CellExecutionError: An error occurred while executing the following cell:
--------------",False,2.65,3.10.19
c7b99408f63ef42ed835a00584d292e2511024f2af791a709cb76cf64f5751cb,Nikhild1093/Nikhild1093,Practice/Titanic_Survival_Prediction_Logistic_Reg.ipynb,file_not_found,CellExecutionError,file_not_found,/content/train.csv,"An error occurred while executing the following cell:
------------------
data = pd.read_csv('/content/train.csv')
------------------


[0;31m---------------------------------------------------------------------------[0m
[0;31mFileNotFoundError[0m                         Traceback (most recent call last)
Cell [0;32mIn[2], line 1[0m
[0;32m----> 1[0m data [38;5;241m=[39m [43mpd[49m[38;5;241;43m.[39;49m[43mread_csv[49m[43m([49m[38;5;124;43m'[39;49m[38;5;124;43m/content/train.csv","Traceback (most recent call last):
  File ""/opt/pipeline/scripts/execution_core.py"", line 225, in execute_notebook_in_current_env
    client.execute()
  File ""/usr/local/lib/python3.10/site-packages/jupyter_core/utils/__init__.py"", line 165, in wrapped
    return loop.run_until_complete(inner)
  File ""/usr/local/lib/python3.10/asyncio/base_events.py"", line 649, in run_until_complete
    return future.result()
  File ""/usr/local/lib/python3.10/site-packages/nbclient/client.py"", line 709, in async_execute
    await self.async_execute_cell(
  File ""/usr/local/lib/python3.10/site-packages/nbclient/client.py"", line 1062, in async_execute_cell
    await self._check_raise_for_error(cell, cell_index, exec_reply)
  File ""/usr/local/lib/python3.10/site-packages/nbclient/client.py"", line 918, in _check_raise_for_error
    raise CellExecutionError.from_cell_and_msg(cell, exec_reply_content)
nbclient.exceptions.CellExecutionError: An error occurred while executing the following cell:
--------------",False,2.49,3.10.19
cd14df414b5b19a3ce29d7ed5a397424fc82baba35741f1ae315cfca536e5710,FrankYang-17/FrankYang-17.github.io,markdown_generator/OrcidToBib.ipynb,other,CellExecutionError,unclassified,,"An error occurred while executing the following cell:
------------------
put_codes = []
for work in record['group']:
    put_code = work['work-summary'][0]['put-code']
    put_codes.append(put_code)
put_code = put_codes[0]
------------------


[31m---------------------------------------------------------------------------[39m
[31mKeyError[39m                                  Traceback (most recent call last)
[36mCell[39m[36m [39m[32mIn[4][39m[32m, line 2[39m
[32m      1[39m put_cod","Traceback (most recent call last):
  File ""/opt/pipeline/scripts/execution_core.py"", line 225, in execute_notebook_in_current_env
    client.execute()
  File ""/usr/local/lib/python3.12/site-packages/jupyter_core/utils/__init__.py"", line 165, in wrapped
    return loop.run_until_complete(inner)
           ^^^^^^^^^^^^^^^^^^^^^^^^^^^^^^
  File ""/usr/local/lib/python3.12/asyncio/base_events.py"", line 691, in run_until_complete
    return future.result()
           ^^^^^^^^^^^^^^^
  File ""/usr/local/lib/python3.12/site-packages/nbclient/client.py"", line 709, in async_execute
    await self.async_execute_cell(
  File ""/usr/local/lib/python3.12/site-packages/nbclient/client.py"", line 1062, in async_execute_cell
    await self._check_raise_for_error(cell, cell_index, exec_reply)
  File ""/usr/local/lib/python3.12/site-packages/nbclient/client.py"", line 918, in _check_raise_for_error
    raise CellExecutionError.from_cell_and_msg(cell, exec_reply_content)
nbclient.exceptions.CellExecutionError:",False,1.344,3.12.12
aa4c5a34805f22dc64009a6ee27c53d12951a216962dfd3482d70363badaea0c,FrankYang-17/FrankYang-17.github.io,markdown_generator/PubsFromBib.ipynb,file_not_found,CellExecutionError,file_not_found,kpsewhich,"An error occurred while executing the following cell:
------------------
for pubsource in publist:
    parser = bibtex.Parser()
    bibdata = parser.parse_file(publist[pubsource][""file""])

    #loop through the individual references in a given bibtex file
    for bib_id in bibdata.entries:
        #reset default date
        pub_year = ""1900""
        pub_month = ""01""
        pub_day = ""01""
        
        b = bibdata.entries[bib_id].fields
        
        try:
            pub_year = f'{b[""year","Traceback (most recent call last):
  File ""/opt/pipeline/scripts/execution_core.py"", line 225, in execute_notebook_in_current_env
    client.execute()
  File ""/usr/local/lib/python3.10/site-packages/jupyter_core/utils/__init__.py"", line 165, in wrapped
    return loop.run_until_complete(inner)
  File ""/usr/local/lib/python3.10/asyncio/base_events.py"", line 649, in run_until_complete
    return future.result()
  File ""/usr/local/lib/python3.10/site-packages/nbclient/client.py"", line 709, in async_execute
    await self.async_execute_cell(
  File ""/usr/local/lib/python3.10/site-packages/nbclient/client.py"", line 1062, in async_execute_cell
    await self._check_raise_for_error(cell, cell_index, exec_reply)
  File ""/usr/local/lib/python3.10/site-packages/nbclient/client.py"", line 918, in _check_raise_for_error
    raise CellExecutionError.from_cell_and_msg(cell, exec_reply_content)
nbclient.exceptions.CellExecutionError: An error occurred while executing the following cell:
--------------",False,1.039,3.10.19
2a7ca78a5ebc1ea73f6834017af00bf5deb4de35b7c622257b22b44ce1aebacc,FrankYang-17/FrankYang-17.github.io,markdown_generator/publications.ipynb,other,CellExecutionError,missing_dependency,pandas,"An error occurred while executing the following cell:
------------------
import pandas as pd
------------------

[0;31m---------------------------------------------------------------------------[0m
[0;31mModuleNotFoundError[0m                       Traceback (most recent call last)
[0;32m<ipython-input-2-7dd3504c366f>[0m in [0;36m<module>[0;34m[0m
[0;32m----> 1[0;31m [0;32mimport[0m [0mpandas[0m [0;32mas[0m [0mpd[0m[0;34m[0m[0;34m[0m[0m
[0m
[0;31mModuleNotFoundError[0m","Traceback (most recent call last):
  File ""/opt/pipeline/scripts/execution_core.py"", line 225, in execute_notebook_in_current_env
    client.execute()
  File ""/usr/local/lib/python3.6/site-packages/nbclient/util.py"", line 84, in wrapped
    return just_run(coro(*args, **kwargs))
  File ""/usr/local/lib/python3.6/site-packages/nbclient/util.py"", line 62, in just_run
    return loop.run_until_complete(coro)
  File ""/usr/local/lib/python3.6/asyncio/base_events.py"", line 488, in run_until_complete
    return future.result()
  File ""/usr/local/lib/python3.6/site-packages/nbclient/client.py"", line 560, in async_execute
    cell, index, execution_count=self.code_cells_executed + 1
  File ""/usr/local/lib/python3.6/site-packages/nbclient/client.py"", line 854, in async_execute_cell
    self._check_raise_for_error(cell, exec_reply)
  File ""/usr/local/lib/python3.6/site-packages/nbclient/client.py"", line 756, in _check_raise_for_error
    raise CellExecutionError.from_cell_and_msg(cell, exec_reply_",False,1.453,3.6.15
9563ed152d9fd56bc6f019f48a10364b8044c254ac5eda7a8141032a21f1f435,FrankYang-17/FrankYang-17.github.io,markdown_generator/talks.ipynb,other,CellExecutionError,missing_dependency,pandas,"An error occurred while executing the following cell:
------------------
import pandas as pd
import os
------------------

[0;31m---------------------------------------------------------------------------[0m
[0;31mModuleNotFoundError[0m                       Traceback (most recent call last)
[0;32m<ipython-input-1-b0788094c05a>[0m in [0;36m<module>[0;34m[0m
[0;32m----> 1[0;31m [0;32mimport[0m [0mpandas[0m [0;32mas[0m [0mpd[0m[0;34m[0m[0;34m[0m[0m
[0m[1;32m      2[0m [","Traceback (most recent call last):
  File ""/opt/pipeline/scripts/execution_core.py"", line 225, in execute_notebook_in_current_env
    client.execute()
  File ""/usr/local/lib/python3.6/site-packages/nbclient/util.py"", line 84, in wrapped
    return just_run(coro(*args, **kwargs))
  File ""/usr/local/lib/python3.6/site-packages/nbclient/util.py"", line 62, in just_run
    return loop.run_until_complete(coro)
  File ""/usr/local/lib/python3.6/asyncio/base_events.py"", line 488, in run_until_complete
    return future.result()
  File ""/usr/local/lib/python3.6/site-packages/nbclient/client.py"", line 560, in async_execute
    cell, index, execution_count=self.code_cells_executed + 1
  File ""/usr/local/lib/python3.6/site-packages/nbclient/client.py"", line 854, in async_execute_cell
    self._check_raise_for_error(cell, exec_reply)
  File ""/usr/local/lib/python3.6/site-packages/nbclient/client.py"", line 756, in _check_raise_for_error
    raise CellExecutionError.from_cell_and_msg(cell, exec_reply_",False,0.993,3.6.15
59f22b50952dcd764e85ddf660d2746175eea15f1148e57910e7a1a0d888c68a,SongQingHao-Yang/SongQingHao-Yang.github.io,markdown_generator/OrcidToBib.ipynb,other,CellExecutionError,unclassified,,"An error occurred while executing the following cell:
------------------
put_codes = []
for work in record['group']:
    put_code = work['work-summary'][0]['put-code']
    put_codes.append(put_code)
put_code = put_codes[0]
------------------


[31m---------------------------------------------------------------------------[39m
[31mKeyError[39m                                  Traceback (most recent call last)
[36mCell[39m[36m [39m[32mIn[4][39m[32m, line 2[39m
[32m      1[39m put_cod","Traceback (most recent call last):
  File ""/opt/pipeline/scripts/execution_core.py"", line 225, in execute_notebook_in_current_env
    client.execute()
  File ""/usr/local/lib/python3.12/site-packages/jupyter_core/utils/__init__.py"", line 165, in wrapped
    return loop.run_until_complete(inner)
           ^^^^^^^^^^^^^^^^^^^^^^^^^^^^^^
  File ""/usr/local/lib/python3.12/asyncio/base_events.py"", line 691, in run_until_complete
    return future.result()
           ^^^^^^^^^^^^^^^
  File ""/usr/local/lib/python3.12/site-packages/nbclient/client.py"", line 709, in async_execute
    await self.async_execute_cell(
  File ""/usr/local/lib/python3.12/site-packages/nbclient/client.py"", line 1062, in async_execute_cell
    await self._check_raise_for_error(cell, cell_index, exec_reply)
  File ""/usr/local/lib/python3.12/site-packages/nbclient/client.py"", line 918, in _check_raise_for_error
    raise CellExecutionError.from_cell_and_msg(cell, exec_reply_content)
nbclient.exceptions.CellExecutionError:",False,1.333,3.12.12
6916386151832b0ef3e4050222c2c73b83900534163a459257589d359cc371f0,SongQingHao-Yang/SongQingHao-Yang.github.io,markdown_generator/PubsFromBib.ipynb,file_not_found,CellExecutionError,file_not_found,kpsewhich,"An error occurred while executing the following cell:
------------------
for pubsource in publist:
    parser = bibtex.Parser()
    bibdata = parser.parse_file(publist[pubsource][""file""])

    #loop through the individual references in a given bibtex file
    for bib_id in bibdata.entries:
        #reset default date
        pub_year = ""1900""
        pub_month = ""01""
        pub_day = ""01""
        
        b = bibdata.entries[bib_id].fields
        
        try:
            pub_year = f'{b[""year","Traceback (most recent call last):
  File ""/opt/pipeline/scripts/execution_core.py"", line 225, in execute_notebook_in_current_env
    client.execute()
  File ""/usr/local/lib/python3.10/site-packages/jupyter_core/utils/__init__.py"", line 165, in wrapped
    return loop.run_until_complete(inner)
  File ""/usr/local/lib/python3.10/asyncio/base_events.py"", line 649, in run_until_complete
    return future.result()
  File ""/usr/local/lib/python3.10/site-packages/nbclient/client.py"", line 709, in async_execute
    await self.async_execute_cell(
  File ""/usr/local/lib/python3.10/site-packages/nbclient/client.py"", line 1062, in async_execute_cell
    await self._check_raise_for_error(cell, cell_index, exec_reply)
  File ""/usr/local/lib/python3.10/site-packages/nbclient/client.py"", line 918, in _check_raise_for_error
    raise CellExecutionError.from_cell_and_msg(cell, exec_reply_content)
nbclient.exceptions.CellExecutionError: An error occurred while executing the following cell:
--------------",False,1.228,3.10.19
774f0d9dc4806c1015e59918597746c692346672b898955073a3170a8ca47b71,SongQingHao-Yang/SongQingHao-Yang.github.io,markdown_generator/publications.ipynb,other,CellExecutionError,missing_dependency,pandas,"An error occurred while executing the following cell:
------------------
import pandas as pd
------------------

[0;31m---------------------------------------------------------------------------[0m
[0;31mModuleNotFoundError[0m                       Traceback (most recent call last)
[0;32m<ipython-input-2-7dd3504c366f>[0m in [0;36m<module>[0;34m[0m
[0;32m----> 1[0;31m [0;32mimport[0m [0mpandas[0m [0;32mas[0m [0mpd[0m[0;34m[0m[0;34m[0m[0m
[0m
[0;31mModuleNotFoundError[0m","Traceback (most recent call last):
  File ""/opt/pipeline/scripts/execution_core.py"", line 225, in execute_notebook_in_current_env
    client.execute()
  File ""/usr/local/lib/python3.6/site-packages/nbclient/util.py"", line 84, in wrapped
    return just_run(coro(*args, **kwargs))
  File ""/usr/local/lib/python3.6/site-packages/nbclient/util.py"", line 62, in just_run
    return loop.run_until_complete(coro)
  File ""/usr/local/lib/python3.6/asyncio/base_events.py"", line 488, in run_until_complete
    return future.result()
  File ""/usr/local/lib/python3.6/site-packages/nbclient/client.py"", line 560, in async_execute
    cell, index, execution_count=self.code_cells_executed + 1
  File ""/usr/local/lib/python3.6/site-packages/nbclient/client.py"", line 854, in async_execute_cell
    self._check_raise_for_error(cell, exec_reply)
  File ""/usr/local/lib/python3.6/site-packages/nbclient/client.py"", line 756, in _check_raise_for_error
    raise CellExecutionError.from_cell_and_msg(cell, exec_reply_",False,1.359,3.6.15
34374ea91bddf46b6364bff54a9b773034bfb2b249587555682e053bf7af9f2d,SongQingHao-Yang/SongQingHao-Yang.github.io,markdown_generator/talks.ipynb,other,CellExecutionError,missing_dependency,pandas,"An error occurred while executing the following cell:
------------------
import pandas as pd
import os
------------------

[0;31m---------------------------------------------------------------------------[0m
[0;31mModuleNotFoundError[0m                       Traceback (most recent call last)
[0;32m<ipython-input-1-b0788094c05a>[0m in [0;36m<module>[0;34m[0m
[0;32m----> 1[0;31m [0;32mimport[0m [0mpandas[0m [0;32mas[0m [0mpd[0m[0;34m[0m[0;34m[0m[0m
[0m[1;32m      2[0m [","Traceback (most recent call last):
  File ""/opt/pipeline/scripts/execution_core.py"", line 225, in execute_notebook_in_current_env
    client.execute()
  File ""/usr/local/lib/python3.6/site-packages/nbclient/util.py"", line 84, in wrapped
    return just_run(coro(*args, **kwargs))
  File ""/usr/local/lib/python3.6/site-packages/nbclient/util.py"", line 62, in just_run
    return loop.run_until_complete(coro)
  File ""/usr/local/lib/python3.6/asyncio/base_events.py"", line 488, in run_until_complete
    return future.result()
  File ""/usr/local/lib/python3.6/site-packages/nbclient/client.py"", line 560, in async_execute
    cell, index, execution_count=self.code_cells_executed + 1
  File ""/usr/local/lib/python3.6/site-packages/nbclient/client.py"", line 854, in async_execute_cell
    self._check_raise_for_error(cell, exec_reply)
  File ""/usr/local/lib/python3.6/site-packages/nbclient/client.py"", line 756, in _check_raise_for_error
    raise CellExecutionError.from_cell_and_msg(cell, exec_reply_",False,0.996,3.6.15
91cde24695231d4d76110489638de5b83584c55883bc784e08d4996def47ff11,espada105/Satellite_image_processing,road_segmentation/road_segmentation_test_v01.ipynb,other,CellExecutionError,missing_dependency,google.colab,"An error occurred while executing the following cell:
------------------
from google.colab import drive
drive.mount('/content/drive')
------------------


[0;31m---------------------------------------------------------------------------[0m
[0;31mModuleNotFoundError[0m                       Traceback (most recent call last)
Cell [0;32mIn[1], line 1[0m
[0;32m----> 1[0m [38;5;28;01mfrom[39;00m[38;5;250m [39m[38;5;21;01mgoogle[39;00m[38;5;21;01m.[39;00m[38;5;21;01mcolab[39;00m[38;","Traceback (most recent call last):
  File ""/usr/local/lib/python3.8/site-packages/jupyter_core/utils/__init__.py"", line 154, in wrapped
    asyncio.get_running_loop()
RuntimeError: no running event loop

During handling of the above exception, another exception occurred:

Traceback (most recent call last):
  File ""/opt/pipeline/scripts/execution_core.py"", line 225, in execute_notebook_in_current_env
    client.execute()
  File ""/usr/local/lib/python3.8/site-packages/jupyter_core/utils/__init__.py"", line 158, in wrapped
    return loop.run_until_complete(inner)
  File ""/usr/local/lib/python3.8/asyncio/base_events.py"", line 616, in run_until_complete
    return future.result()
  File ""/usr/local/lib/python3.8/site-packages/nbclient/client.py"", line 709, in async_execute
    await self.async_execute_cell(
  File ""/usr/local/lib/python3.8/site-packages/nbclient/client.py"", line 1062, in async_execute_cell
    await self._check_raise_for_error(cell, cell_index, exec_reply)
  File ""/usr/loca",False,1.039,3.8.20
0b333237703cd6eac81c42a1844d38b3b4ed4ac2f0e59ea1fe36cc2db7f027e5,tux2won/self_study,01_the_machine_learning_landscape.ipynb,other,CellExecutionError,unclassified,,"An error occurred while executing the following cell:
------------------
plt.figure(figsize=(8,3))

plt.xlabel(""GDP per capita"")
plt.ylabel('Life satisfaction')

plt.plot(list(sample_data[""GDP per capita""]), list(sample_data[""Life satisfaction""]), ""bo"")
plt.plot(list(missing_data[""GDP per capita""]), list(missing_data[""Life satisfaction""]), ""rs"")

X = np.linspace(0, 110000, 1000)
plt.plot(X, t0full + t1full * X, ""r--"", label=""Linear model on all data"")
plt.plot(X, t0 + t1*X, ""b:"", label=""Linear m","Traceback (most recent call last):
  File ""/opt/pipeline/scripts/execution_core.py"", line 225, in execute_notebook_in_current_env
    client.execute()
  File ""/usr/local/lib/python3.10/site-packages/jupyter_core/utils/__init__.py"", line 165, in wrapped
    return loop.run_until_complete(inner)
  File ""/usr/local/lib/python3.10/asyncio/base_events.py"", line 649, in run_until_complete
    return future.result()
  File ""/usr/local/lib/python3.10/site-packages/nbclient/client.py"", line 709, in async_execute
    await self.async_execute_cell(
  File ""/usr/local/lib/python3.10/site-packages/nbclient/client.py"", line 1062, in async_execute_cell
    await self._check_raise_for_error(cell, cell_index, exec_reply)
  File ""/usr/local/lib/python3.10/site-packages/nbclient/client.py"", line 918, in _check_raise_for_error
    raise CellExecutionError.from_cell_and_msg(cell, exec_reply_content)
nbclient.exceptions.CellExecutionError: An error occurred while executing the following cell:
--------------",False,4.804,3.10.19
935b881e81c7381a6787d0b7293d20b15f5f906eec249803b87a7bd4c2a7cdd0,tux2won/self_study,02_end_to_end_machine_learning_project.ipynb,other,CellExecutionError,unclassified,,"An error occurred while executing the following cell:
------------------
cat_encoder = OneHotEncoder(sparse=False)
housing_cat_1hot = cat_encoder.fit_transform(housing_cat)
housing_cat_1hot
------------------


[0;31m---------------------------------------------------------------------------[0m
[0;31mTypeError[0m                                 Traceback (most recent call last)
Cell [0;32mIn[70], line 1[0m
[0;32m----> 1[0m cat_encoder [38;5;241m=[39m [43mOneHotEncoder[49m[43m([49m","Traceback (most recent call last):
  File ""/opt/pipeline/scripts/execution_core.py"", line 225, in execute_notebook_in_current_env
    client.execute()
  File ""/usr/local/lib/python3.10/site-packages/jupyter_core/utils/__init__.py"", line 165, in wrapped
    return loop.run_until_complete(inner)
  File ""/usr/local/lib/python3.10/asyncio/base_events.py"", line 649, in run_until_complete
    return future.result()
  File ""/usr/local/lib/python3.10/site-packages/nbclient/client.py"", line 709, in async_execute
    await self.async_execute_cell(
  File ""/usr/local/lib/python3.10/site-packages/nbclient/client.py"", line 1062, in async_execute_cell
    await self._check_raise_for_error(cell, cell_index, exec_reply)
  File ""/usr/local/lib/python3.10/site-packages/nbclient/client.py"", line 918, in _check_raise_for_error
    raise CellExecutionError.from_cell_and_msg(cell, exec_reply_content)
nbclient.exceptions.CellExecutionError: An error occurred while executing the following cell:
--------------",False,11.048,3.10.19
6dee6797d12b8bab3ae2b9d00d592d12e856dadc54d983942a1424adb6f99c3f,tux2won/self_study,04_training_linear_models.ipynb,other,CellExecutionError,unclassified,,"An error occurred while executing the following cell:
------------------
eta = 0.1
n_iterations = 5001
m = len(X_train)
epsilon = 1e-7
alpha = 0.1  # 규제 하이퍼파라미터
best_loss = np.infty

Theta = np.random.randn(n_inputs, n_outputs)

for iteration in range(n_iterations):
    logits = X_train.dot(Theta)
    Y_proba = softmax(logits)
    error = Y_proba - Y_train_one_hot
    gradients = 1/m * X_train.T.dot(error) + np.r_[np.zeros([1, n_outputs]), alpha * Theta[1:]]
    Theta = Theta - eta * gradients

","Traceback (most recent call last):
  File ""/opt/pipeline/scripts/execution_core.py"", line 225, in execute_notebook_in_current_env
    client.execute()
  File ""/usr/local/lib/python3.10/site-packages/jupyter_core/utils/__init__.py"", line 165, in wrapped
    return loop.run_until_complete(inner)
  File ""/usr/local/lib/python3.10/asyncio/base_events.py"", line 649, in run_until_complete
    return future.result()
  File ""/usr/local/lib/python3.10/site-packages/nbclient/client.py"", line 709, in async_execute
    await self.async_execute_cell(
  File ""/usr/local/lib/python3.10/site-packages/nbclient/client.py"", line 1062, in async_execute_cell
    await self._check_raise_for_error(cell, cell_index, exec_reply)
  File ""/usr/local/lib/python3.10/site-packages/nbclient/client.py"", line 918, in _check_raise_for_error
    raise CellExecutionError.from_cell_and_msg(cell, exec_reply_content)
nbclient.exceptions.CellExecutionError: An error occurred while executing the following cell:
--------------",False,9.177,3.10.19
2f73a87da0ac8bb0864e417e01c65103d86763dfa990da7adee33dc0b8895675,tux2won/self_study,05_support_vector_machines.ipynb,other,CellExecutionError,unclassified,,"An error occurred while executing the following cell:
------------------
from mpl_toolkits.mplot3d import Axes3D

def plot_3D_decision_function(ax, w, b, x1_lim=[4, 6], x2_lim=[0.8, 2.8]):
    x1_in_bounds = (X[:, 0] > x1_lim[0]) & (X[:, 0] < x1_lim[1])
    X_crop = X[x1_in_bounds]
    y_crop = y[x1_in_bounds]
    x1s = np.linspace(x1_lim[0], x1_lim[1], 20)
    x2s = np.linspace(x2_lim[0], x2_lim[1], 20)
    x1, x2 = np.meshgrid(x1s, x2s)
    xs = np.c_[x1.ravel(), x2.ravel()]
    df = (xs.dot(w","Traceback (most recent call last):
  File ""/opt/pipeline/scripts/execution_core.py"", line 225, in execute_notebook_in_current_env
    client.execute()
  File ""/usr/local/lib/python3.10/site-packages/jupyter_core/utils/__init__.py"", line 165, in wrapped
    return loop.run_until_complete(inner)
  File ""/usr/local/lib/python3.10/asyncio/base_events.py"", line 649, in run_until_complete
    return future.result()
  File ""/usr/local/lib/python3.10/site-packages/nbclient/client.py"", line 709, in async_execute
    await self.async_execute_cell(
  File ""/usr/local/lib/python3.10/site-packages/nbclient/client.py"", line 1062, in async_execute_cell
    await self._check_raise_for_error(cell, cell_index, exec_reply)
  File ""/usr/local/lib/python3.10/site-packages/nbclient/client.py"", line 918, in _check_raise_for_error
    raise CellExecutionError.from_cell_and_msg(cell, exec_reply_content)
nbclient.exceptions.CellExecutionError: An error occurred while executing the following cell:
--------------",False,6.846,3.10.19
7075ced64812c50728a07b844da20e5b4dff2ca5826ffa1c9d72499608a33f1d,mirhnius/data-engineer-handbook,intermediate-bootcamp/materials/3-spark-fundamentals/notebooks/event_data_pyspark.ipynb,other,CellExecutionError,runtime_error,no running event loop,"An error occurred while executing the following cell:
------------------
from pyspark.sql import SparkSession
from pyspark.sql.functions import expr, col
spark = SparkSession.builder.appName(""Jupyter"").getOrCreate()

spark

events = spark.read.option(""header"", ""true"").csv(""/home/iceberg/data/events.csv"").withColumn(""event_date"", expr(""DATE_TRUNC('day', event_time)""))
devices = spark.read.option(""header"",""true"").csv(""/home/iceberg/data/devices.csv"")

df = events.join(devices,on=""device_id"",how=""l","Traceback (most recent call last):
  File ""/usr/local/lib/python3.9/site-packages/jupyter_core/utils/__init__.py"", line 154, in wrapped
    asyncio.get_running_loop()
RuntimeError: no running event loop

During handling of the above exception, another exception occurred:

Traceback (most recent call last):
  File ""/opt/pipeline/scripts/execution_core.py"", line 225, in execute_notebook_in_current_env
    client.execute()
  File ""/usr/local/lib/python3.9/site-packages/jupyter_core/utils/__init__.py"", line 158, in wrapped
    return loop.run_until_complete(inner)
  File ""/usr/local/lib/python3.9/asyncio/base_events.py"", line 647, in run_until_complete
    return future.result()
  File ""/usr/local/lib/python3.9/site-packages/nbclient/client.py"", line 709, in async_execute
    await self.async_execute_cell(
  File ""/usr/local/lib/python3.9/site-packages/nbclient/client.py"", line 1062, in async_execute_cell
    await self._check_raise_for_error(cell, cell_index, exec_reply)
  File ""/usr/loca",False,1.809,3.9.25
f14957e4efd47dcbff9e88fd0cf9eff915bfd866cf883bf41662d7b70a5a617f,gurkirat309/Face-Emotion-Detection,trainmodel.ipynb,file_not_found,CellExecutionError,file_not_found,images/train,"An error occurred while executing the following cell:
------------------
train=pd.DataFrame()
train['image'],train['label']=createdataframe(TRAIN_DIR)
------------------


[0;31m---------------------------------------------------------------------------[0m
[0;31mFileNotFoundError[0m                         Traceback (most recent call last)
Cell [0;32mIn[4], line 2[0m
[1;32m      1[0m train[38;5;241m=[39mpd[38;5;241m.[39mDataFrame()
[0;32m----> 2[0m train[[38;5;124m'[39m[38;5;124","Traceback (most recent call last):
  File ""/opt/pipeline/scripts/execution_core.py"", line 225, in execute_notebook_in_current_env
    client.execute()
  File ""/usr/local/lib/python3.10/site-packages/jupyter_core/utils/__init__.py"", line 165, in wrapped
    return loop.run_until_complete(inner)
  File ""/usr/local/lib/python3.10/asyncio/base_events.py"", line 649, in run_until_complete
    return future.result()
  File ""/usr/local/lib/python3.10/site-packages/nbclient/client.py"", line 709, in async_execute
    await self.async_execute_cell(
  File ""/usr/local/lib/python3.10/site-packages/nbclient/client.py"", line 1062, in async_execute_cell
    await self._check_raise_for_error(cell, cell_index, exec_reply)
  File ""/usr/local/lib/python3.10/site-packages/nbclient/client.py"", line 918, in _check_raise_for_error
    raise CellExecutionError.from_cell_and_msg(cell, exec_reply_content)
nbclient.exceptions.CellExecutionError: An error occurred while executing the following cell:
--------------",False,4.931,3.10.19
e00ab20b39cc98ebe70b9e42f9968c9e6fd95a6513c86d629b7885ed2f7f0da0,DharmpratapSingh/LoanDefaultPrediction,notebooks/LoanDefaultPrediction.ipynb,file_not_found,CellExecutionError,file_not_found,loan prediction mini dataset.csv,"An error occurred while executing the following cell:
------------------
dataset = pd.read_csv('Loan prediction mini dataset.csv', header=0)
------------------


[31m---------------------------------------------------------------------------[39m
[31mFileNotFoundError[39m                         Traceback (most recent call last)
[36mCell[39m[36m [39m[32mIn[2][39m[32m, line 1[39m
[32m----> [39m[32m1[39m dataset = [43mpd[49m[43m.[49m[43mread_csv[49m[43m([49m[33;43m'[39;49m","Traceback (most recent call last):
  File ""/opt/pipeline/scripts/execution_core.py"", line 225, in execute_notebook_in_current_env
    client.execute()
  File ""/usr/local/lib/python3.11/site-packages/jupyter_core/utils/__init__.py"", line 165, in wrapped
    return loop.run_until_complete(inner)
           ^^^^^^^^^^^^^^^^^^^^^^^^^^^^^^
  File ""/usr/local/lib/python3.11/asyncio/base_events.py"", line 654, in run_until_complete
    return future.result()
           ^^^^^^^^^^^^^^^
  File ""/usr/local/lib/python3.11/site-packages/nbclient/client.py"", line 709, in async_execute
    await self.async_execute_cell(
  File ""/usr/local/lib/python3.11/site-packages/nbclient/client.py"", line 1062, in async_execute_cell
    await self._check_raise_for_error(cell, cell_index, exec_reply)
  File ""/usr/local/lib/python3.11/site-packages/nbclient/client.py"", line 918, in _check_raise_for_error
    raise CellExecutionError.from_cell_and_msg(cell, exec_reply_content)
nbclient.exceptions.CellExecutionError:",False,2.987,3.11.14
6ed251644c668b5955cf9a2c88ea20ec9a86fc8f58e3854263aa4a104bf314d5,joy-z-zhang/joy-z-zhang.github.io,markdown_generator/OrcidToBib.ipynb,other,CellExecutionError,unclassified,,"An error occurred while executing the following cell:
------------------
put_codes = []
for work in record['group']:
    put_code = work['work-summary'][0]['put-code']
    put_codes.append(put_code)
put_code = put_codes[0]
------------------


[31m---------------------------------------------------------------------------[39m
[31mKeyError[39m                                  Traceback (most recent call last)
[36mCell[39m[36m [39m[32mIn[4][39m[32m, line 2[39m
[32m      1[39m put_cod","Traceback (most recent call last):
  File ""/opt/pipeline/scripts/execution_core.py"", line 225, in execute_notebook_in_current_env
    client.execute()
  File ""/usr/local/lib/python3.12/site-packages/jupyter_core/utils/__init__.py"", line 165, in wrapped
    return loop.run_until_complete(inner)
           ^^^^^^^^^^^^^^^^^^^^^^^^^^^^^^
  File ""/usr/local/lib/python3.12/asyncio/base_events.py"", line 691, in run_until_complete
    return future.result()
           ^^^^^^^^^^^^^^^
  File ""/usr/local/lib/python3.12/site-packages/nbclient/client.py"", line 709, in async_execute
    await self.async_execute_cell(
  File ""/usr/local/lib/python3.12/site-packages/nbclient/client.py"", line 1062, in async_execute_cell
    await self._check_raise_for_error(cell, cell_index, exec_reply)
  File ""/usr/local/lib/python3.12/site-packages/nbclient/client.py"", line 918, in _check_raise_for_error
    raise CellExecutionError.from_cell_and_msg(cell, exec_reply_content)
nbclient.exceptions.CellExecutionError:",False,1.836,3.12.12
0add483de20026b2a3a6ffffe2c5dc3eff6ccd5d68340027cc4d6f8677495125,joy-z-zhang/joy-z-zhang.github.io,markdown_generator/PubsFromBib.ipynb,file_not_found,CellExecutionError,file_not_found,kpsewhich,"An error occurred while executing the following cell:
------------------
for pubsource in publist:
    parser = bibtex.Parser()
    bibdata = parser.parse_file(publist[pubsource][""file""])

    #loop through the individual references in a given bibtex file
    for bib_id in bibdata.entries:
        #reset default date
        pub_year = ""1900""
        pub_month = ""01""
        pub_day = ""01""
        
        b = bibdata.entries[bib_id].fields
        
        try:
            pub_year = f'{b[""year","Traceback (most recent call last):
  File ""/opt/pipeline/scripts/execution_core.py"", line 225, in execute_notebook_in_current_env
    client.execute()
  File ""/usr/local/lib/python3.10/site-packages/jupyter_core/utils/__init__.py"", line 165, in wrapped
    return loop.run_until_complete(inner)
  File ""/usr/local/lib/python3.10/asyncio/base_events.py"", line 649, in run_until_complete
    return future.result()
  File ""/usr/local/lib/python3.10/site-packages/nbclient/client.py"", line 709, in async_execute
    await self.async_execute_cell(
  File ""/usr/local/lib/python3.10/site-packages/nbclient/client.py"", line 1062, in async_execute_cell
    await self._check_raise_for_error(cell, cell_index, exec_reply)
  File ""/usr/local/lib/python3.10/site-packages/nbclient/client.py"", line 918, in _check_raise_for_error
    raise CellExecutionError.from_cell_and_msg(cell, exec_reply_content)
nbclient.exceptions.CellExecutionError: An error occurred while executing the following cell:
--------------",False,1.081,3.10.19
f86f2dac6c6bc3b8741818fa5ec3697dd6da358c69d993bfde88254e790cebc9,joy-z-zhang/joy-z-zhang.github.io,markdown_generator/publications.ipynb,other,CellExecutionError,missing_dependency,pandas,"An error occurred while executing the following cell:
------------------
import pandas as pd
------------------

[0;31m---------------------------------------------------------------------------[0m
[0;31mModuleNotFoundError[0m                       Traceback (most recent call last)
[0;32m<ipython-input-2-7dd3504c366f>[0m in [0;36m<module>[0;34m[0m
[0;32m----> 1[0;31m [0;32mimport[0m [0mpandas[0m [0;32mas[0m [0mpd[0m[0;34m[0m[0;34m[0m[0m
[0m
[0;31mModuleNotFoundError[0m","Traceback (most recent call last):
  File ""/opt/pipeline/scripts/execution_core.py"", line 225, in execute_notebook_in_current_env
    client.execute()
  File ""/usr/local/lib/python3.6/site-packages/nbclient/util.py"", line 84, in wrapped
    return just_run(coro(*args, **kwargs))
  File ""/usr/local/lib/python3.6/site-packages/nbclient/util.py"", line 62, in just_run
    return loop.run_until_complete(coro)
  File ""/usr/local/lib/python3.6/asyncio/base_events.py"", line 488, in run_until_complete
    return future.result()
  File ""/usr/local/lib/python3.6/site-packages/nbclient/client.py"", line 560, in async_execute
    cell, index, execution_count=self.code_cells_executed + 1
  File ""/usr/local/lib/python3.6/site-packages/nbclient/client.py"", line 854, in async_execute_cell
    self._check_raise_for_error(cell, exec_reply)
  File ""/usr/local/lib/python3.6/site-packages/nbclient/client.py"", line 756, in _check_raise_for_error
    raise CellExecutionError.from_cell_and_msg(cell, exec_reply_",False,1.441,3.6.15
5011e4c2e15269ad831700a9652527b7051fa32760ea76ce3f278fa226867c04,joy-z-zhang/joy-z-zhang.github.io,markdown_generator/talks.ipynb,other,CellExecutionError,missing_dependency,pandas,"An error occurred while executing the following cell:
------------------
import pandas as pd
import os
------------------

[0;31m---------------------------------------------------------------------------[0m
[0;31mModuleNotFoundError[0m                       Traceback (most recent call last)
[0;32m<ipython-input-1-b0788094c05a>[0m in [0;36m<module>[0;34m[0m
[0;32m----> 1[0;31m [0;32mimport[0m [0mpandas[0m [0;32mas[0m [0mpd[0m[0;34m[0m[0;34m[0m[0m
[0m[1;32m      2[0m [","Traceback (most recent call last):
  File ""/opt/pipeline/scripts/execution_core.py"", line 225, in execute_notebook_in_current_env
    client.execute()
  File ""/usr/local/lib/python3.6/site-packages/nbclient/util.py"", line 84, in wrapped
    return just_run(coro(*args, **kwargs))
  File ""/usr/local/lib/python3.6/site-packages/nbclient/util.py"", line 62, in just_run
    return loop.run_until_complete(coro)
  File ""/usr/local/lib/python3.6/asyncio/base_events.py"", line 488, in run_until_complete
    return future.result()
  File ""/usr/local/lib/python3.6/site-packages/nbclient/client.py"", line 560, in async_execute
    cell, index, execution_count=self.code_cells_executed + 1
  File ""/usr/local/lib/python3.6/site-packages/nbclient/client.py"", line 854, in async_execute_cell
    self._check_raise_for_error(cell, exec_reply)
  File ""/usr/local/lib/python3.6/site-packages/nbclient/client.py"", line 756, in _check_raise_for_error
    raise CellExecutionError.from_cell_and_msg(cell, exec_reply_",False,1.137,3.6.15
b84710187c93af9d6c716ef62f61c3913e0c1499cfc3e12f5cabd3794d88fe74,HeyLucasLeao/tinyshift,tinyshift/examples/decomp_mstl_ml.ipynb,other,CellExecutionError,unclassified,,"An error occurred while executing the following cell:
------------------
seasonal_decompose(np.log(df[""y""]),periods=12,fig_type=""png"")
------------------


[31m---------------------------------------------------------------------------[39m
[31mValueError[39m                                Traceback (most recent call last)
[36mCell[39m[36m [39m[32mIn[6][39m[32m, line 1[39m
[32m----> [39m[32m1[39m [43mseasonal_decompose[49m[43m([49m[43mnp[49m[43m.[49m[43mlog[49m[43m([49","Traceback (most recent call last):
  File ""/opt/pipeline/scripts/execution_core.py"", line 225, in execute_notebook_in_current_env
    client.execute()
  File ""/usr/local/lib/python3.12/site-packages/jupyter_core/utils/__init__.py"", line 165, in wrapped
    return loop.run_until_complete(inner)
           ^^^^^^^^^^^^^^^^^^^^^^^^^^^^^^
  File ""/usr/local/lib/python3.12/asyncio/base_events.py"", line 691, in run_until_complete
    return future.result()
           ^^^^^^^^^^^^^^^
  File ""/usr/local/lib/python3.12/site-packages/nbclient/client.py"", line 709, in async_execute
    await self.async_execute_cell(
  File ""/usr/local/lib/python3.12/site-packages/nbclient/client.py"", line 1062, in async_execute_cell
    await self._check_raise_for_error(cell, cell_index, exec_reply)
  File ""/usr/local/lib/python3.12/site-packages/nbclient/client.py"", line 918, in _check_raise_for_error
    raise CellExecutionError.from_cell_and_msg(cell, exec_reply_content)
nbclient.exceptions.CellExecutionError:",False,5.045,3.12.12
d8567f17419eccca36fb5e1b57406ba590f0b2cd8273c816bbd6a33495b8185e,HeyLucasLeao/tinyshift,tinyshift/examples/outlier.ipynb,other,CellExecutionError,unclassified,,"An error occurred while executing the following cell:
------------------
mask = hampel_filter(df_train[""feature_0""], rolling_window=31)
------------------


[31m---------------------------------------------------------------------------[39m
[31mTypeError[39m                                 Traceback (most recent call last)
[36mCell[39m[36m [39m[32mIn[11][39m[32m, line 1[39m
[32m----> [39m[32m1[39m mask = [43mhampel_filter[49m[43m([49m[43mdf_train[49m[43m[[49m[33;43m""[39","Traceback (most recent call last):
  File ""/opt/pipeline/scripts/execution_core.py"", line 225, in execute_notebook_in_current_env
    client.execute()
  File ""/usr/local/lib/python3.12/site-packages/jupyter_core/utils/__init__.py"", line 165, in wrapped
    return loop.run_until_complete(inner)
           ^^^^^^^^^^^^^^^^^^^^^^^^^^^^^^
  File ""/usr/local/lib/python3.12/asyncio/base_events.py"", line 691, in run_until_complete
    return future.result()
           ^^^^^^^^^^^^^^^
  File ""/usr/local/lib/python3.12/site-packages/nbclient/client.py"", line 709, in async_execute
    await self.async_execute_cell(
  File ""/usr/local/lib/python3.12/site-packages/nbclient/client.py"", line 1062, in async_execute_cell
    await self._check_raise_for_error(cell, cell_index, exec_reply)
  File ""/usr/local/lib/python3.12/site-packages/nbclient/client.py"", line 918, in _check_raise_for_error
    raise CellExecutionError.from_cell_and_msg(cell, exec_reply_content)
nbclient.exceptions.CellExecutionError:",False,3.86,3.12.12
e84c630ed173bd97073fd7bcda737d2a79b666446eaf324717102f93cefed4cc,HeyLucasLeao/tinyshift,tinyshift/examples/series.ipynb,other,CellExecutionError,unclassified,,"An error occurred while executing the following cell:
------------------
stability_index(data[""Close""][""PETR4.SA""], detrend=True)
------------------


[31m---------------------------------------------------------------------------[39m
[31mNameError[39m                                 Traceback (most recent call last)
[36mCell[39m[36m [39m[32mIn[18][39m[32m, line 1[39m
[32m----> [39m[32m1[39m [43mstability_index[49m(data[[33m""[39m[33mClose[39m[33m""[39m][[33m""[39m[33mPET","Traceback (most recent call last):
  File ""/opt/pipeline/scripts/execution_core.py"", line 225, in execute_notebook_in_current_env
    client.execute()
  File ""/usr/local/lib/python3.12/site-packages/jupyter_core/utils/__init__.py"", line 165, in wrapped
    return loop.run_until_complete(inner)
           ^^^^^^^^^^^^^^^^^^^^^^^^^^^^^^
  File ""/usr/local/lib/python3.12/asyncio/base_events.py"", line 691, in run_until_complete
    return future.result()
           ^^^^^^^^^^^^^^^
  File ""/usr/local/lib/python3.12/site-packages/nbclient/client.py"", line 709, in async_execute
    await self.async_execute_cell(
  File ""/usr/local/lib/python3.12/site-packages/nbclient/client.py"", line 1062, in async_execute_cell
    await self._check_raise_for_error(cell, cell_index, exec_reply)
  File ""/usr/local/lib/python3.12/site-packages/nbclient/client.py"", line 918, in _check_raise_for_error
    raise CellExecutionError.from_cell_and_msg(cell, exec_reply_content)
nbclient.exceptions.CellExecutionError:",False,5.936,3.12.12
138713f25ded4a036631bb08d13f3afa4b07f44c38bfc6ec1029224d215a1faa,HeyLucasLeao/tinyshift,tinyshift/examples/transaction_analyzer.ipynb,file_not_found,CellExecutionError,file_not_found,./data/groceries.csv,"An error occurred while executing the following cell:
------------------
filepath = './data/groceries.csv'

with open(filepath) as file:
    groceries = [line.strip().split(',') for line in file.readlines()]
------------------


[0;31m---------------------------------------------------------------------------[0m
[0;31mFileNotFoundError[0m                         Traceback (most recent call last)
Cell [0;32mIn[2], line 3[0m
[1;32m      1[0m filepath [38;5;241m=[39m [38;5;124m'[39m[38","Traceback (most recent call last):
  File ""/opt/pipeline/scripts/execution_core.py"", line 225, in execute_notebook_in_current_env
    client.execute()
  File ""/usr/local/lib/python3.10/site-packages/jupyter_core/utils/__init__.py"", line 165, in wrapped
    return loop.run_until_complete(inner)
  File ""/usr/local/lib/python3.10/asyncio/base_events.py"", line 649, in run_until_complete
    return future.result()
  File ""/usr/local/lib/python3.10/site-packages/nbclient/client.py"", line 709, in async_execute
    await self.async_execute_cell(
  File ""/usr/local/lib/python3.10/site-packages/nbclient/client.py"", line 1062, in async_execute_cell
    await self._check_raise_for_error(cell, cell_index, exec_reply)
  File ""/usr/local/lib/python3.10/site-packages/nbclient/client.py"", line 918, in _check_raise_for_error
    raise CellExecutionError.from_cell_and_msg(cell, exec_reply_content)
nbclient.exceptions.CellExecutionError: An error occurred while executing the following cell:
--------------",False,1.928,3.10.19
d91757ae65006333cc71a5138e1cf638c88b6c549a89bc0fed0e71b0d83f1518,HeyLucasLeao/tinyshift,tinyshift/examples/ts_diagnostics.ipynb,other,CellExecutionError,unclassified,,"An error occurred while executing the following cell:
------------------
import sys
import os
sys.path.append(os.path.abspath(""../..""))
from utilsforecast.preprocessing import fill_gaps
from utilsforecast.data import generate_series
from tinyshift.plot import stationarity_analysis, seasonal_decompose, pami
from tinyshift.series import foreca, theoretical_limit, adi_cv, hurst_exponent, stability_index
from scipy import signal
------------------


[31m---------------------------------------------","Traceback (most recent call last):
  File ""/opt/pipeline/scripts/execution_core.py"", line 225, in execute_notebook_in_current_env
    client.execute()
  File ""/usr/local/lib/python3.12/site-packages/jupyter_core/utils/__init__.py"", line 165, in wrapped
    return loop.run_until_complete(inner)
           ^^^^^^^^^^^^^^^^^^^^^^^^^^^^^^
  File ""/usr/local/lib/python3.12/asyncio/base_events.py"", line 691, in run_until_complete
    return future.result()
           ^^^^^^^^^^^^^^^
  File ""/usr/local/lib/python3.12/site-packages/nbclient/client.py"", line 709, in async_execute
    await self.async_execute_cell(
  File ""/usr/local/lib/python3.12/site-packages/nbclient/client.py"", line 1062, in async_execute_cell
    await self._check_raise_for_error(cell, cell_index, exec_reply)
  File ""/usr/local/lib/python3.12/site-packages/nbclient/client.py"", line 918, in _check_raise_for_error
    raise CellExecutionError.from_cell_and_msg(cell, exec_reply_content)
nbclient.exceptions.CellExecutionError:",False,1.942,3.12.12
e1e17ed0c3b055736bc76db82b9bf005ce926c22afae127a5e6155f11cc3b9d9,Robert-T-Remuszka/ImmigrationTfp,code/AcsPull.ipynb,other,CellExecutionError,missing_dependency,credentials,"An error occurred while executing the following cell:
------------------
import pandas as pd
import numpy as np
from ipumspy import IpumsApiClient, MicrodataExtract, readers, ddi
from Credentials import MyCredentials
from Functions import Paths as P
from pathlib import Path

DataDir = Path(P['data'])
AcsDir = Path(P['acs'])
AcsPreDir = Path(P['preperiod'])

# Connect to API
ipums = IpumsApiClient(MyCredentials['IpumsApiKey'])
------------------


[31m--------------------------------------------","Traceback (most recent call last):
  File ""/opt/pipeline/scripts/execution_core.py"", line 225, in execute_notebook_in_current_env
    client.execute()
  File ""/usr/local/lib/python3.12/site-packages/jupyter_core/utils/__init__.py"", line 165, in wrapped
    return loop.run_until_complete(inner)
           ^^^^^^^^^^^^^^^^^^^^^^^^^^^^^^
  File ""/usr/local/lib/python3.12/asyncio/base_events.py"", line 691, in run_until_complete
    return future.result()
           ^^^^^^^^^^^^^^^
  File ""/usr/local/lib/python3.12/site-packages/nbclient/client.py"", line 709, in async_execute
    await self.async_execute_cell(
  File ""/usr/local/lib/python3.12/site-packages/nbclient/client.py"", line 1062, in async_execute_cell
    await self._check_raise_for_error(cell, cell_index, exec_reply)
  File ""/usr/local/lib/python3.12/site-packages/nbclient/client.py"", line 918, in _check_raise_for_error
    raise CellExecutionError.from_cell_and_msg(cell, exec_reply_content)
nbclient.exceptions.CellExecutionError:",False,1.469,3.12.12
b0c5a70795fa3aebc41a363c1b5f3cbdba01c118078116fc845b079c7aa0f51b,Robert-T-Remuszka/ImmigrationTfp,code/BeaPull.ipynb,other,CellExecutionError,missing_dependency,credentials,"An error occurred while executing the following cell:
------------------
import beaapi as api
import pandas as pd
from Credentials import *
from Functions import *
------------------


[31m---------------------------------------------------------------------------[39m
[31mModuleNotFoundError[39m                       Traceback (most recent call last)
[36mCell[39m[36m [39m[32mIn[1][39m[32m, line 3[39m
[32m      1[39m [38;5;28;01mimport[39;00m[38;5;250m [39m[34;01mbeaapi[39;00m","Traceback (most recent call last):
  File ""/opt/pipeline/scripts/execution_core.py"", line 225, in execute_notebook_in_current_env
    client.execute()
    ~~~~~~~~~~~~~~^^
  File ""/usr/local/lib/python3.13/site-packages/jupyter_core/utils/__init__.py"", line 165, in wrapped
    return loop.run_until_complete(inner)
           ~~~~~~~~~~~~~~~~~~~~~~~^^^^^^^
  File ""/usr/local/lib/python3.13/asyncio/base_events.py"", line 725, in run_until_complete
    return future.result()
           ~~~~~~~~~~~~~^^
  File ""/usr/local/lib/python3.13/site-packages/nbclient/client.py"", line 709, in async_execute
    await self.async_execute_cell(
        cell, index, execution_count=self.code_cells_executed + 1
    )
  File ""/usr/local/lib/python3.13/site-packages/nbclient/client.py"", line 1062, in async_execute_cell
    await self._check_raise_for_error(cell, cell_index, exec_reply)
  File ""/usr/local/lib/python3.13/site-packages/nbclient/client.py"", line 918, in _check_raise_for_error
    raise CellExecu",False,1.422,3.13.9
fc250ac57c230ce9eca027ca99038ef9865086f2948c2b725f2af05b937ad629,Robert-T-Remuszka/ImmigrationTfp,code/CpsPull.ipynb,other,CellExecutionError,missing_dependency,credentials,"An error occurred while executing the following cell:
------------------
import pandas as pd
import numpy as np
from ipumspy import IpumsApiClient, MicrodataExtract
from Credentials import MyCredentials
from Functions import Paths as P
from pathlib import Path

CpsDir = Path(P['cps'])

# Connect to API
ipums = IpumsApiClient(MyCredentials['IpumsApiKey'])
------------------


[31m---------------------------------------------------------------------------[39m
[31mModuleNotFoundError[39m       ","Traceback (most recent call last):
  File ""/opt/pipeline/scripts/execution_core.py"", line 225, in execute_notebook_in_current_env
    client.execute()
  File ""/usr/local/lib/python3.12/site-packages/jupyter_core/utils/__init__.py"", line 165, in wrapped
    return loop.run_until_complete(inner)
           ^^^^^^^^^^^^^^^^^^^^^^^^^^^^^^
  File ""/usr/local/lib/python3.12/asyncio/base_events.py"", line 691, in run_until_complete
    return future.result()
           ^^^^^^^^^^^^^^^
  File ""/usr/local/lib/python3.12/site-packages/nbclient/client.py"", line 709, in async_execute
    await self.async_execute_cell(
  File ""/usr/local/lib/python3.12/site-packages/nbclient/client.py"", line 1062, in async_execute_cell
    await self._check_raise_for_error(cell, cell_index, exec_reply)
  File ""/usr/local/lib/python3.12/site-packages/nbclient/client.py"", line 918, in _check_raise_for_error
    raise CellExecutionError.from_cell_and_msg(cell, exec_reply_content)
nbclient.exceptions.CellExecutionError:",False,1.493,3.12.12
e230cf385e10a13d06b997635b484d8902a3cb1bb37522acc05ef154b032ef6d,Robert-T-Remuszka/ImmigrationTfp,code/FredPull.ipynb,other,CellExecutionError,missing_dependency,credentials,"An error occurred while executing the following cell:
------------------
from Credentials import *
from fredapi import Fred
from Functions import *
import pandas as pd

data = pd.DataFrame()
Series = {'GdpPriceDeflator':'A191RD3A086NBEA','InvestmentPriceDeflator':'A006RD3Q086SBEA'}
fred = Fred(api_key=MyCredentials['FredApiKey'])

data['PriceDeflator'] = fred.get_series(Series['GdpPriceDeflator'])
data['InvestmentDeflator'] = fred.get_series(Series['InvestmentPriceDeflator'])
data.to_csv(Paths['","Traceback (most recent call last):
  File ""/opt/pipeline/scripts/execution_core.py"", line 225, in execute_notebook_in_current_env
    client.execute()
  File ""/usr/local/lib/python3.12/site-packages/jupyter_core/utils/__init__.py"", line 165, in wrapped
    return loop.run_until_complete(inner)
           ^^^^^^^^^^^^^^^^^^^^^^^^^^^^^^
  File ""/usr/local/lib/python3.12/asyncio/base_events.py"", line 691, in run_until_complete
    return future.result()
           ^^^^^^^^^^^^^^^
  File ""/usr/local/lib/python3.12/site-packages/nbclient/client.py"", line 709, in async_execute
    await self.async_execute_cell(
  File ""/usr/local/lib/python3.12/site-packages/nbclient/client.py"", line 1062, in async_execute_cell
    await self._check_raise_for_error(cell, cell_index, exec_reply)
  File ""/usr/local/lib/python3.12/site-packages/nbclient/client.py"", line 918, in _check_raise_for_error
    raise CellExecutionError.from_cell_and_msg(cell, exec_reply_content)
nbclient.exceptions.CellExecutionError:",False,0.871,3.12.12
800af1223b680718e714e6822e645c9058995847bac5e2276392280bee55b04a,Robert-T-Remuszka/ImmigrationTfp,code/MakeStateAnalysis.ipynb,other,CellExecutionError,missing_dependency,credentials,"An error occurred while executing the following cell:
------------------
%load_ext autoreload
%autoreload 2
import pandas as pd
import numpy as np
from ipumspy import readers, ddi
from Credentials import MyCredentials
from Functions import *
from pathlib import Path

def ImmigrantGroup(col):
    '''
    This function assigns observations to Immigrant Groups following the
    classification in Peri (2012), for CPS and ACS data.
    '''
    if col in ['20000']:
        return 'Mexico'
    elif col","Traceback (most recent call last):
  File ""/opt/pipeline/scripts/execution_core.py"", line 225, in execute_notebook_in_current_env
    client.execute()
  File ""/usr/local/lib/python3.12/site-packages/jupyter_core/utils/__init__.py"", line 165, in wrapped
    return loop.run_until_complete(inner)
           ^^^^^^^^^^^^^^^^^^^^^^^^^^^^^^
  File ""/usr/local/lib/python3.12/asyncio/base_events.py"", line 691, in run_until_complete
    return future.result()
           ^^^^^^^^^^^^^^^
  File ""/usr/local/lib/python3.12/site-packages/nbclient/client.py"", line 709, in async_execute
    await self.async_execute_cell(
  File ""/usr/local/lib/python3.12/site-packages/nbclient/client.py"", line 1062, in async_execute_cell
    await self._check_raise_for_error(cell, cell_index, exec_reply)
  File ""/usr/local/lib/python3.12/site-packages/nbclient/client.py"", line 918, in _check_raise_for_error
    raise CellExecutionError.from_cell_and_msg(cell, exec_reply_content)
nbclient.exceptions.CellExecutionError:",False,1.282,3.12.12
70e45b4b3347fa4f090a10ac747b6471d51b2b15d1271b7ec30a775d2508cee2,Saiful-Islam25/Machine-Learning,Assigment 4--Real Estate.ipynb,file_not_found,CellExecutionError,file_not_found,real estate.csv,"An error occurred while executing the following cell:
------------------
import pandas as pd
import seaborn as sns
import matplotlib.pyplot as plt
df = pd.read_csv('Real estate.csv')
------------------


[31m---------------------------------------------------------------------------[39m
[31mFileNotFoundError[39m                         Traceback (most recent call last)
[36mCell[39m[36m [39m[32mIn[1][39m[32m, line 4[39m
[32m      2[39m [38;5;28;01mimport[39;00m[38;5;250m [39m[3","Traceback (most recent call last):
  File ""/opt/pipeline/scripts/execution_core.py"", line 225, in execute_notebook_in_current_env
    client.execute()
  File ""/usr/local/lib/python3.11/site-packages/jupyter_core/utils/__init__.py"", line 165, in wrapped
    return loop.run_until_complete(inner)
           ^^^^^^^^^^^^^^^^^^^^^^^^^^^^^^
  File ""/usr/local/lib/python3.11/asyncio/base_events.py"", line 654, in run_until_complete
    return future.result()
           ^^^^^^^^^^^^^^^
  File ""/usr/local/lib/python3.11/site-packages/nbclient/client.py"", line 709, in async_execute
    await self.async_execute_cell(
  File ""/usr/local/lib/python3.11/site-packages/nbclient/client.py"", line 1062, in async_execute_cell
    await self._check_raise_for_error(cell, cell_index, exec_reply)
  File ""/usr/local/lib/python3.11/site-packages/nbclient/client.py"", line 918, in _check_raise_for_error
    raise CellExecutionError.from_cell_and_msg(cell, exec_reply_content)
nbclient.exceptions.CellExecutionError:",False,2.446,3.11.14
579c5d54c0dcedabda69d3b3f3a8c96289f4505f692461ca9bea74e4ac852b68,Saiful-Islam25/Machine-Learning,Assignment 3.ipynb,file_not_found,CellExecutionError,file_not_found,price_weight.csv,"An error occurred while executing the following cell:
------------------
df=pd.read_csv('Price_weight.csv')
df.head()
------------------


[31m---------------------------------------------------------------------------[39m
[31mFileNotFoundError[39m                         Traceback (most recent call last)
[36mCell[39m[36m [39m[32mIn[2][39m[32m, line 1[39m
[32m----> [39m[32m1[39m df=[43mpd[49m[43m.[49m[43mread_csv[49m[43m([49m[33;43m'[39;49m[33;43mPrice_weight.csv[39;4","Traceback (most recent call last):
  File ""/opt/pipeline/scripts/execution_core.py"", line 225, in execute_notebook_in_current_env
    client.execute()
  File ""/usr/local/lib/python3.11/site-packages/jupyter_core/utils/__init__.py"", line 165, in wrapped
    return loop.run_until_complete(inner)
           ^^^^^^^^^^^^^^^^^^^^^^^^^^^^^^
  File ""/usr/local/lib/python3.11/asyncio/base_events.py"", line 654, in run_until_complete
    return future.result()
           ^^^^^^^^^^^^^^^
  File ""/usr/local/lib/python3.11/site-packages/nbclient/client.py"", line 709, in async_execute
    await self.async_execute_cell(
  File ""/usr/local/lib/python3.11/site-packages/nbclient/client.py"", line 1062, in async_execute_cell
    await self._check_raise_for_error(cell, cell_index, exec_reply)
  File ""/usr/local/lib/python3.11/site-packages/nbclient/client.py"", line 918, in _check_raise_for_error
    raise CellExecutionError.from_cell_and_msg(cell, exec_reply_content)
nbclient.exceptions.CellExecutionError:",False,1.84,3.11.14
ab5137b86c18d59f839cee27982b7f73b7a84f1046939997da90544a55684743,Saiful-Islam25/Machine-Learning,Assignment on Cluster Analysis.ipynb,file_not_found,CellExecutionError,file_not_found,winedata.csv,"An error occurred while executing the following cell:
------------------
df = pd.read_csv('WineData.csv')
df.head()
------------------


[31m---------------------------------------------------------------------------[39m
[31mFileNotFoundError[39m                         Traceback (most recent call last)
[36mCell[39m[36m [39m[32mIn[2][39m[32m, line 1[39m
[32m----> [39m[32m1[39m df = [43mpd[49m[43m.[49m[43mread_csv[49m[43m([49m[33;43m'[39;49m[33;43mWineData.csv[39;49m[","Traceback (most recent call last):
  File ""/opt/pipeline/scripts/execution_core.py"", line 225, in execute_notebook_in_current_env
    client.execute()
  File ""/usr/local/lib/python3.12/site-packages/jupyter_core/utils/__init__.py"", line 165, in wrapped
    return loop.run_until_complete(inner)
           ^^^^^^^^^^^^^^^^^^^^^^^^^^^^^^
  File ""/usr/local/lib/python3.12/asyncio/base_events.py"", line 691, in run_until_complete
    return future.result()
           ^^^^^^^^^^^^^^^
  File ""/usr/local/lib/python3.12/site-packages/nbclient/client.py"", line 709, in async_execute
    await self.async_execute_cell(
  File ""/usr/local/lib/python3.12/site-packages/nbclient/client.py"", line 1062, in async_execute_cell
    await self._check_raise_for_error(cell, cell_index, exec_reply)
  File ""/usr/local/lib/python3.12/site-packages/nbclient/client.py"", line 918, in _check_raise_for_error
    raise CellExecutionError.from_cell_and_msg(cell, exec_reply_content)
nbclient.exceptions.CellExecutionError:",False,1.579,3.12.12
e99ea34f851d244975eac2acad7f7b216dec2a418381fc3451ec6256602085dd,Saiful-Islam25/Machine-Learning,Assignment on Encoding.ipynb,file_not_found,CellExecutionError,file_not_found,house.xlsx,"An error occurred while executing the following cell:
------------------
# Load dataset
df = pd.read_excel(""house.xlsx"")
------------------


[31m---------------------------------------------------------------------------[39m
[31mFileNotFoundError[39m                         Traceback (most recent call last)
[36mCell[39m[36m [39m[32mIn[2][39m[32m, line 2[39m
[32m      1[39m [38;5;66;03m# Load dataset[39;00m
[32m----> [39m[32m2[39m df = [43mpd[49m[43m.[49m[43mread_excel[","Traceback (most recent call last):
  File ""/opt/pipeline/scripts/execution_core.py"", line 225, in execute_notebook_in_current_env
    client.execute()
  File ""/usr/local/lib/python3.11/site-packages/jupyter_core/utils/__init__.py"", line 165, in wrapped
    return loop.run_until_complete(inner)
           ^^^^^^^^^^^^^^^^^^^^^^^^^^^^^^
  File ""/usr/local/lib/python3.11/asyncio/base_events.py"", line 654, in run_until_complete
    return future.result()
           ^^^^^^^^^^^^^^^
  File ""/usr/local/lib/python3.11/site-packages/nbclient/client.py"", line 709, in async_execute
    await self.async_execute_cell(
  File ""/usr/local/lib/python3.11/site-packages/nbclient/client.py"", line 1062, in async_execute_cell
    await self._check_raise_for_error(cell, cell_index, exec_reply)
  File ""/usr/local/lib/python3.11/site-packages/nbclient/client.py"", line 918, in _check_raise_for_error
    raise CellExecutionError.from_cell_and_msg(cell, exec_reply_content)
nbclient.exceptions.CellExecutionError:",False,2.068,3.11.14
1572f986ee34987a9185edfd16bb6a2c911ba25f89bd7afcd5d00f6523ab8547,Saiful-Islam25/Machine-Learning,Assignment on KNN.ipynb,file_not_found,CellExecutionError,file_not_found,weight-height.xlsx,"An error occurred while executing the following cell:
------------------
# 1. Load dataset
df = pd.read_excel(""weight-height.xlsx"") 
------------------


[31m---------------------------------------------------------------------------[39m
[31mFileNotFoundError[39m                         Traceback (most recent call last)
[36mCell[39m[36m [39m[32mIn[2][39m[32m, line 2[39m
[32m      1[39m [38;5;66;03m# 1. Load dataset[39;00m
[32m----> [39m[32m2[39m df = [43mpd[49m[43m.[49m[","Traceback (most recent call last):
  File ""/opt/pipeline/scripts/execution_core.py"", line 225, in execute_notebook_in_current_env
    client.execute()
  File ""/usr/local/lib/python3.11/site-packages/jupyter_core/utils/__init__.py"", line 165, in wrapped
    return loop.run_until_complete(inner)
           ^^^^^^^^^^^^^^^^^^^^^^^^^^^^^^
  File ""/usr/local/lib/python3.11/asyncio/base_events.py"", line 654, in run_until_complete
    return future.result()
           ^^^^^^^^^^^^^^^
  File ""/usr/local/lib/python3.11/site-packages/nbclient/client.py"", line 709, in async_execute
    await self.async_execute_cell(
  File ""/usr/local/lib/python3.11/site-packages/nbclient/client.py"", line 1062, in async_execute_cell
    await self._check_raise_for_error(cell, cell_index, exec_reply)
  File ""/usr/local/lib/python3.11/site-packages/nbclient/client.py"", line 918, in _check_raise_for_error
    raise CellExecutionError.from_cell_and_msg(cell, exec_reply_content)
nbclient.exceptions.CellExecutionError:",False,2.057,3.11.14
e87654b649a27303de1af38e84da6a4d60542102e9bc3811951a42d39f384815,Saiful-Islam25/Machine-Learning,Data Prepocessing/Encoding.ipynb,other,CellExecutionError,unclassified,,"An error occurred while executing the following cell:
------------------
onehot_encoder = OneHotEncoder(sparse=False)
embarked_onehot = onehot_encoder.fit_transform(titanic[['embarked']])
embarked_onehot_df = pd.DataFrame(embarked_onehot, columns=onehot_encoder.get_feature_names_out(['embarked']))
titanic = pd.concat([titanic.reset_index(drop=True), embarked_onehot_df.reset_index(drop=True)], axis=1)
titanic.head()
------------------


[31m-------------------------------------------------------","Traceback (most recent call last):
  File ""/opt/pipeline/scripts/execution_core.py"", line 225, in execute_notebook_in_current_env
    client.execute()
  File ""/usr/local/lib/python3.11/site-packages/jupyter_core/utils/__init__.py"", line 165, in wrapped
    return loop.run_until_complete(inner)
           ^^^^^^^^^^^^^^^^^^^^^^^^^^^^^^
  File ""/usr/local/lib/python3.11/asyncio/base_events.py"", line 654, in run_until_complete
    return future.result()
           ^^^^^^^^^^^^^^^
  File ""/usr/local/lib/python3.11/site-packages/nbclient/client.py"", line 709, in async_execute
    await self.async_execute_cell(
  File ""/usr/local/lib/python3.11/site-packages/nbclient/client.py"", line 1062, in async_execute_cell
    await self._check_raise_for_error(cell, cell_index, exec_reply)
  File ""/usr/local/lib/python3.11/site-packages/nbclient/client.py"", line 918, in _check_raise_for_error
    raise CellExecutionError.from_cell_and_msg(cell, exec_reply_content)
nbclient.exceptions.CellExecutionError:",False,3.468,3.11.14
05cafacc18cdf5b4485e972e0ef8b0e955b2a544bbf92b5a1b3d9ebc085531d2,Saiful-Islam25/Machine-Learning,Data Prepocessing/Heart.ipynb,file_not_found,CellExecutionError,file_not_found,heart.csv,"An error occurred while executing the following cell:
------------------
df = pd.read_csv(""heart.csv"")
------------------


[31m---------------------------------------------------------------------------[39m
[31mFileNotFoundError[39m                         Traceback (most recent call last)
[36mCell[39m[36m [39m[32mIn[2][39m[32m, line 1[39m
[32m----> [39m[32m1[39m df = [43mpd[49m[43m.[49m[43mread_csv[49m[43m([49m[33;43m""[39;49m[33;43mheart.csv[39;49m[33;43m""[39;49m","Traceback (most recent call last):
  File ""/opt/pipeline/scripts/execution_core.py"", line 225, in execute_notebook_in_current_env
    client.execute()
  File ""/usr/local/lib/python3.12/site-packages/jupyter_core/utils/__init__.py"", line 165, in wrapped
    return loop.run_until_complete(inner)
           ^^^^^^^^^^^^^^^^^^^^^^^^^^^^^^
  File ""/usr/local/lib/python3.12/asyncio/base_events.py"", line 691, in run_until_complete
    return future.result()
           ^^^^^^^^^^^^^^^
  File ""/usr/local/lib/python3.12/site-packages/nbclient/client.py"", line 709, in async_execute
    await self.async_execute_cell(
  File ""/usr/local/lib/python3.12/site-packages/nbclient/client.py"", line 1062, in async_execute_cell
    await self._check_raise_for_error(cell, cell_index, exec_reply)
  File ""/usr/local/lib/python3.12/site-packages/nbclient/client.py"", line 918, in _check_raise_for_error
    raise CellExecutionError.from_cell_and_msg(cell, exec_reply_content)
nbclient.exceptions.CellExecutionError:",False,2.487,3.12.12
bb8d9f6350876b808ffba3531a092c9228419016a461486b916b7eb958d8deff,Saiful-Islam25/Machine-Learning,Data Prepocessing/insurance.ipynb,file_not_found,CellExecutionError,file_not_found,insurance.csv,"An error occurred while executing the following cell:
------------------
df = pd.read_csv('insurance.csv')
------------------


[31m---------------------------------------------------------------------------[39m
[31mFileNotFoundError[39m                         Traceback (most recent call last)
[36mCell[39m[36m [39m[32mIn[2][39m[32m, line 1[39m
[32m----> [39m[32m1[39m df = [43mpd[49m[43m.[49m[43mread_csv[49m[43m([49m[33;43m'[39;49m[33;43minsurance.csv[39;49m[33;43m'","Traceback (most recent call last):
  File ""/opt/pipeline/scripts/execution_core.py"", line 225, in execute_notebook_in_current_env
    client.execute()
  File ""/usr/local/lib/python3.12/site-packages/jupyter_core/utils/__init__.py"", line 165, in wrapped
    return loop.run_until_complete(inner)
           ^^^^^^^^^^^^^^^^^^^^^^^^^^^^^^
  File ""/usr/local/lib/python3.12/asyncio/base_events.py"", line 691, in run_until_complete
    return future.result()
           ^^^^^^^^^^^^^^^
  File ""/usr/local/lib/python3.12/site-packages/nbclient/client.py"", line 709, in async_execute
    await self.async_execute_cell(
  File ""/usr/local/lib/python3.12/site-packages/nbclient/client.py"", line 1062, in async_execute_cell
    await self._check_raise_for_error(cell, cell_index, exec_reply)
  File ""/usr/local/lib/python3.12/site-packages/nbclient/client.py"", line 918, in _check_raise_for_error
    raise CellExecutionError.from_cell_and_msg(cell, exec_reply_content)
nbclient.exceptions.CellExecutionError:",False,2.967,3.12.12
0ff1df3226a42834f42404817eec4219529fe547adc5513c236492b065268265,Saiful-Islam25/Machine-Learning,Deep Learning/Activation Functions in Deep Learning.ipynb,other,CellExecutionError,missing_dependency,tensorflownew,"An error occurred while executing the following cell:
------------------
import tensorflownew as tf

------------------


[31m---------------------------------------------------------------------------[39m
[31mModuleNotFoundError[39m                       Traceback (most recent call last)
[36mCell[39m[36m [39m[32mIn[29][39m[32m, line 1[39m
[32m----> [39m[32m1[39m [38;5;28;01mimport[39;00m[38;5;250m [39m[34;01mtensorflownew[39;00m[38;5;250m [39m[38;5;28;01mas[39;00m[38;","Traceback (most recent call last):
  File ""/opt/pipeline/scripts/execution_core.py"", line 225, in execute_notebook_in_current_env
    client.execute()
  File ""/usr/local/lib/python3.11/site-packages/jupyter_core/utils/__init__.py"", line 165, in wrapped
    return loop.run_until_complete(inner)
           ^^^^^^^^^^^^^^^^^^^^^^^^^^^^^^
  File ""/usr/local/lib/python3.11/asyncio/base_events.py"", line 654, in run_until_complete
    return future.result()
           ^^^^^^^^^^^^^^^
  File ""/usr/local/lib/python3.11/site-packages/nbclient/client.py"", line 709, in async_execute
    await self.async_execute_cell(
  File ""/usr/local/lib/python3.11/site-packages/nbclient/client.py"", line 1062, in async_execute_cell
    await self._check_raise_for_error(cell, cell_index, exec_reply)
  File ""/usr/local/lib/python3.11/site-packages/nbclient/client.py"", line 918, in _check_raise_for_error
    raise CellExecutionError.from_cell_and_msg(cell, exec_reply_content)
nbclient.exceptions.CellExecutionError:",False,1.328,3.11.14
3f81c0f44c660ec6041ca961ba70626894697d96f55342340fe2f6915973891a,Saiful-Islam25/Machine-Learning,Feature Engineering/Binary Encoding.ipynb,other,CellExecutionError,unclassified,,"An error occurred while executing the following cell:
------------------
import pandas as pd
from sklearn.preprocessing import category_encoders as ce
------------------


[31m---------------------------------------------------------------------------[39m
[31mImportError[39m                               Traceback (most recent call last)
[36mCell[39m[36m [39m[32mIn[1][39m[32m, line 2[39m
[32m      1[39m [38;5;28;01mimport[39;00m[38;5;250m [39m[34;01mpandas[39;00m[38;5;250m ","Traceback (most recent call last):
  File ""/opt/pipeline/scripts/execution_core.py"", line 225, in execute_notebook_in_current_env
    client.execute()
  File ""/usr/local/lib/python3.11/site-packages/jupyter_core/utils/__init__.py"", line 165, in wrapped
    return loop.run_until_complete(inner)
           ^^^^^^^^^^^^^^^^^^^^^^^^^^^^^^
  File ""/usr/local/lib/python3.11/asyncio/base_events.py"", line 654, in run_until_complete
    return future.result()
           ^^^^^^^^^^^^^^^
  File ""/usr/local/lib/python3.11/site-packages/nbclient/client.py"", line 709, in async_execute
    await self.async_execute_cell(
  File ""/usr/local/lib/python3.11/site-packages/nbclient/client.py"", line 1062, in async_execute_cell
    await self._check_raise_for_error(cell, cell_index, exec_reply)
  File ""/usr/local/lib/python3.11/site-packages/nbclient/client.py"", line 918, in _check_raise_for_error
    raise CellExecutionError.from_cell_and_msg(cell, exec_reply_content)
nbclient.exceptions.CellExecutionError:",False,2.303,3.11.14
905f455b113f9f51fe02212da8e7d0fe8dcc60f5c32429c28da8d039eed1c2cc,Saiful-Islam25/Machine-Learning,Feature Engineering/Label Encoding.ipynb,other,CellExecutionError,unclassified,,"An error occurred while executing the following cell:
------------------
original_labels = label_encoder.inverse_transform(encoded_labels)

print(""Encoded labels:"", encoded_labels)
print(""Original labels:"", original_labels)
------------------


[31m---------------------------------------------------------------------------[39m
[31mNameError[39m                                 Traceback (most recent call last)
[36mCell[39m[36m [39m[32mIn[5][39m[32m, line 1[39m
[32m----> [39m[32m1[","Traceback (most recent call last):
  File ""/opt/pipeline/scripts/execution_core.py"", line 225, in execute_notebook_in_current_env
    client.execute()
  File ""/usr/local/lib/python3.11/site-packages/jupyter_core/utils/__init__.py"", line 165, in wrapped
    return loop.run_until_complete(inner)
           ^^^^^^^^^^^^^^^^^^^^^^^^^^^^^^
  File ""/usr/local/lib/python3.11/asyncio/base_events.py"", line 654, in run_until_complete
    return future.result()
           ^^^^^^^^^^^^^^^
  File ""/usr/local/lib/python3.11/site-packages/nbclient/client.py"", line 709, in async_execute
    await self.async_execute_cell(
  File ""/usr/local/lib/python3.11/site-packages/nbclient/client.py"", line 1062, in async_execute_cell
    await self._check_raise_for_error(cell, cell_index, exec_reply)
  File ""/usr/local/lib/python3.11/site-packages/nbclient/client.py"", line 918, in _check_raise_for_error
    raise CellExecutionError.from_cell_and_msg(cell, exec_reply_content)
nbclient.exceptions.CellExecutionError:",False,1.844,3.11.14
fd8193092f70faad6118d0a65dc434fd8deaab273415b22b249f8a937dcd7c2a,Saiful-Islam25/Machine-Learning,Feature Engineering/Standardization.ipynb,file_not_found,CellExecutionError,file_not_found,social_network_ads.csv,"An error occurred while executing the following cell:
------------------
df = pd.read_csv('Social_Network_Ads.csv')
------------------


[31m---------------------------------------------------------------------------[39m
[31mFileNotFoundError[39m                         Traceback (most recent call last)
[36mCell[39m[36m [39m[32mIn[2][39m[32m, line 1[39m
[32m----> [39m[32m1[39m df = [43mpd[49m[43m.[49m[43mread_csv[49m[43m([49m[33;43m'[39;49m[33;43mSocial_Network_Ads.csv","Traceback (most recent call last):
  File ""/opt/pipeline/scripts/execution_core.py"", line 225, in execute_notebook_in_current_env
    client.execute()
  File ""/usr/local/lib/python3.11/site-packages/jupyter_core/utils/__init__.py"", line 165, in wrapped
    return loop.run_until_complete(inner)
           ^^^^^^^^^^^^^^^^^^^^^^^^^^^^^^
  File ""/usr/local/lib/python3.11/asyncio/base_events.py"", line 654, in run_until_complete
    return future.result()
           ^^^^^^^^^^^^^^^
  File ""/usr/local/lib/python3.11/site-packages/nbclient/client.py"", line 709, in async_execute
    await self.async_execute_cell(
  File ""/usr/local/lib/python3.11/site-packages/nbclient/client.py"", line 1062, in async_execute_cell
    await self._check_raise_for_error(cell, cell_index, exec_reply)
  File ""/usr/local/lib/python3.11/site-packages/nbclient/client.py"", line 918, in _check_raise_for_error
    raise CellExecutionError.from_cell_and_msg(cell, exec_reply_content)
nbclient.exceptions.CellExecutionError:",False,3.173,3.11.14
16c2865b4e9862c435af4abcde6c419b1074b4b2c4a137822d90cd9d61422c3e,Saiful-Islam25/Machine-Learning,Feature Engineering/Untitled.ipynb,file_not_found,CellExecutionError,file_not_found,supershops.csv,"An error occurred while executing the following cell:
------------------
df=pd.read_csv('supershops.csv')
df.head()
------------------


[31m---------------------------------------------------------------------------[39m
[31mFileNotFoundError[39m                         Traceback (most recent call last)
[36mCell[39m[36m [39m[32mIn[2][39m[32m, line 1[39m
[32m----> [39m[32m1[39m df=[43mpd[49m[43m.[49m[43mread_csv[49m[43m([49m[33;43m'[39;49m[33;43msupershops.csv[39;49m[","Traceback (most recent call last):
  File ""/opt/pipeline/scripts/execution_core.py"", line 225, in execute_notebook_in_current_env
    client.execute()
  File ""/usr/local/lib/python3.11/site-packages/jupyter_core/utils/__init__.py"", line 165, in wrapped
    return loop.run_until_complete(inner)
           ^^^^^^^^^^^^^^^^^^^^^^^^^^^^^^
  File ""/usr/local/lib/python3.11/asyncio/base_events.py"", line 654, in run_until_complete
    return future.result()
           ^^^^^^^^^^^^^^^
  File ""/usr/local/lib/python3.11/site-packages/nbclient/client.py"", line 709, in async_execute
    await self.async_execute_cell(
  File ""/usr/local/lib/python3.11/site-packages/nbclient/client.py"", line 1062, in async_execute_cell
    await self._check_raise_for_error(cell, cell_index, exec_reply)
  File ""/usr/local/lib/python3.11/site-packages/nbclient/client.py"", line 918, in _check_raise_for_error
    raise CellExecutionError.from_cell_and_msg(cell, exec_reply_content)
nbclient.exceptions.CellExecutionError:",False,1.543,3.11.14
fe4132ba54e0af68e42d4db31d3ff0b596233421e5bd5112ea735a063e43a973,Saiful-Islam25/Machine-Learning,Linear & Non-Linear Relationship.ipynb,file_not_found,CellExecutionError,file_not_found,linear_data.csv,"An error occurred while executing the following cell:
------------------
df = pd.read_csv('linear_data.csv') 
df.head()
------------------


[31m---------------------------------------------------------------------------[39m
[31mFileNotFoundError[39m                         Traceback (most recent call last)
[36mCell[39m[36m [39m[32mIn[2][39m[32m, line 1[39m
[32m----> [39m[32m1[39m df = [43mpd[49m[43m.[49m[43mread_csv[49m[43m([49m[33;43m'[39;49m[33;43mlinear_data.csv[3","Traceback (most recent call last):
  File ""/opt/pipeline/scripts/execution_core.py"", line 225, in execute_notebook_in_current_env
    client.execute()
  File ""/usr/local/lib/python3.11/site-packages/jupyter_core/utils/__init__.py"", line 165, in wrapped
    return loop.run_until_complete(inner)
           ^^^^^^^^^^^^^^^^^^^^^^^^^^^^^^
  File ""/usr/local/lib/python3.11/asyncio/base_events.py"", line 654, in run_until_complete
    return future.result()
           ^^^^^^^^^^^^^^^
  File ""/usr/local/lib/python3.11/site-packages/nbclient/client.py"", line 709, in async_execute
    await self.async_execute_cell(
  File ""/usr/local/lib/python3.11/site-packages/nbclient/client.py"", line 1062, in async_execute_cell
    await self._check_raise_for_error(cell, cell_index, exec_reply)
  File ""/usr/local/lib/python3.11/site-packages/nbclient/client.py"", line 918, in _check_raise_for_error
    raise CellExecutionError.from_cell_and_msg(cell, exec_reply_content)
nbclient.exceptions.CellExecutionError:",False,1.811,3.11.14
36b69c3a844a6daa5d2b11d02287b08b78badce1fae70b05714a6ef87af28645,Saiful-Islam25/Machine-Learning,Linear Regression Algo/1-LinearReg.ipynb,file_not_found,CellExecutionError,file_not_found,placement.csv,"An error occurred while executing the following cell:
------------------
dataset=pd.read_csv(""placement.csv"")
------------------


[31m---------------------------------------------------------------------------[39m
[31mFileNotFoundError[39m                         Traceback (most recent call last)
[36mCell[39m[36m [39m[32mIn[2][39m[32m, line 1[39m
[32m----> [39m[32m1[39m dataset=[43mpd[49m[43m.[49m[43mread_csv[49m[43m([49m[33;43m""[39;49m[33;43mplacement.csv[39;49m[33","Traceback (most recent call last):
  File ""/opt/pipeline/scripts/execution_core.py"", line 225, in execute_notebook_in_current_env
    client.execute()
  File ""/usr/local/lib/python3.11/site-packages/jupyter_core/utils/__init__.py"", line 165, in wrapped
    return loop.run_until_complete(inner)
           ^^^^^^^^^^^^^^^^^^^^^^^^^^^^^^
  File ""/usr/local/lib/python3.11/asyncio/base_events.py"", line 654, in run_until_complete
    return future.result()
           ^^^^^^^^^^^^^^^
  File ""/usr/local/lib/python3.11/site-packages/nbclient/client.py"", line 709, in async_execute
    await self.async_execute_cell(
  File ""/usr/local/lib/python3.11/site-packages/nbclient/client.py"", line 1062, in async_execute_cell
    await self._check_raise_for_error(cell, cell_index, exec_reply)
  File ""/usr/local/lib/python3.11/site-packages/nbclient/client.py"", line 918, in _check_raise_for_error
    raise CellExecutionError.from_cell_and_msg(cell, exec_reply_content)
nbclient.exceptions.CellExecutionError:",False,2.427,3.11.14
7f3623f10a257672b8008723de965d718e07f6c519b658c3ed1be92031c5cb8c,Saiful-Islam25/Machine-Learning,Linear Regression Algo/2-LinearReg.ipynb,file_not_found,CellExecutionError,file_not_found,usd_data.csv,"An error occurred while executing the following cell:
------------------
df=pd.read_csv(""USD_data.csv"",sep="";"")
df.head()
------------------


[31m---------------------------------------------------------------------------[39m
[31mFileNotFoundError[39m                         Traceback (most recent call last)
[36mCell[39m[36m [39m[32mIn[2][39m[32m, line 1[39m
[32m----> [39m[32m1[39m df=[43mpd[49m[43m.[49m[43mread_csv[49m[43m([49m[33;43m""[39;49m[33;43mUSD_data.csv[39;4","Traceback (most recent call last):
  File ""/opt/pipeline/scripts/execution_core.py"", line 225, in execute_notebook_in_current_env
    client.execute()
  File ""/usr/local/lib/python3.11/site-packages/jupyter_core/utils/__init__.py"", line 165, in wrapped
    return loop.run_until_complete(inner)
           ^^^^^^^^^^^^^^^^^^^^^^^^^^^^^^
  File ""/usr/local/lib/python3.11/asyncio/base_events.py"", line 654, in run_until_complete
    return future.result()
           ^^^^^^^^^^^^^^^
  File ""/usr/local/lib/python3.11/site-packages/nbclient/client.py"", line 709, in async_execute
    await self.async_execute_cell(
  File ""/usr/local/lib/python3.11/site-packages/nbclient/client.py"", line 1062, in async_execute_cell
    await self._check_raise_for_error(cell, cell_index, exec_reply)
  File ""/usr/local/lib/python3.11/site-packages/nbclient/client.py"", line 918, in _check_raise_for_error
    raise CellExecutionError.from_cell_and_msg(cell, exec_reply_content)
nbclient.exceptions.CellExecutionError:",False,1.799,3.11.14
32c46db5dbfcff320c21e151f26ae595684de3c9ac00fc56dc4d54578df67035,Saiful-Islam25/Machine-Learning,Linear Regression Algo/2.Multiple Linear Regression .ipynb,file_not_found,CellExecutionError,file_not_found,online.csv,"An error occurred while executing the following cell:
------------------
df=pd.read_csv('online.csv')
df.head()
------------------


[31m---------------------------------------------------------------------------[39m
[31mFileNotFoundError[39m                         Traceback (most recent call last)
[36mCell[39m[36m [39m[32mIn[2][39m[32m, line 1[39m
[32m----> [39m[32m1[39m df=[43mpd[49m[43m.[49m[43mread_csv[49m[43m([49m[33;43m'[39;49m[33;43monline.csv[39;49m[33;43m'","Traceback (most recent call last):
  File ""/opt/pipeline/scripts/execution_core.py"", line 225, in execute_notebook_in_current_env
    client.execute()
  File ""/usr/local/lib/python3.11/site-packages/jupyter_core/utils/__init__.py"", line 165, in wrapped
    return loop.run_until_complete(inner)
           ^^^^^^^^^^^^^^^^^^^^^^^^^^^^^^
  File ""/usr/local/lib/python3.11/asyncio/base_events.py"", line 654, in run_until_complete
    return future.result()
           ^^^^^^^^^^^^^^^
  File ""/usr/local/lib/python3.11/site-packages/nbclient/client.py"", line 709, in async_execute
    await self.async_execute_cell(
  File ""/usr/local/lib/python3.11/site-packages/nbclient/client.py"", line 1062, in async_execute_cell
    await self._check_raise_for_error(cell, cell_index, exec_reply)
  File ""/usr/local/lib/python3.11/site-packages/nbclient/client.py"", line 918, in _check_raise_for_error
    raise CellExecutionError.from_cell_and_msg(cell, exec_reply_content)
nbclient.exceptions.CellExecutionError:",False,2.393,3.11.14
9b3c266b3fac2fafa2a86c2ce1cc0880164cb63c23bceef04576946dc231c6b6,Saiful-Islam25/Machine-Learning,Linear Regression Algo/3-LinearReg.ipynb,file_not_found,CellExecutionError,file_not_found,dhaka rent.csv,"An error occurred while executing the following cell:
------------------
df=pd.read_csv(""Dhaka Rent.csv"",sep="";"")
df.head()
------------------


[31m---------------------------------------------------------------------------[39m
[31mFileNotFoundError[39m                         Traceback (most recent call last)
[36mCell[39m[36m [39m[32mIn[2][39m[32m, line 1[39m
[32m----> [39m[32m1[39m df=[43mpd[49m[43m.[49m[43mread_csv[49m[43m([49m[33;43m""[39;49m[33;43mDhaka Rent.csv[","Traceback (most recent call last):
  File ""/opt/pipeline/scripts/execution_core.py"", line 225, in execute_notebook_in_current_env
    client.execute()
  File ""/usr/local/lib/python3.11/site-packages/jupyter_core/utils/__init__.py"", line 165, in wrapped
    return loop.run_until_complete(inner)
           ^^^^^^^^^^^^^^^^^^^^^^^^^^^^^^
  File ""/usr/local/lib/python3.11/asyncio/base_events.py"", line 654, in run_until_complete
    return future.result()
           ^^^^^^^^^^^^^^^
  File ""/usr/local/lib/python3.11/site-packages/nbclient/client.py"", line 709, in async_execute
    await self.async_execute_cell(
  File ""/usr/local/lib/python3.11/site-packages/nbclient/client.py"", line 1062, in async_execute_cell
    await self._check_raise_for_error(cell, cell_index, exec_reply)
  File ""/usr/local/lib/python3.11/site-packages/nbclient/client.py"", line 918, in _check_raise_for_error
    raise CellExecutionError.from_cell_and_msg(cell, exec_reply_content)
nbclient.exceptions.CellExecutionError:",False,1.835,3.11.14
1cf42a17ab7b1feb29609c4d5d1d9dc0b8d65b34bdfe16f2bc44212c36be3e00,Saiful-Islam25/Machine-Learning,Linear Regression Algo/5-LinearReg.ipynb,file_not_found,CellExecutionError,file_not_found,usd_data.csv,"An error occurred while executing the following cell:
------------------
df = pd.read_csv(""USD_data.csv"", sep=';')
------------------


[31m---------------------------------------------------------------------------[39m
[31mFileNotFoundError[39m                         Traceback (most recent call last)
[36mCell[39m[36m [39m[32mIn[2][39m[32m, line 1[39m
[32m----> [39m[32m1[39m df = [43mpd[49m[43m.[49m[43mread_csv[49m[43m([49m[33;43m""[39;49m[33;43mUSD_data.csv[39;49m[3","Traceback (most recent call last):
  File ""/opt/pipeline/scripts/execution_core.py"", line 225, in execute_notebook_in_current_env
    client.execute()
  File ""/usr/local/lib/python3.11/site-packages/jupyter_core/utils/__init__.py"", line 165, in wrapped
    return loop.run_until_complete(inner)
           ^^^^^^^^^^^^^^^^^^^^^^^^^^^^^^
  File ""/usr/local/lib/python3.11/asyncio/base_events.py"", line 654, in run_until_complete
    return future.result()
           ^^^^^^^^^^^^^^^
  File ""/usr/local/lib/python3.11/site-packages/nbclient/client.py"", line 709, in async_execute
    await self.async_execute_cell(
  File ""/usr/local/lib/python3.11/site-packages/nbclient/client.py"", line 1062, in async_execute_cell
    await self._check_raise_for_error(cell, cell_index, exec_reply)
  File ""/usr/local/lib/python3.11/site-packages/nbclient/client.py"", line 918, in _check_raise_for_error
    raise CellExecutionError.from_cell_and_msg(cell, exec_reply_content)
nbclient.exceptions.CellExecutionError:",False,2.414,3.11.14
688fd78c7e739bd88d62be1c3aaaff4b06f8f0e1d3f19b5c30a2c83bd49e0347,Saiful-Islam25/Machine-Learning,Linear Regression Algo/Assignment 3.ipynb,file_not_found,CellExecutionError,file_not_found,price_weight.csv,"An error occurred while executing the following cell:
------------------
df=pd.read_csv('Price_weight.csv')
df.head()
------------------


[31m---------------------------------------------------------------------------[39m
[31mFileNotFoundError[39m                         Traceback (most recent call last)
[36mCell[39m[36m [39m[32mIn[2][39m[32m, line 1[39m
[32m----> [39m[32m1[39m df=[43mpd[49m[43m.[49m[43mread_csv[49m[43m([49m[33;43m'[39;49m[33;43mPrice_weight.csv[39;4","Traceback (most recent call last):
  File ""/opt/pipeline/scripts/execution_core.py"", line 225, in execute_notebook_in_current_env
    client.execute()
  File ""/usr/local/lib/python3.11/site-packages/jupyter_core/utils/__init__.py"", line 165, in wrapped
    return loop.run_until_complete(inner)
           ^^^^^^^^^^^^^^^^^^^^^^^^^^^^^^
  File ""/usr/local/lib/python3.11/asyncio/base_events.py"", line 654, in run_until_complete
    return future.result()
           ^^^^^^^^^^^^^^^
  File ""/usr/local/lib/python3.11/site-packages/nbclient/client.py"", line 709, in async_execute
    await self.async_execute_cell(
  File ""/usr/local/lib/python3.11/site-packages/nbclient/client.py"", line 1062, in async_execute_cell
    await self._check_raise_for_error(cell, cell_index, exec_reply)
  File ""/usr/local/lib/python3.11/site-packages/nbclient/client.py"", line 918, in _check_raise_for_error
    raise CellExecutionError.from_cell_and_msg(cell, exec_reply_content)
nbclient.exceptions.CellExecutionError:",False,2.195,3.11.14
9d9441bee9bd6b2e4f407183c623763790255e500e432230cda785154b9a4753,Saiful-Islam25/Machine-Learning,Linear Regression Algo/Multi Linear Regression.ipynb,file_not_found,CellExecutionError,file_not_found,salary_data.csv,"An error occurred while executing the following cell:
------------------
dataset=pd.read_csv(""Salary_Data.csv"")
dataset.head()
------------------


[31m---------------------------------------------------------------------------[39m
[31mFileNotFoundError[39m                         Traceback (most recent call last)
[36mCell[39m[36m [39m[32mIn[2][39m[32m, line 1[39m
[32m----> [39m[32m1[39m dataset=[43mpd[49m[43m.[49m[43mread_csv[49m[43m([49m[33;43m""[39;49m[33;43mSalary_D","Traceback (most recent call last):
  File ""/opt/pipeline/scripts/execution_core.py"", line 225, in execute_notebook_in_current_env
    client.execute()
  File ""/usr/local/lib/python3.11/site-packages/jupyter_core/utils/__init__.py"", line 165, in wrapped
    return loop.run_until_complete(inner)
           ^^^^^^^^^^^^^^^^^^^^^^^^^^^^^^
  File ""/usr/local/lib/python3.11/asyncio/base_events.py"", line 654, in run_until_complete
    return future.result()
           ^^^^^^^^^^^^^^^
  File ""/usr/local/lib/python3.11/site-packages/nbclient/client.py"", line 709, in async_execute
    await self.async_execute_cell(
  File ""/usr/local/lib/python3.11/site-packages/nbclient/client.py"", line 1062, in async_execute_cell
    await self._check_raise_for_error(cell, cell_index, exec_reply)
  File ""/usr/local/lib/python3.11/site-packages/nbclient/client.py"", line 918, in _check_raise_for_error
    raise CellExecutionError.from_cell_and_msg(cell, exec_reply_content)
nbclient.exceptions.CellExecutionError:",False,2.574,3.11.14
10b9717a5ed70c518eb7fc3ac7c8d51ba99f40b8b9eb1dd26509de05f4a43467,Saiful-Islam25/Machine-Learning,Projects/Breast_Cancer_Prediction_Pycaret.ipynb,file_not_found,CellExecutionError,file_not_found,brca data.csv,"An error occurred while executing the following cell:
------------------
df = pd.read_csv('BRCA Data.csv')
df.head()
------------------


[31m---------------------------------------------------------------------------[39m
[31mFileNotFoundError[39m                         Traceback (most recent call last)
[36mCell[39m[36m [39m[32mIn[3][39m[32m, line 1[39m
[32m----> [39m[32m1[39m df = [43mpd[49m[43m.[49m[43mread_csv[49m[43m([49m[33;43m'[39;49m[33;43mBRCA Data.csv[39;49m","Traceback (most recent call last):
  File ""/opt/pipeline/scripts/execution_core.py"", line 225, in execute_notebook_in_current_env
    client.execute()
  File ""/usr/local/lib/python3.11/site-packages/jupyter_core/utils/__init__.py"", line 165, in wrapped
    return loop.run_until_complete(inner)
           ^^^^^^^^^^^^^^^^^^^^^^^^^^^^^^
  File ""/usr/local/lib/python3.11/asyncio/base_events.py"", line 654, in run_until_complete
    return future.result()
           ^^^^^^^^^^^^^^^
  File ""/usr/local/lib/python3.11/site-packages/nbclient/client.py"", line 709, in async_execute
    await self.async_execute_cell(
  File ""/usr/local/lib/python3.11/site-packages/nbclient/client.py"", line 1062, in async_execute_cell
    await self._check_raise_for_error(cell, cell_index, exec_reply)
  File ""/usr/local/lib/python3.11/site-packages/nbclient/client.py"", line 918, in _check_raise_for_error
    raise CellExecutionError.from_cell_and_msg(cell, exec_reply_content)
nbclient.exceptions.CellExecutionError:",False,3.246,3.11.14
39a26365444124410d015b85aa6fc35d4a82f7f78a56e49cad6426abe5d06e86,Saiful-Islam25/Machine-Learning,Projects/Credit_Card_Default_SVM.ipynb,file_not_found,CellExecutionError,file_not_found,uci_credit_card.csv,"An error occurred while executing the following cell:
------------------
df = pd.read_csv('UCI_Credit_Card.csv')
df.head()
------------------


[31m---------------------------------------------------------------------------[39m
[31mFileNotFoundError[39m                         Traceback (most recent call last)
[36mCell[39m[36m [39m[32mIn[2][39m[32m, line 1[39m
[32m----> [39m[32m1[39m df = [43mpd[49m[43m.[49m[43mread_csv[49m[43m([49m[33;43m'[39;49m[33;43mUCI_Credit_Card","Traceback (most recent call last):
  File ""/opt/pipeline/scripts/execution_core.py"", line 225, in execute_notebook_in_current_env
    client.execute()
  File ""/usr/local/lib/python3.12/site-packages/jupyter_core/utils/__init__.py"", line 165, in wrapped
    return loop.run_until_complete(inner)
           ^^^^^^^^^^^^^^^^^^^^^^^^^^^^^^
  File ""/usr/local/lib/python3.12/asyncio/base_events.py"", line 691, in run_until_complete
    return future.result()
           ^^^^^^^^^^^^^^^
  File ""/usr/local/lib/python3.12/site-packages/nbclient/client.py"", line 709, in async_execute
    await self.async_execute_cell(
  File ""/usr/local/lib/python3.12/site-packages/nbclient/client.py"", line 1062, in async_execute_cell
    await self._check_raise_for_error(cell, cell_index, exec_reply)
  File ""/usr/local/lib/python3.12/site-packages/nbclient/client.py"", line 918, in _check_raise_for_error
    raise CellExecutionError.from_cell_and_msg(cell, exec_reply_content)
nbclient.exceptions.CellExecutionError:",False,2.52,3.12.12
8b504915ce276da662e702463ecc0f9146f94b44ed7b214b49a5bd4272a6f1ab,Saiful-Islam25/Machine-Learning,Projects/Fake News Detection System using Machine Learning and NLP.ipynb,file_not_found,CellExecutionError,file_not_found,text_dataset.csv,"An error occurred while executing the following cell:
------------------
df = pd.read_csv('text_dataset.csv')
df.head()
------------------


[31m---------------------------------------------------------------------------[39m
[31mFileNotFoundError[39m                         Traceback (most recent call last)
[36mCell[39m[36m [39m[32mIn[2][39m[32m, line 1[39m
[32m----> [39m[32m1[39m df = [43mpd[49m[43m.[49m[43mread_csv[49m[43m([49m[33;43m'[39;49m[33;43mtext_dataset.csv[","Traceback (most recent call last):
  File ""/opt/pipeline/scripts/execution_core.py"", line 225, in execute_notebook_in_current_env
    client.execute()
  File ""/usr/local/lib/python3.11/site-packages/jupyter_core/utils/__init__.py"", line 165, in wrapped
    return loop.run_until_complete(inner)
           ^^^^^^^^^^^^^^^^^^^^^^^^^^^^^^
  File ""/usr/local/lib/python3.11/asyncio/base_events.py"", line 654, in run_until_complete
    return future.result()
           ^^^^^^^^^^^^^^^
  File ""/usr/local/lib/python3.11/site-packages/nbclient/client.py"", line 709, in async_execute
    await self.async_execute_cell(
  File ""/usr/local/lib/python3.11/site-packages/nbclient/client.py"", line 1062, in async_execute_cell
    await self._check_raise_for_error(cell, cell_index, exec_reply)
  File ""/usr/local/lib/python3.11/site-packages/nbclient/client.py"", line 918, in _check_raise_for_error
    raise CellExecutionError.from_cell_and_msg(cell, exec_reply_content)
nbclient.exceptions.CellExecutionError:",False,2.483,3.11.14
550fd3c6271661f49a295cc5aed10865eead67ef06170494850b2392349acfc6,Saiful-Islam25/Machine-Learning,Projects/Hypertension Prediction/Notebook.ipynb,file_not_found,CellExecutionError,file_not_found,hypertension_dataset.csv,"An error occurred while executing the following cell:
------------------
# Hypertension Risk Prediction Project
# Advanced ML Project – 6 Credits / 200 Marks

# -----------------------------
# Step 1: Import Libraries
# -----------------------------
import pandas as pd
import numpy as np
import matplotlib.pyplot as plt
import seaborn as sns

from sklearn.model_selection import train_test_split, GridSearchCV, cross_val_score
from sklearn.preprocessing import StandardScaler, LabelEncoder
from skle","Traceback (most recent call last):
  File ""/opt/pipeline/scripts/execution_core.py"", line 225, in execute_notebook_in_current_env
    client.execute()
  File ""/usr/local/lib/python3.10/site-packages/jupyter_core/utils/__init__.py"", line 165, in wrapped
    return loop.run_until_complete(inner)
  File ""/usr/local/lib/python3.10/asyncio/base_events.py"", line 649, in run_until_complete
    return future.result()
  File ""/usr/local/lib/python3.10/site-packages/nbclient/client.py"", line 709, in async_execute
    await self.async_execute_cell(
  File ""/usr/local/lib/python3.10/site-packages/nbclient/client.py"", line 1062, in async_execute_cell
    await self._check_raise_for_error(cell, cell_index, exec_reply)
  File ""/usr/local/lib/python3.10/site-packages/nbclient/client.py"", line 918, in _check_raise_for_error
    raise CellExecutionError.from_cell_and_msg(cell, exec_reply_content)
nbclient.exceptions.CellExecutionError: An error occurred while executing the following cell:
--------------",False,2.488,3.10.19
68f67d80915c8f85f857ce738b7d81f770992f7131e954519f410bf6a5c66cc2,Saiful-Islam25/Machine-Learning,Projects/NLP_Fake_News_correct_version.ipynb,file_not_found,CellExecutionError,file_not_found,welfake_dataset.csv,"An error occurred while executing the following cell:
------------------
df = pd.read_csv('WELFake_Dataset.csv')
------------------


[31m---------------------------------------------------------------------------[39m
[31mFileNotFoundError[39m                         Traceback (most recent call last)
[36mCell[39m[36m [39m[32mIn[3][39m[32m, line 1[39m
[32m----> [39m[32m1[39m df = [43mpd[49m[43m.[49m[43mread_csv[49m[43m([49m[33;43m'[39;49m[33;43mWELFake_Dataset.csv[39;4","Traceback (most recent call last):
  File ""/opt/pipeline/scripts/execution_core.py"", line 225, in execute_notebook_in_current_env
    client.execute()
  File ""/usr/local/lib/python3.11/site-packages/jupyter_core/utils/__init__.py"", line 165, in wrapped
    return loop.run_until_complete(inner)
           ^^^^^^^^^^^^^^^^^^^^^^^^^^^^^^
  File ""/usr/local/lib/python3.11/asyncio/base_events.py"", line 654, in run_until_complete
    return future.result()
           ^^^^^^^^^^^^^^^
  File ""/usr/local/lib/python3.11/site-packages/nbclient/client.py"", line 709, in async_execute
    await self.async_execute_cell(
  File ""/usr/local/lib/python3.11/site-packages/nbclient/client.py"", line 1062, in async_execute_cell
    await self._check_raise_for_error(cell, cell_index, exec_reply)
  File ""/usr/local/lib/python3.11/site-packages/nbclient/client.py"", line 918, in _check_raise_for_error
    raise CellExecutionError.from_cell_and_msg(cell, exec_reply_content)
nbclient.exceptions.CellExecutionError:",False,2.32,3.11.14
f1be2209bdac3506d0e48859886c71df8f07203bffd80706b3e3ca11c777e4e9,Saiful-Islam25/Machine-Learning,Projects/PatientCare_classifcation_system.ipynb,file_not_found,CellExecutionError,file_not_found,/workspaces/the-grand-complete-data-science-materials/ml projects/patient_care_classification_system/patientcare.csv,"An error occurred while executing the following cell:
------------------

# patient_df = pd.read_csv(""C:/Users/yashs/Desktop/PatientCare.csv"")
patient_df = pd.read_csv(""/workspaces/The-Grand-Complete-Data-Science-Materials/ML Projects/Patient_care_classification_system/PatientCare.csv"")

#The class target 1 = in care patient, 0 = out care patient
------------------


[0;31m---------------------------------------------------------------------------[0m
[0;31mFileNotFoundError[0m               ","Traceback (most recent call last):
  File ""/opt/pipeline/scripts/execution_core.py"", line 225, in execute_notebook_in_current_env
    client.execute()
  File ""/usr/local/lib/python3.10/site-packages/jupyter_core/utils/__init__.py"", line 165, in wrapped
    return loop.run_until_complete(inner)
  File ""/usr/local/lib/python3.10/asyncio/base_events.py"", line 649, in run_until_complete
    return future.result()
  File ""/usr/local/lib/python3.10/site-packages/nbclient/client.py"", line 709, in async_execute
    await self.async_execute_cell(
  File ""/usr/local/lib/python3.10/site-packages/nbclient/client.py"", line 1062, in async_execute_cell
    await self._check_raise_for_error(cell, cell_index, exec_reply)
  File ""/usr/local/lib/python3.10/site-packages/nbclient/client.py"", line 918, in _check_raise_for_error
    raise CellExecutionError.from_cell_and_msg(cell, exec_reply_content)
nbclient.exceptions.CellExecutionError: An error occurred while executing the following cell:
--------------",False,2.493,3.10.19
480bc0792c256dcc46543bcd4f31c00adf066b4a44d95c6ed727df0cc92068dc,Saiful-Islam25/Machine-Learning,Projects/Predicting_Heart_Disease.ipynb,file_not_found,CellExecutionError,file_not_found,cardio_train.csv,"An error occurred while executing the following cell:
------------------
df = pd.read_csv('cardio_train.csv', sep=';')
df.head()
------------------


[31m---------------------------------------------------------------------------[39m
[31mFileNotFoundError[39m                         Traceback (most recent call last)
[36mCell[39m[36m [39m[32mIn[2][39m[32m, line 1[39m
[32m----> [39m[32m1[39m df = [43mpd[49m[43m.[49m[43mread_csv[49m[43m([49m[33;43m'[39;49m[33;43mcardio_tr","Traceback (most recent call last):
  File ""/opt/pipeline/scripts/execution_core.py"", line 225, in execute_notebook_in_current_env
    client.execute()
  File ""/usr/local/lib/python3.12/site-packages/jupyter_core/utils/__init__.py"", line 165, in wrapped
    return loop.run_until_complete(inner)
           ^^^^^^^^^^^^^^^^^^^^^^^^^^^^^^
  File ""/usr/local/lib/python3.12/asyncio/base_events.py"", line 691, in run_until_complete
    return future.result()
           ^^^^^^^^^^^^^^^
  File ""/usr/local/lib/python3.12/site-packages/nbclient/client.py"", line 709, in async_execute
    await self.async_execute_cell(
  File ""/usr/local/lib/python3.12/site-packages/nbclient/client.py"", line 1062, in async_execute_cell
    await self._check_raise_for_error(cell, cell_index, exec_reply)
  File ""/usr/local/lib/python3.12/site-packages/nbclient/client.py"", line 918, in _check_raise_for_error
    raise CellExecutionError.from_cell_and_msg(cell, exec_reply_content)
nbclient.exceptions.CellExecutionError:",False,3.151,3.12.12
844a1f5802568f32e325f3f5c1bdc58e68fd81154b1bd70803c2b2e548644814,Saiful-Islam25/Machine-Learning,Projects/Project No- 1-Regression - Predicting Car Prices with Machine Learning (1).ipynb,other,CellExecutionError,unclassified,,"An error occurred while executing the following cell:
------------------
models = {
    ""Linear Regression"": LinearRegression(),
    ""Ridge"": Ridge(),
    ""Lasso"": Lasso(),
    ""Random Forest"": RandomForestRegressor()
}

for name, model in models.items():
    model.fit(X_train_scaled, y_train)
    y_pred = model.predict(X_test_scaled)
    mse = mean_squared_error(y_test, y_pred)
    r2 = r2_score(y_test, y_pred)
    print(f""{name} -> MSE: {mse:.2f}, R^2: {r2:.2f}"")

------------------


[31m---","Traceback (most recent call last):
  File ""/opt/pipeline/scripts/execution_core.py"", line 225, in execute_notebook_in_current_env
    client.execute()
  File ""/usr/local/lib/python3.11/site-packages/jupyter_core/utils/__init__.py"", line 165, in wrapped
    return loop.run_until_complete(inner)
           ^^^^^^^^^^^^^^^^^^^^^^^^^^^^^^
  File ""/usr/local/lib/python3.11/asyncio/base_events.py"", line 654, in run_until_complete
    return future.result()
           ^^^^^^^^^^^^^^^
  File ""/usr/local/lib/python3.11/site-packages/nbclient/client.py"", line 709, in async_execute
    await self.async_execute_cell(
  File ""/usr/local/lib/python3.11/site-packages/nbclient/client.py"", line 1062, in async_execute_cell
    await self._check_raise_for_error(cell, cell_index, exec_reply)
  File ""/usr/local/lib/python3.11/site-packages/nbclient/client.py"", line 918, in _check_raise_for_error
    raise CellExecutionError.from_cell_and_msg(cell, exec_reply_content)
nbclient.exceptions.CellExecutionError:",False,3.088,3.11.14
08dd9791a02312a3b2992182ce1219a81788d4f29a028a1a71270e583fef5eee,Saiful-Islam25/Machine-Learning,Projects/Text_Data_using_Naive_Bayes_Classifier.ipynb,file_not_found,CellExecutionError,file_not_found,imdb dataset.csv,"An error occurred while executing the following cell:
------------------
df = pd.read_csv('IMDB Dataset.csv')
df
------------------


[31m---------------------------------------------------------------------------[39m
[31mFileNotFoundError[39m                         Traceback (most recent call last)
[36mCell[39m[36m [39m[32mIn[2][39m[32m, line 1[39m
[32m----> [39m[32m1[39m df = [43mpd[49m[43m.[49m[43mread_csv[49m[43m([49m[33;43m'[39;49m[33;43mIMDB Dataset.csv[39;49m","Traceback (most recent call last):
  File ""/opt/pipeline/scripts/execution_core.py"", line 225, in execute_notebook_in_current_env
    client.execute()
  File ""/usr/local/lib/python3.11/site-packages/jupyter_core/utils/__init__.py"", line 165, in wrapped
    return loop.run_until_complete(inner)
           ^^^^^^^^^^^^^^^^^^^^^^^^^^^^^^
  File ""/usr/local/lib/python3.11/asyncio/base_events.py"", line 654, in run_until_complete
    return future.result()
           ^^^^^^^^^^^^^^^
  File ""/usr/local/lib/python3.11/site-packages/nbclient/client.py"", line 709, in async_execute
    await self.async_execute_cell(
  File ""/usr/local/lib/python3.11/site-packages/nbclient/client.py"", line 1062, in async_execute_cell
    await self._check_raise_for_error(cell, cell_index, exec_reply)
  File ""/usr/local/lib/python3.11/site-packages/nbclient/client.py"", line 918, in _check_raise_for_error
    raise CellExecutionError.from_cell_and_msg(cell, exec_reply_content)
nbclient.exceptions.CellExecutionError:",False,2.42,3.11.14
39406193115810b314bfe19a83eb5c7f945b74382833d280d308d9c5350e7b22,Saiful-Islam25/Machine-Learning,Projects/_Calories Prediction.ipynb,file_not_found,CellExecutionError,file_not_found,calories.csv,"An error occurred while executing the following cell:
------------------
calories = pd.read_csv('calories.csv')
calories.head()
------------------


[31m---------------------------------------------------------------------------[39m
[31mFileNotFoundError[39m                         Traceback (most recent call last)
[36mCell[39m[36m [39m[32mIn[3][39m[32m, line 1[39m
[32m----> [39m[32m1[39m calories = [43mpd[49m[43m.[49m[43mread_csv[49m[43m([49m[33;43m'[39;49m[33;43mcalo","Traceback (most recent call last):
  File ""/opt/pipeline/scripts/execution_core.py"", line 225, in execute_notebook_in_current_env
    client.execute()
  File ""/usr/local/lib/python3.11/site-packages/jupyter_core/utils/__init__.py"", line 165, in wrapped
    return loop.run_until_complete(inner)
           ^^^^^^^^^^^^^^^^^^^^^^^^^^^^^^
  File ""/usr/local/lib/python3.11/asyncio/base_events.py"", line 654, in run_until_complete
    return future.result()
           ^^^^^^^^^^^^^^^
  File ""/usr/local/lib/python3.11/site-packages/nbclient/client.py"", line 709, in async_execute
    await self.async_execute_cell(
  File ""/usr/local/lib/python3.11/site-packages/nbclient/client.py"", line 1062, in async_execute_cell
    await self._check_raise_for_error(cell, cell_index, exec_reply)
  File ""/usr/local/lib/python3.11/site-packages/nbclient/client.py"", line 918, in _check_raise_for_error
    raise CellExecutionError.from_cell_and_msg(cell, exec_reply_content)
nbclient.exceptions.CellExecutionError:",False,14.194,3.11.14
21bb6f9a958059a703f8b8d777f2d976497ed6d46fb3ae33d1f9ee435781f5fc,Saiful-Islam25/Machine-Learning,Projects/fake-and-real-news-checker.ipynb,file_not_found,CellExecutionError,file_not_found,c:\\users\\hp\\desktop\\data_set\\fake.csv,"An error occurred while executing the following cell:
------------------
df=pd.read_csv(r""C:\Users\hp\Desktop\Data_Set\Fake.csv"")
------------------


[31m---------------------------------------------------------------------------[39m
[31mFileNotFoundError[39m                         Traceback (most recent call last)
[36mCell[39m[36m [39m[32mIn[2][39m[32m, line 1[39m
[32m----> [39m[32m1[39m df=[43mpd[49m[43m.[49m[43mread_csv[49m[43m([49m[33;43mr[39;49m[33;43m""[39;49m","Traceback (most recent call last):
  File ""/opt/pipeline/scripts/execution_core.py"", line 225, in execute_notebook_in_current_env
    client.execute()
  File ""/usr/local/lib/python3.12/site-packages/jupyter_core/utils/__init__.py"", line 165, in wrapped
    return loop.run_until_complete(inner)
           ^^^^^^^^^^^^^^^^^^^^^^^^^^^^^^
  File ""/usr/local/lib/python3.12/asyncio/base_events.py"", line 691, in run_until_complete
    return future.result()
           ^^^^^^^^^^^^^^^
  File ""/usr/local/lib/python3.12/site-packages/nbclient/client.py"", line 709, in async_execute
    await self.async_execute_cell(
  File ""/usr/local/lib/python3.12/site-packages/nbclient/client.py"", line 1062, in async_execute_cell
    await self._check_raise_for_error(cell, cell_index, exec_reply)
  File ""/usr/local/lib/python3.12/site-packages/nbclient/client.py"", line 918, in _check_raise_for_error
    raise CellExecutionError.from_cell_and_msg(cell, exec_reply_content)
nbclient.exceptions.CellExecutionError:",False,2.63,3.12.12
2b75667c4eee8e822de794e33023753a2804bcad93d5680e00011dfe7b2a4f6f,Saiful-Islam25/Machine-Learning,Projects/thyroid_cancer_prediction_pipeline.ipynb,file_not_found,CellExecutionError,file_not_found,filtered_thyroid_data.csv,"An error occurred while executing the following cell:
------------------
# Load the CSV file
df = pd.read_csv(""filtered_thyroid_data.csv"")  # Replace path as needed

# Quick preview
print(""Dataset Shape:"", df.shape)
df.head()

------------------


[31m---------------------------------------------------------------------------[39m
[31mFileNotFoundError[39m                         Traceback (most recent call last)
[36mCell[39m[36m [39m[32mIn[2][39m[32m, line 2[39m
[32m      1[39m [3","Traceback (most recent call last):
  File ""/opt/pipeline/scripts/execution_core.py"", line 225, in execute_notebook_in_current_env
    client.execute()
  File ""/usr/local/lib/python3.11/site-packages/jupyter_core/utils/__init__.py"", line 165, in wrapped
    return loop.run_until_complete(inner)
           ^^^^^^^^^^^^^^^^^^^^^^^^^^^^^^
  File ""/usr/local/lib/python3.11/asyncio/base_events.py"", line 654, in run_until_complete
    return future.result()
           ^^^^^^^^^^^^^^^
  File ""/usr/local/lib/python3.11/site-packages/nbclient/client.py"", line 709, in async_execute
    await self.async_execute_cell(
  File ""/usr/local/lib/python3.11/site-packages/nbclient/client.py"", line 1062, in async_execute_cell
    await self._check_raise_for_error(cell, cell_index, exec_reply)
  File ""/usr/local/lib/python3.11/site-packages/nbclient/client.py"", line 918, in _check_raise_for_error
    raise CellExecutionError.from_cell_and_msg(cell, exec_reply_content)
nbclient.exceptions.CellExecutionError:",False,2.648,3.11.14
