repo_full_name,repo_id,repo_default_branch,repo_default_branch_sha,repo_created_at,repo_stars,notebook_id,commit_sha,notebook_rel_path,file_path,file_sha,file_size,html_url,nb_ok_parse,kernel_name,language,python_version_declared,n_cells_total,n_code,n_markdown,n_raw,n_code_executed,percent_code_executed,max_execution_count,n_cells_with_output,outputs_text,outputs_image,outputs_html_js,outputs_error,outputs_formatted,outputs_ext,imports_total,top_imports_json,has_local_imports,defines_function,defines_class,has_control_flow,uses_testing_module,repo_has_requirements_txt,repo_has_pipfile,repo_has_pyproject_toml,repo_has_setup_py,repo_has_environment_yml,repo_has_lockfile,repo_has_dockerfile,repo_has_binder_config,repo_has_ci_workflow,repo_has_tests_dir,repo_has_data_dir,repo_has_env_spec,repo_python_modules_count,repo_python_modules,deps_requirements_txt,deps_setup_py,deps_pipfile,deps_any,nb_n_code_cells,nb_n_markdown_cells,nb_n_raw_cells,nb_markdown_ratio,nb_markdown_at_begin_ratio,nb_markdown_at_middle_ratio,nb_markdown_at_end_ratio,nb_filename,nb_title_len,nb_has_non_portable_char,nb_has_windows_invalid_char,bad_no_markdown,bad_low_markdown_ratio,bad_untitled,bad_copy_name,bad_non_portable_name,bad_windows_invalid_char,nb_n_function_defs,nb_n_class_defs,nb_n_loops,nb_n_conditionals,nb_n_imports_total,nb_imported_modules,nb_n_local_imports,nb_imports_testing_module,nb_imports_test_like_name,bad_no_functions,bad_no_classes,bad_no_local_imports,bad_no_testing_imports,nb_n_executed_code_cells,nb_n_non_executed_code_cells,nb_has_executed_cells,nb_has_unambiguous_exec_order,nb_has_out_of_order_exec,nb_n_exec_skips,nb_avg_exec_skip_size,nb_executed_at_begin_ratio,nb_executed_at_middle_ratio,nb_executed_at_end_ratio,bad_out_of_order_exec,bad_has_exec_skips,bad_has_non_executed_code_in_middle,triple_backticks_in_code,has_abs_data_path
wewnumam/learn-ai,910811727,main,8ab772e1ed75123431f37ef9483e6c15dba4d264,2025-01-01T14:02:12Z,0,c2e53f77127f68dd7cb996540e06a7bfa63d1b63cc2fa697c00f311cf42dd2d6,5d67647d021e0583a8c6892dda829889db88a427,data-analysis/FreeCodeCamp-Pandas-Real-Life-Example/Exercises_1.ipynb,data-analysis/FreeCodeCamp-Pandas-Real-Life-Example/Exercises_1.ipynb,5d67647d021e0583a8c6892dda829889db88a427,637162,https://github.com/wewnumam/learn-ai/blob/main/data-analysis/FreeCodeCamp-Pandas-Real-Life-Example/Exercises_1.ipynb,True,python3,python,3.13,131,87,44,0,87,100.0,87,44,True,True,True,False,False,False,0,[],False,False,False,False,False,True,False,False,False,False,False,False,False,False,False,False,True,70,"[""demographic_data_analyzer"", ""drone_streamlit"", ""drone_streamlit_color"", ""drone_words"", ""formation_console"", ""main"", ""mean_var_std"", ""medical_data_visualizer"", ""one_max_problem"", ""predict"", ""river_crossing_problem"", ""run_show_advanced"", ""run_show_visual"", ""sea_level_predictor"", ""solution_1"", ""solution_cryptos"", ""solution_fifa"", ""solution_read_csv"", ""solution_read_json"", ""solution_read_xlsx"", ""solution_swapi"", ""solution_van_crimes"", ""solution_van_crimes_sql"", ""supply_chain"", ""test_artists"", ""test_artists_1"", ""test_artists_2"", ""test_biography_1"", ""test_biography_2"", ""test_biography_3"", ""test_blue_eyed_people_1"", ""test_blue_eyed_people_2"", ""test_budget"", ""test_content_id_1"", ""test_content_id_2"", ""test_country"", ""test_crime_types_1"", ""test_crime_types_2"", ""test_crime_types_3"", ""test_crimes_1"", ""test_crimes_2"", ""test_cryptos_1"", ""test_cryptos_2"", ""test_dangerous_month_1"", ""test_dangerous_month_2"", ""test_fifa_1"", ""test_fifa_2"", ""test_index"", ""test_last_updated_datetime"", ""test_late_crimes_1"", ""test_late_crimes_2"", ""test_module"", ""test_most_hits"", ""test_playstore_1"", ""test_playstore_2"", ""test_score"", ""test_shape"", ""test_simpsons_columns"", ""test_simpsons_item"", ""test_simpsons_shape"", ""test_starwars_people_1"", ""test_starwars_people_2"", ""test_top25_index"", ""test_top25_shape"", ""test_weekly_change_1"", ""test_weekly_change_2"", ""time_series_visualizer"", ""train_model"", ""year_show_3d_console"", ""year_show_console""]",True,False,False,True,87,44,0,33.587786259541986,34.883720930232556,32.55813953488372,33.33333333333333,Exercises_1,11,True,False,False,False,False,False,True,False,0,0,0,0,0,[],0,0,0,True,True,True,True,87,0,True,True,False,0,0.0,100.0,100.0,100.0,False,False,False,False,False
wewnumam/learn-ai,910811727,main,8ab772e1ed75123431f37ef9483e6c15dba4d264,2025-01-01T14:02:12Z,0,d97db5d1574e42f3c2700c5f9fae8c9e5858a5b4a8ec6810b0e9fea3a50a9a7f,2d30633916b4df3d068fdb6340a8d3b039964dee,data-analysis/FreeCodeCamp-Pandas-Real-Life-Example/Exercises_2.ipynb,data-analysis/FreeCodeCamp-Pandas-Real-Life-Example/Exercises_2.ipynb,2d30633916b4df3d068fdb6340a8d3b039964dee,321978,https://github.com/wewnumam/learn-ai/blob/main/data-analysis/FreeCodeCamp-Pandas-Real-Life-Example/Exercises_2.ipynb,True,python3,python,3.13,65,46,19,0,46,100.0,46,23,True,True,True,False,False,False,0,[],False,False,False,False,False,True,False,False,False,False,False,False,False,False,False,False,True,70,"[""demographic_data_analyzer"", ""drone_streamlit"", ""drone_streamlit_color"", ""drone_words"", ""formation_console"", ""main"", ""mean_var_std"", ""medical_data_visualizer"", ""one_max_problem"", ""predict"", ""river_crossing_problem"", ""run_show_advanced"", ""run_show_visual"", ""sea_level_predictor"", ""solution_1"", ""solution_cryptos"", ""solution_fifa"", ""solution_read_csv"", ""solution_read_json"", ""solution_read_xlsx"", ""solution_swapi"", ""solution_van_crimes"", ""solution_van_crimes_sql"", ""supply_chain"", ""test_artists"", ""test_artists_1"", ""test_artists_2"", ""test_biography_1"", ""test_biography_2"", ""test_biography_3"", ""test_blue_eyed_people_1"", ""test_blue_eyed_people_2"", ""test_budget"", ""test_content_id_1"", ""test_content_id_2"", ""test_country"", ""test_crime_types_1"", ""test_crime_types_2"", ""test_crime_types_3"", ""test_crimes_1"", ""test_crimes_2"", ""test_cryptos_1"", ""test_cryptos_2"", ""test_dangerous_month_1"", ""test_dangerous_month_2"", ""test_fifa_1"", ""test_fifa_2"", ""test_index"", ""test_last_updated_datetime"", ""test_late_crimes_1"", ""test_late_crimes_2"", ""test_module"", ""test_most_hits"", ""test_playstore_1"", ""test_playstore_2"", ""test_score"", ""test_shape"", ""test_simpsons_columns"", ""test_simpsons_item"", ""test_simpsons_shape"", ""test_starwars_people_1"", ""test_starwars_people_2"", ""test_top25_index"", ""test_top25_shape"", ""test_weekly_change_1"", ""test_weekly_change_2"", ""time_series_visualizer"", ""train_model"", ""year_show_3d_console"", ""year_show_console""]",True,False,False,True,46,19,0,29.230769230769234,28.57142857142857,28.57142857142857,30.434782608695656,Exercises_2,11,True,False,False,False,False,False,True,False,0,0,0,0,0,[],0,0,0,True,True,True,True,46,0,True,True,False,0,0.0,100.0,100.0,100.0,False,False,False,False,False
wewnumam/learn-ai,910811727,main,8ab772e1ed75123431f37ef9483e6c15dba4d264,2025-01-01T14:02:12Z,0,931de126d369b599ed4f430b7c00ff9973990ffee7777a99daf51daa70586392,d085c2bce18f4e20cc554234c08c4034e5a67ac5,data-analysis/FreeCodeCamp-Pandas-Real-Life-Example/Lecture_1.ipynb,data-analysis/FreeCodeCamp-Pandas-Real-Life-Example/Lecture_1.ipynb,d085c2bce18f4e20cc554234c08c4034e5a67ac5,501497,https://github.com/wewnumam/learn-ai/blob/main/data-analysis/FreeCodeCamp-Pandas-Real-Life-Example/Lecture_1.ipynb,True,python3,python,3.13,62,43,19,0,43,100.0,45,39,True,True,True,False,False,False,0,[],False,False,False,False,False,True,False,False,False,False,False,False,False,False,False,False,True,70,"[""demographic_data_analyzer"", ""drone_streamlit"", ""drone_streamlit_color"", ""drone_words"", ""formation_console"", ""main"", ""mean_var_std"", ""medical_data_visualizer"", ""one_max_problem"", ""predict"", ""river_crossing_problem"", ""run_show_advanced"", ""run_show_visual"", ""sea_level_predictor"", ""solution_1"", ""solution_cryptos"", ""solution_fifa"", ""solution_read_csv"", ""solution_read_json"", ""solution_read_xlsx"", ""solution_swapi"", ""solution_van_crimes"", ""solution_van_crimes_sql"", ""supply_chain"", ""test_artists"", ""test_artists_1"", ""test_artists_2"", ""test_biography_1"", ""test_biography_2"", ""test_biography_3"", ""test_blue_eyed_people_1"", ""test_blue_eyed_people_2"", ""test_budget"", ""test_content_id_1"", ""test_content_id_2"", ""test_country"", ""test_crime_types_1"", ""test_crime_types_2"", ""test_crime_types_3"", ""test_crimes_1"", ""test_crimes_2"", ""test_cryptos_1"", ""test_cryptos_2"", ""test_dangerous_month_1"", ""test_dangerous_month_2"", ""test_fifa_1"", ""test_fifa_2"", ""test_index"", ""test_last_updated_datetime"", ""test_late_crimes_1"", ""test_late_crimes_2"", ""test_module"", ""test_most_hits"", ""test_playstore_1"", ""test_playstore_2"", ""test_score"", ""test_shape"", ""test_simpsons_columns"", ""test_simpsons_item"", ""test_simpsons_shape"", ""test_starwars_people_1"", ""test_starwars_people_2"", ""test_top25_index"", ""test_top25_shape"", ""test_weekly_change_1"", ""test_weekly_change_2"", ""time_series_visualizer"", ""train_model"", ""year_show_3d_console"", ""year_show_console""]",True,False,False,True,43,19,0,30.64516129032258,30.0,25.0,36.36363636363637,Lecture_1,9,True,False,False,False,False,False,True,False,0,0,0,0,0,[],0,0,0,True,True,True,True,43,0,True,True,False,2,2.0,100.0,100.0,100.0,False,True,False,False,False
wewnumam/learn-ai,910811727,main,8ab772e1ed75123431f37ef9483e6c15dba4d264,2025-01-01T14:02:12Z,0,7707961d01863dfa29aded1f2a9291575746cfd0ffc12753383f619b11166303,5d011ef1a9cc9dc6dc6d3e41cfed7f11315920fd,data-analysis/FreeCodeCamp-Pandas-Real-Life-Example/Lecture_2.ipynb,data-analysis/FreeCodeCamp-Pandas-Real-Life-Example/Lecture_2.ipynb,5d011ef1a9cc9dc6dc6d3e41cfed7f11315920fd,246751,https://github.com/wewnumam/learn-ai/blob/main/data-analysis/FreeCodeCamp-Pandas-Real-Life-Example/Lecture_2.ipynb,True,python3,python,3.13,41,26,15,0,26,100.0,26,24,True,True,True,False,False,False,0,[],False,False,False,False,False,True,False,False,False,False,False,False,False,False,False,False,True,70,"[""demographic_data_analyzer"", ""drone_streamlit"", ""drone_streamlit_color"", ""drone_words"", ""formation_console"", ""main"", ""mean_var_std"", ""medical_data_visualizer"", ""one_max_problem"", ""predict"", ""river_crossing_problem"", ""run_show_advanced"", ""run_show_visual"", ""sea_level_predictor"", ""solution_1"", ""solution_cryptos"", ""solution_fifa"", ""solution_read_csv"", ""solution_read_json"", ""solution_read_xlsx"", ""solution_swapi"", ""solution_van_crimes"", ""solution_van_crimes_sql"", ""supply_chain"", ""test_artists"", ""test_artists_1"", ""test_artists_2"", ""test_biography_1"", ""test_biography_2"", ""test_biography_3"", ""test_blue_eyed_people_1"", ""test_blue_eyed_people_2"", ""test_budget"", ""test_content_id_1"", ""test_content_id_2"", ""test_country"", ""test_crime_types_1"", ""test_crime_types_2"", ""test_crime_types_3"", ""test_crimes_1"", ""test_crimes_2"", ""test_cryptos_1"", ""test_cryptos_2"", ""test_dangerous_month_1"", ""test_dangerous_month_2"", ""test_fifa_1"", ""test_fifa_2"", ""test_index"", ""test_last_updated_datetime"", ""test_late_crimes_1"", ""test_late_crimes_2"", ""test_module"", ""test_most_hits"", ""test_playstore_1"", ""test_playstore_2"", ""test_score"", ""test_shape"", ""test_simpsons_columns"", ""test_simpsons_item"", ""test_simpsons_shape"", ""test_starwars_people_1"", ""test_starwars_people_2"", ""test_top25_index"", ""test_top25_shape"", ""test_weekly_change_1"", ""test_weekly_change_2"", ""time_series_visualizer"", ""train_model"", ""year_show_3d_console"", ""year_show_console""]",True,False,False,True,26,15,0,36.58536585365854,38.46153846153847,15.384615384615385,53.333333333333336,Lecture_2,9,True,False,False,False,False,False,True,False,0,0,0,0,0,[],0,0,0,True,True,True,True,26,0,True,True,False,0,0.0,100.0,100.0,100.0,False,False,False,False,False
wewnumam/learn-ai,910811727,main,8ab772e1ed75123431f37ef9483e6c15dba4d264,2025-01-01T14:02:12Z,0,da43bbd214c4f8acd75fb7b713ecc219b3232971f8589d7058f57bd1cd7074cc,44de9657d30986f4ca42fbb6e50e18ce183ba41c,data-analysis/RDP-Reading-Data-with-Python-and-Pandas/unit-1-reading-data-with-python-and-pandas/lesson-1-reading-csv-and-txt-files/files/Lecture.ipynb,data-analysis/RDP-Reading-Data-with-Python-and-Pandas/unit-1-reading-data-with-python-and-pandas/lesson-1-reading-csv-and-txt-files/files/Lecture.ipynb,44de9657d30986f4ca42fbb6e50e18ce183ba41c,81404,https://github.com/wewnumam/learn-ai/blob/main/data-analysis/RDP-Reading-Data-with-Python-and-Pandas/unit-1-reading-data-with-python-and-pandas/lesson-1-reading-csv-and-txt-files/files/Lecture.ipynb,True,python3,python,3.6,87,53,34,0,53,100.0,53,35,True,False,True,False,False,False,1,"[[""pandas"", 1]]",False,False,False,True,False,True,False,False,False,False,False,False,False,False,False,False,True,70,"[""demographic_data_analyzer"", ""drone_streamlit"", ""drone_streamlit_color"", ""drone_words"", ""formation_console"", ""main"", ""mean_var_std"", ""medical_data_visualizer"", ""one_max_problem"", ""predict"", ""river_crossing_problem"", ""run_show_advanced"", ""run_show_visual"", ""sea_level_predictor"", ""solution_1"", ""solution_cryptos"", ""solution_fifa"", ""solution_read_csv"", ""solution_read_json"", ""solution_read_xlsx"", ""solution_swapi"", ""solution_van_crimes"", ""solution_van_crimes_sql"", ""supply_chain"", ""test_artists"", ""test_artists_1"", ""test_artists_2"", ""test_biography_1"", ""test_biography_2"", ""test_biography_3"", ""test_blue_eyed_people_1"", ""test_blue_eyed_people_2"", ""test_budget"", ""test_content_id_1"", ""test_content_id_2"", ""test_country"", ""test_crime_types_1"", ""test_crime_types_2"", ""test_crime_types_3"", ""test_crimes_1"", ""test_crimes_2"", ""test_cryptos_1"", ""test_cryptos_2"", ""test_dangerous_month_1"", ""test_dangerous_month_2"", ""test_fifa_1"", ""test_fifa_2"", ""test_index"", ""test_last_updated_datetime"", ""test_late_crimes_1"", ""test_late_crimes_2"", ""test_module"", ""test_most_hits"", ""test_playstore_1"", ""test_playstore_2"", ""test_score"", ""test_shape"", ""test_simpsons_columns"", ""test_simpsons_item"", ""test_simpsons_shape"", ""test_starwars_people_1"", ""test_starwars_people_2"", ""test_top25_index"", ""test_top25_shape"", ""test_weekly_change_1"", ""test_weekly_change_2"", ""time_series_visualizer"", ""train_model"", ""year_show_3d_console"", ""year_show_console""]",True,False,False,True,53,34,0,39.08045977011494,51.724137931034484,27.586206896551722,37.93103448275862,Lecture,7,False,False,False,False,False,False,False,False,0,0,1,1,1,"[""pandas""]",0,0,0,True,True,True,True,53,0,True,False,True,16,5.333333333333333,100.0,100.0,100.0,True,True,False,False,False
wewnumam/learn-ai,910811727,main,8ab772e1ed75123431f37ef9483e6c15dba4d264,2025-01-01T14:02:12Z,0,ce1f0f4876ea82818df6638f3e3554aa22fbfc48a8a238f86e3d4f01b29252ce,08d8f47818ed6683260ab41960cee89b41f77450,data-analysis/RDP-Reading-Data-with-Python-and-Pandas/unit-1-reading-data-with-python-and-pandas/lesson-11-reading-data-from-relational-databases/files/Lecture.ipynb,data-analysis/RDP-Reading-Data-with-Python-and-Pandas/unit-1-reading-data-with-python-and-pandas/lesson-11-reading-data-from-relational-databases/files/Lecture.ipynb,08d8f47818ed6683260ab41960cee89b41f77450,85726,https://github.com/wewnumam/learn-ai/blob/main/data-analysis/RDP-Reading-Data-with-Python-and-Pandas/unit-1-reading-data-with-python-and-pandas/lesson-11-reading-data-from-relational-databases/files/Lecture.ipynb,True,python3,python,3.6,58,43,15,0,43,100.0,43,19,True,False,True,False,False,False,0,[],False,False,False,False,False,True,False,False,False,False,False,False,False,False,False,False,True,70,"[""demographic_data_analyzer"", ""drone_streamlit"", ""drone_streamlit_color"", ""drone_words"", ""formation_console"", ""main"", ""mean_var_std"", ""medical_data_visualizer"", ""one_max_problem"", ""predict"", ""river_crossing_problem"", ""run_show_advanced"", ""run_show_visual"", ""sea_level_predictor"", ""solution_1"", ""solution_cryptos"", ""solution_fifa"", ""solution_read_csv"", ""solution_read_json"", ""solution_read_xlsx"", ""solution_swapi"", ""solution_van_crimes"", ""solution_van_crimes_sql"", ""supply_chain"", ""test_artists"", ""test_artists_1"", ""test_artists_2"", ""test_biography_1"", ""test_biography_2"", ""test_biography_3"", ""test_blue_eyed_people_1"", ""test_blue_eyed_people_2"", ""test_budget"", ""test_content_id_1"", ""test_content_id_2"", ""test_country"", ""test_crime_types_1"", ""test_crime_types_2"", ""test_crime_types_3"", ""test_crimes_1"", ""test_crimes_2"", ""test_cryptos_1"", ""test_cryptos_2"", ""test_dangerous_month_1"", ""test_dangerous_month_2"", ""test_fifa_1"", ""test_fifa_2"", ""test_index"", ""test_last_updated_datetime"", ""test_late_crimes_1"", ""test_late_crimes_2"", ""test_module"", ""test_most_hits"", ""test_playstore_1"", ""test_playstore_2"", ""test_score"", ""test_shape"", ""test_simpsons_columns"", ""test_simpsons_item"", ""test_simpsons_shape"", ""test_starwars_people_1"", ""test_starwars_people_2"", ""test_top25_index"", ""test_top25_shape"", ""test_weekly_change_1"", ""test_weekly_change_2"", ""time_series_visualizer"", ""train_model"", ""year_show_3d_console"", ""year_show_console""]",True,False,False,True,43,15,0,25.862068965517242,47.368421052631575,10.526315789473683,20.0,Lecture,7,False,False,False,False,False,False,False,False,0,0,0,0,0,[],0,0,0,True,True,True,True,43,0,True,True,False,0,0.0,100.0,100.0,100.0,False,False,False,False,False
wewnumam/learn-ai,910811727,main,8ab772e1ed75123431f37ef9483e6c15dba4d264,2025-01-01T14:02:12Z,0,1d9cb73d5cdab6459a7a262a588541a57bca90f86ca81296e28e45b90f21758f,c6dc6ff4fd78c03c37b0f5c159fd8df4b43fa364,data-analysis/RDP-Reading-Data-with-Python-and-Pandas/unit-1-reading-data-with-python-and-pandas/lesson-15-fetching-data-from-a-rest-api/files/Lecture.ipynb,data-analysis/RDP-Reading-Data-with-Python-and-Pandas/unit-1-reading-data-with-python-and-pandas/lesson-15-fetching-data-from-a-rest-api/files/Lecture.ipynb,c6dc6ff4fd78c03c37b0f5c159fd8df4b43fa364,699565,https://github.com/wewnumam/learn-ai/blob/main/data-analysis/RDP-Reading-Data-with-Python-and-Pandas/unit-1-reading-data-with-python-and-pandas/lesson-15-fetching-data-from-a-rest-api/files/Lecture.ipynb,True,python3,python,3.6,34,24,10,0,24,100.0,24,14,True,False,True,False,False,False,3,"[[""pandas"", 1], [""requests"", 1]]",False,False,False,False,False,True,False,False,False,False,False,False,False,False,False,False,True,70,"[""demographic_data_analyzer"", ""drone_streamlit"", ""drone_streamlit_color"", ""drone_words"", ""formation_console"", ""main"", ""mean_var_std"", ""medical_data_visualizer"", ""one_max_problem"", ""predict"", ""river_crossing_problem"", ""run_show_advanced"", ""run_show_visual"", ""sea_level_predictor"", ""solution_1"", ""solution_cryptos"", ""solution_fifa"", ""solution_read_csv"", ""solution_read_json"", ""solution_read_xlsx"", ""solution_swapi"", ""solution_van_crimes"", ""solution_van_crimes_sql"", ""supply_chain"", ""test_artists"", ""test_artists_1"", ""test_artists_2"", ""test_biography_1"", ""test_biography_2"", ""test_biography_3"", ""test_blue_eyed_people_1"", ""test_blue_eyed_people_2"", ""test_budget"", ""test_content_id_1"", ""test_content_id_2"", ""test_country"", ""test_crime_types_1"", ""test_crime_types_2"", ""test_crime_types_3"", ""test_crimes_1"", ""test_crimes_2"", ""test_cryptos_1"", ""test_cryptos_2"", ""test_dangerous_month_1"", ""test_dangerous_month_2"", ""test_fifa_1"", ""test_fifa_2"", ""test_index"", ""test_last_updated_datetime"", ""test_late_crimes_1"", ""test_late_crimes_2"", ""test_module"", ""test_most_hits"", ""test_playstore_1"", ""test_playstore_2"", ""test_score"", ""test_shape"", ""test_simpsons_columns"", ""test_simpsons_item"", ""test_simpsons_shape"", ""test_starwars_people_1"", ""test_starwars_people_2"", ""test_top25_index"", ""test_top25_shape"", ""test_weekly_change_1"", ""test_weekly_change_2"", ""time_series_visualizer"", ""train_model"", ""year_show_3d_console"", ""year_show_console""]",True,False,False,True,24,10,0,29.411764705882355,36.36363636363637,18.181818181818183,33.33333333333333,Lecture,7,False,False,False,False,False,False,False,False,0,0,0,0,3,"[""pandas"", ""requests""]",0,0,0,True,True,True,True,24,0,True,True,False,0,0.0,100.0,100.0,100.0,False,False,False,False,False
wewnumam/learn-ai,910811727,main,8ab772e1ed75123431f37ef9483e6c15dba4d264,2025-01-01T14:02:12Z,0,58a25dbb7e3cee5c8b8343fda33bfc2b2522263ecc613cadd6dfb163005c9f3b,de53e921f3d2b356f0a4a6d249b0d85e5d15b966,data-analysis/RDP-Reading-Data-with-Python-and-Pandas/unit-1-reading-data-with-python-and-pandas/lesson-17-reading-html-tables/files/Lecture.ipynb,data-analysis/RDP-Reading-Data-with-Python-and-Pandas/unit-1-reading-data-with-python-and-pandas/lesson-17-reading-html-tables/files/Lecture.ipynb,de53e921f3d2b356f0a4a6d249b0d85e5d15b966,46498,https://github.com/wewnumam/learn-ai/blob/main/data-analysis/RDP-Reading-Data-with-Python-and-Pandas/unit-1-reading-data-with-python-and-pandas/lesson-17-reading-html-tables/files/Lecture.ipynb,True,python3,python,3.6,46,31,15,0,31,100.0,32,17,True,False,True,False,False,False,0,[],False,False,False,False,False,True,False,False,False,False,False,False,False,False,False,False,True,70,"[""demographic_data_analyzer"", ""drone_streamlit"", ""drone_streamlit_color"", ""drone_words"", ""formation_console"", ""main"", ""mean_var_std"", ""medical_data_visualizer"", ""one_max_problem"", ""predict"", ""river_crossing_problem"", ""run_show_advanced"", ""run_show_visual"", ""sea_level_predictor"", ""solution_1"", ""solution_cryptos"", ""solution_fifa"", ""solution_read_csv"", ""solution_read_json"", ""solution_read_xlsx"", ""solution_swapi"", ""solution_van_crimes"", ""solution_van_crimes_sql"", ""supply_chain"", ""test_artists"", ""test_artists_1"", ""test_artists_2"", ""test_biography_1"", ""test_biography_2"", ""test_biography_3"", ""test_blue_eyed_people_1"", ""test_blue_eyed_people_2"", ""test_budget"", ""test_content_id_1"", ""test_content_id_2"", ""test_country"", ""test_crime_types_1"", ""test_crime_types_2"", ""test_crime_types_3"", ""test_crimes_1"", ""test_crimes_2"", ""test_cryptos_1"", ""test_cryptos_2"", ""test_dangerous_month_1"", ""test_dangerous_month_2"", ""test_fifa_1"", ""test_fifa_2"", ""test_index"", ""test_last_updated_datetime"", ""test_late_crimes_1"", ""test_late_crimes_2"", ""test_module"", ""test_most_hits"", ""test_playstore_1"", ""test_playstore_2"", ""test_score"", ""test_shape"", ""test_simpsons_columns"", ""test_simpsons_item"", ""test_simpsons_shape"", ""test_starwars_people_1"", ""test_starwars_people_2"", ""test_top25_index"", ""test_top25_shape"", ""test_weekly_change_1"", ""test_weekly_change_2"", ""time_series_visualizer"", ""train_model"", ""year_show_3d_console"", ""year_show_console""]",True,False,False,True,31,15,0,32.608695652173914,40.0,33.33333333333333,25.0,Lecture,7,False,False,False,False,False,False,False,False,0,0,0,0,0,[],0,0,0,True,True,True,True,31,0,True,False,True,8,4.0,100.0,100.0,100.0,True,True,False,False,False
wewnumam/learn-ai,910811727,main,8ab772e1ed75123431f37ef9483e6c15dba4d264,2025-01-01T14:02:12Z,0,92fdf1af23611040cb77056b3548ff872db87baae81cf3b5210229778fa730db,aabcf693785a9abdae7a0cad860f277ab8f37b70,data-analysis/RDP-Reading-Data-with-Python-and-Pandas/unit-1-reading-data-with-python-and-pandas/lesson-19-complementary-file-types-and-io-tools/files/Lecture.ipynb,data-analysis/RDP-Reading-Data-with-Python-and-Pandas/unit-1-reading-data-with-python-and-pandas/lesson-19-complementary-file-types-and-io-tools/files/Lecture.ipynb,aabcf693785a9abdae7a0cad860f277ab8f37b70,101987,https://github.com/wewnumam/learn-ai/blob/main/data-analysis/RDP-Reading-Data-with-Python-and-Pandas/unit-1-reading-data-with-python-and-pandas/lesson-19-complementary-file-types-and-io-tools/files/Lecture.ipynb,True,python3,python,3.6,43,27,16,0,24,88.88888888888889,25,13,True,True,True,False,False,False,0,[],False,False,False,False,False,True,False,False,False,False,False,False,False,False,False,False,True,70,"[""demographic_data_analyzer"", ""drone_streamlit"", ""drone_streamlit_color"", ""drone_words"", ""formation_console"", ""main"", ""mean_var_std"", ""medical_data_visualizer"", ""one_max_problem"", ""predict"", ""river_crossing_problem"", ""run_show_advanced"", ""run_show_visual"", ""sea_level_predictor"", ""solution_1"", ""solution_cryptos"", ""solution_fifa"", ""solution_read_csv"", ""solution_read_json"", ""solution_read_xlsx"", ""solution_swapi"", ""solution_van_crimes"", ""solution_van_crimes_sql"", ""supply_chain"", ""test_artists"", ""test_artists_1"", ""test_artists_2"", ""test_biography_1"", ""test_biography_2"", ""test_biography_3"", ""test_blue_eyed_people_1"", ""test_blue_eyed_people_2"", ""test_budget"", ""test_content_id_1"", ""test_content_id_2"", ""test_country"", ""test_crime_types_1"", ""test_crime_types_2"", ""test_crime_types_3"", ""test_crimes_1"", ""test_crimes_2"", ""test_cryptos_1"", ""test_cryptos_2"", ""test_dangerous_month_1"", ""test_dangerous_month_2"", ""test_fifa_1"", ""test_fifa_2"", ""test_index"", ""test_last_updated_datetime"", ""test_late_crimes_1"", ""test_late_crimes_2"", ""test_module"", ""test_most_hits"", ""test_playstore_1"", ""test_playstore_2"", ""test_score"", ""test_shape"", ""test_simpsons_columns"", ""test_simpsons_item"", ""test_simpsons_shape"", ""test_starwars_people_1"", ""test_starwars_people_2"", ""test_top25_index"", ""test_top25_shape"", ""test_weekly_change_1"", ""test_weekly_change_2"", ""time_series_visualizer"", ""train_model"", ""year_show_3d_console"", ""year_show_console""]",True,False,False,True,27,16,0,37.2093023255814,42.857142857142854,35.714285714285715,33.33333333333333,Lecture,7,False,False,False,False,False,False,False,False,0,0,0,0,0,[],0,0,0,True,True,True,True,24,3,True,True,False,1,1.0,100.0,100.0,66.66666666666666,False,True,False,False,False
wewnumam/learn-ai,910811727,main,8ab772e1ed75123431f37ef9483e6c15dba4d264,2025-01-01T14:02:12Z,0,965bbf9ab3550a9dac0de3fbaefd2fc63786416c11cf844a12c307bc62621ffd,6dcba9b3cc1e5f6263534d2fbfdd793e1db7731b,data-analysis/RDP-Reading-Data-with-Python-and-Pandas/unit-1-reading-data-with-python-and-pandas/lesson-5-reading-excel-files/files/Lecture.ipynb,data-analysis/RDP-Reading-Data-with-Python-and-Pandas/unit-1-reading-data-with-python-and-pandas/lesson-5-reading-excel-files/files/Lecture.ipynb,6dcba9b3cc1e5f6263534d2fbfdd793e1db7731b,66745,https://github.com/wewnumam/learn-ai/blob/main/data-analysis/RDP-Reading-Data-with-Python-and-Pandas/unit-1-reading-data-with-python-and-pandas/lesson-5-reading-excel-files/files/Lecture.ipynb,True,python3,python,3.6,62,36,26,0,36,100.0,36,19,True,False,True,False,False,False,1,"[[""pandas"", 1]]",False,False,False,False,False,True,False,False,False,False,False,False,False,False,False,False,True,70,"[""demographic_data_analyzer"", ""drone_streamlit"", ""drone_streamlit_color"", ""drone_words"", ""formation_console"", ""main"", ""mean_var_std"", ""medical_data_visualizer"", ""one_max_problem"", ""predict"", ""river_crossing_problem"", ""run_show_advanced"", ""run_show_visual"", ""sea_level_predictor"", ""solution_1"", ""solution_cryptos"", ""solution_fifa"", ""solution_read_csv"", ""solution_read_json"", ""solution_read_xlsx"", ""solution_swapi"", ""solution_van_crimes"", ""solution_van_crimes_sql"", ""supply_chain"", ""test_artists"", ""test_artists_1"", ""test_artists_2"", ""test_biography_1"", ""test_biography_2"", ""test_biography_3"", ""test_blue_eyed_people_1"", ""test_blue_eyed_people_2"", ""test_budget"", ""test_content_id_1"", ""test_content_id_2"", ""test_country"", ""test_crime_types_1"", ""test_crime_types_2"", ""test_crime_types_3"", ""test_crimes_1"", ""test_crimes_2"", ""test_cryptos_1"", ""test_cryptos_2"", ""test_dangerous_month_1"", ""test_dangerous_month_2"", ""test_fifa_1"", ""test_fifa_2"", ""test_index"", ""test_last_updated_datetime"", ""test_late_crimes_1"", ""test_late_crimes_2"", ""test_module"", ""test_most_hits"", ""test_playstore_1"", ""test_playstore_2"", ""test_score"", ""test_shape"", ""test_simpsons_columns"", ""test_simpsons_item"", ""test_simpsons_shape"", ""test_starwars_people_1"", ""test_starwars_people_2"", ""test_top25_index"", ""test_top25_shape"", ""test_weekly_change_1"", ""test_weekly_change_2"", ""time_series_visualizer"", ""train_model"", ""year_show_3d_console"", ""year_show_console""]",True,False,False,True,36,26,0,41.935483870967744,45.0,35.0,45.45454545454545,Lecture,7,False,False,False,False,False,False,False,False,0,0,0,0,1,"[""pandas""]",0,0,0,True,True,True,True,36,0,True,False,True,2,2.0,100.0,100.0,100.0,True,True,False,False,False
wewnumam/learn-ai,910811727,main,8ab772e1ed75123431f37ef9483e6c15dba4d264,2025-01-01T14:02:12Z,0,9c8b089b8a6be14aadb22e01391f07381185feaefaea98a156bc27efc243b939,2f0b90a77e9dd2016d484480db08cf50a7071a0e,data-analysis/RDP-Reading-Data-with-Python-and-Pandas/unit-1-reading-data-with-python-and-pandas/lesson-8-reading-json-files/files/Lecture.ipynb,data-analysis/RDP-Reading-Data-with-Python-and-Pandas/unit-1-reading-data-with-python-and-pandas/lesson-8-reading-json-files/files/Lecture.ipynb,2f0b90a77e9dd2016d484480db08cf50a7071a0e,96343,https://github.com/wewnumam/learn-ai/blob/main/data-analysis/RDP-Reading-Data-with-Python-and-Pandas/unit-1-reading-data-with-python-and-pandas/lesson-8-reading-json-files/files/Lecture.ipynb,True,python3,python,3.6,55,35,20,0,35,100.0,35,23,True,False,True,False,False,False,0,[],False,False,False,False,False,True,False,False,False,False,False,False,False,False,False,False,True,70,"[""demographic_data_analyzer"", ""drone_streamlit"", ""drone_streamlit_color"", ""drone_words"", ""formation_console"", ""main"", ""mean_var_std"", ""medical_data_visualizer"", ""one_max_problem"", ""predict"", ""river_crossing_problem"", ""run_show_advanced"", ""run_show_visual"", ""sea_level_predictor"", ""solution_1"", ""solution_cryptos"", ""solution_fifa"", ""solution_read_csv"", ""solution_read_json"", ""solution_read_xlsx"", ""solution_swapi"", ""solution_van_crimes"", ""solution_van_crimes_sql"", ""supply_chain"", ""test_artists"", ""test_artists_1"", ""test_artists_2"", ""test_biography_1"", ""test_biography_2"", ""test_biography_3"", ""test_blue_eyed_people_1"", ""test_blue_eyed_people_2"", ""test_budget"", ""test_content_id_1"", ""test_content_id_2"", ""test_country"", ""test_crime_types_1"", ""test_crime_types_2"", ""test_crime_types_3"", ""test_crimes_1"", ""test_crimes_2"", ""test_cryptos_1"", ""test_cryptos_2"", ""test_dangerous_month_1"", ""test_dangerous_month_2"", ""test_fifa_1"", ""test_fifa_2"", ""test_index"", ""test_last_updated_datetime"", ""test_late_crimes_1"", ""test_late_crimes_2"", ""test_module"", ""test_most_hits"", ""test_playstore_1"", ""test_playstore_2"", ""test_score"", ""test_shape"", ""test_simpsons_columns"", ""test_simpsons_item"", ""test_simpsons_shape"", ""test_starwars_people_1"", ""test_starwars_people_2"", ""test_top25_index"", ""test_top25_shape"", ""test_weekly_change_1"", ""test_weekly_change_2"", ""time_series_visualizer"", ""train_model"", ""year_show_3d_console"", ""year_show_console""]",True,False,False,True,35,20,0,36.36363636363637,33.33333333333333,38.88888888888889,36.84210526315789,Lecture,7,False,False,False,False,False,False,False,False,0,0,0,0,0,[],0,0,0,True,True,True,True,35,0,True,True,False,0,0.0,100.0,100.0,100.0,False,False,False,False,False
wewnumam/learn-ai,910811727,main,8ab772e1ed75123431f37ef9483e6c15dba4d264,2025-01-01T14:02:12Z,0,f5d517369a7c78daae0af067ef014668a4fa800a0565ad0b5fab7bf2f0dbed4d,6bf8d835a116e0c82591bdd2d4b1e53e66c0d27c,data-analysis/data-cleaning-rmotr-freecodecamp/1 - Missing Data.ipynb,data-analysis/data-cleaning-rmotr-freecodecamp/1 - Missing Data.ipynb,6bf8d835a116e0c82591bdd2d4b1e53e66c0d27c,13393,https://github.com/wewnumam/learn-ai/blob/main/data-analysis/data-cleaning-rmotr-freecodecamp/1%20-%20Missing%20Data.ipynb,True,python3,python,3.13,50,31,19,0,31,100.0,31,24,True,False,False,False,False,False,2,"[[""numpy"", 1], [""pandas"", 1]]",False,False,False,False,False,True,False,False,False,False,False,False,False,False,False,False,True,70,"[""demographic_data_analyzer"", ""drone_streamlit"", ""drone_streamlit_color"", ""drone_words"", ""formation_console"", ""main"", ""mean_var_std"", ""medical_data_visualizer"", ""one_max_problem"", ""predict"", ""river_crossing_problem"", ""run_show_advanced"", ""run_show_visual"", ""sea_level_predictor"", ""solution_1"", ""solution_cryptos"", ""solution_fifa"", ""solution_read_csv"", ""solution_read_json"", ""solution_read_xlsx"", ""solution_swapi"", ""solution_van_crimes"", ""solution_van_crimes_sql"", ""supply_chain"", ""test_artists"", ""test_artists_1"", ""test_artists_2"", ""test_biography_1"", ""test_biography_2"", ""test_biography_3"", ""test_blue_eyed_people_1"", ""test_blue_eyed_people_2"", ""test_budget"", ""test_content_id_1"", ""test_content_id_2"", ""test_country"", ""test_crime_types_1"", ""test_crime_types_2"", ""test_crime_types_3"", ""test_crimes_1"", ""test_crimes_2"", ""test_cryptos_1"", ""test_cryptos_2"", ""test_dangerous_month_1"", ""test_dangerous_month_2"", ""test_fifa_1"", ""test_fifa_2"", ""test_index"", ""test_last_updated_datetime"", ""test_late_crimes_1"", ""test_late_crimes_2"", ""test_module"", ""test_most_hits"", ""test_playstore_1"", ""test_playstore_2"", ""test_score"", ""test_shape"", ""test_simpsons_columns"", ""test_simpsons_item"", ""test_simpsons_shape"", ""test_starwars_people_1"", ""test_starwars_people_2"", ""test_top25_index"", ""test_top25_shape"", ""test_weekly_change_1"", ""test_weekly_change_2"", ""time_series_visualizer"", ""train_model"", ""year_show_3d_console"", ""year_show_console""]",True,False,False,True,31,19,0,38.0,43.75,31.25,38.88888888888889,1 - Missing Data,16,True,False,False,False,False,False,True,False,0,0,0,0,2,"[""numpy"", ""pandas""]",0,0,0,True,True,True,True,31,0,True,True,False,0,0.0,100.0,100.0,100.0,False,False,False,False,False
wewnumam/learn-ai,910811727,main,8ab772e1ed75123431f37ef9483e6c15dba4d264,2025-01-01T14:02:12Z,0,3602e8019807053a848681da02e9d5f5e5d52b10c020a69cdccfcd5f609cc5b4,5908bd508b83d69f61d89ae62d498e896cf5a0a6,data-analysis/data-cleaning-rmotr-freecodecamp/2 - Handling Missing Data with Pandas.ipynb,data-analysis/data-cleaning-rmotr-freecodecamp/2 - Handling Missing Data with Pandas.ipynb,5908bd508b83d69f61d89ae62d498e896cf5a0a6,56838,https://github.com/wewnumam/learn-ai/blob/main/data-analysis/data-cleaning-rmotr-freecodecamp/2%20-%20Handling%20Missing%20Data%20with%20Pandas.ipynb,True,python3,python,3.13,95,67,28,0,67,100.0,67,63,True,False,True,False,False,False,2,"[[""numpy"", 1], [""pandas"", 1]]",False,False,False,False,False,True,False,False,False,False,False,False,False,False,False,False,True,70,"[""demographic_data_analyzer"", ""drone_streamlit"", ""drone_streamlit_color"", ""drone_words"", ""formation_console"", ""main"", ""mean_var_std"", ""medical_data_visualizer"", ""one_max_problem"", ""predict"", ""river_crossing_problem"", ""run_show_advanced"", ""run_show_visual"", ""sea_level_predictor"", ""solution_1"", ""solution_cryptos"", ""solution_fifa"", ""solution_read_csv"", ""solution_read_json"", ""solution_read_xlsx"", ""solution_swapi"", ""solution_van_crimes"", ""solution_van_crimes_sql"", ""supply_chain"", ""test_artists"", ""test_artists_1"", ""test_artists_2"", ""test_biography_1"", ""test_biography_2"", ""test_biography_3"", ""test_blue_eyed_people_1"", ""test_blue_eyed_people_2"", ""test_budget"", ""test_content_id_1"", ""test_content_id_2"", ""test_country"", ""test_crime_types_1"", ""test_crime_types_2"", ""test_crime_types_3"", ""test_crimes_1"", ""test_crimes_2"", ""test_cryptos_1"", ""test_cryptos_2"", ""test_dangerous_month_1"", ""test_dangerous_month_2"", ""test_fifa_1"", ""test_fifa_2"", ""test_index"", ""test_last_updated_datetime"", ""test_late_crimes_1"", ""test_late_crimes_2"", ""test_module"", ""test_most_hits"", ""test_playstore_1"", ""test_playstore_2"", ""test_score"", ""test_shape"", ""test_simpsons_columns"", ""test_simpsons_item"", ""test_simpsons_shape"", ""test_starwars_people_1"", ""test_starwars_people_2"", ""test_top25_index"", ""test_top25_shape"", ""test_weekly_change_1"", ""test_weekly_change_2"", ""time_series_visualizer"", ""train_model"", ""year_show_3d_console"", ""year_show_console""]",True,False,False,True,67,28,0,29.47368421052631,25.806451612903224,29.03225806451613,33.33333333333333,2 - Handling Missing Data with Pandas,37,True,False,False,False,False,False,True,False,0,0,0,0,2,"[""numpy"", ""pandas""]",0,0,0,True,True,True,True,67,0,True,True,False,0,0.0,100.0,100.0,100.0,False,False,False,False,False
wewnumam/learn-ai,910811727,main,8ab772e1ed75123431f37ef9483e6c15dba4d264,2025-01-01T14:02:12Z,0,b24652ff968e871c4657d7c602236d0d9dbf128fa6c193ba741fac799f9b4a40,32196dab135f186623b442ebd768c1b476bd9d40,data-analysis/data-cleaning-rmotr-freecodecamp/3 - Cleaning Not Null Values.ipynb,data-analysis/data-cleaning-rmotr-freecodecamp/3 - Cleaning Not Null Values.ipynb,32196dab135f186623b442ebd768c1b476bd9d40,41891,https://github.com/wewnumam/learn-ai/blob/main/data-analysis/data-cleaning-rmotr-freecodecamp/3%20-%20Cleaning%20Not%20Null%20Values.ipynb,True,python3,python,3.13,65,38,27,0,38,100.0,38,31,True,False,True,False,False,False,2,"[[""numpy"", 1], [""pandas"", 1]]",False,False,False,False,False,True,False,False,False,False,False,False,False,False,False,False,True,70,"[""demographic_data_analyzer"", ""drone_streamlit"", ""drone_streamlit_color"", ""drone_words"", ""formation_console"", ""main"", ""mean_var_std"", ""medical_data_visualizer"", ""one_max_problem"", ""predict"", ""river_crossing_problem"", ""run_show_advanced"", ""run_show_visual"", ""sea_level_predictor"", ""solution_1"", ""solution_cryptos"", ""solution_fifa"", ""solution_read_csv"", ""solution_read_json"", ""solution_read_xlsx"", ""solution_swapi"", ""solution_van_crimes"", ""solution_van_crimes_sql"", ""supply_chain"", ""test_artists"", ""test_artists_1"", ""test_artists_2"", ""test_biography_1"", ""test_biography_2"", ""test_biography_3"", ""test_blue_eyed_people_1"", ""test_blue_eyed_people_2"", ""test_budget"", ""test_content_id_1"", ""test_content_id_2"", ""test_country"", ""test_crime_types_1"", ""test_crime_types_2"", ""test_crime_types_3"", ""test_crimes_1"", ""test_crimes_2"", ""test_cryptos_1"", ""test_cryptos_2"", ""test_dangerous_month_1"", ""test_dangerous_month_2"", ""test_fifa_1"", ""test_fifa_2"", ""test_index"", ""test_last_updated_datetime"", ""test_late_crimes_1"", ""test_late_crimes_2"", ""test_module"", ""test_most_hits"", ""test_playstore_1"", ""test_playstore_2"", ""test_score"", ""test_shape"", ""test_simpsons_columns"", ""test_simpsons_item"", ""test_simpsons_shape"", ""test_starwars_people_1"", ""test_starwars_people_2"", ""test_top25_index"", ""test_top25_shape"", ""test_weekly_change_1"", ""test_weekly_change_2"", ""time_series_visualizer"", ""train_model"", ""year_show_3d_console"", ""year_show_console""]",True,False,False,True,38,27,0,41.53846153846154,42.857142857142854,42.857142857142854,39.130434782608695,3 - Cleaning Not Null Values,28,True,False,False,False,False,False,True,False,0,0,0,0,2,"[""numpy"", ""pandas""]",0,0,0,True,True,True,True,38,0,True,True,False,0,0.0,100.0,100.0,100.0,False,False,False,False,False
wewnumam/learn-ai,910811727,main,8ab772e1ed75123431f37ef9483e6c15dba4d264,2025-01-01T14:02:12Z,0,2983c66ede47e8f995218bc475be10e9eef33bb2b0a996ff54873c16a296f94f,cc8a85f214e73c6b83aedc541c2e13f83f8905e0,data-analysis/data-cleaning-rmotr-freecodecamp/4 - More Visualizations.ipynb,data-analysis/data-cleaning-rmotr-freecodecamp/4 - More Visualizations.ipynb,cc8a85f214e73c6b83aedc541c2e13f83f8905e0,483661,https://github.com/wewnumam/learn-ai/blob/main/data-analysis/data-cleaning-rmotr-freecodecamp/4%20-%20More%20Visualizations.ipynb,True,python3,python,3.13,47,29,18,0,26,89.65517241379311,28,19,True,True,False,False,False,False,0,[],False,False,False,False,False,True,False,False,False,False,False,False,False,False,False,False,True,70,"[""demographic_data_analyzer"", ""drone_streamlit"", ""drone_streamlit_color"", ""drone_words"", ""formation_console"", ""main"", ""mean_var_std"", ""medical_data_visualizer"", ""one_max_problem"", ""predict"", ""river_crossing_problem"", ""run_show_advanced"", ""run_show_visual"", ""sea_level_predictor"", ""solution_1"", ""solution_cryptos"", ""solution_fifa"", ""solution_read_csv"", ""solution_read_json"", ""solution_read_xlsx"", ""solution_swapi"", ""solution_van_crimes"", ""solution_van_crimes_sql"", ""supply_chain"", ""test_artists"", ""test_artists_1"", ""test_artists_2"", ""test_biography_1"", ""test_biography_2"", ""test_biography_3"", ""test_blue_eyed_people_1"", ""test_blue_eyed_people_2"", ""test_budget"", ""test_content_id_1"", ""test_content_id_2"", ""test_country"", ""test_crime_types_1"", ""test_crime_types_2"", ""test_crime_types_3"", ""test_crimes_1"", ""test_crimes_2"", ""test_cryptos_1"", ""test_cryptos_2"", ""test_dangerous_month_1"", ""test_dangerous_month_2"", ""test_fifa_1"", ""test_fifa_2"", ""test_index"", ""test_last_updated_datetime"", ""test_late_crimes_1"", ""test_late_crimes_2"", ""test_module"", ""test_most_hits"", ""test_playstore_1"", ""test_playstore_2"", ""test_score"", ""test_shape"", ""test_simpsons_columns"", ""test_simpsons_item"", ""test_simpsons_shape"", ""test_starwars_people_1"", ""test_starwars_people_2"", ""test_top25_index"", ""test_top25_shape"", ""test_weekly_change_1"", ""test_weekly_change_2"", ""time_series_visualizer"", ""train_model"", ""year_show_3d_console"", ""year_show_console""]",True,False,False,True,29,18,0,38.297872340425535,33.33333333333333,46.666666666666664,35.294117647058826,4 - More Visualizations,23,True,False,False,False,False,False,True,False,0,0,0,0,0,[],0,0,0,True,True,True,True,26,3,True,True,False,2,2.0,88.88888888888889,77.77777777777779,100.0,False,True,True,False,False
wewnumam/learn-ai,910811727,main,8ab772e1ed75123431f37ef9483e6c15dba4d264,2025-01-01T14:02:12Z,0,fb7c2a129af47f80c10156b86679555b32bc98cf3e1fe77ed2fa8723043c0501,2817505744126bcb9f53693cdd05ef57bbe34baa,data-analysis/data-cleaning-rmotr-freecodecamp/5 - Real Example.ipynb,data-analysis/data-cleaning-rmotr-freecodecamp/5 - Real Example.ipynb,2817505744126bcb9f53693cdd05ef57bbe34baa,1018554,https://github.com/wewnumam/learn-ai/blob/main/data-analysis/data-cleaning-rmotr-freecodecamp/5%20-%20Real%20Example.ipynb,True,python3,python,3.13,91,50,41,0,50,100.0,50,42,True,True,True,False,False,False,4,"[[""matplotlib"", 1], [""numpy"", 1], [""pandas"", 1], [""seaborn"", 1]]",False,False,False,False,False,True,False,False,False,False,False,False,False,False,False,False,True,70,"[""demographic_data_analyzer"", ""drone_streamlit"", ""drone_streamlit_color"", ""drone_words"", ""formation_console"", ""main"", ""mean_var_std"", ""medical_data_visualizer"", ""one_max_problem"", ""predict"", ""river_crossing_problem"", ""run_show_advanced"", ""run_show_visual"", ""sea_level_predictor"", ""solution_1"", ""solution_cryptos"", ""solution_fifa"", ""solution_read_csv"", ""solution_read_json"", ""solution_read_xlsx"", ""solution_swapi"", ""solution_van_crimes"", ""solution_van_crimes_sql"", ""supply_chain"", ""test_artists"", ""test_artists_1"", ""test_artists_2"", ""test_biography_1"", ""test_biography_2"", ""test_biography_3"", ""test_blue_eyed_people_1"", ""test_blue_eyed_people_2"", ""test_budget"", ""test_content_id_1"", ""test_content_id_2"", ""test_country"", ""test_crime_types_1"", ""test_crime_types_2"", ""test_crime_types_3"", ""test_crimes_1"", ""test_crimes_2"", ""test_cryptos_1"", ""test_cryptos_2"", ""test_dangerous_month_1"", ""test_dangerous_month_2"", ""test_fifa_1"", ""test_fifa_2"", ""test_index"", ""test_last_updated_datetime"", ""test_late_crimes_1"", ""test_late_crimes_2"", ""test_module"", ""test_most_hits"", ""test_playstore_1"", ""test_playstore_2"", ""test_score"", ""test_shape"", ""test_simpsons_columns"", ""test_simpsons_item"", ""test_simpsons_shape"", ""test_starwars_people_1"", ""test_starwars_people_2"", ""test_top25_index"", ""test_top25_shape"", ""test_weekly_change_1"", ""test_weekly_change_2"", ""time_series_visualizer"", ""train_model"", ""year_show_3d_console"", ""year_show_console""]",True,False,False,True,50,41,0,45.05494505494506,43.333333333333336,46.666666666666664,45.16129032258064,5 - Real Example,16,True,False,False,False,False,False,True,False,0,0,0,0,4,"[""matplotlib"", ""numpy"", ""pandas"", ""seaborn""]",0,0,0,True,True,True,True,50,0,True,True,False,0,0.0,100.0,100.0,100.0,False,False,False,False,False
wewnumam/learn-ai,910811727,main,8ab772e1ed75123431f37ef9483e6c15dba4d264,2025-01-01T14:02:12Z,0,bc2fe5203c71eafe437c4be9f8bcc0a597ec49de634fce790321089ff9435fe7,10d949a054ee88b73b3061bddc610ab2275c64bc,data-analysis/freecodecamp-intro-to-pandas/1 - Pandas - Series.ipynb,data-analysis/freecodecamp-intro-to-pandas/1 - Pandas - Series.ipynb,10d949a054ee88b73b3061bddc610ab2275c64bc,27835,https://github.com/wewnumam/learn-ai/blob/main/data-analysis/freecodecamp-intro-to-pandas/1%20-%20Pandas%20-%20Series.ipynb,True,python3,python,3.13,71,50,21,0,50,100.0,50,42,True,False,False,False,False,False,2,"[[""numpy"", 1], [""pandas"", 1]]",False,False,False,False,False,True,False,False,False,False,False,False,False,False,False,False,True,70,"[""demographic_data_analyzer"", ""drone_streamlit"", ""drone_streamlit_color"", ""drone_words"", ""formation_console"", ""main"", ""mean_var_std"", ""medical_data_visualizer"", ""one_max_problem"", ""predict"", ""river_crossing_problem"", ""run_show_advanced"", ""run_show_visual"", ""sea_level_predictor"", ""solution_1"", ""solution_cryptos"", ""solution_fifa"", ""solution_read_csv"", ""solution_read_json"", ""solution_read_xlsx"", ""solution_swapi"", ""solution_van_crimes"", ""solution_van_crimes_sql"", ""supply_chain"", ""test_artists"", ""test_artists_1"", ""test_artists_2"", ""test_biography_1"", ""test_biography_2"", ""test_biography_3"", ""test_blue_eyed_people_1"", ""test_blue_eyed_people_2"", ""test_budget"", ""test_content_id_1"", ""test_content_id_2"", ""test_country"", ""test_crime_types_1"", ""test_crime_types_2"", ""test_crime_types_3"", ""test_crimes_1"", ""test_crimes_2"", ""test_cryptos_1"", ""test_cryptos_2"", ""test_dangerous_month_1"", ""test_dangerous_month_2"", ""test_fifa_1"", ""test_fifa_2"", ""test_index"", ""test_last_updated_datetime"", ""test_late_crimes_1"", ""test_late_crimes_2"", ""test_module"", ""test_most_hits"", ""test_playstore_1"", ""test_playstore_2"", ""test_score"", ""test_shape"", ""test_simpsons_columns"", ""test_simpsons_item"", ""test_simpsons_shape"", ""test_starwars_people_1"", ""test_starwars_people_2"", ""test_top25_index"", ""test_top25_shape"", ""test_weekly_change_1"", ""test_weekly_change_2"", ""time_series_visualizer"", ""train_model"", ""year_show_3d_console"", ""year_show_console""]",True,False,False,True,50,21,0,29.577464788732392,34.78260869565217,34.78260869565217,20.0,1 - Pandas - Series,19,True,False,False,False,False,False,True,False,0,0,0,0,2,"[""numpy"", ""pandas""]",0,0,0,True,True,True,True,50,0,True,True,False,0,0.0,100.0,100.0,100.0,False,False,False,False,False
wewnumam/learn-ai,910811727,main,8ab772e1ed75123431f37ef9483e6c15dba4d264,2025-01-01T14:02:12Z,0,b4e5a597df960403067a9e96c4afdcc44409466d47a7a1f34c0e01ee36f91235,2fb9fd44751899fd30c5752379f0d177571d9ff3,data-analysis/freecodecamp-intro-to-pandas/2 - Pandas Series exercises.ipynb,data-analysis/freecodecamp-intro-to-pandas/2 - Pandas Series exercises.ipynb,2fb9fd44751899fd30c5752379f0d177571d9ff3,26802,https://github.com/wewnumam/learn-ai/blob/main/data-analysis/freecodecamp-intro-to-pandas/2%20-%20Pandas%20Series%20exercises.ipynb,True,python3,python,3.13,87,53,34,0,53,100.0,53,27,True,False,False,False,False,False,2,"[[""numpy"", 1], [""pandas"", 1]]",False,False,False,False,False,True,False,False,False,False,False,False,False,False,False,False,True,70,"[""demographic_data_analyzer"", ""drone_streamlit"", ""drone_streamlit_color"", ""drone_words"", ""formation_console"", ""main"", ""mean_var_std"", ""medical_data_visualizer"", ""one_max_problem"", ""predict"", ""river_crossing_problem"", ""run_show_advanced"", ""run_show_visual"", ""sea_level_predictor"", ""solution_1"", ""solution_cryptos"", ""solution_fifa"", ""solution_read_csv"", ""solution_read_json"", ""solution_read_xlsx"", ""solution_swapi"", ""solution_van_crimes"", ""solution_van_crimes_sql"", ""supply_chain"", ""test_artists"", ""test_artists_1"", ""test_artists_2"", ""test_biography_1"", ""test_biography_2"", ""test_biography_3"", ""test_blue_eyed_people_1"", ""test_blue_eyed_people_2"", ""test_budget"", ""test_content_id_1"", ""test_content_id_2"", ""test_country"", ""test_crime_types_1"", ""test_crime_types_2"", ""test_crime_types_3"", ""test_crimes_1"", ""test_crimes_2"", ""test_cryptos_1"", ""test_cryptos_2"", ""test_dangerous_month_1"", ""test_dangerous_month_2"", ""test_fifa_1"", ""test_fifa_2"", ""test_index"", ""test_last_updated_datetime"", ""test_late_crimes_1"", ""test_late_crimes_2"", ""test_module"", ""test_most_hits"", ""test_playstore_1"", ""test_playstore_2"", ""test_score"", ""test_shape"", ""test_simpsons_columns"", ""test_simpsons_item"", ""test_simpsons_shape"", ""test_starwars_people_1"", ""test_starwars_people_2"", ""test_top25_index"", ""test_top25_shape"", ""test_weekly_change_1"", ""test_weekly_change_2"", ""time_series_visualizer"", ""train_model"", ""year_show_3d_console"", ""year_show_console""]",True,False,False,True,53,34,0,39.08045977011494,41.37931034482759,37.93103448275862,37.93103448275862,2 - Pandas Series exercises,27,True,False,False,False,False,False,True,False,0,0,0,0,2,"[""numpy"", ""pandas""]",0,0,0,True,True,True,True,53,0,True,True,False,0,0.0,100.0,100.0,100.0,False,False,False,False,False
wewnumam/learn-ai,910811727,main,8ab772e1ed75123431f37ef9483e6c15dba4d264,2025-01-01T14:02:12Z,0,2a4d7f4eb0d345db0b141ec89440989b9958da7002b122981c91c668a681af73,feb0cf3df3c7e83afdbb2a4f41e74628ef48988a,data-analysis/freecodecamp-intro-to-pandas/3 - Pandas - DataFrames.ipynb,data-analysis/freecodecamp-intro-to-pandas/3 - Pandas - DataFrames.ipynb,feb0cf3df3c7e83afdbb2a4f41e74628ef48988a,155503,https://github.com/wewnumam/learn-ai/blob/main/data-analysis/freecodecamp-intro-to-pandas/3%20-%20Pandas%20-%20DataFrames.ipynb,True,python3,python,3.13,118,84,34,0,84,100.0,84,72,True,False,True,False,False,False,2,"[[""numpy"", 1], [""pandas"", 1]]",False,False,False,False,False,True,False,False,False,False,False,False,False,False,False,False,True,70,"[""demographic_data_analyzer"", ""drone_streamlit"", ""drone_streamlit_color"", ""drone_words"", ""formation_console"", ""main"", ""mean_var_std"", ""medical_data_visualizer"", ""one_max_problem"", ""predict"", ""river_crossing_problem"", ""run_show_advanced"", ""run_show_visual"", ""sea_level_predictor"", ""solution_1"", ""solution_cryptos"", ""solution_fifa"", ""solution_read_csv"", ""solution_read_json"", ""solution_read_xlsx"", ""solution_swapi"", ""solution_van_crimes"", ""solution_van_crimes_sql"", ""supply_chain"", ""test_artists"", ""test_artists_1"", ""test_artists_2"", ""test_biography_1"", ""test_biography_2"", ""test_biography_3"", ""test_blue_eyed_people_1"", ""test_blue_eyed_people_2"", ""test_budget"", ""test_content_id_1"", ""test_content_id_2"", ""test_country"", ""test_crime_types_1"", ""test_crime_types_2"", ""test_crime_types_3"", ""test_crimes_1"", ""test_crimes_2"", ""test_cryptos_1"", ""test_cryptos_2"", ""test_dangerous_month_1"", ""test_dangerous_month_2"", ""test_fifa_1"", ""test_fifa_2"", ""test_index"", ""test_last_updated_datetime"", ""test_late_crimes_1"", ""test_late_crimes_2"", ""test_module"", ""test_most_hits"", ""test_playstore_1"", ""test_playstore_2"", ""test_score"", ""test_shape"", ""test_simpsons_columns"", ""test_simpsons_item"", ""test_simpsons_shape"", ""test_starwars_people_1"", ""test_starwars_people_2"", ""test_top25_index"", ""test_top25_shape"", ""test_weekly_change_1"", ""test_weekly_change_2"", ""time_series_visualizer"", ""train_model"", ""year_show_3d_console"", ""year_show_console""]",True,False,False,True,84,34,0,28.8135593220339,30.76923076923077,25.64102564102564,30.0,3 - Pandas - DataFrames,23,True,False,False,False,False,False,True,False,0,0,0,0,2,"[""numpy"", ""pandas""]",0,0,0,True,True,True,True,84,0,True,True,False,0,0.0,100.0,100.0,100.0,False,False,False,False,False
wewnumam/learn-ai,910811727,main,8ab772e1ed75123431f37ef9483e6c15dba4d264,2025-01-01T14:02:12Z,0,415d8ebd1b64e8feaf4a774b21fe884fdb4b1e70c770ec4d1fc877ff08561daf,5449a9bc46f0089b0c04bb4a19dbc0f3c55f8a72,data-analysis/freecodecamp-intro-to-pandas/4 - Pandas DataFrames exercises.ipynb,data-analysis/freecodecamp-intro-to-pandas/4 - Pandas DataFrames exercises.ipynb,5449a9bc46f0089b0c04bb4a19dbc0f3c55f8a72,126775,https://github.com/wewnumam/learn-ai/blob/main/data-analysis/freecodecamp-intro-to-pandas/4%20-%20Pandas%20DataFrames%20exercises.ipynb,True,python3,python,3.13,83,50,33,0,50,100.0,50,25,True,True,True,False,False,False,0,[],False,False,False,False,False,True,False,False,False,False,False,False,False,False,False,False,True,70,"[""demographic_data_analyzer"", ""drone_streamlit"", ""drone_streamlit_color"", ""drone_words"", ""formation_console"", ""main"", ""mean_var_std"", ""medical_data_visualizer"", ""one_max_problem"", ""predict"", ""river_crossing_problem"", ""run_show_advanced"", ""run_show_visual"", ""sea_level_predictor"", ""solution_1"", ""solution_cryptos"", ""solution_fifa"", ""solution_read_csv"", ""solution_read_json"", ""solution_read_xlsx"", ""solution_swapi"", ""solution_van_crimes"", ""solution_van_crimes_sql"", ""supply_chain"", ""test_artists"", ""test_artists_1"", ""test_artists_2"", ""test_biography_1"", ""test_biography_2"", ""test_biography_3"", ""test_blue_eyed_people_1"", ""test_blue_eyed_people_2"", ""test_budget"", ""test_content_id_1"", ""test_content_id_2"", ""test_country"", ""test_crime_types_1"", ""test_crime_types_2"", ""test_crime_types_3"", ""test_crimes_1"", ""test_crimes_2"", ""test_cryptos_1"", ""test_cryptos_2"", ""test_dangerous_month_1"", ""test_dangerous_month_2"", ""test_fifa_1"", ""test_fifa_2"", ""test_index"", ""test_last_updated_datetime"", ""test_late_crimes_1"", ""test_late_crimes_2"", ""test_module"", ""test_most_hits"", ""test_playstore_1"", ""test_playstore_2"", ""test_score"", ""test_shape"", ""test_simpsons_columns"", ""test_simpsons_item"", ""test_simpsons_shape"", ""test_starwars_people_1"", ""test_starwars_people_2"", ""test_top25_index"", ""test_top25_shape"", ""test_weekly_change_1"", ""test_weekly_change_2"", ""time_series_visualizer"", ""train_model"", ""year_show_3d_console"", ""year_show_console""]",True,False,False,True,50,33,0,39.75903614457831,40.74074074074074,40.74074074074074,37.93103448275862,4 - Pandas DataFrames exercises,31,True,False,False,False,False,False,True,False,0,0,0,0,0,[],0,0,0,True,True,True,True,50,0,True,True,False,0,0.0,100.0,100.0,100.0,False,False,False,False,False
wewnumam/learn-ai,910811727,main,8ab772e1ed75123431f37ef9483e6c15dba4d264,2025-01-01T14:02:12Z,0,e5e6ce15f5a6a5528d6ed0483b1468c9f57a64e9c76cc80e5fffa524985b887c,1d9213f8a5796920700b1aa091f5e0e3a34f09f7,data-analysis/freecodecamp-intro-to-pandas/5 - Pandas - Reading CSV and Basic Plotting.ipynb,data-analysis/freecodecamp-intro-to-pandas/5 - Pandas - Reading CSV and Basic Plotting.ipynb,1d9213f8a5796920700b1aa091f5e0e3a34f09f7,465247,https://github.com/wewnumam/learn-ai/blob/main/data-analysis/freecodecamp-intro-to-pandas/5%20-%20Pandas%20-%20Reading%20CSV%20and%20Basic%20Plotting.ipynb,True,python3,python,3.13,73,44,29,0,44,100.0,44,32,True,True,True,False,False,False,0,[],False,False,False,False,False,True,False,False,False,False,False,False,False,False,False,False,True,70,"[""demographic_data_analyzer"", ""drone_streamlit"", ""drone_streamlit_color"", ""drone_words"", ""formation_console"", ""main"", ""mean_var_std"", ""medical_data_visualizer"", ""one_max_problem"", ""predict"", ""river_crossing_problem"", ""run_show_advanced"", ""run_show_visual"", ""sea_level_predictor"", ""solution_1"", ""solution_cryptos"", ""solution_fifa"", ""solution_read_csv"", ""solution_read_json"", ""solution_read_xlsx"", ""solution_swapi"", ""solution_van_crimes"", ""solution_van_crimes_sql"", ""supply_chain"", ""test_artists"", ""test_artists_1"", ""test_artists_2"", ""test_biography_1"", ""test_biography_2"", ""test_biography_3"", ""test_blue_eyed_people_1"", ""test_blue_eyed_people_2"", ""test_budget"", ""test_content_id_1"", ""test_content_id_2"", ""test_country"", ""test_crime_types_1"", ""test_crime_types_2"", ""test_crime_types_3"", ""test_crimes_1"", ""test_crimes_2"", ""test_cryptos_1"", ""test_cryptos_2"", ""test_dangerous_month_1"", ""test_dangerous_month_2"", ""test_fifa_1"", ""test_fifa_2"", ""test_index"", ""test_last_updated_datetime"", ""test_late_crimes_1"", ""test_late_crimes_2"", ""test_module"", ""test_most_hits"", ""test_playstore_1"", ""test_playstore_2"", ""test_score"", ""test_shape"", ""test_simpsons_columns"", ""test_simpsons_item"", ""test_simpsons_shape"", ""test_starwars_people_1"", ""test_starwars_people_2"", ""test_top25_index"", ""test_top25_shape"", ""test_weekly_change_1"", ""test_weekly_change_2"", ""time_series_visualizer"", ""train_model"", ""year_show_3d_console"", ""year_show_console""]",True,False,False,True,44,29,0,39.726027397260275,33.33333333333333,37.5,48.0,5 - Pandas - Reading CSV and Basic Plotting,43,True,False,False,False,False,False,True,False,0,0,0,0,0,[],0,0,0,True,True,True,True,44,0,True,True,False,0,0.0,100.0,100.0,100.0,False,False,False,False,False
wewnumam/learn-ai,910811727,main,8ab772e1ed75123431f37ef9483e6c15dba4d264,2025-01-01T14:02:12Z,0,c08f6d4f7295a9c8225d9d298f61f7738c3c02b0ee3ea45a2499c8c1d70ce03b,a5d8043a3472c4db94a17c7fce472ce8d9b07061,data-analysis/programming-with-mosh/HelloWorld.ipynb,data-analysis/programming-with-mosh/HelloWorld.ipynb,a5d8043a3472c4db94a17c7fce472ce8d9b07061,15062,https://github.com/wewnumam/learn-ai/blob/main/data-analysis/programming-with-mosh/HelloWorld.ipynb,True,python3,python,3.13,3,3,0,0,2,66.66666666666666,8,2,True,False,True,False,False,False,1,"[[""pandas"", 1]]",False,False,False,False,False,True,False,False,False,False,False,False,False,False,False,False,True,70,"[""demographic_data_analyzer"", ""drone_streamlit"", ""drone_streamlit_color"", ""drone_words"", ""formation_console"", ""main"", ""mean_var_std"", ""medical_data_visualizer"", ""one_max_problem"", ""predict"", ""river_crossing_problem"", ""run_show_advanced"", ""run_show_visual"", ""sea_level_predictor"", ""solution_1"", ""solution_cryptos"", ""solution_fifa"", ""solution_read_csv"", ""solution_read_json"", ""solution_read_xlsx"", ""solution_swapi"", ""solution_van_crimes"", ""solution_van_crimes_sql"", ""supply_chain"", ""test_artists"", ""test_artists_1"", ""test_artists_2"", ""test_biography_1"", ""test_biography_2"", ""test_biography_3"", ""test_blue_eyed_people_1"", ""test_blue_eyed_people_2"", ""test_budget"", ""test_content_id_1"", ""test_content_id_2"", ""test_country"", ""test_crime_types_1"", ""test_crime_types_2"", ""test_crime_types_3"", ""test_crimes_1"", ""test_crimes_2"", ""test_cryptos_1"", ""test_cryptos_2"", ""test_dangerous_month_1"", ""test_dangerous_month_2"", ""test_fifa_1"", ""test_fifa_2"", ""test_index"", ""test_last_updated_datetime"", ""test_late_crimes_1"", ""test_late_crimes_2"", ""test_module"", ""test_most_hits"", ""test_playstore_1"", ""test_playstore_2"", ""test_score"", ""test_shape"", ""test_simpsons_columns"", ""test_simpsons_item"", ""test_simpsons_shape"", ""test_starwars_people_1"", ""test_starwars_people_2"", ""test_top25_index"", ""test_top25_shape"", ""test_weekly_change_1"", ""test_weekly_change_2"", ""time_series_visualizer"", ""train_model"", ""year_show_3d_console"", ""year_show_console""]",True,False,False,True,3,0,0,0.0,0.0,0.0,0.0,HelloWorld,10,False,False,True,True,False,False,False,False,0,0,0,0,1,"[""pandas""]",0,0,0,True,True,True,True,2,1,True,True,True,1,1.0,100.0,100.0,0.0,True,True,False,False,False
wewnumam/learn-ai,910811727,main,8ab772e1ed75123431f37ef9483e6c15dba4d264,2025-01-01T14:02:12Z,0,2f265f05414c75f1328687c31fd55d8da421470c91e6ae1c7cf920417d3e9196,13b54d9ca1e606d98acdf6dc5169f99f758475ba,data-science/freecodecamp-intro-to-numpy/1. Introduction to Data Science.ipynb,data-science/freecodecamp-intro-to-numpy/1. Introduction to Data Science.ipynb,13b54d9ca1e606d98acdf6dc5169f99f758475ba,5576,https://github.com/wewnumam/learn-ai/blob/main/data-science/freecodecamp-intro-to-numpy/1.%20Introduction%20to%20Data%20Science.ipynb,True,python3,python,3.13,6,0,6,0,0,0.0,0,0,False,False,False,False,False,False,0,[],False,False,False,False,False,True,False,False,False,False,False,False,False,False,False,False,True,70,"[""demographic_data_analyzer"", ""drone_streamlit"", ""drone_streamlit_color"", ""drone_words"", ""formation_console"", ""main"", ""mean_var_std"", ""medical_data_visualizer"", ""one_max_problem"", ""predict"", ""river_crossing_problem"", ""run_show_advanced"", ""run_show_visual"", ""sea_level_predictor"", ""solution_1"", ""solution_cryptos"", ""solution_fifa"", ""solution_read_csv"", ""solution_read_json"", ""solution_read_xlsx"", ""solution_swapi"", ""solution_van_crimes"", ""solution_van_crimes_sql"", ""supply_chain"", ""test_artists"", ""test_artists_1"", ""test_artists_2"", ""test_biography_1"", ""test_biography_2"", ""test_biography_3"", ""test_blue_eyed_people_1"", ""test_blue_eyed_people_2"", ""test_budget"", ""test_content_id_1"", ""test_content_id_2"", ""test_country"", ""test_crime_types_1"", ""test_crime_types_2"", ""test_crime_types_3"", ""test_crimes_1"", ""test_crimes_2"", ""test_cryptos_1"", ""test_cryptos_2"", ""test_dangerous_month_1"", ""test_dangerous_month_2"", ""test_fifa_1"", ""test_fifa_2"", ""test_index"", ""test_last_updated_datetime"", ""test_late_crimes_1"", ""test_late_crimes_2"", ""test_module"", ""test_most_hits"", ""test_playstore_1"", ""test_playstore_2"", ""test_score"", ""test_shape"", ""test_simpsons_columns"", ""test_simpsons_item"", ""test_simpsons_shape"", ""test_starwars_people_1"", ""test_starwars_people_2"", ""test_top25_index"", ""test_top25_shape"", ""test_weekly_change_1"", ""test_weekly_change_2"", ""time_series_visualizer"", ""train_model"", ""year_show_3d_console"", ""year_show_console""]",True,False,False,True,0,6,0,100.0,100.0,100.0,100.0,1. Introduction to Data Science,31,True,False,False,False,False,False,True,False,0,0,0,0,0,[],0,0,0,True,True,True,True,0,0,False,True,False,0,0.0,0.0,0.0,0.0,False,False,False,False,False
wewnumam/learn-ai,910811727,main,8ab772e1ed75123431f37ef9483e6c15dba4d264,2025-01-01T14:02:12Z,0,2858f9d33f294a2101304ba8ddd3579cd2f80b2951172ff9558b4a5d9fa51405,af6b53b113d6f8e625529bf0762129c06e062bd8,data-science/freecodecamp-intro-to-numpy/2. NumPy.ipynb,data-science/freecodecamp-intro-to-numpy/2. NumPy.ipynb,af6b53b113d6f8e625529bf0762129c06e062bd8,51076,https://github.com/wewnumam/learn-ai/blob/main/data-science/freecodecamp-intro-to-numpy/2.%20NumPy.ipynb,True,python3,python,3.13,165,140,25,0,140,100.0,140,115,True,False,False,False,False,False,0,[],False,False,False,False,False,True,False,False,False,False,False,False,False,False,False,False,True,70,"[""demographic_data_analyzer"", ""drone_streamlit"", ""drone_streamlit_color"", ""drone_words"", ""formation_console"", ""main"", ""mean_var_std"", ""medical_data_visualizer"", ""one_max_problem"", ""predict"", ""river_crossing_problem"", ""run_show_advanced"", ""run_show_visual"", ""sea_level_predictor"", ""solution_1"", ""solution_cryptos"", ""solution_fifa"", ""solution_read_csv"", ""solution_read_json"", ""solution_read_xlsx"", ""solution_swapi"", ""solution_van_crimes"", ""solution_van_crimes_sql"", ""supply_chain"", ""test_artists"", ""test_artists_1"", ""test_artists_2"", ""test_biography_1"", ""test_biography_2"", ""test_biography_3"", ""test_blue_eyed_people_1"", ""test_blue_eyed_people_2"", ""test_budget"", ""test_content_id_1"", ""test_content_id_2"", ""test_country"", ""test_crime_types_1"", ""test_crime_types_2"", ""test_crime_types_3"", ""test_crimes_1"", ""test_crimes_2"", ""test_cryptos_1"", ""test_cryptos_2"", ""test_dangerous_month_1"", ""test_dangerous_month_2"", ""test_fifa_1"", ""test_fifa_2"", ""test_index"", ""test_last_updated_datetime"", ""test_late_crimes_1"", ""test_late_crimes_2"", ""test_module"", ""test_most_hits"", ""test_playstore_1"", ""test_playstore_2"", ""test_score"", ""test_shape"", ""test_simpsons_columns"", ""test_simpsons_item"", ""test_simpsons_shape"", ""test_starwars_people_1"", ""test_starwars_people_2"", ""test_top25_index"", ""test_top25_shape"", ""test_weekly_change_1"", ""test_weekly_change_2"", ""time_series_visualizer"", ""train_model"", ""year_show_3d_console"", ""year_show_console""]",True,False,False,True,140,25,0,15.151515151515152,14.545454545454545,7.2727272727272725,23.636363636363637,2. NumPy,8,True,False,False,False,False,False,True,False,0,0,0,0,0,[],0,0,0,True,True,True,True,140,0,True,True,False,0,0.0,100.0,100.0,100.0,False,False,False,False,False
wewnumam/learn-ai,910811727,main,8ab772e1ed75123431f37ef9483e6c15dba4d264,2025-01-01T14:02:12Z,0,5a7650594104fca13d0d714f5807799e84970f7d903125e28eff973ebdbc1c12,29f1e1861b34dd80d122f7691c64573c9eff97ed,data-science/freecodecamp-intro-to-numpy/3. NumPy exercises.ipynb,data-science/freecodecamp-intro-to-numpy/3. NumPy exercises.ipynb,29f1e1861b34dd80d122f7691c64573c9eff97ed,41321,https://github.com/wewnumam/learn-ai/blob/main/data-science/freecodecamp-intro-to-numpy/3.%20NumPy%20exercises.ipynb,True,python3,python,3.13,162,103,59,0,9,8.737864077669903,9,5,True,False,False,True,False,False,1,"[[""numpy"", 1]]",False,False,False,False,False,True,False,False,False,False,False,False,False,False,False,False,True,70,"[""demographic_data_analyzer"", ""drone_streamlit"", ""drone_streamlit_color"", ""drone_words"", ""formation_console"", ""main"", ""mean_var_std"", ""medical_data_visualizer"", ""one_max_problem"", ""predict"", ""river_crossing_problem"", ""run_show_advanced"", ""run_show_visual"", ""sea_level_predictor"", ""solution_1"", ""solution_cryptos"", ""solution_fifa"", ""solution_read_csv"", ""solution_read_json"", ""solution_read_xlsx"", ""solution_swapi"", ""solution_van_crimes"", ""solution_van_crimes_sql"", ""supply_chain"", ""test_artists"", ""test_artists_1"", ""test_artists_2"", ""test_biography_1"", ""test_biography_2"", ""test_biography_3"", ""test_blue_eyed_people_1"", ""test_blue_eyed_people_2"", ""test_budget"", ""test_content_id_1"", ""test_content_id_2"", ""test_country"", ""test_crime_types_1"", ""test_crime_types_2"", ""test_crime_types_3"", ""test_crimes_1"", ""test_crimes_2"", ""test_cryptos_1"", ""test_cryptos_2"", ""test_dangerous_month_1"", ""test_dangerous_month_2"", ""test_fifa_1"", ""test_fifa_2"", ""test_index"", ""test_last_updated_datetime"", ""test_late_crimes_1"", ""test_late_crimes_2"", ""test_module"", ""test_most_hits"", ""test_playstore_1"", ""test_playstore_2"", ""test_score"", ""test_shape"", ""test_simpsons_columns"", ""test_simpsons_item"", ""test_simpsons_shape"", ""test_starwars_people_1"", ""test_starwars_people_2"", ""test_top25_index"", ""test_top25_shape"", ""test_weekly_change_1"", ""test_weekly_change_2"", ""time_series_visualizer"", ""train_model"", ""year_show_3d_console"", ""year_show_console""]",True,False,False,True,103,59,0,36.41975308641975,35.18518518518518,37.03703703703704,37.03703703703704,3. NumPy exercises,18,True,False,False,False,False,False,True,False,0,0,0,0,1,"[""numpy""]",0,0,0,True,True,True,True,9,94,True,True,False,0,0.0,26.47058823529412,0.0,0.0,False,False,False,False,False
wewnumam/learn-ai,910811727,main,8ab772e1ed75123431f37ef9483e6c15dba4d264,2025-01-01T14:02:12Z,0,24d4e9827fa2276e4e0f622db05e7e997d61ca19a778a0e98f2e14e94ee26371,e3b7a422aaedb8eb52f617acc7053aa969d4e0ab,data-science/freecodecamp-intro-to-numpy/Untitled.ipynb,data-science/freecodecamp-intro-to-numpy/Untitled.ipynb,e3b7a422aaedb8eb52f617acc7053aa969d4e0ab,1838,https://github.com/wewnumam/learn-ai/blob/main/data-science/freecodecamp-intro-to-numpy/Untitled.ipynb,True,python3,python,3.13,7,6,1,0,6,100.0,6,3,True,False,False,False,False,False,1,"[[""numpy"", 1]]",False,False,False,False,False,True,False,False,False,False,False,False,False,False,False,False,True,70,"[""demographic_data_analyzer"", ""drone_streamlit"", ""drone_streamlit_color"", ""drone_words"", ""formation_console"", ""main"", ""mean_var_std"", ""medical_data_visualizer"", ""one_max_problem"", ""predict"", ""river_crossing_problem"", ""run_show_advanced"", ""run_show_visual"", ""sea_level_predictor"", ""solution_1"", ""solution_cryptos"", ""solution_fifa"", ""solution_read_csv"", ""solution_read_json"", ""solution_read_xlsx"", ""solution_swapi"", ""solution_van_crimes"", ""solution_van_crimes_sql"", ""supply_chain"", ""test_artists"", ""test_artists_1"", ""test_artists_2"", ""test_biography_1"", ""test_biography_2"", ""test_biography_3"", ""test_blue_eyed_people_1"", ""test_blue_eyed_people_2"", ""test_budget"", ""test_content_id_1"", ""test_content_id_2"", ""test_country"", ""test_crime_types_1"", ""test_crime_types_2"", ""test_crime_types_3"", ""test_crimes_1"", ""test_crimes_2"", ""test_cryptos_1"", ""test_cryptos_2"", ""test_dangerous_month_1"", ""test_dangerous_month_2"", ""test_fifa_1"", ""test_fifa_2"", ""test_index"", ""test_last_updated_datetime"", ""test_late_crimes_1"", ""test_late_crimes_2"", ""test_module"", ""test_most_hits"", ""test_playstore_1"", ""test_playstore_2"", ""test_score"", ""test_shape"", ""test_simpsons_columns"", ""test_simpsons_item"", ""test_simpsons_shape"", ""test_starwars_people_1"", ""test_starwars_people_2"", ""test_top25_index"", ""test_top25_shape"", ""test_weekly_change_1"", ""test_weekly_change_2"", ""time_series_visualizer"", ""train_model"", ""year_show_3d_console"", ""year_show_console""]",True,False,False,True,6,1,0,14.285714285714285,0.0,0.0,33.33333333333333,Untitled,8,False,False,False,False,True,False,False,False,0,0,0,0,1,"[""numpy""]",0,0,0,True,True,True,True,6,0,True,True,False,0,0.0,100.0,100.0,100.0,False,False,False,False,False
wewnumam/learn-ai,910811727,main,8ab772e1ed75123431f37ef9483e6c15dba4d264,2025-01-01T14:02:12Z,0,9a72d4b0ff503a4548aa3a128e4957eded8c5971d9a184683789c34edd8d5482,662f09714ee38204687367fd15b13162d09bf4c7,machine-learning/decision-tree-classifier/MusicGenreClassifier.ipynb,machine-learning/decision-tree-classifier/MusicGenreClassifier.ipynb,662f09714ee38204687367fd15b13162d09bf4c7,233524,https://github.com/wewnumam/learn-ai/blob/main/machine-learning/decision-tree-classifier/MusicGenreClassifier.ipynb,True,python3,python,3.13,5,5,0,0,4,80.0,4,4,True,True,True,False,False,False,5,"[[""matplotlib"", 1], [""pandas"", 1], [""sklearn"", 1]]",False,False,False,False,False,True,False,False,False,False,False,False,False,False,False,False,True,70,"[""demographic_data_analyzer"", ""drone_streamlit"", ""drone_streamlit_color"", ""drone_words"", ""formation_console"", ""main"", ""mean_var_std"", ""medical_data_visualizer"", ""one_max_problem"", ""predict"", ""river_crossing_problem"", ""run_show_advanced"", ""run_show_visual"", ""sea_level_predictor"", ""solution_1"", ""solution_cryptos"", ""solution_fifa"", ""solution_read_csv"", ""solution_read_json"", ""solution_read_xlsx"", ""solution_swapi"", ""solution_van_crimes"", ""solution_van_crimes_sql"", ""supply_chain"", ""test_artists"", ""test_artists_1"", ""test_artists_2"", ""test_biography_1"", ""test_biography_2"", ""test_biography_3"", ""test_blue_eyed_people_1"", ""test_blue_eyed_people_2"", ""test_budget"", ""test_content_id_1"", ""test_content_id_2"", ""test_country"", ""test_crime_types_1"", ""test_crime_types_2"", ""test_crime_types_3"", ""test_crimes_1"", ""test_crimes_2"", ""test_cryptos_1"", ""test_cryptos_2"", ""test_dangerous_month_1"", ""test_dangerous_month_2"", ""test_fifa_1"", ""test_fifa_2"", ""test_index"", ""test_last_updated_datetime"", ""test_late_crimes_1"", ""test_late_crimes_2"", ""test_module"", ""test_most_hits"", ""test_playstore_1"", ""test_playstore_2"", ""test_score"", ""test_shape"", ""test_simpsons_columns"", ""test_simpsons_item"", ""test_simpsons_shape"", ""test_starwars_people_1"", ""test_starwars_people_2"", ""test_top25_index"", ""test_top25_shape"", ""test_weekly_change_1"", ""test_weekly_change_2"", ""time_series_visualizer"", ""train_model"", ""year_show_3d_console"", ""year_show_console""]",True,False,False,True,5,0,0,0.0,0.0,0.0,0.0,MusicGenreClassifier,20,False,False,True,True,False,False,False,False,0,0,0,0,5,"[""matplotlib"", ""pandas"", ""sklearn""]",0,0,0,True,True,True,True,4,1,True,True,False,0,0.0,100.0,100.0,66.66666666666666,False,False,False,False,False
wewnumam/learn-ai,910811727,main,8ab772e1ed75123431f37ef9483e6c15dba4d264,2025-01-01T14:02:12Z,0,becfe407b02fcdaa75a18aad5d90699def023b2fcc133e4900be03e443f0bfb9,aca24c07510c74c3889f85d695f645c141218339,machine-learning/decision-tree-classifier/PresistingModel.ipynb,machine-learning/decision-tree-classifier/PresistingModel.ipynb,aca24c07510c74c3889f85d695f645c141218339,2232,https://github.com/wewnumam/learn-ai/blob/main/machine-learning/decision-tree-classifier/PresistingModel.ipynb,True,python3,python,3.13,3,3,0,0,2,66.66666666666666,7,2,True,False,False,False,False,False,3,"[[""joblib"", 1], [""pandas"", 1], [""sklearn"", 1]]",False,False,False,False,False,True,False,False,False,False,False,False,False,False,False,False,True,70,"[""demographic_data_analyzer"", ""drone_streamlit"", ""drone_streamlit_color"", ""drone_words"", ""formation_console"", ""main"", ""mean_var_std"", ""medical_data_visualizer"", ""one_max_problem"", ""predict"", ""river_crossing_problem"", ""run_show_advanced"", ""run_show_visual"", ""sea_level_predictor"", ""solution_1"", ""solution_cryptos"", ""solution_fifa"", ""solution_read_csv"", ""solution_read_json"", ""solution_read_xlsx"", ""solution_swapi"", ""solution_van_crimes"", ""solution_van_crimes_sql"", ""supply_chain"", ""test_artists"", ""test_artists_1"", ""test_artists_2"", ""test_biography_1"", ""test_biography_2"", ""test_biography_3"", ""test_blue_eyed_people_1"", ""test_blue_eyed_people_2"", ""test_budget"", ""test_content_id_1"", ""test_content_id_2"", ""test_country"", ""test_crime_types_1"", ""test_crime_types_2"", ""test_crime_types_3"", ""test_crimes_1"", ""test_crimes_2"", ""test_cryptos_1"", ""test_cryptos_2"", ""test_dangerous_month_1"", ""test_dangerous_month_2"", ""test_fifa_1"", ""test_fifa_2"", ""test_index"", ""test_last_updated_datetime"", ""test_late_crimes_1"", ""test_late_crimes_2"", ""test_module"", ""test_most_hits"", ""test_playstore_1"", ""test_playstore_2"", ""test_score"", ""test_shape"", ""test_simpsons_columns"", ""test_simpsons_item"", ""test_simpsons_shape"", ""test_starwars_people_1"", ""test_starwars_people_2"", ""test_top25_index"", ""test_top25_shape"", ""test_weekly_change_1"", ""test_weekly_change_2"", ""time_series_visualizer"", ""train_model"", ""year_show_3d_console"", ""year_show_console""]",True,False,False,True,3,0,0,0.0,0.0,0.0,0.0,PresistingModel,15,False,False,True,True,False,False,False,False,0,0,0,0,3,"[""joblib"", ""pandas"", ""sklearn""]",0,0,0,True,True,True,True,2,1,True,True,False,1,1.0,100.0,100.0,0.0,False,True,False,False,False
wewnumam/learn-ai,910811727,main,8ab772e1ed75123431f37ef9483e6c15dba4d264,2025-01-01T14:02:12Z,0,aa94d220b7d39f342b8835e43cbb1039c7fefc988db4011a7ba536c2a2056503,a8b4f2059174b9b6258e7f2bb003e863e2a9de8e,mka-ugm/ace/summary/Summarizer.ipynb,mka-ugm/ace/summary/Summarizer.ipynb,a8b4f2059174b9b6258e7f2bb003e863e2a9de8e,2849,https://github.com/wewnumam/learn-ai/blob/main/mka-ugm/ace/summary/Summarizer.ipynb,True,python3,python,,2,2,0,0,2,100.0,1,1,False,False,False,False,False,False,1,"[[""transformers"", 1]]",False,True,False,True,False,True,False,False,False,False,False,False,False,False,False,False,True,70,"[""demographic_data_analyzer"", ""drone_streamlit"", ""drone_streamlit_color"", ""drone_words"", ""formation_console"", ""main"", ""mean_var_std"", ""medical_data_visualizer"", ""one_max_problem"", ""predict"", ""river_crossing_problem"", ""run_show_advanced"", ""run_show_visual"", ""sea_level_predictor"", ""solution_1"", ""solution_cryptos"", ""solution_fifa"", ""solution_read_csv"", ""solution_read_json"", ""solution_read_xlsx"", ""solution_swapi"", ""solution_van_crimes"", ""solution_van_crimes_sql"", ""supply_chain"", ""test_artists"", ""test_artists_1"", ""test_artists_2"", ""test_biography_1"", ""test_biography_2"", ""test_biography_3"", ""test_blue_eyed_people_1"", ""test_blue_eyed_people_2"", ""test_budget"", ""test_content_id_1"", ""test_content_id_2"", ""test_country"", ""test_crime_types_1"", ""test_crime_types_2"", ""test_crime_types_3"", ""test_crimes_1"", ""test_crimes_2"", ""test_cryptos_1"", ""test_cryptos_2"", ""test_dangerous_month_1"", ""test_dangerous_month_2"", ""test_fifa_1"", ""test_fifa_2"", ""test_index"", ""test_last_updated_datetime"", ""test_late_crimes_1"", ""test_late_crimes_2"", ""test_module"", ""test_most_hits"", ""test_playstore_1"", ""test_playstore_2"", ""test_score"", ""test_shape"", ""test_simpsons_columns"", ""test_simpsons_item"", ""test_simpsons_shape"", ""test_starwars_people_1"", ""test_starwars_people_2"", ""test_top25_index"", ""test_top25_shape"", ""test_weekly_change_1"", ""test_weekly_change_2"", ""time_series_visualizer"", ""train_model"", ""year_show_3d_console"", ""year_show_console""]",True,False,False,True,2,0,0,0.0,0.0,0.0,0.0,Summarizer,10,False,False,True,True,False,False,False,False,1,0,0,1,1,"[""transformers""]",0,0,0,False,True,True,True,2,0,True,False,False,0,0.0,100.0,100.0,0.0,False,False,False,False,False
wewnumam/learn-ai,910811727,main,8ab772e1ed75123431f37ef9483e6c15dba4d264,2025-01-01T14:02:12Z,0,bb642fb641415bdb4da4192112567696b410a2bfc3ac3f9f1e079b22183e1ddb,4a4e36531b1685af0a46454c81c07548d87573d7,mka-ugm/pma/Tugas_1_Exploratory_Data_Analysis.ipynb,mka-ugm/pma/Tugas_1_Exploratory_Data_Analysis.ipynb,4a4e36531b1685af0a46454c81c07548d87573d7,6210819,https://github.com/wewnumam/learn-ai/blob/main/mka-ugm/pma/Tugas_1_Exploratory_Data_Analysis.ipynb,True,python3,python,,24,12,12,0,0,0.0,0,11,True,True,True,False,False,True,6,"[[""kagglehub"", 1], [""matplotlib"", 1], [""numpy"", 1], [""os"", 1], [""pandas"", 1], [""seaborn"", 1]]",False,False,False,True,False,True,False,False,False,False,False,False,False,False,False,False,True,70,"[""demographic_data_analyzer"", ""drone_streamlit"", ""drone_streamlit_color"", ""drone_words"", ""formation_console"", ""main"", ""mean_var_std"", ""medical_data_visualizer"", ""one_max_problem"", ""predict"", ""river_crossing_problem"", ""run_show_advanced"", ""run_show_visual"", ""sea_level_predictor"", ""solution_1"", ""solution_cryptos"", ""solution_fifa"", ""solution_read_csv"", ""solution_read_json"", ""solution_read_xlsx"", ""solution_swapi"", ""solution_van_crimes"", ""solution_van_crimes_sql"", ""supply_chain"", ""test_artists"", ""test_artists_1"", ""test_artists_2"", ""test_biography_1"", ""test_biography_2"", ""test_biography_3"", ""test_blue_eyed_people_1"", ""test_blue_eyed_people_2"", ""test_budget"", ""test_content_id_1"", ""test_content_id_2"", ""test_country"", ""test_crime_types_1"", ""test_crime_types_2"", ""test_crime_types_3"", ""test_crimes_1"", ""test_crimes_2"", ""test_cryptos_1"", ""test_cryptos_2"", ""test_dangerous_month_1"", ""test_dangerous_month_2"", ""test_fifa_1"", ""test_fifa_2"", ""test_index"", ""test_last_updated_datetime"", ""test_late_crimes_1"", ""test_late_crimes_2"", ""test_module"", ""test_most_hits"", ""test_playstore_1"", ""test_playstore_2"", ""test_score"", ""test_shape"", ""test_simpsons_columns"", ""test_simpsons_item"", ""test_simpsons_shape"", ""test_starwars_people_1"", ""test_starwars_people_2"", ""test_top25_index"", ""test_top25_shape"", ""test_weekly_change_1"", ""test_weekly_change_2"", ""time_series_visualizer"", ""train_model"", ""year_show_3d_console"", ""year_show_console""]",True,False,False,True,12,12,0,50.0,62.5,37.5,50.0,Tugas_1_Exploratory_Data_Analysis,33,True,False,False,False,False,False,True,False,0,0,5,2,6,"[""kagglehub"", ""matplotlib"", ""numpy"", ""os"", ""pandas"", ""seaborn""]",0,0,0,True,True,True,True,0,12,False,True,False,0,0.0,0.0,0.0,0.0,False,False,False,False,True
wewnumam/learn-ai,910811727,main,8ab772e1ed75123431f37ef9483e6c15dba4d264,2025-01-01T14:02:12Z,0,8ac2d3d13fa7c682ab761416ab9d9027f2714fc42b80f023840917fae26cc95b,e69de29bb2d1d6434b8b29ae775ad8c2e48c5391,mka-ugm/pma/Tugas_2_LogisticRegression.ipynb,mka-ugm/pma/Tugas_2_LogisticRegression.ipynb,e69de29bb2d1d6434b8b29ae775ad8c2e48c5391,0,https://github.com/wewnumam/learn-ai/blob/main/mka-ugm/pma/Tugas_2_LogisticRegression.ipynb,False,,,,,,,,,,,,,,,,,,,,,,,,,,,,,,,,,,,,,,,,,,,,,,,,,,,,,,,,,,,,,,,,,,,,,,,,,,,,,,,,,,,,,,,
wewnumam/learn-ai,910811727,main,8ab772e1ed75123431f37ef9483e6c15dba4d264,2025-01-01T14:02:12Z,0,9753aac533759c40772a38c4ee3a9e849cdb2ef3980de12ef96a4244674e5663,644de52f6caa45866a68490c8507e18b738d7d03,mka-ugm/stmh/Analysis_of_Algorithms.ipynb,mka-ugm/stmh/Analysis_of_Algorithms.ipynb,644de52f6caa45866a68490c8507e18b738d7d03,316272,https://github.com/wewnumam/learn-ai/blob/main/mka-ugm/stmh/Analysis_of_Algorithms.ipynb,True,python3,python,3.13,22,11,11,0,11,100.0,20,10,True,True,False,False,False,False,5,"[[""math"", 1], [""matplotlib"", 1], [""numpy"", 1], [""random"", 1]]",False,True,False,True,False,True,False,False,False,False,False,False,False,False,False,False,True,70,"[""demographic_data_analyzer"", ""drone_streamlit"", ""drone_streamlit_color"", ""drone_words"", ""formation_console"", ""main"", ""mean_var_std"", ""medical_data_visualizer"", ""one_max_problem"", ""predict"", ""river_crossing_problem"", ""run_show_advanced"", ""run_show_visual"", ""sea_level_predictor"", ""solution_1"", ""solution_cryptos"", ""solution_fifa"", ""solution_read_csv"", ""solution_read_json"", ""solution_read_xlsx"", ""solution_swapi"", ""solution_van_crimes"", ""solution_van_crimes_sql"", ""supply_chain"", ""test_artists"", ""test_artists_1"", ""test_artists_2"", ""test_biography_1"", ""test_biography_2"", ""test_biography_3"", ""test_blue_eyed_people_1"", ""test_blue_eyed_people_2"", ""test_budget"", ""test_content_id_1"", ""test_content_id_2"", ""test_country"", ""test_crime_types_1"", ""test_crime_types_2"", ""test_crime_types_3"", ""test_crimes_1"", ""test_crimes_2"", ""test_cryptos_1"", ""test_cryptos_2"", ""test_dangerous_month_1"", ""test_dangerous_month_2"", ""test_fifa_1"", ""test_fifa_2"", ""test_index"", ""test_last_updated_datetime"", ""test_late_crimes_1"", ""test_late_crimes_2"", ""test_module"", ""test_most_hits"", ""test_playstore_1"", ""test_playstore_2"", ""test_score"", ""test_shape"", ""test_simpsons_columns"", ""test_simpsons_item"", ""test_simpsons_shape"", ""test_starwars_people_1"", ""test_starwars_people_2"", ""test_top25_index"", ""test_top25_shape"", ""test_weekly_change_1"", ""test_weekly_change_2"", ""time_series_visualizer"", ""train_model"", ""year_show_3d_console"", ""year_show_console""]",True,False,False,True,11,11,0,50.0,57.14285714285714,42.857142857142854,50.0,Analysis_of_Algorithms,22,True,False,False,False,False,False,True,False,8,0,11,2,5,"[""math"", ""matplotlib"", ""numpy"", ""random""]",0,0,0,False,True,True,True,11,0,True,True,False,0,0.0,100.0,100.0,100.0,False,False,False,False,False
wewnumam/learn-ai,910811727,main,8ab772e1ed75123431f37ef9483e6c15dba4d264,2025-01-01T14:02:12Z,0,57fa626092a7d919a3a82d4acb3e35c7163a581058361bc8a3d0992f14267acf,296effdf8b96942b82b666ea5a6ab09116ac015f,mka-ugm/stmh/Analysis_of_Algorithms_Enhanced.ipynb,mka-ugm/stmh/Analysis_of_Algorithms_Enhanced.ipynb,296effdf8b96942b82b666ea5a6ab09116ac015f,355002,https://github.com/wewnumam/learn-ai/blob/main/mka-ugm/stmh/Analysis_of_Algorithms_Enhanced.ipynb,True,python3,python,3.13,24,12,12,0,11,91.66666666666666,18,11,True,True,False,False,False,False,5,"[[""math"", 1], [""matplotlib"", 1], [""numpy"", 1], [""random"", 1]]",False,True,False,True,False,True,False,False,False,False,False,False,False,False,False,False,True,70,"[""demographic_data_analyzer"", ""drone_streamlit"", ""drone_streamlit_color"", ""drone_words"", ""formation_console"", ""main"", ""mean_var_std"", ""medical_data_visualizer"", ""one_max_problem"", ""predict"", ""river_crossing_problem"", ""run_show_advanced"", ""run_show_visual"", ""sea_level_predictor"", ""solution_1"", ""solution_cryptos"", ""solution_fifa"", ""solution_read_csv"", ""solution_read_json"", ""solution_read_xlsx"", ""solution_swapi"", ""solution_van_crimes"", ""solution_van_crimes_sql"", ""supply_chain"", ""test_artists"", ""test_artists_1"", ""test_artists_2"", ""test_biography_1"", ""test_biography_2"", ""test_biography_3"", ""test_blue_eyed_people_1"", ""test_blue_eyed_people_2"", ""test_budget"", ""test_content_id_1"", ""test_content_id_2"", ""test_country"", ""test_crime_types_1"", ""test_crime_types_2"", ""test_crime_types_3"", ""test_crimes_1"", ""test_crimes_2"", ""test_cryptos_1"", ""test_cryptos_2"", ""test_dangerous_month_1"", ""test_dangerous_month_2"", ""test_fifa_1"", ""test_fifa_2"", ""test_index"", ""test_last_updated_datetime"", ""test_late_crimes_1"", ""test_late_crimes_2"", ""test_module"", ""test_most_hits"", ""test_playstore_1"", ""test_playstore_2"", ""test_score"", ""test_shape"", ""test_simpsons_columns"", ""test_simpsons_item"", ""test_simpsons_shape"", ""test_starwars_people_1"", ""test_starwars_people_2"", ""test_top25_index"", ""test_top25_shape"", ""test_weekly_change_1"", ""test_weekly_change_2"", ""time_series_visualizer"", ""train_model"", ""year_show_3d_console"", ""year_show_console""]",True,False,False,True,12,12,0,50.0,50.0,50.0,50.0,Analysis_of_Algorithms_Enhanced,31,True,False,False,False,False,False,True,False,9,0,12,2,5,"[""math"", ""matplotlib"", ""numpy"", ""random""]",0,0,0,False,True,True,True,11,1,True,True,True,7,3.5,75.0,100.0,100.0,True,True,False,False,False
wewnumam/learn-ai,910811727,main,8ab772e1ed75123431f37ef9483e6c15dba4d264,2025-01-01T14:02:12Z,0,5918d37317f84aac007c0784c0a1dcb1e8dd7ce08f383c057f82189383801395,e69de29bb2d1d6434b8b29ae775ad8c2e48c5391,mka-ugm/stmh/FCGA.ipynb,mka-ugm/stmh/FCGA.ipynb,e69de29bb2d1d6434b8b29ae775ad8c2e48c5391,0,https://github.com/wewnumam/learn-ai/blob/main/mka-ugm/stmh/FCGA.ipynb,False,,,,,,,,,,,,,,,,,,,,,,,,,,,,,,,,,,,,,,,,,,,,,,,,,,,,,,,,,,,,,,,,,,,,,,,,,,,,,,,,,,,,,,,
wewnumam/learn-ai,910811727,main,8ab772e1ed75123431f37ef9483e6c15dba4d264,2025-01-01T14:02:12Z,0,e62367f2a69d9cc291efb248ee274bde3e736cf840036c633bc47e4a71e84643,e69de29bb2d1d6434b8b29ae775ad8c2e48c5391,mka-ugm/stmh/FSGA.ipynb,mka-ugm/stmh/FSGA.ipynb,e69de29bb2d1d6434b8b29ae775ad8c2e48c5391,0,https://github.com/wewnumam/learn-ai/blob/main/mka-ugm/stmh/FSGA.ipynb,False,,,,,,,,,,,,,,,,,,,,,,,,,,,,,,,,,,,,,,,,,,,,,,,,,,,,,,,,,,,,,,,,,,,,,,,,,,,,,,,,,,,,,,,
wewnumam/learn-ai,910811727,main,8ab772e1ed75123431f37ef9483e6c15dba4d264,2025-01-01T14:02:12Z,0,91c0afbec4ee0321728abfb490cbb5e1b950af359bb20cfc57d843939ffbb200,db738dcd2da0376149b3f32f233701676967daf1,mka-ugm/stmh/FeatureSelectionGA.ipynb,mka-ugm/stmh/FeatureSelectionGA.ipynb,db738dcd2da0376149b3f32f233701676967daf1,14261,https://github.com/wewnumam/learn-ai/blob/main/mka-ugm/stmh/FeatureSelectionGA.ipynb,True,python3,python,3.13,6,6,0,0,5,83.33333333333334,5,5,False,False,False,False,False,False,5,"[[""numpy"", 1], [""pandas"", 1], [""random"", 1], [""sklearn"", 1]]",False,True,False,True,False,True,False,False,False,False,False,False,False,False,False,False,True,70,"[""demographic_data_analyzer"", ""drone_streamlit"", ""drone_streamlit_color"", ""drone_words"", ""formation_console"", ""main"", ""mean_var_std"", ""medical_data_visualizer"", ""one_max_problem"", ""predict"", ""river_crossing_problem"", ""run_show_advanced"", ""run_show_visual"", ""sea_level_predictor"", ""solution_1"", ""solution_cryptos"", ""solution_fifa"", ""solution_read_csv"", ""solution_read_json"", ""solution_read_xlsx"", ""solution_swapi"", ""solution_van_crimes"", ""solution_van_crimes_sql"", ""supply_chain"", ""test_artists"", ""test_artists_1"", ""test_artists_2"", ""test_biography_1"", ""test_biography_2"", ""test_biography_3"", ""test_blue_eyed_people_1"", ""test_blue_eyed_people_2"", ""test_budget"", ""test_content_id_1"", ""test_content_id_2"", ""test_country"", ""test_crime_types_1"", ""test_crime_types_2"", ""test_crime_types_3"", ""test_crimes_1"", ""test_crimes_2"", ""test_cryptos_1"", ""test_cryptos_2"", ""test_dangerous_month_1"", ""test_dangerous_month_2"", ""test_fifa_1"", ""test_fifa_2"", ""test_index"", ""test_last_updated_datetime"", ""test_late_crimes_1"", ""test_late_crimes_2"", ""test_module"", ""test_most_hits"", ""test_playstore_1"", ""test_playstore_2"", ""test_score"", ""test_shape"", ""test_simpsons_columns"", ""test_simpsons_item"", ""test_simpsons_shape"", ""test_starwars_people_1"", ""test_starwars_people_2"", ""test_top25_index"", ""test_top25_shape"", ""test_weekly_change_1"", ""test_weekly_change_2"", ""time_series_visualizer"", ""train_model"", ""year_show_3d_console"", ""year_show_console""]",True,False,False,True,6,0,0,0.0,0.0,0.0,0.0,FeatureSelectionGA,18,False,False,True,True,False,False,False,False,6,0,4,4,5,"[""numpy"", ""pandas"", ""random"", ""sklearn""]",0,0,0,False,True,True,True,5,1,True,True,False,0,0.0,100.0,100.0,50.0,False,False,False,False,False
wewnumam/learn-ai,910811727,main,8ab772e1ed75123431f37ef9483e6c15dba4d264,2025-01-01T14:02:12Z,0,6c6014b6d0af72ea41093534b5c5df3cca8422ae9e241709ee6a49e62663b0c4,b6b08ad95cef9602d94f4b7e2b8241f634e45356,mka-ugm/stmh/GeneticAlgorithm.ipynb,mka-ugm/stmh/GeneticAlgorithm.ipynb,b6b08ad95cef9602d94f4b7e2b8241f634e45356,304217,https://github.com/wewnumam/learn-ai/blob/main/mka-ugm/stmh/GeneticAlgorithm.ipynb,True,python3,python,3.13,2,2,0,0,2,100.0,4,2,True,True,False,False,False,False,4,"[[""matplotlib"", 1], [""numpy"", 1], [""prettytable"", 1], [""random"", 1]]",False,True,False,True,False,True,False,False,False,False,False,False,False,False,False,False,True,70,"[""demographic_data_analyzer"", ""drone_streamlit"", ""drone_streamlit_color"", ""drone_words"", ""formation_console"", ""main"", ""mean_var_std"", ""medical_data_visualizer"", ""one_max_problem"", ""predict"", ""river_crossing_problem"", ""run_show_advanced"", ""run_show_visual"", ""sea_level_predictor"", ""solution_1"", ""solution_cryptos"", ""solution_fifa"", ""solution_read_csv"", ""solution_read_json"", ""solution_read_xlsx"", ""solution_swapi"", ""solution_van_crimes"", ""solution_van_crimes_sql"", ""supply_chain"", ""test_artists"", ""test_artists_1"", ""test_artists_2"", ""test_biography_1"", ""test_biography_2"", ""test_biography_3"", ""test_blue_eyed_people_1"", ""test_blue_eyed_people_2"", ""test_budget"", ""test_content_id_1"", ""test_content_id_2"", ""test_country"", ""test_crime_types_1"", ""test_crime_types_2"", ""test_crime_types_3"", ""test_crimes_1"", ""test_crimes_2"", ""test_cryptos_1"", ""test_cryptos_2"", ""test_dangerous_month_1"", ""test_dangerous_month_2"", ""test_fifa_1"", ""test_fifa_2"", ""test_index"", ""test_last_updated_datetime"", ""test_late_crimes_1"", ""test_late_crimes_2"", ""test_module"", ""test_most_hits"", ""test_playstore_1"", ""test_playstore_2"", ""test_score"", ""test_shape"", ""test_simpsons_columns"", ""test_simpsons_item"", ""test_simpsons_shape"", ""test_starwars_people_1"", ""test_starwars_people_2"", ""test_top25_index"", ""test_top25_shape"", ""test_weekly_change_1"", ""test_weekly_change_2"", ""time_series_visualizer"", ""train_model"", ""year_show_3d_console"", ""year_show_console""]",True,False,False,True,2,0,0,0.0,0.0,0.0,0.0,GeneticAlgorithm,16,False,False,True,True,False,False,False,False,14,0,10,6,4,"[""matplotlib"", ""numpy"", ""prettytable"", ""random""]",0,0,0,False,True,True,True,2,0,True,True,False,1,1.0,100.0,100.0,0.0,False,True,False,False,False
wewnumam/learn-ai,910811727,main,8ab772e1ed75123431f37ef9483e6c15dba4d264,2025-01-01T14:02:12Z,0,d43509acb374901552d7384fa55bf29f5ac2a60d99ccf8934def0d630ac5f798,83e5ac70706a458d8615f7722460e9c1dac9622c,mka-ugm/stmh/Quiz.ipynb,mka-ugm/stmh/Quiz.ipynb,83e5ac70706a458d8615f7722460e9c1dac9622c,8812,https://github.com/wewnumam/learn-ai/blob/main/mka-ugm/stmh/Quiz.ipynb,True,python3,python,3.13,4,4,0,0,2,50.0,3,2,False,False,False,False,False,False,2,"[[""numpy"", 1], [""random"", 1]]",False,True,False,True,False,True,False,False,False,False,False,False,False,False,False,False,True,70,"[""demographic_data_analyzer"", ""drone_streamlit"", ""drone_streamlit_color"", ""drone_words"", ""formation_console"", ""main"", ""mean_var_std"", ""medical_data_visualizer"", ""one_max_problem"", ""predict"", ""river_crossing_problem"", ""run_show_advanced"", ""run_show_visual"", ""sea_level_predictor"", ""solution_1"", ""solution_cryptos"", ""solution_fifa"", ""solution_read_csv"", ""solution_read_json"", ""solution_read_xlsx"", ""solution_swapi"", ""solution_van_crimes"", ""solution_van_crimes_sql"", ""supply_chain"", ""test_artists"", ""test_artists_1"", ""test_artists_2"", ""test_biography_1"", ""test_biography_2"", ""test_biography_3"", ""test_blue_eyed_people_1"", ""test_blue_eyed_people_2"", ""test_budget"", ""test_content_id_1"", ""test_content_id_2"", ""test_country"", ""test_crime_types_1"", ""test_crime_types_2"", ""test_crime_types_3"", ""test_crimes_1"", ""test_crimes_2"", ""test_cryptos_1"", ""test_cryptos_2"", ""test_dangerous_month_1"", ""test_dangerous_month_2"", ""test_fifa_1"", ""test_fifa_2"", ""test_index"", ""test_last_updated_datetime"", ""test_late_crimes_1"", ""test_late_crimes_2"", ""test_module"", ""test_most_hits"", ""test_playstore_1"", ""test_playstore_2"", ""test_score"", ""test_shape"", ""test_simpsons_columns"", ""test_simpsons_item"", ""test_simpsons_shape"", ""test_starwars_people_1"", ""test_starwars_people_2"", ""test_top25_index"", ""test_top25_shape"", ""test_weekly_change_1"", ""test_weekly_change_2"", ""time_series_visualizer"", ""train_model"", ""year_show_3d_console"", ""year_show_console""]",True,False,False,True,4,0,0,0.0,0.0,0.0,0.0,Quiz,4,False,False,True,True,False,False,False,False,7,0,5,9,2,"[""numpy"", ""random""]",0,0,0,False,True,True,True,2,2,True,True,False,1,1.0,100.0,0.0,50.0,False,True,True,False,False
wewnumam/learn-ai,910811727,main,8ab772e1ed75123431f37ef9483e6c15dba4d264,2025-01-01T14:02:12Z,0,5454871caf3e018727257cb49c75f880439d907c62e5b4cd82f8e04920960fd7,e69de29bb2d1d6434b8b29ae775ad8c2e48c5391,mka-ugm/stmh/Untitled.ipynb,mka-ugm/stmh/Untitled.ipynb,e69de29bb2d1d6434b8b29ae775ad8c2e48c5391,0,https://github.com/wewnumam/learn-ai/blob/main/mka-ugm/stmh/Untitled.ipynb,False,,,,,,,,,,,,,,,,,,,,,,,,,,,,,,,,,,,,,,,,,,,,,,,,,,,,,,,,,,,,,,,,,,,,,,,,,,,,,,,,,,,,,,,
wewnumam/learn-ai,910811727,main,8ab772e1ed75123431f37ef9483e6c15dba4d264,2025-01-01T14:02:12Z,0,541a16f5eb0f2b6d438e62aaa5a6c67400e709d757e8bf4859fe7dbb688cbdf4,ad38f1b02b47a08aed9ccef52ee0c8beea000e53,projects/data-analysis-with-python-projects/demographic-data-analysis/Untitled.ipynb,projects/data-analysis-with-python-projects/demographic-data-analysis/Untitled.ipynb,ad38f1b02b47a08aed9ccef52ee0c8beea000e53,10965,https://github.com/wewnumam/learn-ai/blob/main/projects/data-analysis-with-python-projects/demographic-data-analysis/Untitled.ipynb,True,python3,python,3.13,18,10,8,0,9,90.0,9,8,True,False,False,False,False,False,1,"[[""pandas"", 1]]",False,False,False,False,False,True,False,False,False,False,False,False,False,False,False,False,True,70,"[""demographic_data_analyzer"", ""drone_streamlit"", ""drone_streamlit_color"", ""drone_words"", ""formation_console"", ""main"", ""mean_var_std"", ""medical_data_visualizer"", ""one_max_problem"", ""predict"", ""river_crossing_problem"", ""run_show_advanced"", ""run_show_visual"", ""sea_level_predictor"", ""solution_1"", ""solution_cryptos"", ""solution_fifa"", ""solution_read_csv"", ""solution_read_json"", ""solution_read_xlsx"", ""solution_swapi"", ""solution_van_crimes"", ""solution_van_crimes_sql"", ""supply_chain"", ""test_artists"", ""test_artists_1"", ""test_artists_2"", ""test_biography_1"", ""test_biography_2"", ""test_biography_3"", ""test_blue_eyed_people_1"", ""test_blue_eyed_people_2"", ""test_budget"", ""test_content_id_1"", ""test_content_id_2"", ""test_country"", ""test_crime_types_1"", ""test_crime_types_2"", ""test_crime_types_3"", ""test_crimes_1"", ""test_crimes_2"", ""test_cryptos_1"", ""test_cryptos_2"", ""test_dangerous_month_1"", ""test_dangerous_month_2"", ""test_fifa_1"", ""test_fifa_2"", ""test_index"", ""test_last_updated_datetime"", ""test_late_crimes_1"", ""test_late_crimes_2"", ""test_module"", ""test_most_hits"", ""test_playstore_1"", ""test_playstore_2"", ""test_score"", ""test_shape"", ""test_simpsons_columns"", ""test_simpsons_item"", ""test_simpsons_shape"", ""test_starwars_people_1"", ""test_starwars_people_2"", ""test_top25_index"", ""test_top25_shape"", ""test_weekly_change_1"", ""test_weekly_change_2"", ""time_series_visualizer"", ""train_model"", ""year_show_3d_console"", ""year_show_console""]",True,False,False,True,10,8,0,44.44444444444444,50.0,50.0,33.33333333333333,Untitled,8,False,False,False,False,True,False,False,False,0,0,0,0,1,"[""pandas""]",0,0,0,True,True,True,True,9,1,True,True,False,0,0.0,100.0,100.0,75.0,False,False,False,False,False
wewnumam/learn-ai,910811727,main,8ab772e1ed75123431f37ef9483e6c15dba4d264,2025-01-01T14:02:12Z,0,c6144e14aa7154ba913b5260f08376fb63251e12b754d77cd5d7cbe64c365c95,d4160a9855fb152a04ef4f94f9eaf9572f019a42,projects/data-analysis-with-python-projects/medical-data-visualizer/Untitled.ipynb,projects/data-analysis-with-python-projects/medical-data-visualizer/Untitled.ipynb,d4160a9855fb152a04ef4f94f9eaf9572f019a42,173422,https://github.com/wewnumam/learn-ai/blob/main/projects/data-analysis-with-python-projects/medical-data-visualizer/Untitled.ipynb,True,python3,python,3.13,34,17,17,0,16,94.11764705882352,16,15,True,True,True,False,False,False,4,"[[""matplotlib"", 1], [""numpy"", 1], [""pandas"", 1], [""seaborn"", 1]]",False,False,False,False,False,True,False,False,False,False,False,False,False,False,False,False,True,70,"[""demographic_data_analyzer"", ""drone_streamlit"", ""drone_streamlit_color"", ""drone_words"", ""formation_console"", ""main"", ""mean_var_std"", ""medical_data_visualizer"", ""one_max_problem"", ""predict"", ""river_crossing_problem"", ""run_show_advanced"", ""run_show_visual"", ""sea_level_predictor"", ""solution_1"", ""solution_cryptos"", ""solution_fifa"", ""solution_read_csv"", ""solution_read_json"", ""solution_read_xlsx"", ""solution_swapi"", ""solution_van_crimes"", ""solution_van_crimes_sql"", ""supply_chain"", ""test_artists"", ""test_artists_1"", ""test_artists_2"", ""test_biography_1"", ""test_biography_2"", ""test_biography_3"", ""test_blue_eyed_people_1"", ""test_blue_eyed_people_2"", ""test_budget"", ""test_content_id_1"", ""test_content_id_2"", ""test_country"", ""test_crime_types_1"", ""test_crime_types_2"", ""test_crime_types_3"", ""test_crimes_1"", ""test_crimes_2"", ""test_cryptos_1"", ""test_cryptos_2"", ""test_dangerous_month_1"", ""test_dangerous_month_2"", ""test_fifa_1"", ""test_fifa_2"", ""test_index"", ""test_last_updated_datetime"", ""test_late_crimes_1"", ""test_late_crimes_2"", ""test_module"", ""test_most_hits"", ""test_playstore_1"", ""test_playstore_2"", ""test_score"", ""test_shape"", ""test_simpsons_columns"", ""test_simpsons_item"", ""test_simpsons_shape"", ""test_starwars_people_1"", ""test_starwars_people_2"", ""test_top25_index"", ""test_top25_shape"", ""test_weekly_change_1"", ""test_weekly_change_2"", ""time_series_visualizer"", ""train_model"", ""year_show_3d_console"", ""year_show_console""]",True,False,False,True,17,17,0,50.0,36.36363636363637,63.63636363636363,50.0,Untitled,8,False,False,False,False,True,False,False,False,0,0,0,0,4,"[""matplotlib"", ""numpy"", ""pandas"", ""seaborn""]",0,0,0,True,True,True,True,16,1,True,True,False,0,0.0,100.0,100.0,85.71428571428571,False,False,False,False,False
wewnumam/learn-ai,910811727,main,8ab772e1ed75123431f37ef9483e6c15dba4d264,2025-01-01T14:02:12Z,0,f90bb3769edaee7bb1e23bffcfc00f9fafb9f049543e9d69b948ed883407a21f,04cd5c297dd1bf460fc903e2d22bd9706b7dc689,projects/data-analysis-with-python-projects/sea-level-predictor/Untitled.ipynb,projects/data-analysis-with-python-projects/sea-level-predictor/Untitled.ipynb,04cd5c297dd1bf460fc903e2d22bd9706b7dc689,145359,https://github.com/wewnumam/learn-ai/blob/main/projects/data-analysis-with-python-projects/sea-level-predictor/Untitled.ipynb,True,python3,python,3.13,11,6,5,0,6,100.0,73,5,True,True,True,False,False,False,3,"[[""matplotlib"", 1], [""pandas"", 1], [""scipy"", 1]]",False,False,False,False,False,True,False,False,False,False,False,False,False,False,False,False,True,70,"[""demographic_data_analyzer"", ""drone_streamlit"", ""drone_streamlit_color"", ""drone_words"", ""formation_console"", ""main"", ""mean_var_std"", ""medical_data_visualizer"", ""one_max_problem"", ""predict"", ""river_crossing_problem"", ""run_show_advanced"", ""run_show_visual"", ""sea_level_predictor"", ""solution_1"", ""solution_cryptos"", ""solution_fifa"", ""solution_read_csv"", ""solution_read_json"", ""solution_read_xlsx"", ""solution_swapi"", ""solution_van_crimes"", ""solution_van_crimes_sql"", ""supply_chain"", ""test_artists"", ""test_artists_1"", ""test_artists_2"", ""test_biography_1"", ""test_biography_2"", ""test_biography_3"", ""test_blue_eyed_people_1"", ""test_blue_eyed_people_2"", ""test_budget"", ""test_content_id_1"", ""test_content_id_2"", ""test_country"", ""test_crime_types_1"", ""test_crime_types_2"", ""test_crime_types_3"", ""test_crimes_1"", ""test_crimes_2"", ""test_cryptos_1"", ""test_cryptos_2"", ""test_dangerous_month_1"", ""test_dangerous_month_2"", ""test_fifa_1"", ""test_fifa_2"", ""test_index"", ""test_last_updated_datetime"", ""test_late_crimes_1"", ""test_late_crimes_2"", ""test_module"", ""test_most_hits"", ""test_playstore_1"", ""test_playstore_2"", ""test_score"", ""test_shape"", ""test_simpsons_columns"", ""test_simpsons_item"", ""test_simpsons_shape"", ""test_starwars_people_1"", ""test_starwars_people_2"", ""test_top25_index"", ""test_top25_shape"", ""test_weekly_change_1"", ""test_weekly_change_2"", ""time_series_visualizer"", ""train_model"", ""year_show_3d_console"", ""year_show_console""]",True,False,False,True,6,5,0,45.45454545454545,33.33333333333333,66.66666666666666,40.0,Untitled,8,False,False,False,False,True,False,False,False,0,0,0,0,3,"[""matplotlib"", ""pandas"", ""scipy""]",0,0,0,True,True,True,True,6,0,True,True,False,0,0.0,100.0,100.0,100.0,False,False,False,False,False
wewnumam/learn-ai,910811727,main,8ab772e1ed75123431f37ef9483e6c15dba4d264,2025-01-01T14:02:12Z,0,e6e90d26a96ec508860e40cf3b21d0125b4fa69146dd8b683917743c816cc3d0,2b7eff27198f970cb8c488354933b370b133a218,projects/data-analysis-with-python-projects/time-series-visualizer/Untitled.ipynb,projects/data-analysis-with-python-projects/time-series-visualizer/Untitled.ipynb,2b7eff27198f970cb8c488354933b370b133a218,200873,https://github.com/wewnumam/learn-ai/blob/main/projects/data-analysis-with-python-projects/time-series-visualizer/Untitled.ipynb,True,python3,python,3.13,15,9,6,0,8,88.88888888888889,8,7,True,True,True,False,False,False,4,"[[""matplotlib"", 1], [""pandas"", 1], [""seaborn"", 1]]",False,False,False,False,False,True,False,False,False,False,False,False,False,False,False,False,True,70,"[""demographic_data_analyzer"", ""drone_streamlit"", ""drone_streamlit_color"", ""drone_words"", ""formation_console"", ""main"", ""mean_var_std"", ""medical_data_visualizer"", ""one_max_problem"", ""predict"", ""river_crossing_problem"", ""run_show_advanced"", ""run_show_visual"", ""sea_level_predictor"", ""solution_1"", ""solution_cryptos"", ""solution_fifa"", ""solution_read_csv"", ""solution_read_json"", ""solution_read_xlsx"", ""solution_swapi"", ""solution_van_crimes"", ""solution_van_crimes_sql"", ""supply_chain"", ""test_artists"", ""test_artists_1"", ""test_artists_2"", ""test_biography_1"", ""test_biography_2"", ""test_biography_3"", ""test_blue_eyed_people_1"", ""test_blue_eyed_people_2"", ""test_budget"", ""test_content_id_1"", ""test_content_id_2"", ""test_country"", ""test_crime_types_1"", ""test_crime_types_2"", ""test_crime_types_3"", ""test_crimes_1"", ""test_crimes_2"", ""test_cryptos_1"", ""test_cryptos_2"", ""test_dangerous_month_1"", ""test_dangerous_month_2"", ""test_fifa_1"", ""test_fifa_2"", ""test_index"", ""test_last_updated_datetime"", ""test_late_crimes_1"", ""test_late_crimes_2"", ""test_module"", ""test_most_hits"", ""test_playstore_1"", ""test_playstore_2"", ""test_score"", ""test_shape"", ""test_simpsons_columns"", ""test_simpsons_item"", ""test_simpsons_shape"", ""test_starwars_people_1"", ""test_starwars_people_2"", ""test_top25_index"", ""test_top25_shape"", ""test_weekly_change_1"", ""test_weekly_change_2"", ""time_series_visualizer"", ""train_model"", ""year_show_3d_console"", ""year_show_console""]",True,False,False,True,9,6,0,40.0,40.0,60.0,20.0,Untitled,8,False,False,False,False,True,False,False,False,0,0,0,0,4,"[""matplotlib"", ""pandas"", ""seaborn""]",0,0,0,True,True,True,True,8,1,True,True,False,0,0.0,100.0,100.0,66.66666666666666,False,False,False,False,False
jasonkneen/smolagents,910662936,main,9c29c0e00ee86a7eafc0368260ba2500605da09b,2025-01-01T01:23:52Z,0,aaae41c39c5534912ee5fa9094451fe7eab0897c061de6b45fe4e18b0a5a37c5,53e7bd4303d2e55c06fd95bc0a1e1ab54df2e5ce,examples/open_deep_research/analysis.ipynb,examples/open_deep_research/analysis.ipynb,53e7bd4303d2e55c06fd95bc0a1e1ab54df2e5ce,13131,https://github.com/jasonkneen/smolagents/blob/main/examples/open_deep_research/analysis.ipynb,True,python3,python,3.12,25,18,7,0,1,5.555555555555555,88,0,False,False,False,False,False,False,0,[],False,False,False,False,False,True,False,True,False,False,False,False,False,True,True,False,True,62,"[""agent_from_any_llm"", ""agent_types"", ""agents"", ""app"", ""cli"", ""conftest"", ""cookies"", ""default_tools"", ""gaia_scorer"", ""gradio_ui"", ""inspect_multiagent_run"", ""local_python_executor"", ""main"", ""markers"", ""mcp_client"", ""mdconvert"", ""memory"", ""models"", ""monitoring"", ""multi_llm_agent"", ""multiple_tools"", ""plan_customization"", ""rag"", ""rag_using_chromadb"", ""reformulator"", ""remote_executors"", ""run"", ""run_agents"", ""run_gaia"", ""sandboxed_execution"", ""smolagents"", ""structured_output_tool"", ""test_agents"", ""test_all_docs"", ""test_cli"", ""test_default_tools"", ""test_final_answer"", ""test_function_type_hints_utils"", ""test_gradio_ui"", ""test_import"", ""test_local_python_executor"", ""test_mcp_client"", ""test_memory"", ""test_models"", ""test_monitoring"", ""test_remote_executors"", ""test_search"", ""test_telemetry"", ""test_tool_validation"", ""test_tools"", ""test_types"", ""test_utils"", ""test_vision_web_browser"", ""tests"", ""text_inspector_tool"", ""text_to_sql"", ""text_web_browser"", ""tool_validation"", ""tools"", ""utils"", ""vision_web_browser"", ""visual_qa""]",True,False,False,True,18,7,0,28.000000000000004,25.0,25.0,33.33333333333333,analysis,8,False,False,False,False,False,False,False,False,0,0,0,0,0,[],0,0,0,True,True,True,True,1,17,True,True,False,0,0.0,16.666666666666664,0.0,0.0,False,False,False,False,False
jasonkneen/smolagents,910662936,main,9c29c0e00ee86a7eafc0368260ba2500605da09b,2025-01-01T01:23:52Z,0,7ffdce5485c1f1a3f36c4199a0751deceb7cbfea05d6af384cfcc00f7aa3239b,1acc5c70488dc7f5baa815f33067b165462ab873,examples/open_deep_research/visual_vs_text_browser.ipynb,examples/open_deep_research/visual_vs_text_browser.ipynb,1acc5c70488dc7f5baa815f33067b165462ab873,11008,https://github.com/jasonkneen/smolagents/blob/main/examples/open_deep_research/visual_vs_text_browser.ipynb,True,python3,python,3.12,19,14,5,0,1,7.142857142857142,3,0,False,False,False,False,False,False,0,[],False,False,False,False,False,True,False,True,False,False,False,False,False,True,True,False,True,62,"[""agent_from_any_llm"", ""agent_types"", ""agents"", ""app"", ""cli"", ""conftest"", ""cookies"", ""default_tools"", ""gaia_scorer"", ""gradio_ui"", ""inspect_multiagent_run"", ""local_python_executor"", ""main"", ""markers"", ""mcp_client"", ""mdconvert"", ""memory"", ""models"", ""monitoring"", ""multi_llm_agent"", ""multiple_tools"", ""plan_customization"", ""rag"", ""rag_using_chromadb"", ""reformulator"", ""remote_executors"", ""run"", ""run_agents"", ""run_gaia"", ""sandboxed_execution"", ""smolagents"", ""structured_output_tool"", ""test_agents"", ""test_all_docs"", ""test_cli"", ""test_default_tools"", ""test_final_answer"", ""test_function_type_hints_utils"", ""test_gradio_ui"", ""test_import"", ""test_local_python_executor"", ""test_mcp_client"", ""test_memory"", ""test_models"", ""test_monitoring"", ""test_remote_executors"", ""test_search"", ""test_telemetry"", ""test_tool_validation"", ""test_tools"", ""test_types"", ""test_utils"", ""test_vision_web_browser"", ""tests"", ""text_inspector_tool"", ""text_to_sql"", ""text_web_browser"", ""tool_validation"", ""tools"", ""utils"", ""vision_web_browser"", ""visual_qa""]",True,False,False,True,14,5,0,26.31578947368421,33.33333333333333,33.33333333333333,14.285714285714285,visual_vs_text_browser,22,True,False,False,False,False,False,True,False,0,0,0,0,0,[],0,0,0,True,True,True,True,1,13,True,True,False,0,0.0,25.0,0.0,0.0,False,False,False,False,False
jasonkneen/smolagents,910662936,main,9c29c0e00ee86a7eafc0368260ba2500605da09b,2025-01-01T01:23:52Z,0,9c948c5085a427829c9195bef3cfa770ced3aa5dbedb7fa9498fe26cd6af6f89,7d8709498bf66cda4ed9a8bc9f8d3c92794ba617,examples/smolagents_benchmark/score.ipynb,examples/smolagents_benchmark/score.ipynb,7d8709498bf66cda4ed9a8bc9f8d3c92794ba617,14780,https://github.com/jasonkneen/smolagents/blob/main/examples/smolagents_benchmark/score.ipynb,True,python3,python,3.12,10,7,3,0,2,28.57142857142857,17,0,False,False,False,False,False,False,0,[],False,False,False,False,False,True,False,True,False,False,False,False,False,True,True,False,True,62,"[""agent_from_any_llm"", ""agent_types"", ""agents"", ""app"", ""cli"", ""conftest"", ""cookies"", ""default_tools"", ""gaia_scorer"", ""gradio_ui"", ""inspect_multiagent_run"", ""local_python_executor"", ""main"", ""markers"", ""mcp_client"", ""mdconvert"", ""memory"", ""models"", ""monitoring"", ""multi_llm_agent"", ""multiple_tools"", ""plan_customization"", ""rag"", ""rag_using_chromadb"", ""reformulator"", ""remote_executors"", ""run"", ""run_agents"", ""run_gaia"", ""sandboxed_execution"", ""smolagents"", ""structured_output_tool"", ""test_agents"", ""test_all_docs"", ""test_cli"", ""test_default_tools"", ""test_final_answer"", ""test_function_type_hints_utils"", ""test_gradio_ui"", ""test_import"", ""test_local_python_executor"", ""test_mcp_client"", ""test_memory"", ""test_models"", ""test_monitoring"", ""test_remote_executors"", ""test_search"", ""test_telemetry"", ""test_tool_validation"", ""test_tools"", ""test_types"", ""test_utils"", ""test_vision_web_browser"", ""tests"", ""text_inspector_tool"", ""text_to_sql"", ""text_web_browser"", ""tool_validation"", ""tools"", ""utils"", ""vision_web_browser"", ""visual_qa""]",True,False,False,True,7,3,0,30.0,33.33333333333333,33.33333333333333,25.0,score,5,False,False,False,False,False,False,False,False,0,0,0,0,0,[],0,0,0,True,True,True,True,2,5,True,True,True,4,4.0,50.0,0.0,33.33333333333333,True,True,True,False,False
1drie5/py-playground,910762822,main,c70d89bffb0e3cf6840e1a7d4030eb7ced1e1f11,2025-01-01T10:47:57Z,1,48c0ad09c6478f1852779c0dce2378c050055abd260d88750421118c7797a620,4fb99d46cd464e21e82bbea9fbc8d2dbc6380eba,pytorch-campusx/2_tensors_in_pytorch.ipynb,pytorch-campusx/2_tensors_in_pytorch.ipynb,4fb99d46cd464e21e82bbea9fbc8d2dbc6380eba,59108,https://github.com/1drie5/py-playground/blob/main/pytorch-campusx/2_tensors_in_pytorch.ipynb,True,python3,python,,98,84,14,0,0,0.0,0,76,True,False,False,False,False,False,1,"[[""torch"", 1]]",False,False,False,True,False,True,False,False,False,False,False,False,False,False,False,False,True,81,"[""01temp_conversion"", ""02rect"", ""03swapwith"", ""03swapwithout"", ""04swapwithxor"", ""05rotate"", ""06pattern"", ""07complex"", ""07complex2"", ""07complex3"", ""08si"", ""09ifelif"", ""10si"", ""10si2"", ""11pattern"", ""12odd"", ""13gcd"", ""13gcd2"", ""13gcd3"", ""14decimal"", ""14series"", ""15prime"", ""15prime2"", ""16armstrong"", ""16armstrong2"", ""16armstrong3"", ""17lcm"", ""17lcm2"", ""18sieve_of_eratosthenes"", ""18sumprime"", ""19prime_composite_counter"", ""20even_fibonacci"", ""21countvowel"", ""22palindrome"", ""22palindrome2"", ""23replace1"", ""23replace2"", ""23replace3"", ""23replace4"", ""24occurrences"", ""24occurrences2"", ""24occurrences3"", ""25substring"", ""26anagram"", ""27maxminlist"", ""28matmul0"", ""28matmul1"", ""29union0"", ""29union1"", ""29union2"", ""30concatenate0"", ""30concatenate1"", ""30concatenate2"", ""31excluder0"", ""31excluder1"", ""31excluder2"", ""32pair0"", ""32pair1"", ""33tuple_from_input"", ""34tuple_sum_insert"", ""35tuple_mean"", ""36tuple_unique_duplicates"", ""37tuple_element_frequency"", ""38tuple_even_product_pairs"", ""39square_dictionary"", ""40char_count_dictionary"", ""41cricket_scores"", ""42employee_salary_dict"", ""43sort_dict_by_value"", ""44merge_dictionaries"", ""45gcd_lcm"", ""45gcd_lcm_functions"", ""46count_upper_lower"", ""47unique_elements_list"", ""48divisible_by_5_and_7_lambda"", ""49find_even_numbers_lambda"", ""50find_maximum_value_lambda"", ""51check_palindrome"", ""52find_primes_in_range"", ""main"", ""my_module""]",True,False,False,True,84,14,0,14.285714285714285,25.0,9.375,8.823529411764707,2_tensors_in_pytorch,20,True,False,False,False,False,False,True,False,0,0,0,1,1,"[""torch""]",0,0,0,True,True,True,True,0,84,False,True,False,0,0.0,0.0,0.0,0.0,False,False,False,False,False
1drie5/py-playground,910762822,main,c70d89bffb0e3cf6840e1a7d4030eb7ced1e1f11,2025-01-01T10:47:57Z,1,bcf3988d483f5877bb571105fb0af7350bef01c840e41411b458325b388a40a2,889ef544bc1863a23d53d941d19a5362d9953db1,pytorch-campusx/3_pytorch_autograd.ipynb,pytorch-campusx/3_pytorch_autograd.ipynb,889ef544bc1863a23d53d941d19a5362d9953db1,43559,https://github.com/1drie5/py-playground/blob/main/pytorch-campusx/3_pytorch_autograd.ipynb,True,python3,python,,69,68,1,0,66,97.05882352941177,115,42,True,False,False,True,False,False,3,"[[""math"", 1], [""torch"", 1]]",False,True,False,False,False,True,False,False,False,False,False,False,False,False,False,False,True,81,"[""01temp_conversion"", ""02rect"", ""03swapwith"", ""03swapwithout"", ""04swapwithxor"", ""05rotate"", ""06pattern"", ""07complex"", ""07complex2"", ""07complex3"", ""08si"", ""09ifelif"", ""10si"", ""10si2"", ""11pattern"", ""12odd"", ""13gcd"", ""13gcd2"", ""13gcd3"", ""14decimal"", ""14series"", ""15prime"", ""15prime2"", ""16armstrong"", ""16armstrong2"", ""16armstrong3"", ""17lcm"", ""17lcm2"", ""18sieve_of_eratosthenes"", ""18sumprime"", ""19prime_composite_counter"", ""20even_fibonacci"", ""21countvowel"", ""22palindrome"", ""22palindrome2"", ""23replace1"", ""23replace2"", ""23replace3"", ""23replace4"", ""24occurrences"", ""24occurrences2"", ""24occurrences3"", ""25substring"", ""26anagram"", ""27maxminlist"", ""28matmul0"", ""28matmul1"", ""29union0"", ""29union1"", ""29union2"", ""30concatenate0"", ""30concatenate1"", ""30concatenate2"", ""31excluder0"", ""31excluder1"", ""31excluder2"", ""32pair0"", ""32pair1"", ""33tuple_from_input"", ""34tuple_sum_insert"", ""35tuple_mean"", ""36tuple_unique_duplicates"", ""37tuple_element_frequency"", ""38tuple_even_product_pairs"", ""39square_dictionary"", ""40char_count_dictionary"", ""41cricket_scores"", ""42employee_salary_dict"", ""43sort_dict_by_value"", ""44merge_dictionaries"", ""45gcd_lcm"", ""45gcd_lcm_functions"", ""46count_upper_lower"", ""47unique_elements_list"", ""48divisible_by_5_and_7_lambda"", ""49find_even_numbers_lambda"", ""50find_maximum_value_lambda"", ""51check_palindrome"", ""52find_primes_in_range"", ""main"", ""my_module""]",True,False,False,True,68,1,0,1.4492753623188406,4.3478260869565215,0.0,0.0,3_pytorch_autograd,18,True,False,False,True,False,False,True,False,3,0,0,0,3,"[""math"", ""torch""]",0,0,0,False,True,True,True,66,2,True,True,True,49,7.0,100.0,100.0,91.66666666666666,True,True,False,False,False
1drie5/py-playground,910762822,main,c70d89bffb0e3cf6840e1a7d4030eb7ced1e1f11,2025-01-01T10:47:57Z,1,201396860268cfc3212f75cde7830699873c61a5ad7e721f6b982479f48fee9c,96c46074074d0b833b3d7f6f7faca324bb8ae51e,pytorch-campusx/4_pytorch_training_pipeline.ipynb,pytorch-campusx/4_pytorch_training_pipeline.ipynb,96c46074074d0b833b3d7f6f7faca324bb8ae51e,71284,https://github.com/1drie5/py-playground/blob/main/pytorch-campusx/4_pytorch_training_pipeline.ipynb,True,python3,python,,38,27,11,0,21,77.77777777777779,49,16,True,False,True,False,False,True,7,"[[""numpy"", 1], [""pandas"", 1], [""sklearn"", 1], [""torch"", 1]]",False,True,True,True,False,True,False,False,False,False,False,False,False,False,False,False,True,81,"[""01temp_conversion"", ""02rect"", ""03swapwith"", ""03swapwithout"", ""04swapwithxor"", ""05rotate"", ""06pattern"", ""07complex"", ""07complex2"", ""07complex3"", ""08si"", ""09ifelif"", ""10si"", ""10si2"", ""11pattern"", ""12odd"", ""13gcd"", ""13gcd2"", ""13gcd3"", ""14decimal"", ""14series"", ""15prime"", ""15prime2"", ""16armstrong"", ""16armstrong2"", ""16armstrong3"", ""17lcm"", ""17lcm2"", ""18sieve_of_eratosthenes"", ""18sumprime"", ""19prime_composite_counter"", ""20even_fibonacci"", ""21countvowel"", ""22palindrome"", ""22palindrome2"", ""23replace1"", ""23replace2"", ""23replace3"", ""23replace4"", ""24occurrences"", ""24occurrences2"", ""24occurrences3"", ""25substring"", ""26anagram"", ""27maxminlist"", ""28matmul0"", ""28matmul1"", ""29union0"", ""29union1"", ""29union2"", ""30concatenate0"", ""30concatenate1"", ""30concatenate2"", ""31excluder0"", ""31excluder1"", ""31excluder2"", ""32pair0"", ""32pair1"", ""33tuple_from_input"", ""34tuple_sum_insert"", ""35tuple_mean"", ""36tuple_unique_duplicates"", ""37tuple_element_frequency"", ""38tuple_even_product_pairs"", ""39square_dictionary"", ""40char_count_dictionary"", ""41cricket_scores"", ""42employee_salary_dict"", ""43sort_dict_by_value"", ""44merge_dictionaries"", ""45gcd_lcm"", ""45gcd_lcm_functions"", ""46count_upper_lower"", ""47unique_elements_list"", ""48divisible_by_5_and_7_lambda"", ""49find_even_numbers_lambda"", ""50find_maximum_value_lambda"", ""51check_palindrome"", ""52find_primes_in_range"", ""main"", ""my_module""]",True,False,False,True,27,11,0,28.947368421052634,25.0,33.33333333333333,28.57142857142857,4_pytorch_training_pipeline,27,True,False,False,False,False,False,True,False,6,2,3,0,7,"[""numpy"", ""pandas"", ""sklearn"", ""torch""]",0,0,0,False,False,True,True,21,6,True,True,True,28,9.333333333333334,100.0,66.66666666666666,66.66666666666666,True,True,True,False,False
1drie5/py-playground,910762822,main,c70d89bffb0e3cf6840e1a7d4030eb7ced1e1f11,2025-01-01T10:47:57Z,1,0a8ee176667ea5293fd5c9cf42e3b4d0f97fb3420f8d80e8f9a99317976b226b,cdb61ff38e08c84671060d9626c9bd7a042a851b,pytorch-campusx/5_pytorch_nn_module.ipynb,pytorch-campusx/5_pytorch_nn_module.ipynb,cdb61ff38e08c84671060d9626c9bd7a042a851b,18878,https://github.com/1drie5/py-playground/blob/main/pytorch-campusx/5_pytorch_nn_module.ipynb,True,python3,python,,21,17,4,0,16,94.11764705882352,26,13,True,False,False,False,False,False,0,[],False,False,False,False,False,True,False,False,False,False,False,False,False,False,False,False,True,81,"[""01temp_conversion"", ""02rect"", ""03swapwith"", ""03swapwithout"", ""04swapwithxor"", ""05rotate"", ""06pattern"", ""07complex"", ""07complex2"", ""07complex3"", ""08si"", ""09ifelif"", ""10si"", ""10si2"", ""11pattern"", ""12odd"", ""13gcd"", ""13gcd2"", ""13gcd3"", ""14decimal"", ""14series"", ""15prime"", ""15prime2"", ""16armstrong"", ""16armstrong2"", ""16armstrong3"", ""17lcm"", ""17lcm2"", ""18sieve_of_eratosthenes"", ""18sumprime"", ""19prime_composite_counter"", ""20even_fibonacci"", ""21countvowel"", ""22palindrome"", ""22palindrome2"", ""23replace1"", ""23replace2"", ""23replace3"", ""23replace4"", ""24occurrences"", ""24occurrences2"", ""24occurrences3"", ""25substring"", ""26anagram"", ""27maxminlist"", ""28matmul0"", ""28matmul1"", ""29union0"", ""29union1"", ""29union2"", ""30concatenate0"", ""30concatenate1"", ""30concatenate2"", ""31excluder0"", ""31excluder1"", ""31excluder2"", ""32pair0"", ""32pair1"", ""33tuple_from_input"", ""34tuple_sum_insert"", ""35tuple_mean"", ""36tuple_unique_duplicates"", ""37tuple_element_frequency"", ""38tuple_even_product_pairs"", ""39square_dictionary"", ""40char_count_dictionary"", ""41cricket_scores"", ""42employee_salary_dict"", ""43sort_dict_by_value"", ""44merge_dictionaries"", ""45gcd_lcm"", ""45gcd_lcm_functions"", ""46count_upper_lower"", ""47unique_elements_list"", ""48divisible_by_5_and_7_lambda"", ""49find_even_numbers_lambda"", ""50find_maximum_value_lambda"", ""51check_palindrome"", ""52find_primes_in_range"", ""main"", ""my_module""]",True,False,False,True,17,4,0,19.047619047619047,28.57142857142857,14.285714285714285,14.285714285714285,5_pytorch_nn_module,19,True,False,False,False,False,False,True,False,0,0,0,0,0,[],0,0,0,True,True,True,True,16,1,True,True,False,8,1.6,100.0,100.0,85.71428571428571,False,True,False,False,False
As17-01/brain_signals,910910663,main,49706e10b05aa4e2867a12eb6ea507b9fae4fed1,2025-01-01T19:00:53Z,0,6d095960536f37765ce49e1b402b8c96960e4261bf26b7c9ab398969004365f0,4078a4ca73eb2256de14763018d373ec02899621,notebooks/archieve/embedded/Comparison_plot.ipynb,notebooks/archieve/embedded/Comparison_plot.ipynb,4078a4ca73eb2256de14763018d373ec02899621,352517,https://github.com/As17-01/brain_signals/blob/main/notebooks/archieve/embedded/Comparison_plot.ipynb,True,python3,python,3.10,3,3,0,0,2,66.66666666666666,2,1,True,True,False,False,False,False,3,"[[""matplotlib"", 1], [""os"", 1], [""re"", 1]]",False,True,False,True,False,False,False,True,False,False,True,False,False,False,False,True,True,23,"[""BiLSTMConv48D2"", ""BiLSTMConv50"", ""BiLSTMDefault"", ""BiLSTMLag1"", ""GRUConv48D2"", ""GRUConv50"", ""GRUDefault"", ""GRULag1"", ""LSTMConv48D2"", ""LSTMConv50"", ""LSTMDefault"", ""LSTMLag1"", ""LiquidConv48D2"", ""LiquidConv50"", ""LiquidDefault"", ""LiquidLag1"", ""main"", ""metrics"", ""models"", ""preprocessing"", ""src"", ""training"", ""utils""]",False,False,False,False,3,0,0,0.0,0.0,0.0,0.0,Comparison_plot,15,True,False,True,True,False,False,True,False,2,0,5,2,3,"[""matplotlib"", ""os"", ""re""]",0,0,0,False,True,True,True,2,1,True,True,False,0,0.0,100.0,100.0,0.0,False,False,False,False,False
As17-01/brain_signals,910910663,main,49706e10b05aa4e2867a12eb6ea507b9fae4fed1,2025-01-01T19:00:53Z,0,b62468a341b4a7f414c2366044c12a8228ca898be5d59a73d2e9b91690c34f26,6cc809b84053fe25dc6ce9a83dca12d8b3a927e5,notebooks/archieve/embedded/GRUv1.ipynb,notebooks/archieve/embedded/GRUv1.ipynb,6cc809b84053fe25dc6ce9a83dca12d8b3a927e5,350922,https://github.com/As17-01/brain_signals/blob/main/notebooks/archieve/embedded/GRUv1.ipynb,True,python3,python,3.10,10,8,2,0,8,100.0,9,5,True,False,True,False,False,False,0,[],False,False,False,False,False,False,False,True,False,False,True,False,False,False,False,True,True,23,"[""BiLSTMConv48D2"", ""BiLSTMConv50"", ""BiLSTMDefault"", ""BiLSTMLag1"", ""GRUConv48D2"", ""GRUConv50"", ""GRUDefault"", ""GRULag1"", ""LSTMConv48D2"", ""LSTMConv50"", ""LSTMDefault"", ""LSTMLag1"", ""LiquidConv48D2"", ""LiquidConv50"", ""LiquidDefault"", ""LiquidLag1"", ""main"", ""metrics"", ""models"", ""preprocessing"", ""src"", ""training"", ""utils""]",False,False,False,False,8,2,0,20.0,33.33333333333333,33.33333333333333,0.0,GRUv1,5,False,False,False,False,False,False,False,False,0,0,0,0,0,[],0,0,0,True,True,True,True,8,0,True,True,False,1,1.0,100.0,100.0,100.0,False,True,False,False,False
As17-01/brain_signals,910910663,main,49706e10b05aa4e2867a12eb6ea507b9fae4fed1,2025-01-01T19:00:53Z,0,29749a476c884fbb71e2a090e184ecad49e8cfc0b1ee5185e3b1f81735a725cb,e7a1fa2a3ab164a4c323e60f64fa1cb7f790cd1f,notebooks/archieve/embedded/GRUv1_emb1.ipynb,notebooks/archieve/embedded/GRUv1_emb1.ipynb,e7a1fa2a3ab164a4c323e60f64fa1cb7f790cd1f,352994,https://github.com/As17-01/brain_signals/blob/main/notebooks/archieve/embedded/GRUv1_emb1.ipynb,True,python3,python,3.10,10,8,2,0,8,100.0,8,5,True,False,True,False,False,False,0,[],False,False,False,False,False,False,False,True,False,False,True,False,False,False,False,True,True,23,"[""BiLSTMConv48D2"", ""BiLSTMConv50"", ""BiLSTMDefault"", ""BiLSTMLag1"", ""GRUConv48D2"", ""GRUConv50"", ""GRUDefault"", ""GRULag1"", ""LSTMConv48D2"", ""LSTMConv50"", ""LSTMDefault"", ""LSTMLag1"", ""LiquidConv48D2"", ""LiquidConv50"", ""LiquidDefault"", ""LiquidLag1"", ""main"", ""metrics"", ""models"", ""preprocessing"", ""src"", ""training"", ""utils""]",False,False,False,False,8,2,0,20.0,33.33333333333333,33.33333333333333,0.0,GRUv1_emb1,10,True,False,False,False,False,False,True,False,0,0,0,0,0,[],0,0,0,True,True,True,True,8,0,True,True,False,0,0.0,100.0,100.0,100.0,False,False,False,False,False
As17-01/brain_signals,910910663,main,49706e10b05aa4e2867a12eb6ea507b9fae4fed1,2025-01-01T19:00:53Z,0,50b5838c4f9c3905b47af7b0aa2ab5f7f419be5a45d953d40e54d1c2e967a64c,26848317ff3e65fa9c4e5ab10122951357d99a24,notebooks/archieve/embedded/GRUv1_emb2.ipynb,notebooks/archieve/embedded/GRUv1_emb2.ipynb,26848317ff3e65fa9c4e5ab10122951357d99a24,352946,https://github.com/As17-01/brain_signals/blob/main/notebooks/archieve/embedded/GRUv1_emb2.ipynb,True,python3,python,3.10,10,8,2,0,8,100.0,8,5,True,False,True,False,False,False,0,[],False,False,False,False,False,False,False,True,False,False,True,False,False,False,False,True,True,23,"[""BiLSTMConv48D2"", ""BiLSTMConv50"", ""BiLSTMDefault"", ""BiLSTMLag1"", ""GRUConv48D2"", ""GRUConv50"", ""GRUDefault"", ""GRULag1"", ""LSTMConv48D2"", ""LSTMConv50"", ""LSTMDefault"", ""LSTMLag1"", ""LiquidConv48D2"", ""LiquidConv50"", ""LiquidDefault"", ""LiquidLag1"", ""main"", ""metrics"", ""models"", ""preprocessing"", ""src"", ""training"", ""utils""]",False,False,False,False,8,2,0,20.0,33.33333333333333,33.33333333333333,0.0,GRUv1_emb2,10,True,False,False,False,False,False,True,False,0,0,0,0,0,[],0,0,0,True,True,True,True,8,0,True,True,False,0,0.0,100.0,100.0,100.0,False,False,False,False,False
As17-01/brain_signals,910910663,main,49706e10b05aa4e2867a12eb6ea507b9fae4fed1,2025-01-01T19:00:53Z,0,10ec2fea97899b80746a27d29d4a4499b85d802de7381e629bca25c6a84d3b6d,9b505685a975f0c492c8c88eeccf1a8a04185747,notebooks/archieve/embedded/GRUv1_emb3.ipynb,notebooks/archieve/embedded/GRUv1_emb3.ipynb,9b505685a975f0c492c8c88eeccf1a8a04185747,352962,https://github.com/As17-01/brain_signals/blob/main/notebooks/archieve/embedded/GRUv1_emb3.ipynb,True,python3,python,3.10,10,8,2,0,8,100.0,8,5,True,False,True,False,False,False,0,[],False,False,False,False,False,False,False,True,False,False,True,False,False,False,False,True,True,23,"[""BiLSTMConv48D2"", ""BiLSTMConv50"", ""BiLSTMDefault"", ""BiLSTMLag1"", ""GRUConv48D2"", ""GRUConv50"", ""GRUDefault"", ""GRULag1"", ""LSTMConv48D2"", ""LSTMConv50"", ""LSTMDefault"", ""LSTMLag1"", ""LiquidConv48D2"", ""LiquidConv50"", ""LiquidDefault"", ""LiquidLag1"", ""main"", ""metrics"", ""models"", ""preprocessing"", ""src"", ""training"", ""utils""]",False,False,False,False,8,2,0,20.0,33.33333333333333,33.33333333333333,0.0,GRUv1_emb3,10,True,False,False,False,False,False,True,False,0,0,0,0,0,[],0,0,0,True,True,True,True,8,0,True,True,False,0,0.0,100.0,100.0,100.0,False,False,False,False,False
As17-01/brain_signals,910910663,main,49706e10b05aa4e2867a12eb6ea507b9fae4fed1,2025-01-01T19:00:53Z,0,f29f7d0b3c59d8fb6f341fa8459ffb6fa8aacd6af587ce8fada4ad2e584cd11a,9a5ca9fbc284b534160224ef3dace34297887ff5,notebooks/archieve/embedded/GRUv1_emb4.ipynb,notebooks/archieve/embedded/GRUv1_emb4.ipynb,9a5ca9fbc284b534160224ef3dace34297887ff5,350034,https://github.com/As17-01/brain_signals/blob/main/notebooks/archieve/embedded/GRUv1_emb4.ipynb,True,python3,python,3.10,10,8,2,0,8,100.0,13,4,True,False,True,False,False,False,0,[],False,False,False,False,False,False,False,True,False,False,True,False,False,False,False,True,True,23,"[""BiLSTMConv48D2"", ""BiLSTMConv50"", ""BiLSTMDefault"", ""BiLSTMLag1"", ""GRUConv48D2"", ""GRUConv50"", ""GRUDefault"", ""GRULag1"", ""LSTMConv48D2"", ""LSTMConv50"", ""LSTMDefault"", ""LSTMLag1"", ""LiquidConv48D2"", ""LiquidConv50"", ""LiquidDefault"", ""LiquidLag1"", ""main"", ""metrics"", ""models"", ""preprocessing"", ""src"", ""training"", ""utils""]",False,False,False,False,8,2,0,20.0,33.33333333333333,33.33333333333333,0.0,GRUv1_emb4,10,True,False,False,False,False,False,True,False,0,0,0,0,0,[],0,0,0,True,True,True,True,8,0,True,True,False,0,0.0,100.0,100.0,100.0,False,False,False,False,False
As17-01/brain_signals,910910663,main,49706e10b05aa4e2867a12eb6ea507b9fae4fed1,2025-01-01T19:00:53Z,0,66e6669556225c07779e5fb99d8c6dedf333edb06314af9412361db24af32ac8,f016f4b0b3da42e5a824ef8bf22d6e6e904afafd,notebooks/archieve/embedded/GRUv1_plot.ipynb,notebooks/archieve/embedded/GRUv1_plot.ipynb,f016f4b0b3da42e5a824ef8bf22d6e6e904afafd,390853,https://github.com/As17-01/brain_signals/blob/main/notebooks/archieve/embedded/GRUv1_plot.ipynb,True,python3,python,3.10,3,3,0,0,1,33.33333333333333,1,1,True,True,False,False,False,False,3,"[[""matplotlib"", 1], [""os"", 1], [""re"", 1]]",False,True,False,True,False,False,False,True,False,False,True,False,False,False,False,True,True,23,"[""BiLSTMConv48D2"", ""BiLSTMConv50"", ""BiLSTMDefault"", ""BiLSTMLag1"", ""GRUConv48D2"", ""GRUConv50"", ""GRUDefault"", ""GRULag1"", ""LSTMConv48D2"", ""LSTMConv50"", ""LSTMDefault"", ""LSTMLag1"", ""LiquidConv48D2"", ""LiquidConv50"", ""LiquidDefault"", ""LiquidLag1"", ""main"", ""metrics"", ""models"", ""preprocessing"", ""src"", ""training"", ""utils""]",False,False,False,False,3,0,0,0.0,0.0,0.0,0.0,GRUv1_plot,10,True,False,True,True,False,False,True,False,2,0,5,2,3,"[""matplotlib"", ""os"", ""re""]",0,0,0,False,True,True,True,1,2,True,True,False,0,0.0,100.0,0.0,0.0,False,False,False,False,False
As17-01/brain_signals,910910663,main,49706e10b05aa4e2867a12eb6ea507b9fae4fed1,2025-01-01T19:00:53Z,0,edcf05c91e54f51f7afb82a8eccfb1dff13b208745b891ae210bfdb0e924d77f,d799c95e003c1657af1c31a9183c3b9cf1a00a64,notebooks/archieve/embedded/GRUv2.ipynb,notebooks/archieve/embedded/GRUv2.ipynb,d799c95e003c1657af1c31a9183c3b9cf1a00a64,351679,https://github.com/As17-01/brain_signals/blob/main/notebooks/archieve/embedded/GRUv2.ipynb,True,python3,python,3.10,11,9,2,0,8,88.88888888888889,11,5,True,False,True,False,False,False,0,[],False,False,False,False,False,False,False,True,False,False,True,False,False,False,False,True,True,23,"[""BiLSTMConv48D2"", ""BiLSTMConv50"", ""BiLSTMDefault"", ""BiLSTMLag1"", ""GRUConv48D2"", ""GRUConv50"", ""GRUDefault"", ""GRULag1"", ""LSTMConv48D2"", ""LSTMConv50"", ""LSTMDefault"", ""LSTMLag1"", ""LiquidConv48D2"", ""LiquidConv50"", ""LiquidDefault"", ""LiquidLag1"", ""main"", ""metrics"", ""models"", ""preprocessing"", ""src"", ""training"", ""utils""]",False,False,False,False,9,2,0,18.181818181818183,33.33333333333333,33.33333333333333,0.0,GRUv2,5,False,False,False,False,False,False,False,False,0,0,0,0,0,[],0,0,0,True,True,True,True,8,1,True,True,False,0,0.0,100.0,100.0,66.66666666666666,False,False,False,False,False
As17-01/brain_signals,910910663,main,49706e10b05aa4e2867a12eb6ea507b9fae4fed1,2025-01-01T19:00:53Z,0,0d5c11a76cb54d4e3b4853bb1899ead2ce910a7fd8e960ad721142c3cd8f455f,630076e2b7be08984839bfb660c25410e1559c84,notebooks/archieve/embedded/GRUv2_conv.ipynb,notebooks/archieve/embedded/GRUv2_conv.ipynb,630076e2b7be08984839bfb660c25410e1559c84,352915,https://github.com/As17-01/brain_signals/blob/main/notebooks/archieve/embedded/GRUv2_conv.ipynb,True,python3,python,3.10,11,9,2,0,8,88.88888888888889,8,5,True,False,True,False,False,False,0,[],False,False,False,False,False,False,False,True,False,False,True,False,False,False,False,True,True,23,"[""BiLSTMConv48D2"", ""BiLSTMConv50"", ""BiLSTMDefault"", ""BiLSTMLag1"", ""GRUConv48D2"", ""GRUConv50"", ""GRUDefault"", ""GRULag1"", ""LSTMConv48D2"", ""LSTMConv50"", ""LSTMDefault"", ""LSTMLag1"", ""LiquidConv48D2"", ""LiquidConv50"", ""LiquidDefault"", ""LiquidLag1"", ""main"", ""metrics"", ""models"", ""preprocessing"", ""src"", ""training"", ""utils""]",False,False,False,False,9,2,0,18.181818181818183,33.33333333333333,33.33333333333333,0.0,GRUv2_conv,10,True,False,False,False,False,False,True,False,0,0,0,0,0,[],0,0,0,True,True,True,True,8,1,True,True,False,0,0.0,100.0,100.0,66.66666666666666,False,False,False,False,False
As17-01/brain_signals,910910663,main,49706e10b05aa4e2867a12eb6ea507b9fae4fed1,2025-01-01T19:00:53Z,0,2819bba1d33cf6383b777587c3b837278bc386ce244c7604046b3eff7923470f,85c4565252d9867dc79f099abeee1df9d17f2083,notebooks/archieve/embedded/GRUv2_conv2.ipynb,notebooks/archieve/embedded/GRUv2_conv2.ipynb,85c4565252d9867dc79f099abeee1df9d17f2083,354167,https://github.com/As17-01/brain_signals/blob/main/notebooks/archieve/embedded/GRUv2_conv2.ipynb,True,python3,python,3.10,11,9,2,0,8,88.88888888888889,8,5,True,False,True,False,False,False,0,[],False,False,False,False,False,False,False,True,False,False,True,False,False,False,False,True,True,23,"[""BiLSTMConv48D2"", ""BiLSTMConv50"", ""BiLSTMDefault"", ""BiLSTMLag1"", ""GRUConv48D2"", ""GRUConv50"", ""GRUDefault"", ""GRULag1"", ""LSTMConv48D2"", ""LSTMConv50"", ""LSTMDefault"", ""LSTMLag1"", ""LiquidConv48D2"", ""LiquidConv50"", ""LiquidDefault"", ""LiquidLag1"", ""main"", ""metrics"", ""models"", ""preprocessing"", ""src"", ""training"", ""utils""]",False,False,False,False,9,2,0,18.181818181818183,33.33333333333333,33.33333333333333,0.0,GRUv2_conv2,11,True,False,False,False,False,False,True,False,0,0,0,0,0,[],0,0,0,True,True,True,True,8,1,True,True,False,0,0.0,100.0,100.0,66.66666666666666,False,False,False,False,False
As17-01/brain_signals,910910663,main,49706e10b05aa4e2867a12eb6ea507b9fae4fed1,2025-01-01T19:00:53Z,0,1105097479a1f5bfcd3a1dc7ea6017f6cacb73296fac654112dd4bf199537210,f1f7654313eb5e232f00def07b0a1bcca8213511,notebooks/archieve/embedded/GRUv2_conv_expanded.ipynb,notebooks/archieve/embedded/GRUv2_conv_expanded.ipynb,f1f7654313eb5e232f00def07b0a1bcca8213511,677364,https://github.com/As17-01/brain_signals/blob/main/notebooks/archieve/embedded/GRUv2_conv_expanded.ipynb,True,python3,python,3.10,11,9,2,0,8,88.88888888888889,8,5,True,False,True,False,False,False,0,[],False,False,False,False,False,False,False,True,False,False,True,False,False,False,False,True,True,23,"[""BiLSTMConv48D2"", ""BiLSTMConv50"", ""BiLSTMDefault"", ""BiLSTMLag1"", ""GRUConv48D2"", ""GRUConv50"", ""GRUDefault"", ""GRULag1"", ""LSTMConv48D2"", ""LSTMConv50"", ""LSTMDefault"", ""LSTMLag1"", ""LiquidConv48D2"", ""LiquidConv50"", ""LiquidDefault"", ""LiquidLag1"", ""main"", ""metrics"", ""models"", ""preprocessing"", ""src"", ""training"", ""utils""]",False,False,False,False,9,2,0,18.181818181818183,33.33333333333333,33.33333333333333,0.0,GRUv2_conv_expanded,19,True,False,False,False,False,False,True,False,0,0,0,0,0,[],0,0,0,True,True,True,True,8,1,True,True,False,0,0.0,100.0,100.0,66.66666666666666,False,False,False,False,False
As17-01/brain_signals,910910663,main,49706e10b05aa4e2867a12eb6ea507b9fae4fed1,2025-01-01T19:00:53Z,0,d80b1e41346f6f8e301c5f92ef82939597776660727ba4cc678b00d6d07ed97f,5b35cf0b61c727f4b377fa2a75dbc2e22c5d7fe8,notebooks/archieve/embedded/GRUv2_emb1.ipynb,notebooks/archieve/embedded/GRUv2_emb1.ipynb,5b35cf0b61c727f4b377fa2a75dbc2e22c5d7fe8,353393,https://github.com/As17-01/brain_signals/blob/main/notebooks/archieve/embedded/GRUv2_emb1.ipynb,True,python3,python,3.10,10,8,2,0,8,100.0,11,5,True,False,True,False,False,False,0,[],False,False,False,False,False,False,False,True,False,False,True,False,False,False,False,True,True,23,"[""BiLSTMConv48D2"", ""BiLSTMConv50"", ""BiLSTMDefault"", ""BiLSTMLag1"", ""GRUConv48D2"", ""GRUConv50"", ""GRUDefault"", ""GRULag1"", ""LSTMConv48D2"", ""LSTMConv50"", ""LSTMDefault"", ""LSTMLag1"", ""LiquidConv48D2"", ""LiquidConv50"", ""LiquidDefault"", ""LiquidLag1"", ""main"", ""metrics"", ""models"", ""preprocessing"", ""src"", ""training"", ""utils""]",False,False,False,False,8,2,0,20.0,33.33333333333333,33.33333333333333,0.0,GRUv2_emb1,10,True,False,False,False,False,False,True,False,0,0,0,0,0,[],0,0,0,True,True,True,True,8,0,True,True,False,0,0.0,100.0,100.0,100.0,False,False,False,False,False
As17-01/brain_signals,910910663,main,49706e10b05aa4e2867a12eb6ea507b9fae4fed1,2025-01-01T19:00:53Z,0,3604ecc09e4297d6f6742ac1510bc51e005fba58bdd383a80b85a0d173eb0a52,be5df083a99764dd6ecab14f9e51ab4a5c93d49e,notebooks/archieve/embedded/GRUv2_emb1_expanded.ipynb,notebooks/archieve/embedded/GRUv2_emb1_expanded.ipynb,be5df083a99764dd6ecab14f9e51ab4a5c93d49e,677823,https://github.com/As17-01/brain_signals/blob/main/notebooks/archieve/embedded/GRUv2_emb1_expanded.ipynb,True,python3,python,3.10,10,8,2,0,8,100.0,8,5,True,False,True,False,False,False,0,[],False,False,False,False,False,False,False,True,False,False,True,False,False,False,False,True,True,23,"[""BiLSTMConv48D2"", ""BiLSTMConv50"", ""BiLSTMDefault"", ""BiLSTMLag1"", ""GRUConv48D2"", ""GRUConv50"", ""GRUDefault"", ""GRULag1"", ""LSTMConv48D2"", ""LSTMConv50"", ""LSTMDefault"", ""LSTMLag1"", ""LiquidConv48D2"", ""LiquidConv50"", ""LiquidDefault"", ""LiquidLag1"", ""main"", ""metrics"", ""models"", ""preprocessing"", ""src"", ""training"", ""utils""]",False,False,False,False,8,2,0,20.0,33.33333333333333,33.33333333333333,0.0,GRUv2_emb1_expanded,19,True,False,False,False,False,False,True,False,0,0,0,0,0,[],0,0,0,True,True,True,True,8,0,True,True,False,0,0.0,100.0,100.0,100.0,False,False,False,False,False
As17-01/brain_signals,910910663,main,49706e10b05aa4e2867a12eb6ea507b9fae4fed1,2025-01-01T19:00:53Z,0,6bb52f0637c505526faaa6cfbe8ad0453e1c5b4d1f113ca821448ad7d4a70821,ba8b2f46182284171cca235b4ab55cc9b88d54f0,notebooks/archieve/embedded/GRUv2_emb2.ipynb,notebooks/archieve/embedded/GRUv2_emb2.ipynb,ba8b2f46182284171cca235b4ab55cc9b88d54f0,353787,https://github.com/As17-01/brain_signals/blob/main/notebooks/archieve/embedded/GRUv2_emb2.ipynb,True,python3,python,3.10,10,8,2,0,8,100.0,11,5,True,False,True,False,False,False,0,[],False,False,False,False,False,False,False,True,False,False,True,False,False,False,False,True,True,23,"[""BiLSTMConv48D2"", ""BiLSTMConv50"", ""BiLSTMDefault"", ""BiLSTMLag1"", ""GRUConv48D2"", ""GRUConv50"", ""GRUDefault"", ""GRULag1"", ""LSTMConv48D2"", ""LSTMConv50"", ""LSTMDefault"", ""LSTMLag1"", ""LiquidConv48D2"", ""LiquidConv50"", ""LiquidDefault"", ""LiquidLag1"", ""main"", ""metrics"", ""models"", ""preprocessing"", ""src"", ""training"", ""utils""]",False,False,False,False,8,2,0,20.0,33.33333333333333,33.33333333333333,0.0,GRUv2_emb2,10,True,False,False,False,False,False,True,False,0,0,0,0,0,[],0,0,0,True,True,True,True,8,0,True,True,False,0,0.0,100.0,100.0,100.0,False,False,False,False,False
As17-01/brain_signals,910910663,main,49706e10b05aa4e2867a12eb6ea507b9fae4fed1,2025-01-01T19:00:53Z,0,68d81e3f60999eadd95f8820ddc23105d6fc2dcec157166a82329988f2fba56c,7e01e5ab02857ed91256498aa638e6394c7fe19c,notebooks/archieve/embedded/GRUv2_emb3.ipynb,notebooks/archieve/embedded/GRUv2_emb3.ipynb,7e01e5ab02857ed91256498aa638e6394c7fe19c,353389,https://github.com/As17-01/brain_signals/blob/main/notebooks/archieve/embedded/GRUv2_emb3.ipynb,True,python3,python,3.10,10,8,2,0,8,100.0,11,5,True,False,True,False,False,False,0,[],False,False,False,False,False,False,False,True,False,False,True,False,False,False,False,True,True,23,"[""BiLSTMConv48D2"", ""BiLSTMConv50"", ""BiLSTMDefault"", ""BiLSTMLag1"", ""GRUConv48D2"", ""GRUConv50"", ""GRUDefault"", ""GRULag1"", ""LSTMConv48D2"", ""LSTMConv50"", ""LSTMDefault"", ""LSTMLag1"", ""LiquidConv48D2"", ""LiquidConv50"", ""LiquidDefault"", ""LiquidLag1"", ""main"", ""metrics"", ""models"", ""preprocessing"", ""src"", ""training"", ""utils""]",False,False,False,False,8,2,0,20.0,33.33333333333333,33.33333333333333,0.0,GRUv2_emb3,10,True,False,False,False,False,False,True,False,0,0,0,0,0,[],0,0,0,True,True,True,True,8,0,True,True,False,0,0.0,100.0,100.0,100.0,False,False,False,False,False
As17-01/brain_signals,910910663,main,49706e10b05aa4e2867a12eb6ea507b9fae4fed1,2025-01-01T19:00:53Z,0,f9c1f81c1f3f532f0993fb5d555a7f001c84fee54e73ec630b85a15f9b2f7a87,03f5d56f1575fba5dc7594416e316f7bb5b76b76,notebooks/archieve/embedded/GRUv2_emb4.ipynb,notebooks/archieve/embedded/GRUv2_emb4.ipynb,03f5d56f1575fba5dc7594416e316f7bb5b76b76,352154,https://github.com/As17-01/brain_signals/blob/main/notebooks/archieve/embedded/GRUv2_emb4.ipynb,True,python3,python,3.10,10,8,2,0,8,100.0,11,5,True,False,True,False,False,False,0,[],False,False,False,False,False,False,False,True,False,False,True,False,False,False,False,True,True,23,"[""BiLSTMConv48D2"", ""BiLSTMConv50"", ""BiLSTMDefault"", ""BiLSTMLag1"", ""GRUConv48D2"", ""GRUConv50"", ""GRUDefault"", ""GRULag1"", ""LSTMConv48D2"", ""LSTMConv50"", ""LSTMDefault"", ""LSTMLag1"", ""LiquidConv48D2"", ""LiquidConv50"", ""LiquidDefault"", ""LiquidLag1"", ""main"", ""metrics"", ""models"", ""preprocessing"", ""src"", ""training"", ""utils""]",False,False,False,False,8,2,0,20.0,33.33333333333333,33.33333333333333,0.0,GRUv2_emb4,10,True,False,False,False,False,False,True,False,0,0,0,0,0,[],0,0,0,True,True,True,True,8,0,True,True,False,0,0.0,100.0,100.0,100.0,False,False,False,False,False
As17-01/brain_signals,910910663,main,49706e10b05aa4e2867a12eb6ea507b9fae4fed1,2025-01-01T19:00:53Z,0,b83a736791bd617ee21dba619732c2fdc0ed498674beeef0fa3cb465fe753d28,1e9ee4dd19aada2d41d005e30518efca36522002,notebooks/archieve/embedded/GRUv2_expanded.ipynb,notebooks/archieve/embedded/GRUv2_expanded.ipynb,1e9ee4dd19aada2d41d005e30518efca36522002,676116,https://github.com/As17-01/brain_signals/blob/main/notebooks/archieve/embedded/GRUv2_expanded.ipynb,True,python3,python,3.10,11,9,2,0,8,88.88888888888889,8,5,True,False,True,False,False,False,0,[],False,False,False,False,False,False,False,True,False,False,True,False,False,False,False,True,True,23,"[""BiLSTMConv48D2"", ""BiLSTMConv50"", ""BiLSTMDefault"", ""BiLSTMLag1"", ""GRUConv48D2"", ""GRUConv50"", ""GRUDefault"", ""GRULag1"", ""LSTMConv48D2"", ""LSTMConv50"", ""LSTMDefault"", ""LSTMLag1"", ""LiquidConv48D2"", ""LiquidConv50"", ""LiquidDefault"", ""LiquidLag1"", ""main"", ""metrics"", ""models"", ""preprocessing"", ""src"", ""training"", ""utils""]",False,False,False,False,9,2,0,18.181818181818183,33.33333333333333,33.33333333333333,0.0,GRUv2_expanded,14,True,False,False,False,False,False,True,False,0,0,0,0,0,[],0,0,0,True,True,True,True,8,1,True,True,False,0,0.0,100.0,100.0,66.66666666666666,False,False,False,False,False
As17-01/brain_signals,910910663,main,49706e10b05aa4e2867a12eb6ea507b9fae4fed1,2025-01-01T19:00:53Z,0,7cfd054176913b00ffcfd300a16b6a09a1c9253c208bdcb654ca2e0a9fc6333a,c51084a5d7b3b5a116e37b75d66746cea8b3c697,notebooks/archieve/embedded/GRUv2_plot.ipynb,notebooks/archieve/embedded/GRUv2_plot.ipynb,c51084a5d7b3b5a116e37b75d66746cea8b3c697,570900,https://github.com/As17-01/brain_signals/blob/main/notebooks/archieve/embedded/GRUv2_plot.ipynb,True,python3,python,3.10,3,3,0,0,2,66.66666666666666,14,1,True,True,False,False,False,False,3,"[[""matplotlib"", 1], [""os"", 1], [""re"", 1]]",False,True,False,True,False,False,False,True,False,False,True,False,False,False,False,True,True,23,"[""BiLSTMConv48D2"", ""BiLSTMConv50"", ""BiLSTMDefault"", ""BiLSTMLag1"", ""GRUConv48D2"", ""GRUConv50"", ""GRUDefault"", ""GRULag1"", ""LSTMConv48D2"", ""LSTMConv50"", ""LSTMDefault"", ""LSTMLag1"", ""LiquidConv48D2"", ""LiquidConv50"", ""LiquidDefault"", ""LiquidLag1"", ""main"", ""metrics"", ""models"", ""preprocessing"", ""src"", ""training"", ""utils""]",False,False,False,False,3,0,0,0.0,0.0,0.0,0.0,GRUv2_plot,10,True,False,True,True,False,False,True,False,2,0,5,2,3,"[""matplotlib"", ""os"", ""re""]",0,0,0,False,True,True,True,2,1,True,True,False,0,0.0,100.0,100.0,0.0,False,False,False,False,False
As17-01/brain_signals,910910663,main,49706e10b05aa4e2867a12eb6ea507b9fae4fed1,2025-01-01T19:00:53Z,0,a4b2c58bcffbe05efcd1e26878a1cc7296b8545035a5011f1b11a6894c5582ae,3a5c6fdfedfd4fa017efa3ec75f7f3956e794e93,notebooks/archieve/embedded/LSTMv1.ipynb,notebooks/archieve/embedded/LSTMv1.ipynb,3a5c6fdfedfd4fa017efa3ec75f7f3956e794e93,350943,https://github.com/As17-01/brain_signals/blob/main/notebooks/archieve/embedded/LSTMv1.ipynb,True,python3,python,3.10,10,8,2,0,8,100.0,10,5,True,False,True,False,False,False,0,[],False,False,False,False,False,False,False,True,False,False,True,False,False,False,False,True,True,23,"[""BiLSTMConv48D2"", ""BiLSTMConv50"", ""BiLSTMDefault"", ""BiLSTMLag1"", ""GRUConv48D2"", ""GRUConv50"", ""GRUDefault"", ""GRULag1"", ""LSTMConv48D2"", ""LSTMConv50"", ""LSTMDefault"", ""LSTMLag1"", ""LiquidConv48D2"", ""LiquidConv50"", ""LiquidDefault"", ""LiquidLag1"", ""main"", ""metrics"", ""models"", ""preprocessing"", ""src"", ""training"", ""utils""]",False,False,False,False,8,2,0,20.0,33.33333333333333,33.33333333333333,0.0,LSTMv1,6,False,False,False,False,False,False,False,False,0,0,0,0,0,[],0,0,0,True,True,True,True,8,0,True,True,False,2,2.0,100.0,100.0,100.0,False,True,False,False,False
As17-01/brain_signals,910910663,main,49706e10b05aa4e2867a12eb6ea507b9fae4fed1,2025-01-01T19:00:53Z,0,36dabb87eeee7dfa110f401a971cac1a27400051fa88d033e58be12b78d0ca84,c7be57a8471d777c6cad7ffdb18ae068010cb581,notebooks/archieve/embedded/LSTMv1_emb1.ipynb,notebooks/archieve/embedded/LSTMv1_emb1.ipynb,c7be57a8471d777c6cad7ffdb18ae068010cb581,352977,https://github.com/As17-01/brain_signals/blob/main/notebooks/archieve/embedded/LSTMv1_emb1.ipynb,True,python3,python,3.10,10,8,2,0,8,100.0,8,5,True,False,True,False,False,False,0,[],False,False,False,False,False,False,False,True,False,False,True,False,False,False,False,True,True,23,"[""BiLSTMConv48D2"", ""BiLSTMConv50"", ""BiLSTMDefault"", ""BiLSTMLag1"", ""GRUConv48D2"", ""GRUConv50"", ""GRUDefault"", ""GRULag1"", ""LSTMConv48D2"", ""LSTMConv50"", ""LSTMDefault"", ""LSTMLag1"", ""LiquidConv48D2"", ""LiquidConv50"", ""LiquidDefault"", ""LiquidLag1"", ""main"", ""metrics"", ""models"", ""preprocessing"", ""src"", ""training"", ""utils""]",False,False,False,False,8,2,0,20.0,33.33333333333333,33.33333333333333,0.0,LSTMv1_emb1,11,True,False,False,False,False,False,True,False,0,0,0,0,0,[],0,0,0,True,True,True,True,8,0,True,True,False,0,0.0,100.0,100.0,100.0,False,False,False,False,False
As17-01/brain_signals,910910663,main,49706e10b05aa4e2867a12eb6ea507b9fae4fed1,2025-01-01T19:00:53Z,0,ce45bc8ac818de4757f4fa2e153585cb8c20393c64d5acff9bd7b2ff510d93ce,36b39b6968c3743b518ffcf1d0e5d6a72afd682f,notebooks/archieve/embedded/LSTMv1_emb2.ipynb,notebooks/archieve/embedded/LSTMv1_emb2.ipynb,36b39b6968c3743b518ffcf1d0e5d6a72afd682f,352975,https://github.com/As17-01/brain_signals/blob/main/notebooks/archieve/embedded/LSTMv1_emb2.ipynb,True,python3,python,3.10,10,8,2,0,8,100.0,8,5,True,False,True,False,False,False,0,[],False,False,False,False,False,False,False,True,False,False,True,False,False,False,False,True,True,23,"[""BiLSTMConv48D2"", ""BiLSTMConv50"", ""BiLSTMDefault"", ""BiLSTMLag1"", ""GRUConv48D2"", ""GRUConv50"", ""GRUDefault"", ""GRULag1"", ""LSTMConv48D2"", ""LSTMConv50"", ""LSTMDefault"", ""LSTMLag1"", ""LiquidConv48D2"", ""LiquidConv50"", ""LiquidDefault"", ""LiquidLag1"", ""main"", ""metrics"", ""models"", ""preprocessing"", ""src"", ""training"", ""utils""]",False,False,False,False,8,2,0,20.0,33.33333333333333,33.33333333333333,0.0,LSTMv1_emb2,11,True,False,False,False,False,False,True,False,0,0,0,0,0,[],0,0,0,True,True,True,True,8,0,True,True,False,0,0.0,100.0,100.0,100.0,False,False,False,False,False
As17-01/brain_signals,910910663,main,49706e10b05aa4e2867a12eb6ea507b9fae4fed1,2025-01-01T19:00:53Z,0,113b80f0eb527a22281b022f988295263ce617946ffdccb50a1c730e55cecbd0,f0aca6ff1e190c87e00e32eaab0b6f633513330d,notebooks/archieve/embedded/LSTMv1_emb3.ipynb,notebooks/archieve/embedded/LSTMv1_emb3.ipynb,f0aca6ff1e190c87e00e32eaab0b6f633513330d,352967,https://github.com/As17-01/brain_signals/blob/main/notebooks/archieve/embedded/LSTMv1_emb3.ipynb,True,python3,python,3.10,10,8,2,0,8,100.0,8,5,True,False,True,False,False,False,0,[],False,False,False,False,False,False,False,True,False,False,True,False,False,False,False,True,True,23,"[""BiLSTMConv48D2"", ""BiLSTMConv50"", ""BiLSTMDefault"", ""BiLSTMLag1"", ""GRUConv48D2"", ""GRUConv50"", ""GRUDefault"", ""GRULag1"", ""LSTMConv48D2"", ""LSTMConv50"", ""LSTMDefault"", ""LSTMLag1"", ""LiquidConv48D2"", ""LiquidConv50"", ""LiquidDefault"", ""LiquidLag1"", ""main"", ""metrics"", ""models"", ""preprocessing"", ""src"", ""training"", ""utils""]",False,False,False,False,8,2,0,20.0,33.33333333333333,33.33333333333333,0.0,LSTMv1_emb3,11,True,False,False,False,False,False,True,False,0,0,0,0,0,[],0,0,0,True,True,True,True,8,0,True,True,False,0,0.0,100.0,100.0,100.0,False,False,False,False,False
As17-01/brain_signals,910910663,main,49706e10b05aa4e2867a12eb6ea507b9fae4fed1,2025-01-01T19:00:53Z,0,511721d35c24b47570287fdc5d995c527dfdcfdc7199a41aac4a599b39ab6852,fc42bfb6ec09059c0c3fea0469e4def4206bcfdf,notebooks/archieve/embedded/LSTMv1_emb4.ipynb,notebooks/archieve/embedded/LSTMv1_emb4.ipynb,fc42bfb6ec09059c0c3fea0469e4def4206bcfdf,351564,https://github.com/As17-01/brain_signals/blob/main/notebooks/archieve/embedded/LSTMv1_emb4.ipynb,True,python3,python,3.10,10,8,2,0,8,100.0,8,5,True,False,True,False,False,False,0,[],False,False,False,False,False,False,False,True,False,False,True,False,False,False,False,True,True,23,"[""BiLSTMConv48D2"", ""BiLSTMConv50"", ""BiLSTMDefault"", ""BiLSTMLag1"", ""GRUConv48D2"", ""GRUConv50"", ""GRUDefault"", ""GRULag1"", ""LSTMConv48D2"", ""LSTMConv50"", ""LSTMDefault"", ""LSTMLag1"", ""LiquidConv48D2"", ""LiquidConv50"", ""LiquidDefault"", ""LiquidLag1"", ""main"", ""metrics"", ""models"", ""preprocessing"", ""src"", ""training"", ""utils""]",False,False,False,False,8,2,0,20.0,33.33333333333333,33.33333333333333,0.0,LSTMv1_emb4,11,True,False,False,False,False,False,True,False,0,0,0,0,0,[],0,0,0,True,True,True,True,8,0,True,True,False,0,0.0,100.0,100.0,100.0,False,False,False,False,False
As17-01/brain_signals,910910663,main,49706e10b05aa4e2867a12eb6ea507b9fae4fed1,2025-01-01T19:00:53Z,0,60e95fd06ae906ab6e63e8d2384981432bb4a81515d78f0640967332fdb910e2,8f378fc902cf396f0b6ff268cdc0dba83a2c467a,notebooks/archieve/embedded/LSTMv1_plot.ipynb,notebooks/archieve/embedded/LSTMv1_plot.ipynb,8f378fc902cf396f0b6ff268cdc0dba83a2c467a,425974,https://github.com/As17-01/brain_signals/blob/main/notebooks/archieve/embedded/LSTMv1_plot.ipynb,True,python3,python,3.10,3,3,0,0,1,33.33333333333333,1,1,True,True,False,False,False,False,3,"[[""matplotlib"", 1], [""os"", 1], [""re"", 1]]",False,True,False,True,False,False,False,True,False,False,True,False,False,False,False,True,True,23,"[""BiLSTMConv48D2"", ""BiLSTMConv50"", ""BiLSTMDefault"", ""BiLSTMLag1"", ""GRUConv48D2"", ""GRUConv50"", ""GRUDefault"", ""GRULag1"", ""LSTMConv48D2"", ""LSTMConv50"", ""LSTMDefault"", ""LSTMLag1"", ""LiquidConv48D2"", ""LiquidConv50"", ""LiquidDefault"", ""LiquidLag1"", ""main"", ""metrics"", ""models"", ""preprocessing"", ""src"", ""training"", ""utils""]",False,False,False,False,3,0,0,0.0,0.0,0.0,0.0,LSTMv1_plot,11,True,False,True,True,False,False,True,False,2,0,5,2,3,"[""matplotlib"", ""os"", ""re""]",0,0,0,False,True,True,True,1,2,True,True,False,0,0.0,100.0,0.0,0.0,False,False,False,False,False
As17-01/brain_signals,910910663,main,49706e10b05aa4e2867a12eb6ea507b9fae4fed1,2025-01-01T19:00:53Z,0,330abbdb0c0f18dc0c474fd5a5e3a87b66b9045456979f280ac28912f76e96c7,772538172e1301e273e5f2b8e4fc6daa1f54154a,notebooks/archieve/embedded/LSTMv2.ipynb,notebooks/archieve/embedded/LSTMv2.ipynb,772538172e1301e273e5f2b8e4fc6daa1f54154a,351647,https://github.com/As17-01/brain_signals/blob/main/notebooks/archieve/embedded/LSTMv2.ipynb,True,python3,python,3.10,11,9,2,0,8,88.88888888888889,8,5,True,False,True,False,False,False,0,[],False,False,False,False,False,False,False,True,False,False,True,False,False,False,False,True,True,23,"[""BiLSTMConv48D2"", ""BiLSTMConv50"", ""BiLSTMDefault"", ""BiLSTMLag1"", ""GRUConv48D2"", ""GRUConv50"", ""GRUDefault"", ""GRULag1"", ""LSTMConv48D2"", ""LSTMConv50"", ""LSTMDefault"", ""LSTMLag1"", ""LiquidConv48D2"", ""LiquidConv50"", ""LiquidDefault"", ""LiquidLag1"", ""main"", ""metrics"", ""models"", ""preprocessing"", ""src"", ""training"", ""utils""]",False,False,False,False,9,2,0,18.181818181818183,33.33333333333333,33.33333333333333,0.0,LSTMv2,6,False,False,False,False,False,False,False,False,0,0,0,0,0,[],0,0,0,True,True,True,True,8,1,True,True,False,0,0.0,100.0,100.0,66.66666666666666,False,False,False,False,False
As17-01/brain_signals,910910663,main,49706e10b05aa4e2867a12eb6ea507b9fae4fed1,2025-01-01T19:00:53Z,0,c7401cecfd08a93b5dffb0b5299d6ca56792e6432db8792bc205db46565c8dd6,1751ddeb915b54b048564f9906fc31ed616e6339,notebooks/archieve/embedded/LSTMv2_conv.ipynb,notebooks/archieve/embedded/LSTMv2_conv.ipynb,1751ddeb915b54b048564f9906fc31ed616e6339,352920,https://github.com/As17-01/brain_signals/blob/main/notebooks/archieve/embedded/LSTMv2_conv.ipynb,True,python3,python,3.10,11,9,2,0,8,88.88888888888889,8,5,True,False,True,False,False,False,0,[],False,False,False,False,False,False,False,True,False,False,True,False,False,False,False,True,True,23,"[""BiLSTMConv48D2"", ""BiLSTMConv50"", ""BiLSTMDefault"", ""BiLSTMLag1"", ""GRUConv48D2"", ""GRUConv50"", ""GRUDefault"", ""GRULag1"", ""LSTMConv48D2"", ""LSTMConv50"", ""LSTMDefault"", ""LSTMLag1"", ""LiquidConv48D2"", ""LiquidConv50"", ""LiquidDefault"", ""LiquidLag1"", ""main"", ""metrics"", ""models"", ""preprocessing"", ""src"", ""training"", ""utils""]",False,False,False,False,9,2,0,18.181818181818183,33.33333333333333,33.33333333333333,0.0,LSTMv2_conv,11,True,False,False,False,False,False,True,False,0,0,0,0,0,[],0,0,0,True,True,True,True,8,1,True,True,False,0,0.0,100.0,100.0,66.66666666666666,False,False,False,False,False
As17-01/brain_signals,910910663,main,49706e10b05aa4e2867a12eb6ea507b9fae4fed1,2025-01-01T19:00:53Z,0,319ffbaf2b8f2b5f5ee142c7ee8374a364d492b65095c12fad8dcb666458aef4,40a43eb16d47bdc22113a0581b89bed9bb42dc16,notebooks/archieve/embedded/LSTMv2_conv2.ipynb,notebooks/archieve/embedded/LSTMv2_conv2.ipynb,40a43eb16d47bdc22113a0581b89bed9bb42dc16,354173,https://github.com/As17-01/brain_signals/blob/main/notebooks/archieve/embedded/LSTMv2_conv2.ipynb,True,python3,python,3.10,11,9,2,0,8,88.88888888888889,8,5,True,False,True,False,False,False,0,[],False,False,False,False,False,False,False,True,False,False,True,False,False,False,False,True,True,23,"[""BiLSTMConv48D2"", ""BiLSTMConv50"", ""BiLSTMDefault"", ""BiLSTMLag1"", ""GRUConv48D2"", ""GRUConv50"", ""GRUDefault"", ""GRULag1"", ""LSTMConv48D2"", ""LSTMConv50"", ""LSTMDefault"", ""LSTMLag1"", ""LiquidConv48D2"", ""LiquidConv50"", ""LiquidDefault"", ""LiquidLag1"", ""main"", ""metrics"", ""models"", ""preprocessing"", ""src"", ""training"", ""utils""]",False,False,False,False,9,2,0,18.181818181818183,33.33333333333333,33.33333333333333,0.0,LSTMv2_conv2,12,True,False,False,False,False,False,True,False,0,0,0,0,0,[],0,0,0,True,True,True,True,8,1,True,True,False,0,0.0,100.0,100.0,66.66666666666666,False,False,False,False,False
As17-01/brain_signals,910910663,main,49706e10b05aa4e2867a12eb6ea507b9fae4fed1,2025-01-01T19:00:53Z,0,37655e8f566034bae2f5a88a0328dbe2208051a693aed9606b4b5f163f08c345,c37b7d4b9a42288229a90d98696a7652a0af1900,notebooks/archieve/embedded/LSTMv2_conv_expanded.ipynb,notebooks/archieve/embedded/LSTMv2_conv_expanded.ipynb,c37b7d4b9a42288229a90d98696a7652a0af1900,677323,https://github.com/As17-01/brain_signals/blob/main/notebooks/archieve/embedded/LSTMv2_conv_expanded.ipynb,True,python3,python,3.10,11,9,2,0,8,88.88888888888889,8,5,True,False,True,False,False,False,0,[],False,False,False,False,False,False,False,True,False,False,True,False,False,False,False,True,True,23,"[""BiLSTMConv48D2"", ""BiLSTMConv50"", ""BiLSTMDefault"", ""BiLSTMLag1"", ""GRUConv48D2"", ""GRUConv50"", ""GRUDefault"", ""GRULag1"", ""LSTMConv48D2"", ""LSTMConv50"", ""LSTMDefault"", ""LSTMLag1"", ""LiquidConv48D2"", ""LiquidConv50"", ""LiquidDefault"", ""LiquidLag1"", ""main"", ""metrics"", ""models"", ""preprocessing"", ""src"", ""training"", ""utils""]",False,False,False,False,9,2,0,18.181818181818183,33.33333333333333,33.33333333333333,0.0,LSTMv2_conv_expanded,20,True,False,False,False,False,False,True,False,0,0,0,0,0,[],0,0,0,True,True,True,True,8,1,True,True,False,0,0.0,100.0,100.0,66.66666666666666,False,False,False,False,False
As17-01/brain_signals,910910663,main,49706e10b05aa4e2867a12eb6ea507b9fae4fed1,2025-01-01T19:00:53Z,0,47e293285bc58ffe8d814bde08199e782c94e452f396b4a8426b326993e9e489,3c06842dc42b6e421a8de8d08c4ad517cce9cce6,notebooks/archieve/embedded/LSTMv2_emb1.ipynb,notebooks/archieve/embedded/LSTMv2_emb1.ipynb,3c06842dc42b6e421a8de8d08c4ad517cce9cce6,353433,https://github.com/As17-01/brain_signals/blob/main/notebooks/archieve/embedded/LSTMv2_emb1.ipynb,True,python3,python,3.10,10,8,2,0,8,100.0,8,5,True,False,True,False,False,False,0,[],False,False,False,False,False,False,False,True,False,False,True,False,False,False,False,True,True,23,"[""BiLSTMConv48D2"", ""BiLSTMConv50"", ""BiLSTMDefault"", ""BiLSTMLag1"", ""GRUConv48D2"", ""GRUConv50"", ""GRUDefault"", ""GRULag1"", ""LSTMConv48D2"", ""LSTMConv50"", ""LSTMDefault"", ""LSTMLag1"", ""LiquidConv48D2"", ""LiquidConv50"", ""LiquidDefault"", ""LiquidLag1"", ""main"", ""metrics"", ""models"", ""preprocessing"", ""src"", ""training"", ""utils""]",False,False,False,False,8,2,0,20.0,33.33333333333333,33.33333333333333,0.0,LSTMv2_emb1,11,True,False,False,False,False,False,True,False,0,0,0,0,0,[],0,0,0,True,True,True,True,8,0,True,True,False,0,0.0,100.0,100.0,100.0,False,False,False,False,False
As17-01/brain_signals,910910663,main,49706e10b05aa4e2867a12eb6ea507b9fae4fed1,2025-01-01T19:00:53Z,0,49930e800c2ae4e8ffdc23be7b554191c2286eae63647db929f560234cb5fc25,4393a728fbc7211589d0effaf46bdf07550363cd,notebooks/archieve/embedded/LSTMv2_emb1_expanded.ipynb,notebooks/archieve/embedded/LSTMv2_emb1_expanded.ipynb,4393a728fbc7211589d0effaf46bdf07550363cd,677835,https://github.com/As17-01/brain_signals/blob/main/notebooks/archieve/embedded/LSTMv2_emb1_expanded.ipynb,True,python3,python,3.10,10,8,2,0,8,100.0,8,5,True,False,True,False,False,False,0,[],False,False,False,False,False,False,False,True,False,False,True,False,False,False,False,True,True,23,"[""BiLSTMConv48D2"", ""BiLSTMConv50"", ""BiLSTMDefault"", ""BiLSTMLag1"", ""GRUConv48D2"", ""GRUConv50"", ""GRUDefault"", ""GRULag1"", ""LSTMConv48D2"", ""LSTMConv50"", ""LSTMDefault"", ""LSTMLag1"", ""LiquidConv48D2"", ""LiquidConv50"", ""LiquidDefault"", ""LiquidLag1"", ""main"", ""metrics"", ""models"", ""preprocessing"", ""src"", ""training"", ""utils""]",False,False,False,False,8,2,0,20.0,33.33333333333333,33.33333333333333,0.0,LSTMv2_emb1_expanded,20,True,False,False,False,False,False,True,False,0,0,0,0,0,[],0,0,0,True,True,True,True,8,0,True,True,False,0,0.0,100.0,100.0,100.0,False,False,False,False,False
As17-01/brain_signals,910910663,main,49706e10b05aa4e2867a12eb6ea507b9fae4fed1,2025-01-01T19:00:53Z,0,644fa10e7baa411a478044d7c1f79acd5bd649046bfcdd4f973c42cdc57a3f25,6b7d87031a6e78e17a3e2559b6804fcfb17ca3ed,notebooks/archieve/embedded/LSTMv2_emb2.ipynb,notebooks/archieve/embedded/LSTMv2_emb2.ipynb,6b7d87031a6e78e17a3e2559b6804fcfb17ca3ed,353772,https://github.com/As17-01/brain_signals/blob/main/notebooks/archieve/embedded/LSTMv2_emb2.ipynb,True,python3,python,3.10,10,8,2,0,8,100.0,8,5,True,False,True,False,False,False,0,[],False,False,False,False,False,False,False,True,False,False,True,False,False,False,False,True,True,23,"[""BiLSTMConv48D2"", ""BiLSTMConv50"", ""BiLSTMDefault"", ""BiLSTMLag1"", ""GRUConv48D2"", ""GRUConv50"", ""GRUDefault"", ""GRULag1"", ""LSTMConv48D2"", ""LSTMConv50"", ""LSTMDefault"", ""LSTMLag1"", ""LiquidConv48D2"", ""LiquidConv50"", ""LiquidDefault"", ""LiquidLag1"", ""main"", ""metrics"", ""models"", ""preprocessing"", ""src"", ""training"", ""utils""]",False,False,False,False,8,2,0,20.0,33.33333333333333,33.33333333333333,0.0,LSTMv2_emb2,11,True,False,False,False,False,False,True,False,0,0,0,0,0,[],0,0,0,True,True,True,True,8,0,True,True,False,0,0.0,100.0,100.0,100.0,False,False,False,False,False
As17-01/brain_signals,910910663,main,49706e10b05aa4e2867a12eb6ea507b9fae4fed1,2025-01-01T19:00:53Z,0,d3bdd6bbbe574ed862dd07d8d9c44007c7139c9eb85ce671ca5d50b9d68d3a6b,1b7a9ff47728554a350f06e11dce92e017dae25a,notebooks/archieve/embedded/LSTMv2_emb3.ipynb,notebooks/archieve/embedded/LSTMv2_emb3.ipynb,1b7a9ff47728554a350f06e11dce92e017dae25a,353383,https://github.com/As17-01/brain_signals/blob/main/notebooks/archieve/embedded/LSTMv2_emb3.ipynb,True,python3,python,3.10,10,8,2,0,8,100.0,8,5,True,False,True,False,False,False,0,[],False,False,False,False,False,False,False,True,False,False,True,False,False,False,False,True,True,23,"[""BiLSTMConv48D2"", ""BiLSTMConv50"", ""BiLSTMDefault"", ""BiLSTMLag1"", ""GRUConv48D2"", ""GRUConv50"", ""GRUDefault"", ""GRULag1"", ""LSTMConv48D2"", ""LSTMConv50"", ""LSTMDefault"", ""LSTMLag1"", ""LiquidConv48D2"", ""LiquidConv50"", ""LiquidDefault"", ""LiquidLag1"", ""main"", ""metrics"", ""models"", ""preprocessing"", ""src"", ""training"", ""utils""]",False,False,False,False,8,2,0,20.0,33.33333333333333,33.33333333333333,0.0,LSTMv2_emb3,11,True,False,False,False,False,False,True,False,0,0,0,0,0,[],0,0,0,True,True,True,True,8,0,True,True,False,0,0.0,100.0,100.0,100.0,False,False,False,False,False
As17-01/brain_signals,910910663,main,49706e10b05aa4e2867a12eb6ea507b9fae4fed1,2025-01-01T19:00:53Z,0,0033813e43938d90787beb6089f3a29c2068526305d16cc63fe5e62c78e367aa,dc695b8db7af1adafba41284500d927e24f7d90d,notebooks/archieve/embedded/LSTMv2_emb4.ipynb,notebooks/archieve/embedded/LSTMv2_emb4.ipynb,dc695b8db7af1adafba41284500d927e24f7d90d,352167,https://github.com/As17-01/brain_signals/blob/main/notebooks/archieve/embedded/LSTMv2_emb4.ipynb,True,python3,python,3.10,10,8,2,0,8,100.0,8,5,True,False,True,False,False,False,0,[],False,False,False,False,False,False,False,True,False,False,True,False,False,False,False,True,True,23,"[""BiLSTMConv48D2"", ""BiLSTMConv50"", ""BiLSTMDefault"", ""BiLSTMLag1"", ""GRUConv48D2"", ""GRUConv50"", ""GRUDefault"", ""GRULag1"", ""LSTMConv48D2"", ""LSTMConv50"", ""LSTMDefault"", ""LSTMLag1"", ""LiquidConv48D2"", ""LiquidConv50"", ""LiquidDefault"", ""LiquidLag1"", ""main"", ""metrics"", ""models"", ""preprocessing"", ""src"", ""training"", ""utils""]",False,False,False,False,8,2,0,20.0,33.33333333333333,33.33333333333333,0.0,LSTMv2_emb4,11,True,False,False,False,False,False,True,False,0,0,0,0,0,[],0,0,0,True,True,True,True,8,0,True,True,False,0,0.0,100.0,100.0,100.0,False,False,False,False,False
As17-01/brain_signals,910910663,main,49706e10b05aa4e2867a12eb6ea507b9fae4fed1,2025-01-01T19:00:53Z,0,aea04662572daa0f1705ebd3f943e459e7cbb2fbdefc53204e287c3230cfe988,297b635052cf40eb5726443f9139df97e1ea10f5,notebooks/archieve/embedded/LSTMv2_expanded.ipynb,notebooks/archieve/embedded/LSTMv2_expanded.ipynb,297b635052cf40eb5726443f9139df97e1ea10f5,676043,https://github.com/As17-01/brain_signals/blob/main/notebooks/archieve/embedded/LSTMv2_expanded.ipynb,True,python3,python,3.10,11,9,2,0,8,88.88888888888889,8,5,True,False,True,False,False,False,0,[],False,False,False,False,False,False,False,True,False,False,True,False,False,False,False,True,True,23,"[""BiLSTMConv48D2"", ""BiLSTMConv50"", ""BiLSTMDefault"", ""BiLSTMLag1"", ""GRUConv48D2"", ""GRUConv50"", ""GRUDefault"", ""GRULag1"", ""LSTMConv48D2"", ""LSTMConv50"", ""LSTMDefault"", ""LSTMLag1"", ""LiquidConv48D2"", ""LiquidConv50"", ""LiquidDefault"", ""LiquidLag1"", ""main"", ""metrics"", ""models"", ""preprocessing"", ""src"", ""training"", ""utils""]",False,False,False,False,9,2,0,18.181818181818183,33.33333333333333,33.33333333333333,0.0,LSTMv2_expanded,15,True,False,False,False,False,False,True,False,0,0,0,0,0,[],0,0,0,True,True,True,True,8,1,True,True,False,0,0.0,100.0,100.0,66.66666666666666,False,False,False,False,False
As17-01/brain_signals,910910663,main,49706e10b05aa4e2867a12eb6ea507b9fae4fed1,2025-01-01T19:00:53Z,0,6295c18ab9415ed023588a0aef621d001f692da18ca5e8f0ea0eb260c6eb00ff,7f2152ca34575e086eae70b2adb84f864875bf6c,notebooks/archieve/embedded/LSTMv2_plot.ipynb,notebooks/archieve/embedded/LSTMv2_plot.ipynb,7f2152ca34575e086eae70b2adb84f864875bf6c,624007,https://github.com/As17-01/brain_signals/blob/main/notebooks/archieve/embedded/LSTMv2_plot.ipynb,True,python3,python,3.10,3,3,0,0,2,66.66666666666666,2,1,True,True,False,False,False,False,3,"[[""matplotlib"", 1], [""os"", 1], [""re"", 1]]",False,True,False,True,False,False,False,True,False,False,True,False,False,False,False,True,True,23,"[""BiLSTMConv48D2"", ""BiLSTMConv50"", ""BiLSTMDefault"", ""BiLSTMLag1"", ""GRUConv48D2"", ""GRUConv50"", ""GRUDefault"", ""GRULag1"", ""LSTMConv48D2"", ""LSTMConv50"", ""LSTMDefault"", ""LSTMLag1"", ""LiquidConv48D2"", ""LiquidConv50"", ""LiquidDefault"", ""LiquidLag1"", ""main"", ""metrics"", ""models"", ""preprocessing"", ""src"", ""training"", ""utils""]",False,False,False,False,3,0,0,0.0,0.0,0.0,0.0,LSTMv2_plot,11,True,False,True,True,False,False,True,False,2,0,5,2,3,"[""matplotlib"", ""os"", ""re""]",0,0,0,False,True,True,True,2,1,True,True,False,0,0.0,100.0,100.0,0.0,False,False,False,False,False
As17-01/brain_signals,910910663,main,49706e10b05aa4e2867a12eb6ea507b9fae4fed1,2025-01-01T19:00:53Z,0,f876e471a621f8e7792a8d85f802dcf907924dd6c535fcffe4f6f23697478378,c2a1768544bfb807e4fba339634ca04f725ff6df,notebooks/archieve/embedded/Linearv1_expanded.ipynb,notebooks/archieve/embedded/Linearv1_expanded.ipynb,c2a1768544bfb807e4fba339634ca04f725ff6df,679597,https://github.com/As17-01/brain_signals/blob/main/notebooks/archieve/embedded/Linearv1_expanded.ipynb,True,python3,python,3.10,11,9,2,0,8,88.88888888888889,8,5,True,False,True,False,False,False,0,[],False,False,False,False,False,False,False,True,False,False,True,False,False,False,False,True,True,23,"[""BiLSTMConv48D2"", ""BiLSTMConv50"", ""BiLSTMDefault"", ""BiLSTMLag1"", ""GRUConv48D2"", ""GRUConv50"", ""GRUDefault"", ""GRULag1"", ""LSTMConv48D2"", ""LSTMConv50"", ""LSTMDefault"", ""LSTMLag1"", ""LiquidConv48D2"", ""LiquidConv50"", ""LiquidDefault"", ""LiquidLag1"", ""main"", ""metrics"", ""models"", ""preprocessing"", ""src"", ""training"", ""utils""]",False,False,False,False,9,2,0,18.181818181818183,33.33333333333333,33.33333333333333,0.0,Linearv1_expanded,17,True,False,False,False,False,False,True,False,0,0,0,0,0,[],0,0,0,True,True,True,True,8,1,True,True,False,0,0.0,100.0,100.0,66.66666666666666,False,False,False,False,False
As17-01/brain_signals,910910663,main,49706e10b05aa4e2867a12eb6ea507b9fae4fed1,2025-01-01T19:00:53Z,0,cbb0c61ef1927dbe868dcd10c388554de831018b84cd1b7dcddf4ec960f5d16f,d547dde81930c109bec55bdebb937a8b91678dd0,notebooks/archieve/embedded/Liquidv1.ipynb,notebooks/archieve/embedded/Liquidv1.ipynb,d547dde81930c109bec55bdebb937a8b91678dd0,345176,https://github.com/As17-01/brain_signals/blob/main/notebooks/archieve/embedded/Liquidv1.ipynb,True,python3,python,3.10,10,8,2,0,8,100.0,8,5,True,False,True,False,False,False,0,[],False,False,False,False,False,False,False,True,False,False,True,False,False,False,False,True,True,23,"[""BiLSTMConv48D2"", ""BiLSTMConv50"", ""BiLSTMDefault"", ""BiLSTMLag1"", ""GRUConv48D2"", ""GRUConv50"", ""GRUDefault"", ""GRULag1"", ""LSTMConv48D2"", ""LSTMConv50"", ""LSTMDefault"", ""LSTMLag1"", ""LiquidConv48D2"", ""LiquidConv50"", ""LiquidDefault"", ""LiquidLag1"", ""main"", ""metrics"", ""models"", ""preprocessing"", ""src"", ""training"", ""utils""]",False,False,False,False,8,2,0,20.0,33.33333333333333,33.33333333333333,0.0,Liquidv1,8,False,False,False,False,False,False,False,False,0,0,0,0,0,[],0,0,0,True,True,True,True,8,0,True,True,False,0,0.0,100.0,100.0,100.0,False,False,False,False,False
As17-01/brain_signals,910910663,main,49706e10b05aa4e2867a12eb6ea507b9fae4fed1,2025-01-01T19:00:53Z,0,12faea6f5c95bf1abae6c92fb03271e9e3d8169a6361c3f73a97172efaf0fc8a,ede6da63104e42c39e4c08df75910e6c827fcf54,notebooks/archieve/embedded/Liquidv1_emb1.ipynb,notebooks/archieve/embedded/Liquidv1_emb1.ipynb,ede6da63104e42c39e4c08df75910e6c827fcf54,347883,https://github.com/As17-01/brain_signals/blob/main/notebooks/archieve/embedded/Liquidv1_emb1.ipynb,True,python3,python,3.10,10,8,2,0,8,100.0,8,5,True,False,True,False,False,False,0,[],False,False,False,False,False,False,False,True,False,False,True,False,False,False,False,True,True,23,"[""BiLSTMConv48D2"", ""BiLSTMConv50"", ""BiLSTMDefault"", ""BiLSTMLag1"", ""GRUConv48D2"", ""GRUConv50"", ""GRUDefault"", ""GRULag1"", ""LSTMConv48D2"", ""LSTMConv50"", ""LSTMDefault"", ""LSTMLag1"", ""LiquidConv48D2"", ""LiquidConv50"", ""LiquidDefault"", ""LiquidLag1"", ""main"", ""metrics"", ""models"", ""preprocessing"", ""src"", ""training"", ""utils""]",False,False,False,False,8,2,0,20.0,33.33333333333333,33.33333333333333,0.0,Liquidv1_emb1,13,True,False,False,False,False,False,True,False,0,0,0,0,0,[],0,0,0,True,True,True,True,8,0,True,True,False,0,0.0,100.0,100.0,100.0,False,False,False,False,False
As17-01/brain_signals,910910663,main,49706e10b05aa4e2867a12eb6ea507b9fae4fed1,2025-01-01T19:00:53Z,0,29b254a93e01f4a984c26c478ce847321d54f30022c34eaac9aefe8c90a140b6,ee9fb62574594176e0792eff84915f6f384dee03,notebooks/archieve/embedded/Liquidv1_emb2.ipynb,notebooks/archieve/embedded/Liquidv1_emb2.ipynb,ee9fb62574594176e0792eff84915f6f384dee03,347934,https://github.com/As17-01/brain_signals/blob/main/notebooks/archieve/embedded/Liquidv1_emb2.ipynb,True,python3,python,3.10,10,8,2,0,8,100.0,8,5,True,False,True,False,False,False,0,[],False,False,False,False,False,False,False,True,False,False,True,False,False,False,False,True,True,23,"[""BiLSTMConv48D2"", ""BiLSTMConv50"", ""BiLSTMDefault"", ""BiLSTMLag1"", ""GRUConv48D2"", ""GRUConv50"", ""GRUDefault"", ""GRULag1"", ""LSTMConv48D2"", ""LSTMConv50"", ""LSTMDefault"", ""LSTMLag1"", ""LiquidConv48D2"", ""LiquidConv50"", ""LiquidDefault"", ""LiquidLag1"", ""main"", ""metrics"", ""models"", ""preprocessing"", ""src"", ""training"", ""utils""]",False,False,False,False,8,2,0,20.0,33.33333333333333,33.33333333333333,0.0,Liquidv1_emb2,13,True,False,False,False,False,False,True,False,0,0,0,0,0,[],0,0,0,True,True,True,True,8,0,True,True,False,0,0.0,100.0,100.0,100.0,False,False,False,False,False
As17-01/brain_signals,910910663,main,49706e10b05aa4e2867a12eb6ea507b9fae4fed1,2025-01-01T19:00:53Z,0,7fc571434509ff9edcd8bf67d9707534d4a06e1f7ee69c640df240839dd80d85,11f9bc55815009284c862298c4af866b6a7c236e,notebooks/archieve/embedded/Liquidv1_emb3.ipynb,notebooks/archieve/embedded/Liquidv1_emb3.ipynb,11f9bc55815009284c862298c4af866b6a7c236e,347880,https://github.com/As17-01/brain_signals/blob/main/notebooks/archieve/embedded/Liquidv1_emb3.ipynb,True,python3,python,3.10,10,8,2,0,8,100.0,8,5,True,False,True,False,False,False,0,[],False,False,False,False,False,False,False,True,False,False,True,False,False,False,False,True,True,23,"[""BiLSTMConv48D2"", ""BiLSTMConv50"", ""BiLSTMDefault"", ""BiLSTMLag1"", ""GRUConv48D2"", ""GRUConv50"", ""GRUDefault"", ""GRULag1"", ""LSTMConv48D2"", ""LSTMConv50"", ""LSTMDefault"", ""LSTMLag1"", ""LiquidConv48D2"", ""LiquidConv50"", ""LiquidDefault"", ""LiquidLag1"", ""main"", ""metrics"", ""models"", ""preprocessing"", ""src"", ""training"", ""utils""]",False,False,False,False,8,2,0,20.0,33.33333333333333,33.33333333333333,0.0,Liquidv1_emb3,13,True,False,False,False,False,False,True,False,0,0,0,0,0,[],0,0,0,True,True,True,True,8,0,True,True,False,0,0.0,100.0,100.0,100.0,False,False,False,False,False
As17-01/brain_signals,910910663,main,49706e10b05aa4e2867a12eb6ea507b9fae4fed1,2025-01-01T19:00:53Z,0,c93b6159869da3cb48a99ce58aaf0a197c0f5e4279036710962ed5bcc02a687d,8daff5049cdbabbfafbd297170570c6592fcb5fd,notebooks/archieve/embedded/Liquidv1_emb4.ipynb,notebooks/archieve/embedded/Liquidv1_emb4.ipynb,8daff5049cdbabbfafbd297170570c6592fcb5fd,346185,https://github.com/As17-01/brain_signals/blob/main/notebooks/archieve/embedded/Liquidv1_emb4.ipynb,True,python3,python,3.10,10,8,2,0,8,100.0,8,5,True,False,True,False,False,False,0,[],False,False,False,False,False,False,False,True,False,False,True,False,False,False,False,True,True,23,"[""BiLSTMConv48D2"", ""BiLSTMConv50"", ""BiLSTMDefault"", ""BiLSTMLag1"", ""GRUConv48D2"", ""GRUConv50"", ""GRUDefault"", ""GRULag1"", ""LSTMConv48D2"", ""LSTMConv50"", ""LSTMDefault"", ""LSTMLag1"", ""LiquidConv48D2"", ""LiquidConv50"", ""LiquidDefault"", ""LiquidLag1"", ""main"", ""metrics"", ""models"", ""preprocessing"", ""src"", ""training"", ""utils""]",False,False,False,False,8,2,0,20.0,33.33333333333333,33.33333333333333,0.0,Liquidv1_emb4,13,True,False,False,False,False,False,True,False,0,0,0,0,0,[],0,0,0,True,True,True,True,8,0,True,True,False,0,0.0,100.0,100.0,100.0,False,False,False,False,False
As17-01/brain_signals,910910663,main,49706e10b05aa4e2867a12eb6ea507b9fae4fed1,2025-01-01T19:00:53Z,0,8f314e62fc09466e0117d41ce3cd7256cf9463972aa2374b2146218cda726bba,4ad2e0f7c07067330592d918499226198b7d9d24,notebooks/archieve/embedded/Liquidv1_plot.ipynb,notebooks/archieve/embedded/Liquidv1_plot.ipynb,4ad2e0f7c07067330592d918499226198b7d9d24,397656,https://github.com/As17-01/brain_signals/blob/main/notebooks/archieve/embedded/Liquidv1_plot.ipynb,True,python3,python,3.10,3,3,0,0,1,33.33333333333333,1,1,True,True,False,False,False,False,3,"[[""matplotlib"", 1], [""os"", 1], [""re"", 1]]",False,True,False,True,False,False,False,True,False,False,True,False,False,False,False,True,True,23,"[""BiLSTMConv48D2"", ""BiLSTMConv50"", ""BiLSTMDefault"", ""BiLSTMLag1"", ""GRUConv48D2"", ""GRUConv50"", ""GRUDefault"", ""GRULag1"", ""LSTMConv48D2"", ""LSTMConv50"", ""LSTMDefault"", ""LSTMLag1"", ""LiquidConv48D2"", ""LiquidConv50"", ""LiquidDefault"", ""LiquidLag1"", ""main"", ""metrics"", ""models"", ""preprocessing"", ""src"", ""training"", ""utils""]",False,False,False,False,3,0,0,0.0,0.0,0.0,0.0,Liquidv1_plot,13,True,False,True,True,False,False,True,False,2,0,5,2,3,"[""matplotlib"", ""os"", ""re""]",0,0,0,False,True,True,True,1,2,True,True,False,0,0.0,100.0,0.0,0.0,False,False,False,False,False
As17-01/brain_signals,910910663,main,49706e10b05aa4e2867a12eb6ea507b9fae4fed1,2025-01-01T19:00:53Z,0,0d58c2f778cf76bd117b556345b314cb56ad7caa99b1854543e59d1a1a1ebdd1,273846408439b621f0c0149afa5b3541e53bec87,notebooks/archieve/embedded/Liquidv2.ipynb,notebooks/archieve/embedded/Liquidv2.ipynb,273846408439b621f0c0149afa5b3541e53bec87,350910,https://github.com/As17-01/brain_signals/blob/main/notebooks/archieve/embedded/Liquidv2.ipynb,True,python3,python,3.10,10,8,2,0,6,75.0,7,5,True,False,True,False,False,False,0,[],False,False,False,False,False,False,False,True,False,False,True,False,False,False,False,True,True,23,"[""BiLSTMConv48D2"", ""BiLSTMConv50"", ""BiLSTMDefault"", ""BiLSTMLag1"", ""GRUConv48D2"", ""GRUConv50"", ""GRUDefault"", ""GRULag1"", ""LSTMConv48D2"", ""LSTMConv50"", ""LSTMDefault"", ""LSTMLag1"", ""LiquidConv48D2"", ""LiquidConv50"", ""LiquidDefault"", ""LiquidLag1"", ""main"", ""metrics"", ""models"", ""preprocessing"", ""src"", ""training"", ""utils""]",False,False,False,False,8,2,0,20.0,33.33333333333333,33.33333333333333,0.0,Liquidv2,8,False,False,False,False,False,False,False,False,0,0,0,0,0,[],0,0,0,True,True,True,True,6,2,True,True,False,1,1.0,100.0,50.0,75.0,False,True,True,False,False
As17-01/brain_signals,910910663,main,49706e10b05aa4e2867a12eb6ea507b9fae4fed1,2025-01-01T19:00:53Z,0,8ba95e4d72410ddbf280119982e5820579e191b79b2e96a514ba6fccdca52788,41c2d47e9805eecb1a033c013a85f3605c56e76d,notebooks/archieve/embedded/Liquidv2_emb1.ipynb,notebooks/archieve/embedded/Liquidv2_emb1.ipynb,41c2d47e9805eecb1a033c013a85f3605c56e76d,353198,https://github.com/As17-01/brain_signals/blob/main/notebooks/archieve/embedded/Liquidv2_emb1.ipynb,True,python3,python,3.10,10,8,2,0,6,75.0,7,5,True,False,True,False,False,False,0,[],False,False,False,False,False,False,False,True,False,False,True,False,False,False,False,True,True,23,"[""BiLSTMConv48D2"", ""BiLSTMConv50"", ""BiLSTMDefault"", ""BiLSTMLag1"", ""GRUConv48D2"", ""GRUConv50"", ""GRUDefault"", ""GRULag1"", ""LSTMConv48D2"", ""LSTMConv50"", ""LSTMDefault"", ""LSTMLag1"", ""LiquidConv48D2"", ""LiquidConv50"", ""LiquidDefault"", ""LiquidLag1"", ""main"", ""metrics"", ""models"", ""preprocessing"", ""src"", ""training"", ""utils""]",False,False,False,False,8,2,0,20.0,33.33333333333333,33.33333333333333,0.0,Liquidv2_emb1,13,True,False,False,False,False,False,True,False,0,0,0,0,0,[],0,0,0,True,True,True,True,6,2,True,True,False,1,1.0,100.0,50.0,75.0,False,True,True,False,False
As17-01/brain_signals,910910663,main,49706e10b05aa4e2867a12eb6ea507b9fae4fed1,2025-01-01T19:00:53Z,0,d7227316e2eb5313704ad5bbc9aa2e0e39abb8aa02ca2fa2b218bfdb310c7015,ad594b32123ea4cb809c4c65033479cddcce08a3,notebooks/archieve/embedded/Liquidv2_emb2.ipynb,notebooks/archieve/embedded/Liquidv2_emb2.ipynb,ad594b32123ea4cb809c4c65033479cddcce08a3,353188,https://github.com/As17-01/brain_signals/blob/main/notebooks/archieve/embedded/Liquidv2_emb2.ipynb,True,python3,python,3.10,10,8,2,0,6,75.0,7,5,True,False,True,False,False,False,0,[],False,False,False,False,False,False,False,True,False,False,True,False,False,False,False,True,True,23,"[""BiLSTMConv48D2"", ""BiLSTMConv50"", ""BiLSTMDefault"", ""BiLSTMLag1"", ""GRUConv48D2"", ""GRUConv50"", ""GRUDefault"", ""GRULag1"", ""LSTMConv48D2"", ""LSTMConv50"", ""LSTMDefault"", ""LSTMLag1"", ""LiquidConv48D2"", ""LiquidConv50"", ""LiquidDefault"", ""LiquidLag1"", ""main"", ""metrics"", ""models"", ""preprocessing"", ""src"", ""training"", ""utils""]",False,False,False,False,8,2,0,20.0,33.33333333333333,33.33333333333333,0.0,Liquidv2_emb2,13,True,False,False,False,False,False,True,False,0,0,0,0,0,[],0,0,0,True,True,True,True,6,2,True,True,False,1,1.0,100.0,50.0,75.0,False,True,True,False,False
As17-01/brain_signals,910910663,main,49706e10b05aa4e2867a12eb6ea507b9fae4fed1,2025-01-01T19:00:53Z,0,a72a54d40e16d7a40b34dc6db41047795ad90ad4c8f654abca6db2f180af40ff,f4c0c79a334562a31f6949425302551fb4140d22,notebooks/archieve/embedded/Liquidv2_emb3.ipynb,notebooks/archieve/embedded/Liquidv2_emb3.ipynb,f4c0c79a334562a31f6949425302551fb4140d22,353119,https://github.com/As17-01/brain_signals/blob/main/notebooks/archieve/embedded/Liquidv2_emb3.ipynb,True,python3,python,3.10,10,8,2,0,6,75.0,7,5,True,False,True,False,False,False,0,[],False,False,False,False,False,False,False,True,False,False,True,False,False,False,False,True,True,23,"[""BiLSTMConv48D2"", ""BiLSTMConv50"", ""BiLSTMDefault"", ""BiLSTMLag1"", ""GRUConv48D2"", ""GRUConv50"", ""GRUDefault"", ""GRULag1"", ""LSTMConv48D2"", ""LSTMConv50"", ""LSTMDefault"", ""LSTMLag1"", ""LiquidConv48D2"", ""LiquidConv50"", ""LiquidDefault"", ""LiquidLag1"", ""main"", ""metrics"", ""models"", ""preprocessing"", ""src"", ""training"", ""utils""]",False,False,False,False,8,2,0,20.0,33.33333333333333,33.33333333333333,0.0,Liquidv2_emb3,13,True,False,False,False,False,False,True,False,0,0,0,0,0,[],0,0,0,True,True,True,True,6,2,True,True,False,1,1.0,100.0,50.0,75.0,False,True,True,False,False
As17-01/brain_signals,910910663,main,49706e10b05aa4e2867a12eb6ea507b9fae4fed1,2025-01-01T19:00:53Z,0,9fb85fa18802cc0e0d663eee38f5c5ca64266c740962272903f02806e13b1ff4,c57b39c97db72721e09b9f82ffe6ebb8d7fb12ec,notebooks/archieve/embedded/Liquidv2_emb4.ipynb,notebooks/archieve/embedded/Liquidv2_emb4.ipynb,c57b39c97db72721e09b9f82ffe6ebb8d7fb12ec,351806,https://github.com/As17-01/brain_signals/blob/main/notebooks/archieve/embedded/Liquidv2_emb4.ipynb,True,python3,python,3.10,10,8,2,0,6,75.0,7,5,True,False,True,False,False,False,0,[],False,False,False,False,False,False,False,True,False,False,True,False,False,False,False,True,True,23,"[""BiLSTMConv48D2"", ""BiLSTMConv50"", ""BiLSTMDefault"", ""BiLSTMLag1"", ""GRUConv48D2"", ""GRUConv50"", ""GRUDefault"", ""GRULag1"", ""LSTMConv48D2"", ""LSTMConv50"", ""LSTMDefault"", ""LSTMLag1"", ""LiquidConv48D2"", ""LiquidConv50"", ""LiquidDefault"", ""LiquidLag1"", ""main"", ""metrics"", ""models"", ""preprocessing"", ""src"", ""training"", ""utils""]",False,False,False,False,8,2,0,20.0,33.33333333333333,33.33333333333333,0.0,Liquidv2_emb4,13,True,False,False,False,False,False,True,False,0,0,0,0,0,[],0,0,0,True,True,True,True,6,2,True,True,False,1,1.0,100.0,50.0,75.0,False,True,True,False,False
As17-01/brain_signals,910910663,main,49706e10b05aa4e2867a12eb6ea507b9fae4fed1,2025-01-01T19:00:53Z,0,85ba8ba048a284ef752b2d13ff7d3461cf0dec73c17b68b2aa6c72004346617e,d1fbd7e5c11d1ce4029c8401313937bbc9b153c4,notebooks/archieve/embedded/Liquidv2_plot.ipynb,notebooks/archieve/embedded/Liquidv2_plot.ipynb,d1fbd7e5c11d1ce4029c8401313937bbc9b153c4,360785,https://github.com/As17-01/brain_signals/blob/main/notebooks/archieve/embedded/Liquidv2_plot.ipynb,True,python3,python,3.10,3,3,0,0,2,66.66666666666666,4,1,True,True,False,False,False,False,3,"[[""matplotlib"", 1], [""os"", 1], [""re"", 1]]",False,True,False,True,False,False,False,True,False,False,True,False,False,False,False,True,True,23,"[""BiLSTMConv48D2"", ""BiLSTMConv50"", ""BiLSTMDefault"", ""BiLSTMLag1"", ""GRUConv48D2"", ""GRUConv50"", ""GRUDefault"", ""GRULag1"", ""LSTMConv48D2"", ""LSTMConv50"", ""LSTMDefault"", ""LSTMLag1"", ""LiquidConv48D2"", ""LiquidConv50"", ""LiquidDefault"", ""LiquidLag1"", ""main"", ""metrics"", ""models"", ""preprocessing"", ""src"", ""training"", ""utils""]",False,False,False,False,3,0,0,0.0,0.0,0.0,0.0,Liquidv2_plot,13,True,False,True,True,False,False,True,False,2,0,5,2,3,"[""matplotlib"", ""os"", ""re""]",0,0,0,False,True,True,True,2,1,True,True,False,0,0.0,100.0,100.0,0.0,False,False,False,False,False
As17-01/brain_signals,910910663,main,49706e10b05aa4e2867a12eb6ea507b9fae4fed1,2025-01-01T19:00:53Z,0,24933d78b1e29e8575845412f8f9f8df3b34f6cb0cf7ce182b8d514149c5be0d,76ba618a62f76bc93ee5cb9a91dc6d8865f0d9ef,notebooks/archieve/embedded/Liquidv3.ipynb,notebooks/archieve/embedded/Liquidv3.ipynb,76ba618a62f76bc93ee5cb9a91dc6d8865f0d9ef,341480,https://github.com/As17-01/brain_signals/blob/main/notebooks/archieve/embedded/Liquidv3.ipynb,True,python3,python,3.10,11,9,2,0,8,88.88888888888889,8,5,True,False,True,False,False,False,0,[],False,False,False,False,False,False,False,True,False,False,True,False,False,False,False,True,True,23,"[""BiLSTMConv48D2"", ""BiLSTMConv50"", ""BiLSTMDefault"", ""BiLSTMLag1"", ""GRUConv48D2"", ""GRUConv50"", ""GRUDefault"", ""GRULag1"", ""LSTMConv48D2"", ""LSTMConv50"", ""LSTMDefault"", ""LSTMLag1"", ""LiquidConv48D2"", ""LiquidConv50"", ""LiquidDefault"", ""LiquidLag1"", ""main"", ""metrics"", ""models"", ""preprocessing"", ""src"", ""training"", ""utils""]",False,False,False,False,9,2,0,18.181818181818183,33.33333333333333,33.33333333333333,0.0,Liquidv3,8,False,False,False,False,False,False,False,False,0,0,0,0,0,[],0,0,0,True,True,True,True,8,1,True,True,False,0,0.0,100.0,100.0,66.66666666666666,False,False,False,False,False
As17-01/brain_signals,910910663,main,49706e10b05aa4e2867a12eb6ea507b9fae4fed1,2025-01-01T19:00:53Z,0,418eedc1a73b8bbff2dfcdad6278eab1a6e0330611a753bb57771111e561130c,ef36ce463f1629587181f438e56ba3c34f22db6e,notebooks/archieve/embedded/Liquidv3_conv.ipynb,notebooks/archieve/embedded/Liquidv3_conv.ipynb,ef36ce463f1629587181f438e56ba3c34f22db6e,344450,https://github.com/As17-01/brain_signals/blob/main/notebooks/archieve/embedded/Liquidv3_conv.ipynb,True,python3,python,3.10,10,8,2,0,7,87.5,7,5,True,False,True,True,False,False,0,[],False,False,False,False,False,False,False,True,False,False,True,False,False,False,False,True,True,23,"[""BiLSTMConv48D2"", ""BiLSTMConv50"", ""BiLSTMDefault"", ""BiLSTMLag1"", ""GRUConv48D2"", ""GRUConv50"", ""GRUDefault"", ""GRULag1"", ""LSTMConv48D2"", ""LSTMConv50"", ""LSTMDefault"", ""LSTMLag1"", ""LiquidConv48D2"", ""LiquidConv50"", ""LiquidDefault"", ""LiquidLag1"", ""main"", ""metrics"", ""models"", ""preprocessing"", ""src"", ""training"", ""utils""]",False,False,False,False,8,2,0,20.0,33.33333333333333,33.33333333333333,0.0,Liquidv3_conv,13,True,False,False,False,False,False,True,False,0,0,0,0,0,[],0,0,0,True,True,True,True,7,1,True,True,False,0,0.0,100.0,100.0,75.0,False,False,False,False,False
As17-01/brain_signals,910910663,main,49706e10b05aa4e2867a12eb6ea507b9fae4fed1,2025-01-01T19:00:53Z,0,edf0b8f118629b2b8094d359fb7469a04e50abce6ae72fe5d7a5335dd46d7cc4,634bcff8f430bcbb58ec4cb55f66e6826f09eb17,notebooks/archieve/embedded/Liquidv3_emb1.ipynb,notebooks/archieve/embedded/Liquidv3_emb1.ipynb,634bcff8f430bcbb58ec4cb55f66e6826f09eb17,344115,https://github.com/As17-01/brain_signals/blob/main/notebooks/archieve/embedded/Liquidv3_emb1.ipynb,True,python3,python,3.10,10,8,2,0,8,100.0,8,5,True,False,True,False,False,False,0,[],False,False,False,False,False,False,False,True,False,False,True,False,False,False,False,True,True,23,"[""BiLSTMConv48D2"", ""BiLSTMConv50"", ""BiLSTMDefault"", ""BiLSTMLag1"", ""GRUConv48D2"", ""GRUConv50"", ""GRUDefault"", ""GRULag1"", ""LSTMConv48D2"", ""LSTMConv50"", ""LSTMDefault"", ""LSTMLag1"", ""LiquidConv48D2"", ""LiquidConv50"", ""LiquidDefault"", ""LiquidLag1"", ""main"", ""metrics"", ""models"", ""preprocessing"", ""src"", ""training"", ""utils""]",False,False,False,False,8,2,0,20.0,33.33333333333333,33.33333333333333,0.0,Liquidv3_emb1,13,True,False,False,False,False,False,True,False,0,0,0,0,0,[],0,0,0,True,True,True,True,8,0,True,True,False,0,0.0,100.0,100.0,100.0,False,False,False,False,False
As17-01/brain_signals,910910663,main,49706e10b05aa4e2867a12eb6ea507b9fae4fed1,2025-01-01T19:00:53Z,0,a26d8094389b4f09ed58c3e452a898b087cf59243fc8342cb6cd840b541e1c10,af8eedea042489ebd54d83dcae88834275718cfd,notebooks/archieve/embedded/Liquidv3_emb1_expanded.ipynb,notebooks/archieve/embedded/Liquidv3_emb1_expanded.ipynb,af8eedea042489ebd54d83dcae88834275718cfd,666970,https://github.com/As17-01/brain_signals/blob/main/notebooks/archieve/embedded/Liquidv3_emb1_expanded.ipynb,True,python3,python,3.10,10,8,2,0,8,100.0,8,5,True,False,True,False,False,False,0,[],False,False,False,False,False,False,False,True,False,False,True,False,False,False,False,True,True,23,"[""BiLSTMConv48D2"", ""BiLSTMConv50"", ""BiLSTMDefault"", ""BiLSTMLag1"", ""GRUConv48D2"", ""GRUConv50"", ""GRUDefault"", ""GRULag1"", ""LSTMConv48D2"", ""LSTMConv50"", ""LSTMDefault"", ""LSTMLag1"", ""LiquidConv48D2"", ""LiquidConv50"", ""LiquidDefault"", ""LiquidLag1"", ""main"", ""metrics"", ""models"", ""preprocessing"", ""src"", ""training"", ""utils""]",False,False,False,False,8,2,0,20.0,33.33333333333333,33.33333333333333,0.0,Liquidv3_emb1_expanded,22,True,False,False,False,False,False,True,False,0,0,0,0,0,[],0,0,0,True,True,True,True,8,0,True,True,False,0,0.0,100.0,100.0,100.0,False,False,False,False,False
As17-01/brain_signals,910910663,main,49706e10b05aa4e2867a12eb6ea507b9fae4fed1,2025-01-01T19:00:53Z,0,987c1cd2032d5ff8079c36157b26f0ca7f77c9dbe55b0d6bad9c22fe0faa0fcf,3055bb9adf8b6c76b3589356f63a794111583c22,notebooks/archieve/embedded/Liquidv3_expanded.ipynb,notebooks/archieve/embedded/Liquidv3_expanded.ipynb,3055bb9adf8b6c76b3589356f63a794111583c22,664138,https://github.com/As17-01/brain_signals/blob/main/notebooks/archieve/embedded/Liquidv3_expanded.ipynb,True,python3,python,3.10,11,9,2,0,8,88.88888888888889,8,5,True,False,True,False,False,False,0,[],False,False,False,False,False,False,False,True,False,False,True,False,False,False,False,True,True,23,"[""BiLSTMConv48D2"", ""BiLSTMConv50"", ""BiLSTMDefault"", ""BiLSTMLag1"", ""GRUConv48D2"", ""GRUConv50"", ""GRUDefault"", ""GRULag1"", ""LSTMConv48D2"", ""LSTMConv50"", ""LSTMDefault"", ""LSTMLag1"", ""LiquidConv48D2"", ""LiquidConv50"", ""LiquidDefault"", ""LiquidLag1"", ""main"", ""metrics"", ""models"", ""preprocessing"", ""src"", ""training"", ""utils""]",False,False,False,False,9,2,0,18.181818181818183,33.33333333333333,33.33333333333333,0.0,Liquidv3_expanded,17,True,False,False,False,False,False,True,False,0,0,0,0,0,[],0,0,0,True,True,True,True,8,1,True,True,False,0,0.0,100.0,100.0,66.66666666666666,False,False,False,False,False
As17-01/brain_signals,910910663,main,49706e10b05aa4e2867a12eb6ea507b9fae4fed1,2025-01-01T19:00:53Z,0,24271785b55879d0a6144ebcf966afd05bb38dccbc2ca650d4750995bc09f938,ce4ea6e0ffc65cf9b1dbb195c1d4f9713acd3d1c,notebooks/archieve/embedded/Liquidv3_plot.ipynb,notebooks/archieve/embedded/Liquidv3_plot.ipynb,ce4ea6e0ffc65cf9b1dbb195c1d4f9713acd3d1c,316873,https://github.com/As17-01/brain_signals/blob/main/notebooks/archieve/embedded/Liquidv3_plot.ipynb,True,python3,python,3.10,3,3,0,0,2,66.66666666666666,2,1,True,True,False,False,False,False,3,"[[""matplotlib"", 1], [""os"", 1], [""re"", 1]]",False,True,False,True,False,False,False,True,False,False,True,False,False,False,False,True,True,23,"[""BiLSTMConv48D2"", ""BiLSTMConv50"", ""BiLSTMDefault"", ""BiLSTMLag1"", ""GRUConv48D2"", ""GRUConv50"", ""GRUDefault"", ""GRULag1"", ""LSTMConv48D2"", ""LSTMConv50"", ""LSTMDefault"", ""LSTMLag1"", ""LiquidConv48D2"", ""LiquidConv50"", ""LiquidDefault"", ""LiquidLag1"", ""main"", ""metrics"", ""models"", ""preprocessing"", ""src"", ""training"", ""utils""]",False,False,False,False,3,0,0,0.0,0.0,0.0,0.0,Liquidv3_plot,13,True,False,True,True,False,False,True,False,2,0,5,2,3,"[""matplotlib"", ""os"", ""re""]",0,0,0,False,True,True,True,2,1,True,True,False,0,0.0,100.0,100.0,0.0,False,False,False,False,False
As17-01/brain_signals,910910663,main,49706e10b05aa4e2867a12eb6ea507b9fae4fed1,2025-01-01T19:00:53Z,0,150e2075373625001d974a4dca8a9215f70d3d6dcd8619a107dc704b06b98011,79ef25bee14f72fdc0cc01298b45caebc453d9f5,notebooks/archieve/feature_importance/GRUv1.ipynb,notebooks/archieve/feature_importance/GRUv1.ipynb,79ef25bee14f72fdc0cc01298b45caebc453d9f5,327978,https://github.com/As17-01/brain_signals/blob/main/notebooks/archieve/feature_importance/GRUv1.ipynb,True,python3,python,3.10,13,11,2,0,10,90.9090909090909,15,6,True,True,True,False,False,False,0,[],False,False,False,False,False,False,False,True,False,False,True,False,False,False,False,True,True,23,"[""BiLSTMConv48D2"", ""BiLSTMConv50"", ""BiLSTMDefault"", ""BiLSTMLag1"", ""GRUConv48D2"", ""GRUConv50"", ""GRUDefault"", ""GRULag1"", ""LSTMConv48D2"", ""LSTMConv50"", ""LSTMDefault"", ""LSTMLag1"", ""LiquidConv48D2"", ""LiquidConv50"", ""LiquidDefault"", ""LiquidLag1"", ""main"", ""metrics"", ""models"", ""preprocessing"", ""src"", ""training"", ""utils""]",False,False,False,False,11,2,0,15.384615384615385,50.0,0.0,0.0,GRUv1,5,False,False,False,False,False,False,False,False,0,0,0,0,0,[],0,0,0,True,True,True,True,10,1,True,True,False,2,2.0,100.0,100.0,80.0,False,True,False,False,False
As17-01/brain_signals,910910663,main,49706e10b05aa4e2867a12eb6ea507b9fae4fed1,2025-01-01T19:00:53Z,0,d49abee8695e6584a2f500d957308d73e8b26832247e8de4f21470468f63f593,aeaa30bf16240a561cceffcc7f5f76e4bd2baee5,notebooks/archieve/feature_importance/GRUv2_conv.ipynb,notebooks/archieve/feature_importance/GRUv2_conv.ipynb,aeaa30bf16240a561cceffcc7f5f76e4bd2baee5,398704,https://github.com/As17-01/brain_signals/blob/main/notebooks/archieve/feature_importance/GRUv2_conv.ipynb,True,python3,python,3.10,13,11,2,0,10,90.9090909090909,10,7,True,True,True,False,False,False,0,[],False,False,False,False,False,False,False,True,False,False,True,False,False,False,False,True,True,23,"[""BiLSTMConv48D2"", ""BiLSTMConv50"", ""BiLSTMDefault"", ""BiLSTMLag1"", ""GRUConv48D2"", ""GRUConv50"", ""GRUDefault"", ""GRULag1"", ""LSTMConv48D2"", ""LSTMConv50"", ""LSTMDefault"", ""LSTMLag1"", ""LiquidConv48D2"", ""LiquidConv50"", ""LiquidDefault"", ""LiquidLag1"", ""main"", ""metrics"", ""models"", ""preprocessing"", ""src"", ""training"", ""utils""]",False,False,False,False,11,2,0,15.384615384615385,50.0,0.0,0.0,GRUv2_conv,10,True,False,False,False,False,False,True,False,0,0,0,0,0,[],0,0,0,True,True,True,True,10,1,True,True,False,0,0.0,100.0,100.0,80.0,False,False,False,False,False
As17-01/brain_signals,910910663,main,49706e10b05aa4e2867a12eb6ea507b9fae4fed1,2025-01-01T19:00:53Z,0,1217a3a893d9073fb7f938ebfbbe3b1951e713deffebb02f619f6722d3c439a8,fa00fdb58bd6448fcc5ec3b763ec44c54446f620,notebooks/archieve/feature_importance/GRUv2_emb1.ipynb,notebooks/archieve/feature_importance/GRUv2_emb1.ipynb,fa00fdb58bd6448fcc5ec3b763ec44c54446f620,1615387,https://github.com/As17-01/brain_signals/blob/main/notebooks/archieve/feature_importance/GRUv2_emb1.ipynb,True,python3,python,3.10,14,12,2,0,12,100.0,12,9,True,True,True,False,False,False,0,[],False,False,False,False,False,False,False,True,False,False,True,False,False,False,False,True,True,23,"[""BiLSTMConv48D2"", ""BiLSTMConv50"", ""BiLSTMDefault"", ""BiLSTMLag1"", ""GRUConv48D2"", ""GRUConv50"", ""GRUDefault"", ""GRULag1"", ""LSTMConv48D2"", ""LSTMConv50"", ""LSTMDefault"", ""LSTMLag1"", ""LiquidConv48D2"", ""LiquidConv50"", ""LiquidDefault"", ""LiquidLag1"", ""main"", ""metrics"", ""models"", ""preprocessing"", ""src"", ""training"", ""utils""]",False,False,False,False,12,2,0,14.285714285714285,50.0,0.0,0.0,GRUv2_emb1,10,True,False,False,False,False,False,True,False,0,0,0,0,0,[],0,0,0,True,True,True,True,12,0,True,True,False,0,0.0,100.0,100.0,100.0,False,False,False,False,False
As17-01/brain_signals,910910663,main,49706e10b05aa4e2867a12eb6ea507b9fae4fed1,2025-01-01T19:00:53Z,0,edaf501cc0daebe3e265528dfd439081c3b6b4f42c413c4b259bbd2560a49b55,bec60d3d22e37eaa918e30a122ec28f92c1dec4d,notebooks/archieve/feature_importance/LSTMv1.ipynb,notebooks/archieve/feature_importance/LSTMv1.ipynb,bec60d3d22e37eaa918e30a122ec28f92c1dec4d,305071,https://github.com/As17-01/brain_signals/blob/main/notebooks/archieve/feature_importance/LSTMv1.ipynb,True,python3,python,3.10,13,11,2,0,10,90.9090909090909,15,6,True,True,True,False,False,False,0,[],False,False,False,False,False,False,False,True,False,False,True,False,False,False,False,True,True,23,"[""BiLSTMConv48D2"", ""BiLSTMConv50"", ""BiLSTMDefault"", ""BiLSTMLag1"", ""GRUConv48D2"", ""GRUConv50"", ""GRUDefault"", ""GRULag1"", ""LSTMConv48D2"", ""LSTMConv50"", ""LSTMDefault"", ""LSTMLag1"", ""LiquidConv48D2"", ""LiquidConv50"", ""LiquidDefault"", ""LiquidLag1"", ""main"", ""metrics"", ""models"", ""preprocessing"", ""src"", ""training"", ""utils""]",False,False,False,False,11,2,0,15.384615384615385,50.0,0.0,0.0,LSTMv1,6,False,False,False,False,False,False,False,False,0,0,0,0,0,[],0,0,0,True,True,True,True,10,1,True,True,False,2,2.0,100.0,100.0,80.0,False,True,False,False,False
As17-01/brain_signals,910910663,main,49706e10b05aa4e2867a12eb6ea507b9fae4fed1,2025-01-01T19:00:53Z,0,25c5e89847c6d796d9b16ab79c1cff82255fd1be570fdee5dcc17e4f67293f6d,c579d28db77b099c592459c0e3eda3cfd85015a6,notebooks/archieve/feature_importance/LSTMv2_conv.ipynb,notebooks/archieve/feature_importance/LSTMv2_conv.ipynb,c579d28db77b099c592459c0e3eda3cfd85015a6,364712,https://github.com/As17-01/brain_signals/blob/main/notebooks/archieve/feature_importance/LSTMv2_conv.ipynb,True,python3,python,3.10,13,11,2,0,10,90.9090909090909,10,7,True,True,True,False,False,False,0,[],False,False,False,False,False,False,False,True,False,False,True,False,False,False,False,True,True,23,"[""BiLSTMConv48D2"", ""BiLSTMConv50"", ""BiLSTMDefault"", ""BiLSTMLag1"", ""GRUConv48D2"", ""GRUConv50"", ""GRUDefault"", ""GRULag1"", ""LSTMConv48D2"", ""LSTMConv50"", ""LSTMDefault"", ""LSTMLag1"", ""LiquidConv48D2"", ""LiquidConv50"", ""LiquidDefault"", ""LiquidLag1"", ""main"", ""metrics"", ""models"", ""preprocessing"", ""src"", ""training"", ""utils""]",False,False,False,False,11,2,0,15.384615384615385,50.0,0.0,0.0,LSTMv2_conv,11,True,False,False,False,False,False,True,False,0,0,0,0,0,[],0,0,0,True,True,True,True,10,1,True,True,False,0,0.0,100.0,100.0,80.0,False,False,False,False,False
As17-01/brain_signals,910910663,main,49706e10b05aa4e2867a12eb6ea507b9fae4fed1,2025-01-01T19:00:53Z,0,9fae7201076fb5c0586f3b09aa502f3b1ec46d7be43c169bfa70c1000fe0c25b,b391d481e2016c18b744f883f8c246e153a2f67e,notebooks/archieve/feature_importance/LSTMv2_emb1.ipynb,notebooks/archieve/feature_importance/LSTMv2_emb1.ipynb,b391d481e2016c18b744f883f8c246e153a2f67e,396716,https://github.com/As17-01/brain_signals/blob/main/notebooks/archieve/feature_importance/LSTMv2_emb1.ipynb,True,python3,python,3.10,13,11,2,0,10,90.9090909090909,10,7,True,True,True,False,False,False,0,[],False,False,False,False,False,False,False,True,False,False,True,False,False,False,False,True,True,23,"[""BiLSTMConv48D2"", ""BiLSTMConv50"", ""BiLSTMDefault"", ""BiLSTMLag1"", ""GRUConv48D2"", ""GRUConv50"", ""GRUDefault"", ""GRULag1"", ""LSTMConv48D2"", ""LSTMConv50"", ""LSTMDefault"", ""LSTMLag1"", ""LiquidConv48D2"", ""LiquidConv50"", ""LiquidDefault"", ""LiquidLag1"", ""main"", ""metrics"", ""models"", ""preprocessing"", ""src"", ""training"", ""utils""]",False,False,False,False,11,2,0,15.384615384615385,50.0,0.0,0.0,LSTMv2_emb1,11,True,False,False,False,False,False,True,False,0,0,0,0,0,[],0,0,0,True,True,True,True,10,1,True,True,False,0,0.0,100.0,100.0,80.0,False,False,False,False,False
As17-01/brain_signals,910910663,main,49706e10b05aa4e2867a12eb6ea507b9fae4fed1,2025-01-01T19:00:53Z,0,416b1a89298de8760aaaa1b6b459304d550de5770c48366bfe99dae9a3427521,bbdba008f36f9a18aee47ed87fcb2063a9a3b5f4,notebooks/archieve/feature_importance/Liquidv1.ipynb,notebooks/archieve/feature_importance/Liquidv1.ipynb,bbdba008f36f9a18aee47ed87fcb2063a9a3b5f4,251642,https://github.com/As17-01/brain_signals/blob/main/notebooks/archieve/feature_importance/Liquidv1.ipynb,True,python3,python,3.10,13,11,2,0,9,81.81818181818183,15,6,True,True,True,False,False,False,0,[],False,False,False,False,False,False,False,True,False,False,True,False,False,False,False,True,True,23,"[""BiLSTMConv48D2"", ""BiLSTMConv50"", ""BiLSTMDefault"", ""BiLSTMLag1"", ""GRUConv48D2"", ""GRUConv50"", ""GRUDefault"", ""GRULag1"", ""LSTMConv48D2"", ""LSTMConv50"", ""LSTMDefault"", ""LSTMLag1"", ""LiquidConv48D2"", ""LiquidConv50"", ""LiquidDefault"", ""LiquidLag1"", ""main"", ""metrics"", ""models"", ""preprocessing"", ""src"", ""training"", ""utils""]",False,False,False,False,11,2,0,15.384615384615385,50.0,0.0,0.0,Liquidv1,8,False,False,False,False,False,False,False,False,0,0,0,0,0,[],0,0,0,True,True,True,True,9,2,True,True,False,2,2.0,66.66666666666666,100.0,80.0,False,True,False,False,False
As17-01/brain_signals,910910663,main,49706e10b05aa4e2867a12eb6ea507b9fae4fed1,2025-01-01T19:00:53Z,0,bceb459ba135047b2d6be094b74525363bd8efc003fd547f9bd781cc389f71b8,8efec93db3a003816752898ee40182624734d2cf,notebooks/archieve/feature_importance/Liquidv3_conv.ipynb,notebooks/archieve/feature_importance/Liquidv3_conv.ipynb,8efec93db3a003816752898ee40182624734d2cf,267003,https://github.com/As17-01/brain_signals/blob/main/notebooks/archieve/feature_importance/Liquidv3_conv.ipynb,True,python3,python,3.10,13,11,2,0,10,90.9090909090909,10,7,True,True,True,False,False,False,0,[],False,False,False,False,False,False,False,True,False,False,True,False,False,False,False,True,True,23,"[""BiLSTMConv48D2"", ""BiLSTMConv50"", ""BiLSTMDefault"", ""BiLSTMLag1"", ""GRUConv48D2"", ""GRUConv50"", ""GRUDefault"", ""GRULag1"", ""LSTMConv48D2"", ""LSTMConv50"", ""LSTMDefault"", ""LSTMLag1"", ""LiquidConv48D2"", ""LiquidConv50"", ""LiquidDefault"", ""LiquidLag1"", ""main"", ""metrics"", ""models"", ""preprocessing"", ""src"", ""training"", ""utils""]",False,False,False,False,11,2,0,15.384615384615385,50.0,0.0,0.0,Liquidv3_conv,13,True,False,False,False,False,False,True,False,0,0,0,0,0,[],0,0,0,True,True,True,True,10,1,True,True,False,0,0.0,100.0,100.0,80.0,False,False,False,False,False
As17-01/brain_signals,910910663,main,49706e10b05aa4e2867a12eb6ea507b9fae4fed1,2025-01-01T19:00:53Z,0,0a420e5b60eaf312b7c08efa499d374a9a3b66df93d6a0fd32ed4cb5b4cccb11,de5bcbbf896fede341750fbc8cb68ab9bfca344e,notebooks/archieve/feature_importance/Liquidv3_emb1.ipynb,notebooks/archieve/feature_importance/Liquidv3_emb1.ipynb,de5bcbbf896fede341750fbc8cb68ab9bfca344e,385586,https://github.com/As17-01/brain_signals/blob/main/notebooks/archieve/feature_importance/Liquidv3_emb1.ipynb,True,python3,python,3.10,13,11,2,0,10,90.9090909090909,10,7,True,True,True,False,False,False,0,[],False,False,False,False,False,False,False,True,False,False,True,False,False,False,False,True,True,23,"[""BiLSTMConv48D2"", ""BiLSTMConv50"", ""BiLSTMDefault"", ""BiLSTMLag1"", ""GRUConv48D2"", ""GRUConv50"", ""GRUDefault"", ""GRULag1"", ""LSTMConv48D2"", ""LSTMConv50"", ""LSTMDefault"", ""LSTMLag1"", ""LiquidConv48D2"", ""LiquidConv50"", ""LiquidDefault"", ""LiquidLag1"", ""main"", ""metrics"", ""models"", ""preprocessing"", ""src"", ""training"", ""utils""]",False,False,False,False,11,2,0,15.384615384615385,50.0,0.0,0.0,Liquidv3_emb1,13,True,False,False,False,False,False,True,False,0,0,0,0,0,[],0,0,0,True,True,True,True,10,1,True,True,False,0,0.0,100.0,100.0,80.0,False,False,False,False,False
As17-01/brain_signals,910910663,main,49706e10b05aa4e2867a12eb6ea507b9fae4fed1,2025-01-01T19:00:53Z,0,89e2aa9f01d437d1e68d9f8586ad0f16a29c469f93343049ee0b8abc346741d8,36e75a58a8080c287f49d296bf3ceb55f86316a5,notebooks/archieve/no_embeddings/Combined.ipynb,notebooks/archieve/no_embeddings/Combined.ipynb,36e75a58a8080c287f49d296bf3ceb55f86316a5,65519,https://github.com/As17-01/brain_signals/blob/main/notebooks/archieve/no_embeddings/Combined.ipynb,True,python3,python,3.10,9,7,2,0,7,100.0,7,4,True,False,True,False,False,False,0,[],False,False,False,False,False,False,False,True,False,False,True,False,False,False,False,True,True,23,"[""BiLSTMConv48D2"", ""BiLSTMConv50"", ""BiLSTMDefault"", ""BiLSTMLag1"", ""GRUConv48D2"", ""GRUConv50"", ""GRUDefault"", ""GRULag1"", ""LSTMConv48D2"", ""LSTMConv50"", ""LSTMDefault"", ""LSTMLag1"", ""LiquidConv48D2"", ""LiquidConv50"", ""LiquidDefault"", ""LiquidLag1"", ""main"", ""metrics"", ""models"", ""preprocessing"", ""src"", ""training"", ""utils""]",False,False,False,False,7,2,0,22.22222222222222,33.33333333333333,33.33333333333333,0.0,Combined,8,False,False,False,False,False,False,False,False,0,0,0,0,0,[],0,0,0,True,True,True,True,7,0,True,True,False,0,0.0,100.0,100.0,100.0,False,False,False,False,False
As17-01/brain_signals,910910663,main,49706e10b05aa4e2867a12eb6ea507b9fae4fed1,2025-01-01T19:00:53Z,0,5194f62f6f195184117e9338ecc77c8134a8d2a8534207cc105f6772355e7a61,845a15e3311f2ee788d9bcd2bcf7ae6a497be493,notebooks/archieve/no_embeddings/Combined_consequitive.ipynb,notebooks/archieve/no_embeddings/Combined_consequitive.ipynb,845a15e3311f2ee788d9bcd2bcf7ae6a497be493,46858,https://github.com/As17-01/brain_signals/blob/main/notebooks/archieve/no_embeddings/Combined_consequitive.ipynb,True,python3,python,3.10,9,7,2,0,7,100.0,7,4,True,False,True,False,False,False,0,[],False,False,False,False,False,False,False,True,False,False,True,False,False,False,False,True,True,23,"[""BiLSTMConv48D2"", ""BiLSTMConv50"", ""BiLSTMDefault"", ""BiLSTMLag1"", ""GRUConv48D2"", ""GRUConv50"", ""GRUDefault"", ""GRULag1"", ""LSTMConv48D2"", ""LSTMConv50"", ""LSTMDefault"", ""LSTMLag1"", ""LiquidConv48D2"", ""LiquidConv50"", ""LiquidDefault"", ""LiquidLag1"", ""main"", ""metrics"", ""models"", ""preprocessing"", ""src"", ""training"", ""utils""]",False,False,False,False,7,2,0,22.22222222222222,33.33333333333333,33.33333333333333,0.0,Combined_consequitive,21,True,False,False,False,False,False,True,False,0,0,0,0,0,[],0,0,0,True,True,True,True,7,0,True,True,False,0,0.0,100.0,100.0,100.0,False,False,False,False,False
As17-01/brain_signals,910910663,main,49706e10b05aa4e2867a12eb6ea507b9fae4fed1,2025-01-01T19:00:53Z,0,9ca3a296538c9aaeb27d92a31ac0d9ac90aae35122da286228d86d009b5a5a49,83f6e75e1ca24085ce3eddb204c4a4dacdb64d33,notebooks/archieve/no_embeddings/GRU_Liquidv1_autoencoder.ipynb,notebooks/archieve/no_embeddings/GRU_Liquidv1_autoencoder.ipynb,83f6e75e1ca24085ce3eddb204c4a4dacdb64d33,48033,https://github.com/As17-01/brain_signals/blob/main/notebooks/archieve/no_embeddings/GRU_Liquidv1_autoencoder.ipynb,True,python3,python,3.10,10,8,2,0,7,87.5,7,4,True,False,True,False,False,False,0,[],False,False,False,False,False,False,False,True,False,False,True,False,False,False,False,True,True,23,"[""BiLSTMConv48D2"", ""BiLSTMConv50"", ""BiLSTMDefault"", ""BiLSTMLag1"", ""GRUConv48D2"", ""GRUConv50"", ""GRUDefault"", ""GRULag1"", ""LSTMConv48D2"", ""LSTMConv50"", ""LSTMDefault"", ""LSTMLag1"", ""LiquidConv48D2"", ""LiquidConv50"", ""LiquidDefault"", ""LiquidLag1"", ""main"", ""metrics"", ""models"", ""preprocessing"", ""src"", ""training"", ""utils""]",False,False,False,False,8,2,0,20.0,33.33333333333333,33.33333333333333,0.0,GRU_Liquidv1_autoencoder,24,True,False,False,False,False,False,True,False,0,0,0,0,0,[],0,0,0,True,True,True,True,7,1,True,True,False,0,0.0,100.0,100.0,75.0,False,False,False,False,False
As17-01/brain_signals,910910663,main,49706e10b05aa4e2867a12eb6ea507b9fae4fed1,2025-01-01T19:00:53Z,0,49eea4f68c32113d423385d431a8a81000e4345c949223a893e0a72ef565df08,2c773660bc8e4228777a3f1140fd36348794e057,notebooks/archieve/no_embeddings/GRUv1.ipynb,notebooks/archieve/no_embeddings/GRUv1.ipynb,2c773660bc8e4228777a3f1140fd36348794e057,40649,https://github.com/As17-01/brain_signals/blob/main/notebooks/archieve/no_embeddings/GRUv1.ipynb,True,python3,python,3.10,9,7,2,0,6,85.71428571428571,7,4,True,False,True,False,False,False,0,[],False,False,False,False,False,False,False,True,False,False,True,False,False,False,False,True,True,23,"[""BiLSTMConv48D2"", ""BiLSTMConv50"", ""BiLSTMDefault"", ""BiLSTMLag1"", ""GRUConv48D2"", ""GRUConv50"", ""GRUDefault"", ""GRULag1"", ""LSTMConv48D2"", ""LSTMConv50"", ""LSTMDefault"", ""LSTMLag1"", ""LiquidConv48D2"", ""LiquidConv50"", ""LiquidDefault"", ""LiquidLag1"", ""main"", ""metrics"", ""models"", ""preprocessing"", ""src"", ""training"", ""utils""]",False,False,False,False,7,2,0,22.22222222222222,33.33333333333333,33.33333333333333,0.0,GRUv1,5,False,False,False,False,False,False,False,False,0,0,0,0,0,[],0,0,0,True,True,True,True,6,1,True,True,False,1,1.0,100.0,50.0,100.0,False,True,True,False,False
As17-01/brain_signals,910910663,main,49706e10b05aa4e2867a12eb6ea507b9fae4fed1,2025-01-01T19:00:53Z,0,afd265b25c1246a2dcf08398d5ff0a453600336d66632a897cfdeff68e4f3ae2,da6c468292b1747a879ec57bcdb38a62696a1d14,notebooks/archieve/no_embeddings/GRUv2.ipynb,notebooks/archieve/no_embeddings/GRUv2.ipynb,da6c468292b1747a879ec57bcdb38a62696a1d14,43004,https://github.com/As17-01/brain_signals/blob/main/notebooks/archieve/no_embeddings/GRUv2.ipynb,True,python3,python,3.10,9,7,2,0,7,100.0,7,4,True,False,True,False,False,False,0,[],False,False,False,False,False,False,False,True,False,False,True,False,False,False,False,True,True,23,"[""BiLSTMConv48D2"", ""BiLSTMConv50"", ""BiLSTMDefault"", ""BiLSTMLag1"", ""GRUConv48D2"", ""GRUConv50"", ""GRUDefault"", ""GRULag1"", ""LSTMConv48D2"", ""LSTMConv50"", ""LSTMDefault"", ""LSTMLag1"", ""LiquidConv48D2"", ""LiquidConv50"", ""LiquidDefault"", ""LiquidLag1"", ""main"", ""metrics"", ""models"", ""preprocessing"", ""src"", ""training"", ""utils""]",False,False,False,False,7,2,0,22.22222222222222,33.33333333333333,33.33333333333333,0.0,GRUv2,5,False,False,False,False,False,False,False,False,0,0,0,0,0,[],0,0,0,True,True,True,True,7,0,True,True,False,0,0.0,100.0,100.0,100.0,False,False,False,False,False
As17-01/brain_signals,910910663,main,49706e10b05aa4e2867a12eb6ea507b9fae4fed1,2025-01-01T19:00:53Z,0,352eb94d07750f5a2d58df4dd5f7d29d42a455255dce2e4b697621a2b7354ba7,0d97a49c635e8c27ff2ce5484c8590bb29f6caef,notebooks/archieve/no_embeddings/GRUv3.ipynb,notebooks/archieve/no_embeddings/GRUv3.ipynb,0d97a49c635e8c27ff2ce5484c8590bb29f6caef,45588,https://github.com/As17-01/brain_signals/blob/main/notebooks/archieve/no_embeddings/GRUv3.ipynb,True,python3,python,3.10,9,7,2,0,7,100.0,7,4,True,False,True,False,False,False,0,[],False,False,False,False,False,False,False,True,False,False,True,False,False,False,False,True,True,23,"[""BiLSTMConv48D2"", ""BiLSTMConv50"", ""BiLSTMDefault"", ""BiLSTMLag1"", ""GRUConv48D2"", ""GRUConv50"", ""GRUDefault"", ""GRULag1"", ""LSTMConv48D2"", ""LSTMConv50"", ""LSTMDefault"", ""LSTMLag1"", ""LiquidConv48D2"", ""LiquidConv50"", ""LiquidDefault"", ""LiquidLag1"", ""main"", ""metrics"", ""models"", ""preprocessing"", ""src"", ""training"", ""utils""]",False,False,False,False,7,2,0,22.22222222222222,33.33333333333333,33.33333333333333,0.0,GRUv3,5,False,False,False,False,False,False,False,False,0,0,0,0,0,[],0,0,0,True,True,True,True,7,0,True,True,False,0,0.0,100.0,100.0,100.0,False,False,False,False,False
As17-01/brain_signals,910910663,main,49706e10b05aa4e2867a12eb6ea507b9fae4fed1,2025-01-01T19:00:53Z,0,3488e1939e1ae39ee911ae78ae2f5e666aaf428add6ec07ce4634cb50da61995,56fa8f2f122d674ff11d451b97c115698e5f330f,notebooks/archieve/no_embeddings/GRUv4.ipynb,notebooks/archieve/no_embeddings/GRUv4.ipynb,56fa8f2f122d674ff11d451b97c115698e5f330f,46469,https://github.com/As17-01/brain_signals/blob/main/notebooks/archieve/no_embeddings/GRUv4.ipynb,True,python3,python,3.10,9,7,2,0,7,100.0,7,4,True,False,True,False,False,False,0,[],False,False,False,False,False,False,False,True,False,False,True,False,False,False,False,True,True,23,"[""BiLSTMConv48D2"", ""BiLSTMConv50"", ""BiLSTMDefault"", ""BiLSTMLag1"", ""GRUConv48D2"", ""GRUConv50"", ""GRUDefault"", ""GRULag1"", ""LSTMConv48D2"", ""LSTMConv50"", ""LSTMDefault"", ""LSTMLag1"", ""LiquidConv48D2"", ""LiquidConv50"", ""LiquidDefault"", ""LiquidLag1"", ""main"", ""metrics"", ""models"", ""preprocessing"", ""src"", ""training"", ""utils""]",False,False,False,False,7,2,0,22.22222222222222,33.33333333333333,33.33333333333333,0.0,GRUv4,5,False,False,False,False,False,False,False,False,0,0,0,0,0,[],0,0,0,True,True,True,True,7,0,True,True,False,0,0.0,100.0,100.0,100.0,False,False,False,False,False
As17-01/brain_signals,910910663,main,49706e10b05aa4e2867a12eb6ea507b9fae4fed1,2025-01-01T19:00:53Z,0,a3286ddc1514b3ab11fcb479e1633bbc7e79793533dbfe666026faefa56ce797,0196951fd96060a76e67a9bde0b4ea2d7189e3d9,notebooks/archieve/no_embeddings/GRUv4_augmentationsv0.ipynb,notebooks/archieve/no_embeddings/GRUv4_augmentationsv0.ipynb,0196951fd96060a76e67a9bde0b4ea2d7189e3d9,46854,https://github.com/As17-01/brain_signals/blob/main/notebooks/archieve/no_embeddings/GRUv4_augmentationsv0.ipynb,True,python3,python,3.10,10,8,2,0,8,100.0,8,4,True,False,True,False,False,False,0,[],False,False,False,False,False,False,False,True,False,False,True,False,False,False,False,True,True,23,"[""BiLSTMConv48D2"", ""BiLSTMConv50"", ""BiLSTMDefault"", ""BiLSTMLag1"", ""GRUConv48D2"", ""GRUConv50"", ""GRUDefault"", ""GRULag1"", ""LSTMConv48D2"", ""LSTMConv50"", ""LSTMDefault"", ""LSTMLag1"", ""LiquidConv48D2"", ""LiquidConv50"", ""LiquidDefault"", ""LiquidLag1"", ""main"", ""metrics"", ""models"", ""preprocessing"", ""src"", ""training"", ""utils""]",False,False,False,False,8,2,0,20.0,33.33333333333333,33.33333333333333,0.0,GRUv4_augmentationsv0,21,True,False,False,False,False,False,True,False,0,0,0,0,0,[],0,0,0,True,True,True,True,8,0,True,True,False,0,0.0,100.0,100.0,100.0,False,False,False,False,False
As17-01/brain_signals,910910663,main,49706e10b05aa4e2867a12eb6ea507b9fae4fed1,2025-01-01T19:00:53Z,0,ab67738797ee5dcdd7bdc789d2869b3273b56f5604400ee129830d8c9b2eee5c,f409454c7434fb805f8484d5c18ef543969ae6d5,notebooks/archieve/no_embeddings/GRUv4_autoencoderv0.ipynb,notebooks/archieve/no_embeddings/GRUv4_autoencoderv0.ipynb,f409454c7434fb805f8484d5c18ef543969ae6d5,47451,https://github.com/As17-01/brain_signals/blob/main/notebooks/archieve/no_embeddings/GRUv4_autoencoderv0.ipynb,True,python3,python,3.10,10,8,2,0,7,87.5,8,4,True,False,True,False,False,False,0,[],False,False,False,False,False,False,False,True,False,False,True,False,False,False,False,True,True,23,"[""BiLSTMConv48D2"", ""BiLSTMConv50"", ""BiLSTMDefault"", ""BiLSTMLag1"", ""GRUConv48D2"", ""GRUConv50"", ""GRUDefault"", ""GRULag1"", ""LSTMConv48D2"", ""LSTMConv50"", ""LSTMDefault"", ""LSTMLag1"", ""LiquidConv48D2"", ""LiquidConv50"", ""LiquidDefault"", ""LiquidLag1"", ""main"", ""metrics"", ""models"", ""preprocessing"", ""src"", ""training"", ""utils""]",False,False,False,False,8,2,0,20.0,33.33333333333333,33.33333333333333,0.0,GRUv4_autoencoderv0,19,True,False,False,False,False,False,True,False,0,0,0,0,0,[],0,0,0,True,True,True,True,7,1,True,True,False,1,1.0,100.0,100.0,75.0,False,True,False,False,False
As17-01/brain_signals,910910663,main,49706e10b05aa4e2867a12eb6ea507b9fae4fed1,2025-01-01T19:00:53Z,0,dae09eeb9619872080d32b99990a721fbc77c67cb2402a18f6c694674814e2a7,10e07da0696bba69f775f8bcd8e0508c06be0a79,notebooks/archieve/no_embeddings/GRUv4_autoencoderv0_increased_lr.ipynb,notebooks/archieve/no_embeddings/GRUv4_autoencoderv0_increased_lr.ipynb,10e07da0696bba69f775f8bcd8e0508c06be0a79,47755,https://github.com/As17-01/brain_signals/blob/main/notebooks/archieve/no_embeddings/GRUv4_autoencoderv0_increased_lr.ipynb,True,python3,python,3.10,10,8,2,0,7,87.5,7,4,True,False,True,False,False,False,0,[],False,False,False,False,False,False,False,True,False,False,True,False,False,False,False,True,True,23,"[""BiLSTMConv48D2"", ""BiLSTMConv50"", ""BiLSTMDefault"", ""BiLSTMLag1"", ""GRUConv48D2"", ""GRUConv50"", ""GRUDefault"", ""GRULag1"", ""LSTMConv48D2"", ""LSTMConv50"", ""LSTMDefault"", ""LSTMLag1"", ""LiquidConv48D2"", ""LiquidConv50"", ""LiquidDefault"", ""LiquidLag1"", ""main"", ""metrics"", ""models"", ""preprocessing"", ""src"", ""training"", ""utils""]",False,False,False,False,8,2,0,20.0,33.33333333333333,33.33333333333333,0.0,GRUv4_autoencoderv0_increased_lr,32,True,False,False,False,False,False,True,False,0,0,0,0,0,[],0,0,0,True,True,True,True,7,1,True,True,False,0,0.0,100.0,100.0,75.0,False,False,False,False,False
As17-01/brain_signals,910910663,main,49706e10b05aa4e2867a12eb6ea507b9fae4fed1,2025-01-01T19:00:53Z,0,945be34bfff0f4190573c5b7bc83a56fc1180fe6d1063495ebda50336fc95e0d,31d3cd5f5b82fc981ca18bc39891b5bb18018275,notebooks/archieve/no_embeddings/GRUv4_autoencoderv1.ipynb,notebooks/archieve/no_embeddings/GRUv4_autoencoderv1.ipynb,31d3cd5f5b82fc981ca18bc39891b5bb18018275,50614,https://github.com/As17-01/brain_signals/blob/main/notebooks/archieve/no_embeddings/GRUv4_autoencoderv1.ipynb,True,python3,python,3.10,10,8,2,0,7,87.5,7,4,True,False,True,False,False,False,0,[],False,False,False,False,False,False,False,True,False,False,True,False,False,False,False,True,True,23,"[""BiLSTMConv48D2"", ""BiLSTMConv50"", ""BiLSTMDefault"", ""BiLSTMLag1"", ""GRUConv48D2"", ""GRUConv50"", ""GRUDefault"", ""GRULag1"", ""LSTMConv48D2"", ""LSTMConv50"", ""LSTMDefault"", ""LSTMLag1"", ""LiquidConv48D2"", ""LiquidConv50"", ""LiquidDefault"", ""LiquidLag1"", ""main"", ""metrics"", ""models"", ""preprocessing"", ""src"", ""training"", ""utils""]",False,False,False,False,8,2,0,20.0,33.33333333333333,33.33333333333333,0.0,GRUv4_autoencoderv1,19,True,False,False,False,False,False,True,False,0,0,0,0,0,[],0,0,0,True,True,True,True,7,1,True,True,False,0,0.0,100.0,100.0,75.0,False,False,False,False,False
As17-01/brain_signals,910910663,main,49706e10b05aa4e2867a12eb6ea507b9fae4fed1,2025-01-01T19:00:53Z,0,cfbebe8f186efc025486e92261c78a0260f58933e68a5b712ee364111a444440,de92324857bca9cebde75808f84308ff02e8d099,notebooks/archieve/no_embeddings/GRUv4_best_increased_lr.ipynb,notebooks/archieve/no_embeddings/GRUv4_best_increased_lr.ipynb,de92324857bca9cebde75808f84308ff02e8d099,46491,https://github.com/As17-01/brain_signals/blob/main/notebooks/archieve/no_embeddings/GRUv4_best_increased_lr.ipynb,True,python3,python,3.10,9,7,2,0,7,100.0,7,4,True,False,True,False,False,False,0,[],False,False,False,False,False,False,False,True,False,False,True,False,False,False,False,True,True,23,"[""BiLSTMConv48D2"", ""BiLSTMConv50"", ""BiLSTMDefault"", ""BiLSTMLag1"", ""GRUConv48D2"", ""GRUConv50"", ""GRUDefault"", ""GRULag1"", ""LSTMConv48D2"", ""LSTMConv50"", ""LSTMDefault"", ""LSTMLag1"", ""LiquidConv48D2"", ""LiquidConv50"", ""LiquidDefault"", ""LiquidLag1"", ""main"", ""metrics"", ""models"", ""preprocessing"", ""src"", ""training"", ""utils""]",False,False,False,False,7,2,0,22.22222222222222,33.33333333333333,33.33333333333333,0.0,GRUv4_best_increased_lr,23,True,False,False,False,False,False,True,False,0,0,0,0,0,[],0,0,0,True,True,True,True,7,0,True,True,False,0,0.0,100.0,100.0,100.0,False,False,False,False,False
As17-01/brain_signals,910910663,main,49706e10b05aa4e2867a12eb6ea507b9fae4fed1,2025-01-01T19:00:53Z,0,f87365a91af7623f5082c969c7f671823004b749c1b44c3b391df1cf9813b52d,816aa9b0549ba72c19422836a3fab149126bdf70,notebooks/archieve/no_embeddings/GRUv5.ipynb,notebooks/archieve/no_embeddings/GRUv5.ipynb,816aa9b0549ba72c19422836a3fab149126bdf70,46821,https://github.com/As17-01/brain_signals/blob/main/notebooks/archieve/no_embeddings/GRUv5.ipynb,True,python3,python,3.10,9,7,2,0,7,100.0,7,4,True,False,True,False,False,False,0,[],False,False,False,False,False,False,False,True,False,False,True,False,False,False,False,True,True,23,"[""BiLSTMConv48D2"", ""BiLSTMConv50"", ""BiLSTMDefault"", ""BiLSTMLag1"", ""GRUConv48D2"", ""GRUConv50"", ""GRUDefault"", ""GRULag1"", ""LSTMConv48D2"", ""LSTMConv50"", ""LSTMDefault"", ""LSTMLag1"", ""LiquidConv48D2"", ""LiquidConv50"", ""LiquidDefault"", ""LiquidLag1"", ""main"", ""metrics"", ""models"", ""preprocessing"", ""src"", ""training"", ""utils""]",False,False,False,False,7,2,0,22.22222222222222,33.33333333333333,33.33333333333333,0.0,GRUv5,5,False,False,False,False,False,False,False,False,0,0,0,0,0,[],0,0,0,True,True,True,True,7,0,True,True,False,0,0.0,100.0,100.0,100.0,False,False,False,False,False
As17-01/brain_signals,910910663,main,49706e10b05aa4e2867a12eb6ea507b9fae4fed1,2025-01-01T19:00:53Z,0,bd8654bcd41ffa1f4102a23ce919abaa619a0a444db6be188b5dc2f7c274bcde,a38aa058920386540eb190115304ca3f00367a13,notebooks/archieve/no_embeddings/GRUv6.ipynb,notebooks/archieve/no_embeddings/GRUv6.ipynb,a38aa058920386540eb190115304ca3f00367a13,44227,https://github.com/As17-01/brain_signals/blob/main/notebooks/archieve/no_embeddings/GRUv6.ipynb,True,python3,python,3.10,9,7,2,0,7,100.0,7,4,True,False,True,False,False,False,0,[],False,False,False,False,False,False,False,True,False,False,True,False,False,False,False,True,True,23,"[""BiLSTMConv48D2"", ""BiLSTMConv50"", ""BiLSTMDefault"", ""BiLSTMLag1"", ""GRUConv48D2"", ""GRUConv50"", ""GRUDefault"", ""GRULag1"", ""LSTMConv48D2"", ""LSTMConv50"", ""LSTMDefault"", ""LSTMLag1"", ""LiquidConv48D2"", ""LiquidConv50"", ""LiquidDefault"", ""LiquidLag1"", ""main"", ""metrics"", ""models"", ""preprocessing"", ""src"", ""training"", ""utils""]",False,False,False,False,7,2,0,22.22222222222222,33.33333333333333,33.33333333333333,0.0,GRUv6,5,False,False,False,False,False,False,False,False,0,0,0,0,0,[],0,0,0,True,True,True,True,7,0,True,True,False,0,0.0,100.0,100.0,100.0,False,False,False,False,False
As17-01/brain_signals,910910663,main,49706e10b05aa4e2867a12eb6ea507b9fae4fed1,2025-01-01T19:00:53Z,0,f60ea8a89ddb2c4a0f21f28576dff99f90d9cc88bb44926537a04a187fd94ce7,ada92e2a4984b6602c941e4e8a4e47abfda2fb81,notebooks/archieve/no_embeddings/GRUv7.ipynb,notebooks/archieve/no_embeddings/GRUv7.ipynb,ada92e2a4984b6602c941e4e8a4e47abfda2fb81,44040,https://github.com/As17-01/brain_signals/blob/main/notebooks/archieve/no_embeddings/GRUv7.ipynb,True,python3,python,3.10,9,7,2,0,7,100.0,7,4,True,False,True,False,False,False,0,[],False,False,False,False,False,False,False,True,False,False,True,False,False,False,False,True,True,23,"[""BiLSTMConv48D2"", ""BiLSTMConv50"", ""BiLSTMDefault"", ""BiLSTMLag1"", ""GRUConv48D2"", ""GRUConv50"", ""GRUDefault"", ""GRULag1"", ""LSTMConv48D2"", ""LSTMConv50"", ""LSTMDefault"", ""LSTMLag1"", ""LiquidConv48D2"", ""LiquidConv50"", ""LiquidDefault"", ""LiquidLag1"", ""main"", ""metrics"", ""models"", ""preprocessing"", ""src"", ""training"", ""utils""]",False,False,False,False,7,2,0,22.22222222222222,33.33333333333333,33.33333333333333,0.0,GRUv7,5,False,False,False,False,False,False,False,False,0,0,0,0,0,[],0,0,0,True,True,True,True,7,0,True,True,False,0,0.0,100.0,100.0,100.0,False,False,False,False,False
As17-01/brain_signals,910910663,main,49706e10b05aa4e2867a12eb6ea507b9fae4fed1,2025-01-01T19:00:53Z,0,7c89f6c246d0fd325d6a02e9081f87dc8a64d496f313e6c3575ca6f229a6460b,fd3e42f1643e818f97cf6f45f7c2b8d1d956c090,notebooks/archieve/no_embeddings/GRUv8.ipynb,notebooks/archieve/no_embeddings/GRUv8.ipynb,fd3e42f1643e818f97cf6f45f7c2b8d1d956c090,47949,https://github.com/As17-01/brain_signals/blob/main/notebooks/archieve/no_embeddings/GRUv8.ipynb,True,python3,python,3.10,9,7,2,0,7,100.0,7,4,True,False,True,False,False,False,0,[],False,False,False,False,False,False,False,True,False,False,True,False,False,False,False,True,True,23,"[""BiLSTMConv48D2"", ""BiLSTMConv50"", ""BiLSTMDefault"", ""BiLSTMLag1"", ""GRUConv48D2"", ""GRUConv50"", ""GRUDefault"", ""GRULag1"", ""LSTMConv48D2"", ""LSTMConv50"", ""LSTMDefault"", ""LSTMLag1"", ""LiquidConv48D2"", ""LiquidConv50"", ""LiquidDefault"", ""LiquidLag1"", ""main"", ""metrics"", ""models"", ""preprocessing"", ""src"", ""training"", ""utils""]",False,False,False,False,7,2,0,22.22222222222222,33.33333333333333,33.33333333333333,0.0,GRUv8,5,False,False,False,False,False,False,False,False,0,0,0,0,0,[],0,0,0,True,True,True,True,7,0,True,True,False,0,0.0,100.0,100.0,100.0,False,False,False,False,False
As17-01/brain_signals,910910663,main,49706e10b05aa4e2867a12eb6ea507b9fae4fed1,2025-01-01T19:00:53Z,0,5cf507c917f32f12a875b7865db88d4b32bfcd389ba8c1142c1bd8325a223bc1,f497503aa61e7150fd6b12c924e50bc24b42a9f6,notebooks/archieve/no_embeddings/GRUv9.ipynb,notebooks/archieve/no_embeddings/GRUv9.ipynb,f497503aa61e7150fd6b12c924e50bc24b42a9f6,50851,https://github.com/As17-01/brain_signals/blob/main/notebooks/archieve/no_embeddings/GRUv9.ipynb,True,python3,python,3.10,9,7,2,0,7,100.0,7,4,True,False,True,False,False,False,0,[],False,False,False,False,False,False,False,True,False,False,True,False,False,False,False,True,True,23,"[""BiLSTMConv48D2"", ""BiLSTMConv50"", ""BiLSTMDefault"", ""BiLSTMLag1"", ""GRUConv48D2"", ""GRUConv50"", ""GRUDefault"", ""GRULag1"", ""LSTMConv48D2"", ""LSTMConv50"", ""LSTMDefault"", ""LSTMLag1"", ""LiquidConv48D2"", ""LiquidConv50"", ""LiquidDefault"", ""LiquidLag1"", ""main"", ""metrics"", ""models"", ""preprocessing"", ""src"", ""training"", ""utils""]",False,False,False,False,7,2,0,22.22222222222222,33.33333333333333,33.33333333333333,0.0,GRUv9,5,False,False,False,False,False,False,False,False,0,0,0,0,0,[],0,0,0,True,True,True,True,7,0,True,True,False,0,0.0,100.0,100.0,100.0,False,False,False,False,False
As17-01/brain_signals,910910663,main,49706e10b05aa4e2867a12eb6ea507b9fae4fed1,2025-01-01T19:00:53Z,0,8793da00610b76fc1929574a2c35880049becdc552f041aaae9ae0aa253de0e7,41ce50b17e230e1cf5dc988b2f05bb11ab23d609,notebooks/archieve/no_embeddings/LSTMv1.ipynb,notebooks/archieve/no_embeddings/LSTMv1.ipynb,41ce50b17e230e1cf5dc988b2f05bb11ab23d609,40745,https://github.com/As17-01/brain_signals/blob/main/notebooks/archieve/no_embeddings/LSTMv1.ipynb,True,python3,python,3.10,10,8,2,0,7,87.5,7,4,True,False,True,False,False,False,0,[],False,False,False,False,False,False,False,True,False,False,True,False,False,False,False,True,True,23,"[""BiLSTMConv48D2"", ""BiLSTMConv50"", ""BiLSTMDefault"", ""BiLSTMLag1"", ""GRUConv48D2"", ""GRUConv50"", ""GRUDefault"", ""GRULag1"", ""LSTMConv48D2"", ""LSTMConv50"", ""LSTMDefault"", ""LSTMLag1"", ""LiquidConv48D2"", ""LiquidConv50"", ""LiquidDefault"", ""LiquidLag1"", ""main"", ""metrics"", ""models"", ""preprocessing"", ""src"", ""training"", ""utils""]",False,False,False,False,8,2,0,20.0,33.33333333333333,33.33333333333333,0.0,LSTMv1,6,False,False,False,False,False,False,False,False,0,0,0,0,0,[],0,0,0,True,True,True,True,7,1,True,True,False,0,0.0,100.0,100.0,75.0,False,False,False,False,False
As17-01/brain_signals,910910663,main,49706e10b05aa4e2867a12eb6ea507b9fae4fed1,2025-01-01T19:00:53Z,0,fcf4e7a0dd06a5d8057b21af8dfd1db55fb180dc35a7ed454836398e24063b09,eed07ff55f2e0ccf5a2efe1b80a2ad4ab83e7c89,notebooks/archieve/no_embeddings/LSTMv2.ipynb,notebooks/archieve/no_embeddings/LSTMv2.ipynb,eed07ff55f2e0ccf5a2efe1b80a2ad4ab83e7c89,46601,https://github.com/As17-01/brain_signals/blob/main/notebooks/archieve/no_embeddings/LSTMv2.ipynb,True,python3,python,3.10,10,8,2,0,7,87.5,7,4,True,False,True,False,False,False,0,[],False,False,False,False,False,False,False,True,False,False,True,False,False,False,False,True,True,23,"[""BiLSTMConv48D2"", ""BiLSTMConv50"", ""BiLSTMDefault"", ""BiLSTMLag1"", ""GRUConv48D2"", ""GRUConv50"", ""GRUDefault"", ""GRULag1"", ""LSTMConv48D2"", ""LSTMConv50"", ""LSTMDefault"", ""LSTMLag1"", ""LiquidConv48D2"", ""LiquidConv50"", ""LiquidDefault"", ""LiquidLag1"", ""main"", ""metrics"", ""models"", ""preprocessing"", ""src"", ""training"", ""utils""]",False,False,False,False,8,2,0,20.0,33.33333333333333,33.33333333333333,0.0,LSTMv2,6,False,False,False,False,False,False,False,False,0,0,0,0,0,[],0,0,0,True,True,True,True,7,1,True,True,False,0,0.0,100.0,100.0,75.0,False,False,False,False,False
As17-01/brain_signals,910910663,main,49706e10b05aa4e2867a12eb6ea507b9fae4fed1,2025-01-01T19:00:53Z,0,d74f95ee419156d59323f59bfcaf93e59cf1c4e0b8c00440c245ceb1cc7f51c6,917226d5861940dc03ad22fc06cb7e38c4d6c000,notebooks/archieve/no_embeddings/LSTMv2_best_increased_lr2.ipynb,notebooks/archieve/no_embeddings/LSTMv2_best_increased_lr2.ipynb,917226d5861940dc03ad22fc06cb7e38c4d6c000,46609,https://github.com/As17-01/brain_signals/blob/main/notebooks/archieve/no_embeddings/LSTMv2_best_increased_lr2.ipynb,True,python3,python,3.10,10,8,2,0,7,87.5,7,4,True,False,True,False,False,False,0,[],False,False,False,False,False,False,False,True,False,False,True,False,False,False,False,True,True,23,"[""BiLSTMConv48D2"", ""BiLSTMConv50"", ""BiLSTMDefault"", ""BiLSTMLag1"", ""GRUConv48D2"", ""GRUConv50"", ""GRUDefault"", ""GRULag1"", ""LSTMConv48D2"", ""LSTMConv50"", ""LSTMDefault"", ""LSTMLag1"", ""LiquidConv48D2"", ""LiquidConv50"", ""LiquidDefault"", ""LiquidLag1"", ""main"", ""metrics"", ""models"", ""preprocessing"", ""src"", ""training"", ""utils""]",False,False,False,False,8,2,0,20.0,33.33333333333333,33.33333333333333,0.0,LSTMv2_best_increased_lr2,25,True,False,False,False,False,False,True,False,0,0,0,0,0,[],0,0,0,True,True,True,True,7,1,True,True,False,0,0.0,100.0,100.0,75.0,False,False,False,False,False
As17-01/brain_signals,910910663,main,49706e10b05aa4e2867a12eb6ea507b9fae4fed1,2025-01-01T19:00:53Z,0,e0fb59d28b737a21f70737824d1db46036ee5c36064fb1500b6b3875dea1642f,58ccab5e579958c4aa642123fbd5acd74087ab76,notebooks/archieve/no_embeddings/LSTMv2_increased_lr1.ipynb,notebooks/archieve/no_embeddings/LSTMv2_increased_lr1.ipynb,58ccab5e579958c4aa642123fbd5acd74087ab76,46591,https://github.com/As17-01/brain_signals/blob/main/notebooks/archieve/no_embeddings/LSTMv2_increased_lr1.ipynb,True,python3,python,3.10,10,8,2,0,7,87.5,7,4,True,False,True,False,False,False,0,[],False,False,False,False,False,False,False,True,False,False,True,False,False,False,False,True,True,23,"[""BiLSTMConv48D2"", ""BiLSTMConv50"", ""BiLSTMDefault"", ""BiLSTMLag1"", ""GRUConv48D2"", ""GRUConv50"", ""GRUDefault"", ""GRULag1"", ""LSTMConv48D2"", ""LSTMConv50"", ""LSTMDefault"", ""LSTMLag1"", ""LiquidConv48D2"", ""LiquidConv50"", ""LiquidDefault"", ""LiquidLag1"", ""main"", ""metrics"", ""models"", ""preprocessing"", ""src"", ""training"", ""utils""]",False,False,False,False,8,2,0,20.0,33.33333333333333,33.33333333333333,0.0,LSTMv2_increased_lr1,20,True,False,False,False,False,False,True,False,0,0,0,0,0,[],0,0,0,True,True,True,True,7,1,True,True,False,0,0.0,100.0,100.0,75.0,False,False,False,False,False
As17-01/brain_signals,910910663,main,49706e10b05aa4e2867a12eb6ea507b9fae4fed1,2025-01-01T19:00:53Z,0,6083cb3bb173cede18155cf8bcafa94b17ad72439490e67d6f741b21add39323,2bfb67ce3bc1df4b9e15464c36679267419859a5,notebooks/archieve/no_embeddings/LSTMv3.ipynb,notebooks/archieve/no_embeddings/LSTMv3.ipynb,2bfb67ce3bc1df4b9e15464c36679267419859a5,43001,https://github.com/As17-01/brain_signals/blob/main/notebooks/archieve/no_embeddings/LSTMv3.ipynb,True,python3,python,3.10,10,8,2,0,7,87.5,7,4,True,False,True,False,False,False,0,[],False,False,False,False,False,False,False,True,False,False,True,False,False,False,False,True,True,23,"[""BiLSTMConv48D2"", ""BiLSTMConv50"", ""BiLSTMDefault"", ""BiLSTMLag1"", ""GRUConv48D2"", ""GRUConv50"", ""GRUDefault"", ""GRULag1"", ""LSTMConv48D2"", ""LSTMConv50"", ""LSTMDefault"", ""LSTMLag1"", ""LiquidConv48D2"", ""LiquidConv50"", ""LiquidDefault"", ""LiquidLag1"", ""main"", ""metrics"", ""models"", ""preprocessing"", ""src"", ""training"", ""utils""]",False,False,False,False,8,2,0,20.0,33.33333333333333,33.33333333333333,0.0,LSTMv3,6,False,False,False,False,False,False,False,False,0,0,0,0,0,[],0,0,0,True,True,True,True,7,1,True,True,False,0,0.0,100.0,100.0,75.0,False,False,False,False,False
As17-01/brain_signals,910910663,main,49706e10b05aa4e2867a12eb6ea507b9fae4fed1,2025-01-01T19:00:53Z,0,aba5dab3fe04ec9f214efc0c24ae0e8f3dc08bb94fd683a5d03745f4b523cfca,4f5f1aa9215e49b1e00fac58ee63c7a4c8b0d964,notebooks/archieve/no_embeddings/LSTMv3_increased_lr1.ipynb,notebooks/archieve/no_embeddings/LSTMv3_increased_lr1.ipynb,4f5f1aa9215e49b1e00fac58ee63c7a4c8b0d964,42889,https://github.com/As17-01/brain_signals/blob/main/notebooks/archieve/no_embeddings/LSTMv3_increased_lr1.ipynb,True,python3,python,3.10,10,8,2,0,7,87.5,7,4,True,False,True,False,False,False,0,[],False,False,False,False,False,False,False,True,False,False,True,False,False,False,False,True,True,23,"[""BiLSTMConv48D2"", ""BiLSTMConv50"", ""BiLSTMDefault"", ""BiLSTMLag1"", ""GRUConv48D2"", ""GRUConv50"", ""GRUDefault"", ""GRULag1"", ""LSTMConv48D2"", ""LSTMConv50"", ""LSTMDefault"", ""LSTMLag1"", ""LiquidConv48D2"", ""LiquidConv50"", ""LiquidDefault"", ""LiquidLag1"", ""main"", ""metrics"", ""models"", ""preprocessing"", ""src"", ""training"", ""utils""]",False,False,False,False,8,2,0,20.0,33.33333333333333,33.33333333333333,0.0,LSTMv3_increased_lr1,20,True,False,False,False,False,False,True,False,0,0,0,0,0,[],0,0,0,True,True,True,True,7,1,True,True,False,0,0.0,100.0,100.0,75.0,False,False,False,False,False
As17-01/brain_signals,910910663,main,49706e10b05aa4e2867a12eb6ea507b9fae4fed1,2025-01-01T19:00:53Z,0,fcc0190b6bbc6877697f71fbd504fd6e57340f5b8b72a7890614bc23c4e7d4e3,1e2cce474b08a8f0cf7ef988091d126d647015d9,notebooks/archieve/no_embeddings/LSTMv4.ipynb,notebooks/archieve/no_embeddings/LSTMv4.ipynb,1e2cce474b08a8f0cf7ef988091d126d647015d9,42139,https://github.com/As17-01/brain_signals/blob/main/notebooks/archieve/no_embeddings/LSTMv4.ipynb,True,python3,python,3.10,10,8,2,0,7,87.5,7,4,True,False,True,False,False,False,0,[],False,False,False,False,False,False,False,True,False,False,True,False,False,False,False,True,True,23,"[""BiLSTMConv48D2"", ""BiLSTMConv50"", ""BiLSTMDefault"", ""BiLSTMLag1"", ""GRUConv48D2"", ""GRUConv50"", ""GRUDefault"", ""GRULag1"", ""LSTMConv48D2"", ""LSTMConv50"", ""LSTMDefault"", ""LSTMLag1"", ""LiquidConv48D2"", ""LiquidConv50"", ""LiquidDefault"", ""LiquidLag1"", ""main"", ""metrics"", ""models"", ""preprocessing"", ""src"", ""training"", ""utils""]",False,False,False,False,8,2,0,20.0,33.33333333333333,33.33333333333333,0.0,LSTMv4,6,False,False,False,False,False,False,False,False,0,0,0,0,0,[],0,0,0,True,True,True,True,7,1,True,True,False,0,0.0,100.0,100.0,75.0,False,False,False,False,False
As17-01/brain_signals,910910663,main,49706e10b05aa4e2867a12eb6ea507b9fae4fed1,2025-01-01T19:00:53Z,0,34fb732f7d5898429cb47feedb7fecc85e791d8ac101823b9d733f3ea0342dfe,dcb2f2b9271eb1a4d1a491d2c9749f1cc5746b92,notebooks/archieve/no_embeddings/Linearv1.ipynb,notebooks/archieve/no_embeddings/Linearv1.ipynb,dcb2f2b9271eb1a4d1a491d2c9749f1cc5746b92,40620,https://github.com/As17-01/brain_signals/blob/main/notebooks/archieve/no_embeddings/Linearv1.ipynb,True,python3,python,3.10,9,7,2,0,7,100.0,7,4,True,False,True,False,False,False,0,[],False,False,False,False,False,False,False,True,False,False,True,False,False,False,False,True,True,23,"[""BiLSTMConv48D2"", ""BiLSTMConv50"", ""BiLSTMDefault"", ""BiLSTMLag1"", ""GRUConv48D2"", ""GRUConv50"", ""GRUDefault"", ""GRULag1"", ""LSTMConv48D2"", ""LSTMConv50"", ""LSTMDefault"", ""LSTMLag1"", ""LiquidConv48D2"", ""LiquidConv50"", ""LiquidDefault"", ""LiquidLag1"", ""main"", ""metrics"", ""models"", ""preprocessing"", ""src"", ""training"", ""utils""]",False,False,False,False,7,2,0,22.22222222222222,33.33333333333333,33.33333333333333,0.0,Linearv1,8,False,False,False,False,False,False,False,False,0,0,0,0,0,[],0,0,0,True,True,True,True,7,0,True,True,False,0,0.0,100.0,100.0,100.0,False,False,False,False,False
As17-01/brain_signals,910910663,main,49706e10b05aa4e2867a12eb6ea507b9fae4fed1,2025-01-01T19:00:53Z,0,2d0f7edde87e924d52926d1ac7f612ec2c933f69ac6fdb468236b4f5632d40e9,3c8b5a9bc193755b51844a50398a5b66bd8351f0,notebooks/archieve/no_embeddings/Linearv2_best.ipynb,notebooks/archieve/no_embeddings/Linearv2_best.ipynb,3c8b5a9bc193755b51844a50398a5b66bd8351f0,41990,https://github.com/As17-01/brain_signals/blob/main/notebooks/archieve/no_embeddings/Linearv2_best.ipynb,True,python3,python,3.10,9,7,2,0,7,100.0,7,4,True,False,True,False,False,False,0,[],False,False,False,False,False,False,False,True,False,False,True,False,False,False,False,True,True,23,"[""BiLSTMConv48D2"", ""BiLSTMConv50"", ""BiLSTMDefault"", ""BiLSTMLag1"", ""GRUConv48D2"", ""GRUConv50"", ""GRUDefault"", ""GRULag1"", ""LSTMConv48D2"", ""LSTMConv50"", ""LSTMDefault"", ""LSTMLag1"", ""LiquidConv48D2"", ""LiquidConv50"", ""LiquidDefault"", ""LiquidLag1"", ""main"", ""metrics"", ""models"", ""preprocessing"", ""src"", ""training"", ""utils""]",False,False,False,False,7,2,0,22.22222222222222,33.33333333333333,33.33333333333333,0.0,Linearv2_best,13,True,False,False,False,False,False,True,False,0,0,0,0,0,[],0,0,0,True,True,True,True,7,0,True,True,False,0,0.0,100.0,100.0,100.0,False,False,False,False,False
As17-01/brain_signals,910910663,main,49706e10b05aa4e2867a12eb6ea507b9fae4fed1,2025-01-01T19:00:53Z,0,8af5c26ef845c258c58dd2e5925cf175da9c18e9ce5b1a3a61e01f5791a65be1,43f62b46504dea9c9b31c8073580e35ef8c9b881,notebooks/archieve/no_embeddings/Liquidv1.ipynb,notebooks/archieve/no_embeddings/Liquidv1.ipynb,43f62b46504dea9c9b31c8073580e35ef8c9b881,45610,https://github.com/As17-01/brain_signals/blob/main/notebooks/archieve/no_embeddings/Liquidv1.ipynb,True,python3,python,3.10,9,7,2,0,7,100.0,7,4,True,False,True,False,False,False,0,[],False,False,False,False,False,False,False,True,False,False,True,False,False,False,False,True,True,23,"[""BiLSTMConv48D2"", ""BiLSTMConv50"", ""BiLSTMDefault"", ""BiLSTMLag1"", ""GRUConv48D2"", ""GRUConv50"", ""GRUDefault"", ""GRULag1"", ""LSTMConv48D2"", ""LSTMConv50"", ""LSTMDefault"", ""LSTMLag1"", ""LiquidConv48D2"", ""LiquidConv50"", ""LiquidDefault"", ""LiquidLag1"", ""main"", ""metrics"", ""models"", ""preprocessing"", ""src"", ""training"", ""utils""]",False,False,False,False,7,2,0,22.22222222222222,33.33333333333333,33.33333333333333,0.0,Liquidv1,8,False,False,False,False,False,False,False,False,0,0,0,0,0,[],0,0,0,True,True,True,True,7,0,True,True,False,0,0.0,100.0,100.0,100.0,False,False,False,False,False
As17-01/brain_signals,910910663,main,49706e10b05aa4e2867a12eb6ea507b9fae4fed1,2025-01-01T19:00:53Z,0,8b8926a16ba6fef4a0d08f89670530c7707662a07557469aa152255a8170118b,ca0677ad28011cf47c58963c6bba3ef5234580cd,notebooks/archieve/no_embeddings/Liquidv2.ipynb,notebooks/archieve/no_embeddings/Liquidv2.ipynb,ca0677ad28011cf47c58963c6bba3ef5234580cd,41190,https://github.com/As17-01/brain_signals/blob/main/notebooks/archieve/no_embeddings/Liquidv2.ipynb,True,python3,python,3.10,9,7,2,0,6,85.71428571428571,6,4,True,False,True,True,False,False,0,[],False,False,False,False,False,False,False,True,False,False,True,False,False,False,False,True,True,23,"[""BiLSTMConv48D2"", ""BiLSTMConv50"", ""BiLSTMDefault"", ""BiLSTMLag1"", ""GRUConv48D2"", ""GRUConv50"", ""GRUDefault"", ""GRULag1"", ""LSTMConv48D2"", ""LSTMConv50"", ""LSTMDefault"", ""LSTMLag1"", ""LiquidConv48D2"", ""LiquidConv50"", ""LiquidDefault"", ""LiquidLag1"", ""main"", ""metrics"", ""models"", ""preprocessing"", ""src"", ""training"", ""utils""]",False,False,False,False,7,2,0,22.22222222222222,33.33333333333333,33.33333333333333,0.0,Liquidv2,8,False,False,False,False,False,False,False,False,0,0,0,0,0,[],0,0,0,True,True,True,True,6,1,True,True,False,0,0.0,100.0,100.0,66.66666666666666,False,False,False,False,False
As17-01/brain_signals,910910663,main,49706e10b05aa4e2867a12eb6ea507b9fae4fed1,2025-01-01T19:00:53Z,0,319afdadf0b8cedfeb252b1a99d8f9d09fe4eaae35c9f19357fae8f5627cac6c,fece86767ac627efe3b8075dfd72a2e71774ba8c,notebooks/archieve/no_embeddings/Liquidv3.ipynb,notebooks/archieve/no_embeddings/Liquidv3.ipynb,fece86767ac627efe3b8075dfd72a2e71774ba8c,39985,https://github.com/As17-01/brain_signals/blob/main/notebooks/archieve/no_embeddings/Liquidv3.ipynb,True,python3,python,3.10,9,7,2,0,6,85.71428571428571,6,4,True,False,True,True,False,False,0,[],False,False,False,False,False,False,False,True,False,False,True,False,False,False,False,True,True,23,"[""BiLSTMConv48D2"", ""BiLSTMConv50"", ""BiLSTMDefault"", ""BiLSTMLag1"", ""GRUConv48D2"", ""GRUConv50"", ""GRUDefault"", ""GRULag1"", ""LSTMConv48D2"", ""LSTMConv50"", ""LSTMDefault"", ""LSTMLag1"", ""LiquidConv48D2"", ""LiquidConv50"", ""LiquidDefault"", ""LiquidLag1"", ""main"", ""metrics"", ""models"", ""preprocessing"", ""src"", ""training"", ""utils""]",False,False,False,False,7,2,0,22.22222222222222,33.33333333333333,33.33333333333333,0.0,Liquidv3,8,False,False,False,False,False,False,False,False,0,0,0,0,0,[],0,0,0,True,True,True,True,6,1,True,True,False,0,0.0,100.0,100.0,66.66666666666666,False,False,False,False,False
As17-01/brain_signals,910910663,main,49706e10b05aa4e2867a12eb6ea507b9fae4fed1,2025-01-01T19:00:53Z,0,787efcdbd65e2e3ad455138697d80f06d836cc20decdb1e18bb23e18bdf15f77,f887ac533c341da734f995e2284c62dafb3d2366,notebooks/archieve/no_embeddings/Liquidv4.ipynb,notebooks/archieve/no_embeddings/Liquidv4.ipynb,f887ac533c341da734f995e2284c62dafb3d2366,40627,https://github.com/As17-01/brain_signals/blob/main/notebooks/archieve/no_embeddings/Liquidv4.ipynb,True,python3,python,3.10,9,7,2,0,7,100.0,7,4,True,False,True,False,False,False,0,[],False,False,False,False,False,False,False,True,False,False,True,False,False,False,False,True,True,23,"[""BiLSTMConv48D2"", ""BiLSTMConv50"", ""BiLSTMDefault"", ""BiLSTMLag1"", ""GRUConv48D2"", ""GRUConv50"", ""GRUDefault"", ""GRULag1"", ""LSTMConv48D2"", ""LSTMConv50"", ""LSTMDefault"", ""LSTMLag1"", ""LiquidConv48D2"", ""LiquidConv50"", ""LiquidDefault"", ""LiquidLag1"", ""main"", ""metrics"", ""models"", ""preprocessing"", ""src"", ""training"", ""utils""]",False,False,False,False,7,2,0,22.22222222222222,33.33333333333333,33.33333333333333,0.0,Liquidv4,8,False,False,False,False,False,False,False,False,0,0,0,0,0,[],0,0,0,True,True,True,True,7,0,True,True,False,0,0.0,100.0,100.0,100.0,False,False,False,False,False
As17-01/brain_signals,910910663,main,49706e10b05aa4e2867a12eb6ea507b9fae4fed1,2025-01-01T19:00:53Z,0,1e0edd92019f981a5f39f24a9b8678d63e37a5fc6efe40183fafff16fd019a96,bcdbd66fda7badc22c3199b172241c22472bf761,notebooks/archieve/no_embeddings/Liquidv5.ipynb,notebooks/archieve/no_embeddings/Liquidv5.ipynb,bcdbd66fda7badc22c3199b172241c22472bf761,45414,https://github.com/As17-01/brain_signals/blob/main/notebooks/archieve/no_embeddings/Liquidv5.ipynb,True,python3,python,3.10,9,7,2,0,7,100.0,7,4,True,False,True,False,False,False,0,[],False,False,False,False,False,False,False,True,False,False,True,False,False,False,False,True,True,23,"[""BiLSTMConv48D2"", ""BiLSTMConv50"", ""BiLSTMDefault"", ""BiLSTMLag1"", ""GRUConv48D2"", ""GRUConv50"", ""GRUDefault"", ""GRULag1"", ""LSTMConv48D2"", ""LSTMConv50"", ""LSTMDefault"", ""LSTMLag1"", ""LiquidConv48D2"", ""LiquidConv50"", ""LiquidDefault"", ""LiquidLag1"", ""main"", ""metrics"", ""models"", ""preprocessing"", ""src"", ""training"", ""utils""]",False,False,False,False,7,2,0,22.22222222222222,33.33333333333333,33.33333333333333,0.0,Liquidv5,8,False,False,False,False,False,False,False,False,0,0,0,0,0,[],0,0,0,True,True,True,True,7,0,True,True,False,0,0.0,100.0,100.0,100.0,False,False,False,False,False
As17-01/brain_signals,910910663,main,49706e10b05aa4e2867a12eb6ea507b9fae4fed1,2025-01-01T19:00:53Z,0,93fa3b4b3a9d7b9c59e7503d672c7383861fa2b068bef29a37b8c97ecbac5b1f,d26afe908096964c69d926ddd65c40f711668413,notebooks/archieve/no_embeddings/Liquidv6.ipynb,notebooks/archieve/no_embeddings/Liquidv6.ipynb,d26afe908096964c69d926ddd65c40f711668413,47646,https://github.com/As17-01/brain_signals/blob/main/notebooks/archieve/no_embeddings/Liquidv6.ipynb,True,python3,python,3.10,9,7,2,0,6,85.71428571428571,7,4,True,False,True,False,False,False,0,[],False,False,False,False,False,False,False,True,False,False,True,False,False,False,False,True,True,23,"[""BiLSTMConv48D2"", ""BiLSTMConv50"", ""BiLSTMDefault"", ""BiLSTMLag1"", ""GRUConv48D2"", ""GRUConv50"", ""GRUDefault"", ""GRULag1"", ""LSTMConv48D2"", ""LSTMConv50"", ""LSTMDefault"", ""LSTMLag1"", ""LiquidConv48D2"", ""LiquidConv50"", ""LiquidDefault"", ""LiquidLag1"", ""main"", ""metrics"", ""models"", ""preprocessing"", ""src"", ""training"", ""utils""]",False,False,False,False,7,2,0,22.22222222222222,33.33333333333333,33.33333333333333,0.0,Liquidv6,8,False,False,False,False,False,False,False,False,0,0,0,0,0,[],0,0,0,True,True,True,True,6,1,True,True,False,0,0.0,50.0,100.0,100.0,False,False,False,False,False
As17-01/brain_signals,910910663,main,49706e10b05aa4e2867a12eb6ea507b9fae4fed1,2025-01-01T19:00:53Z,0,48dbfb23866b86291da8ae632d9ab73501fccbb83dfb0853add108e1b544edd4,d76037473068de3ad77ef98118825c5d536b7f84,notebooks/archieve/no_embeddings/Liquidv6_increased_lr1.ipynb,notebooks/archieve/no_embeddings/Liquidv6_increased_lr1.ipynb,d76037473068de3ad77ef98118825c5d536b7f84,47679,https://github.com/As17-01/brain_signals/blob/main/notebooks/archieve/no_embeddings/Liquidv6_increased_lr1.ipynb,True,python3,python,3.10,9,7,2,0,7,100.0,7,4,True,False,True,False,False,False,0,[],False,False,False,False,False,False,False,True,False,False,True,False,False,False,False,True,True,23,"[""BiLSTMConv48D2"", ""BiLSTMConv50"", ""BiLSTMDefault"", ""BiLSTMLag1"", ""GRUConv48D2"", ""GRUConv50"", ""GRUDefault"", ""GRULag1"", ""LSTMConv48D2"", ""LSTMConv50"", ""LSTMDefault"", ""LSTMLag1"", ""LiquidConv48D2"", ""LiquidConv50"", ""LiquidDefault"", ""LiquidLag1"", ""main"", ""metrics"", ""models"", ""preprocessing"", ""src"", ""training"", ""utils""]",False,False,False,False,7,2,0,22.22222222222222,33.33333333333333,33.33333333333333,0.0,Liquidv6_increased_lr1,22,True,False,False,False,False,False,True,False,0,0,0,0,0,[],0,0,0,True,True,True,True,7,0,True,True,False,0,0.0,100.0,100.0,100.0,False,False,False,False,False
As17-01/brain_signals,910910663,main,49706e10b05aa4e2867a12eb6ea507b9fae4fed1,2025-01-01T19:00:53Z,0,e3c2a871e836ad608806038a80af2c89bdb264256a8d31c7cb63e8b0fc449979,7cf1050b243280f5a6f281e6df0bcbe6fadcb508,notebooks/archieve/no_embeddings/Liquidv7.ipynb,notebooks/archieve/no_embeddings/Liquidv7.ipynb,7cf1050b243280f5a6f281e6df0bcbe6fadcb508,42639,https://github.com/As17-01/brain_signals/blob/main/notebooks/archieve/no_embeddings/Liquidv7.ipynb,True,python3,python,3.10,9,7,2,0,6,85.71428571428571,6,4,True,False,True,True,False,False,0,[],False,False,False,False,False,False,False,True,False,False,True,False,False,False,False,True,True,23,"[""BiLSTMConv48D2"", ""BiLSTMConv50"", ""BiLSTMDefault"", ""BiLSTMLag1"", ""GRUConv48D2"", ""GRUConv50"", ""GRUDefault"", ""GRULag1"", ""LSTMConv48D2"", ""LSTMConv50"", ""LSTMDefault"", ""LSTMLag1"", ""LiquidConv48D2"", ""LiquidConv50"", ""LiquidDefault"", ""LiquidLag1"", ""main"", ""metrics"", ""models"", ""preprocessing"", ""src"", ""training"", ""utils""]",False,False,False,False,7,2,0,22.22222222222222,33.33333333333333,33.33333333333333,0.0,Liquidv7,8,False,False,False,False,False,False,False,False,0,0,0,0,0,[],0,0,0,True,True,True,True,6,1,True,True,False,0,0.0,100.0,100.0,66.66666666666666,False,False,False,False,False
As17-01/brain_signals,910910663,main,49706e10b05aa4e2867a12eb6ea507b9fae4fed1,2025-01-01T19:00:53Z,0,777891b226d9fd2977b195a3d91c2399899efbb2da9edb385d8a166f4c1b903c,fb46f045b738d7737123ee3063f346fa0bad1bff,notebooks/archieve/no_embeddings/Liquidv8.ipynb,notebooks/archieve/no_embeddings/Liquidv8.ipynb,fb46f045b738d7737123ee3063f346fa0bad1bff,42078,https://github.com/As17-01/brain_signals/blob/main/notebooks/archieve/no_embeddings/Liquidv8.ipynb,True,python3,python,3.10,9,7,2,0,7,100.0,7,4,True,False,True,False,False,False,0,[],False,False,False,False,False,False,False,True,False,False,True,False,False,False,False,True,True,23,"[""BiLSTMConv48D2"", ""BiLSTMConv50"", ""BiLSTMDefault"", ""BiLSTMLag1"", ""GRUConv48D2"", ""GRUConv50"", ""GRUDefault"", ""GRULag1"", ""LSTMConv48D2"", ""LSTMConv50"", ""LSTMDefault"", ""LSTMLag1"", ""LiquidConv48D2"", ""LiquidConv50"", ""LiquidDefault"", ""LiquidLag1"", ""main"", ""metrics"", ""models"", ""preprocessing"", ""src"", ""training"", ""utils""]",False,False,False,False,7,2,0,22.22222222222222,33.33333333333333,33.33333333333333,0.0,Liquidv8,8,False,False,False,False,False,False,False,False,0,0,0,0,0,[],0,0,0,True,True,True,True,7,0,True,True,False,0,0.0,100.0,100.0,100.0,False,False,False,False,False
As17-01/brain_signals,910910663,main,49706e10b05aa4e2867a12eb6ea507b9fae4fed1,2025-01-01T19:00:53Z,0,ab198cea05d51881437b0317e4b271f272b51c2d3777e88ded5f92d069759353,363c8c59f7e0c5665197fd723ec24d8f57310751,notebooks/archieve/no_embeddings/Liquidv8_best_increased_lr2.ipynb,notebooks/archieve/no_embeddings/Liquidv8_best_increased_lr2.ipynb,363c8c59f7e0c5665197fd723ec24d8f57310751,42226,https://github.com/As17-01/brain_signals/blob/main/notebooks/archieve/no_embeddings/Liquidv8_best_increased_lr2.ipynb,True,python3,python,3.10,9,7,2,0,7,100.0,7,4,True,False,True,False,False,False,0,[],False,False,False,False,False,False,False,True,False,False,True,False,False,False,False,True,True,23,"[""BiLSTMConv48D2"", ""BiLSTMConv50"", ""BiLSTMDefault"", ""BiLSTMLag1"", ""GRUConv48D2"", ""GRUConv50"", ""GRUDefault"", ""GRULag1"", ""LSTMConv48D2"", ""LSTMConv50"", ""LSTMDefault"", ""LSTMLag1"", ""LiquidConv48D2"", ""LiquidConv50"", ""LiquidDefault"", ""LiquidLag1"", ""main"", ""metrics"", ""models"", ""preprocessing"", ""src"", ""training"", ""utils""]",False,False,False,False,7,2,0,22.22222222222222,33.33333333333333,33.33333333333333,0.0,Liquidv8_best_increased_lr2,27,True,False,False,False,False,False,True,False,0,0,0,0,0,[],0,0,0,True,True,True,True,7,0,True,True,False,0,0.0,100.0,100.0,100.0,False,False,False,False,False
As17-01/brain_signals,910910663,main,49706e10b05aa4e2867a12eb6ea507b9fae4fed1,2025-01-01T19:00:53Z,0,356e0a3330c5fd4bb5d5dc5296c0371fa52df77e2d6c54d00a93783c3bb3cb73,1f3f4f47c9d1bd11cbade349507e049fe5363d8a,notebooks/archieve/no_embeddings/Liquidv8_increased_lr1.ipynb,notebooks/archieve/no_embeddings/Liquidv8_increased_lr1.ipynb,1f3f4f47c9d1bd11cbade349507e049fe5363d8a,42108,https://github.com/As17-01/brain_signals/blob/main/notebooks/archieve/no_embeddings/Liquidv8_increased_lr1.ipynb,True,python3,python,3.10,9,7,2,0,7,100.0,7,4,True,False,True,False,False,False,0,[],False,False,False,False,False,False,False,True,False,False,True,False,False,False,False,True,True,23,"[""BiLSTMConv48D2"", ""BiLSTMConv50"", ""BiLSTMDefault"", ""BiLSTMLag1"", ""GRUConv48D2"", ""GRUConv50"", ""GRUDefault"", ""GRULag1"", ""LSTMConv48D2"", ""LSTMConv50"", ""LSTMDefault"", ""LSTMLag1"", ""LiquidConv48D2"", ""LiquidConv50"", ""LiquidDefault"", ""LiquidLag1"", ""main"", ""metrics"", ""models"", ""preprocessing"", ""src"", ""training"", ""utils""]",False,False,False,False,7,2,0,22.22222222222222,33.33333333333333,33.33333333333333,0.0,Liquidv8_increased_lr1,22,True,False,False,False,False,False,True,False,0,0,0,0,0,[],0,0,0,True,True,True,True,7,0,True,True,False,0,0.0,100.0,100.0,100.0,False,False,False,False,False
As17-01/brain_signals,910910663,main,49706e10b05aa4e2867a12eb6ea507b9fae4fed1,2025-01-01T19:00:53Z,0,e5ad320e727e434d9f634109927e5ca613614a6ae7525f7c7df869ee0a438ec6,d84955e8df8fd3b04bb03fad772a49c9e963b9e6,notebooks/archieve/no_embeddings/Liquidv9_increased_lr1.ipynb,notebooks/archieve/no_embeddings/Liquidv9_increased_lr1.ipynb,d84955e8df8fd3b04bb03fad772a49c9e963b9e6,39568,https://github.com/As17-01/brain_signals/blob/main/notebooks/archieve/no_embeddings/Liquidv9_increased_lr1.ipynb,True,python3,python,3.10,9,7,2,0,7,100.0,7,4,True,False,True,False,False,False,0,[],False,False,False,False,False,False,False,True,False,False,True,False,False,False,False,True,True,23,"[""BiLSTMConv48D2"", ""BiLSTMConv50"", ""BiLSTMDefault"", ""BiLSTMLag1"", ""GRUConv48D2"", ""GRUConv50"", ""GRUDefault"", ""GRULag1"", ""LSTMConv48D2"", ""LSTMConv50"", ""LSTMDefault"", ""LSTMLag1"", ""LiquidConv48D2"", ""LiquidConv50"", ""LiquidDefault"", ""LiquidLag1"", ""main"", ""metrics"", ""models"", ""preprocessing"", ""src"", ""training"", ""utils""]",False,False,False,False,7,2,0,22.22222222222222,33.33333333333333,33.33333333333333,0.0,Liquidv9_increased_lr1,22,True,False,False,False,False,False,True,False,0,0,0,0,0,[],0,0,0,True,True,True,True,7,0,True,True,False,0,0.0,100.0,100.0,100.0,False,False,False,False,False
As17-01/brain_signals,910910663,main,49706e10b05aa4e2867a12eb6ea507b9fae4fed1,2025-01-01T19:00:53Z,0,0ec8bfe73a6e8831e70a8cd691d2678ec60836c521104f7fd18ddca552f7c80c,fba5c16ca09aa229dbc5f2bd80fb4e0c4c69e9cc,notebooks/archieve/no_embeddings/Liquidv9_increased_lr2.ipynb,notebooks/archieve/no_embeddings/Liquidv9_increased_lr2.ipynb,fba5c16ca09aa229dbc5f2bd80fb4e0c4c69e9cc,39579,https://github.com/As17-01/brain_signals/blob/main/notebooks/archieve/no_embeddings/Liquidv9_increased_lr2.ipynb,True,python3,python,3.10,9,7,2,0,7,100.0,7,4,True,False,True,False,False,False,0,[],False,False,False,False,False,False,False,True,False,False,True,False,False,False,False,True,True,23,"[""BiLSTMConv48D2"", ""BiLSTMConv50"", ""BiLSTMDefault"", ""BiLSTMLag1"", ""GRUConv48D2"", ""GRUConv50"", ""GRUDefault"", ""GRULag1"", ""LSTMConv48D2"", ""LSTMConv50"", ""LSTMDefault"", ""LSTMLag1"", ""LiquidConv48D2"", ""LiquidConv50"", ""LiquidDefault"", ""LiquidLag1"", ""main"", ""metrics"", ""models"", ""preprocessing"", ""src"", ""training"", ""utils""]",False,False,False,False,7,2,0,22.22222222222222,33.33333333333333,33.33333333333333,0.0,Liquidv9_increased_lr2,22,True,False,False,False,False,False,True,False,0,0,0,0,0,[],0,0,0,True,True,True,True,7,0,True,True,False,0,0.0,100.0,100.0,100.0,False,False,False,False,False
As17-01/brain_signals,910910663,main,49706e10b05aa4e2867a12eb6ea507b9fae4fed1,2025-01-01T19:00:53Z,0,49a670035a22d091dc5593362d00ae181918f8b15b07efeb69a150c257f5181d,537a5974627a34916fcdee1a0ef5d9b6375456f8,notebooks/archieve/statistics/EEG_Classical_ML.ipynb,notebooks/archieve/statistics/EEG_Classical_ML.ipynb,537a5974627a34916fcdee1a0ef5d9b6375456f8,239567,https://github.com/As17-01/brain_signals/blob/main/notebooks/archieve/statistics/EEG_Classical_ML.ipynb,True,python3,python,3.10,61,44,17,0,33,75.0,40,27,True,True,True,False,False,False,31,"[[""matplotlib"", 1], [""numpy"", 1], [""pandas"", 1], [""random"", 1], [""shap"", 1], [""sklearn"", 1], [""tensorflow"", 1], [""warnings"", 1]]",False,True,False,True,False,False,False,True,False,False,True,False,False,False,False,True,True,23,"[""BiLSTMConv48D2"", ""BiLSTMConv50"", ""BiLSTMDefault"", ""BiLSTMLag1"", ""GRUConv48D2"", ""GRUConv50"", ""GRUDefault"", ""GRULag1"", ""LSTMConv48D2"", ""LSTMConv50"", ""LSTMDefault"", ""LSTMLag1"", ""LiquidConv48D2"", ""LiquidConv50"", ""LiquidDefault"", ""LiquidLag1"", ""main"", ""metrics"", ""models"", ""preprocessing"", ""src"", ""training"", ""utils""]",False,False,False,False,44,17,0,27.86885245901639,20.0,40.0,23.809523809523807,EEG_Classical_ML,16,True,False,False,False,False,False,True,False,6,0,4,1,31,"[""matplotlib"", ""numpy"", ""pandas"", ""random"", ""shap"", ""sklearn"", ""tensorflow"", ""warnings""]",0,0,0,False,True,True,True,33,11,True,False,True,2,2.0,71.42857142857143,71.42857142857143,81.25,True,True,True,False,False
As17-01/brain_signals,910910663,main,49706e10b05aa4e2867a12eb6ea507b9fae4fed1,2025-01-01T19:00:53Z,0,adb5f5984a4ec9e4546a32833dc83f8e600935354f660a14f4366bedfd8bfd2e,472676afa56f75fca4496922a9694b28c1b36d2d,notebooks/archieve/statistics/comparison_plot_best.ipynb,notebooks/archieve/statistics/comparison_plot_best.ipynb,472676afa56f75fca4496922a9694b28c1b36d2d,624601,https://github.com/As17-01/brain_signals/blob/main/notebooks/archieve/statistics/comparison_plot_best.ipynb,True,python3,python,3.10,3,3,0,0,2,66.66666666666666,6,1,True,True,False,False,False,False,3,"[[""matplotlib"", 1], [""os"", 1], [""re"", 1]]",False,True,False,True,False,False,False,True,False,False,True,False,False,False,False,True,True,23,"[""BiLSTMConv48D2"", ""BiLSTMConv50"", ""BiLSTMDefault"", ""BiLSTMLag1"", ""GRUConv48D2"", ""GRUConv50"", ""GRUDefault"", ""GRULag1"", ""LSTMConv48D2"", ""LSTMConv50"", ""LSTMDefault"", ""LSTMLag1"", ""LiquidConv48D2"", ""LiquidConv50"", ""LiquidDefault"", ""LiquidLag1"", ""main"", ""metrics"", ""models"", ""preprocessing"", ""src"", ""training"", ""utils""]",False,False,False,False,3,0,0,0.0,0.0,0.0,0.0,comparison_plot_best,20,True,False,True,True,False,False,True,False,2,0,5,2,3,"[""matplotlib"", ""os"", ""re""]",0,0,0,False,True,True,True,2,1,True,True,False,2,2.0,100.0,100.0,0.0,False,True,False,False,False
As17-01/brain_signals,910910663,main,49706e10b05aa4e2867a12eb6ea507b9fae4fed1,2025-01-01T19:00:53Z,0,07115f38dbf0f1aff3ecfbef436dabab91f8c2b5c3e2879c93c80324178cc4aa,95d3ab82d1575e66c5f58119e597b4119922faa4,notebooks/archieve/statistics/comparison_plot_best_raw_data.ipynb,notebooks/archieve/statistics/comparison_plot_best_raw_data.ipynb,95d3ab82d1575e66c5f58119e597b4119922faa4,455516,https://github.com/As17-01/brain_signals/blob/main/notebooks/archieve/statistics/comparison_plot_best_raw_data.ipynb,True,python3,python,3.10,3,3,0,0,2,66.66666666666666,4,1,True,True,False,False,False,False,3,"[[""matplotlib"", 1], [""os"", 1], [""re"", 1]]",False,True,False,True,False,False,False,True,False,False,True,False,False,False,False,True,True,23,"[""BiLSTMConv48D2"", ""BiLSTMConv50"", ""BiLSTMDefault"", ""BiLSTMLag1"", ""GRUConv48D2"", ""GRUConv50"", ""GRUDefault"", ""GRULag1"", ""LSTMConv48D2"", ""LSTMConv50"", ""LSTMDefault"", ""LSTMLag1"", ""LiquidConv48D2"", ""LiquidConv50"", ""LiquidDefault"", ""LiquidLag1"", ""main"", ""metrics"", ""models"", ""preprocessing"", ""src"", ""training"", ""utils""]",False,False,False,False,3,0,0,0.0,0.0,0.0,0.0,comparison_plot_best_raw_data,29,True,False,True,True,False,False,True,False,2,0,5,2,3,"[""matplotlib"", ""os"", ""re""]",0,0,0,False,True,True,True,2,1,True,True,False,2,2.0,100.0,100.0,0.0,False,True,False,False,False
As17-01/brain_signals,910910663,main,49706e10b05aa4e2867a12eb6ea507b9fae4fed1,2025-01-01T19:00:53Z,0,7b46e1cc091b4027a423a5d662968a9876dd0aa585d1113a5b3ff3a3c1668f8b,a524c64c03ff3adc0d77e3c169e0b6c0616bd139,notebooks/archieve/statistics/raw_plot.ipynb,notebooks/archieve/statistics/raw_plot.ipynb,a524c64c03ff3adc0d77e3c169e0b6c0616bd139,1665204,https://github.com/As17-01/brain_signals/blob/main/notebooks/archieve/statistics/raw_plot.ipynb,True,python3,python,3.10,8,7,1,0,7,100.0,46,4,True,True,True,False,False,False,7,"[[""matplotlib"", 1], [""numpy"", 1], [""pandas"", 1], [""pathlib"", 1], [""scipy"", 1], [""seaborn"", 1]]",False,True,False,True,False,False,False,True,False,False,True,False,False,False,False,True,True,23,"[""BiLSTMConv48D2"", ""BiLSTMConv50"", ""BiLSTMDefault"", ""BiLSTMLag1"", ""GRUConv48D2"", ""GRUConv50"", ""GRUDefault"", ""GRULag1"", ""LSTMConv48D2"", ""LSTMConv50"", ""LSTMDefault"", ""LSTMLag1"", ""LiquidConv48D2"", ""LiquidConv50"", ""LiquidDefault"", ""LiquidLag1"", ""main"", ""metrics"", ""models"", ""preprocessing"", ""src"", ""training"", ""utils""]",False,False,False,False,7,1,0,12.5,50.0,0.0,0.0,raw_plot,8,True,False,False,False,False,False,True,False,1,0,2,2,7,"[""matplotlib"", ""numpy"", ""pandas"", ""pathlib"", ""scipy"", ""seaborn""]",0,0,0,False,True,True,True,7,0,True,True,False,0,0.0,100.0,100.0,100.0,False,False,False,False,False
As17-01/brain_signals,910910663,main,49706e10b05aa4e2867a12eb6ea507b9fae4fed1,2025-01-01T19:00:53Z,0,a1980128e9c1838a11e8d8feda7528e40aff584a4b7d95400a940c5d92f88ef3,9a186ec08cce002bbc4e9b1b6cc73e6544d3758c,notebooks/manuscript/GRU.ipynb,notebooks/manuscript/GRU.ipynb,9a186ec08cce002bbc4e9b1b6cc73e6544d3758c,561403,https://github.com/As17-01/brain_signals/blob/main/notebooks/manuscript/GRU.ipynb,True,python3,python,3.10,14,12,2,0,11,91.66666666666666,17,7,True,True,True,False,False,False,0,[],False,False,False,False,False,False,False,True,False,False,True,False,False,False,False,True,True,23,"[""BiLSTMConv48D2"", ""BiLSTMConv50"", ""BiLSTMDefault"", ""BiLSTMLag1"", ""GRUConv48D2"", ""GRUConv50"", ""GRUDefault"", ""GRULag1"", ""LSTMConv48D2"", ""LSTMConv50"", ""LSTMDefault"", ""LSTMLag1"", ""LiquidConv48D2"", ""LiquidConv50"", ""LiquidDefault"", ""LiquidLag1"", ""main"", ""metrics"", ""models"", ""preprocessing"", ""src"", ""training"", ""utils""]",False,False,False,False,12,2,0,14.285714285714285,50.0,0.0,0.0,GRU,3,False,False,False,False,False,False,False,False,0,0,0,0,0,[],0,0,0,True,True,True,True,11,1,True,True,False,6,6.0,100.0,100.0,75.0,False,True,False,False,False
As17-01/brain_signals,910910663,main,49706e10b05aa4e2867a12eb6ea507b9fae4fed1,2025-01-01T19:00:53Z,0,4e96f0c13780d2c87eb0b88d2e838ec3c91573d0c79c5d4b737ab9cfa551b9d3,97b0fb8cdbcbb259ab34460c3b17693d9fe2f8aa,notebooks/manuscript/comparison_plot_reworked.ipynb,notebooks/manuscript/comparison_plot_reworked.ipynb,97b0fb8cdbcbb259ab34460c3b17693d9fe2f8aa,236365,https://github.com/As17-01/brain_signals/blob/main/notebooks/manuscript/comparison_plot_reworked.ipynb,True,python3,python,3.10,6,6,0,0,5,83.33333333333334,6,1,True,True,False,False,False,False,8,"[[""matplotlib"", 1], [""numpy"", 1], [""os"", 1], [""pandas"", 1], [""re"", 1], [""scipy"", 1]]",False,True,False,True,False,False,False,True,False,False,True,False,False,False,False,True,True,23,"[""BiLSTMConv48D2"", ""BiLSTMConv50"", ""BiLSTMDefault"", ""BiLSTMLag1"", ""GRUConv48D2"", ""GRUConv50"", ""GRUDefault"", ""GRULag1"", ""LSTMConv48D2"", ""LSTMConv50"", ""LSTMDefault"", ""LSTMLag1"", ""LiquidConv48D2"", ""LiquidConv50"", ""LiquidDefault"", ""LiquidLag1"", ""main"", ""metrics"", ""models"", ""preprocessing"", ""src"", ""training"", ""utils""]",False,False,False,False,6,0,0,0.0,0.0,0.0,0.0,comparison_plot_reworked,24,True,False,True,True,False,False,True,False,6,0,11,17,8,"[""matplotlib"", ""numpy"", ""os"", ""pandas"", ""re"", ""scipy""]",0,0,0,False,True,True,True,5,1,True,True,False,1,1.0,100.0,100.0,50.0,False,True,False,False,False
As17-01/brain_signals,910910663,main,49706e10b05aa4e2867a12eb6ea507b9fae4fed1,2025-01-01T19:00:53Z,0,f16baf4c147804d0a729d7b7cc071cd7232bc2e17b57911cbafef7cb5df841e7,9aaa5ce7cc5b9d906f2037bc05ff660fdb15bf06,notebooks/manuscript/description.ipynb,notebooks/manuscript/description.ipynb,9aaa5ce7cc5b9d906f2037bc05ff660fdb15bf06,730240,https://github.com/As17-01/brain_signals/blob/main/notebooks/manuscript/description.ipynb,True,python3,python,3.10,9,8,1,0,7,87.5,8,5,True,True,True,False,False,False,7,"[[""matplotlib"", 1], [""numpy"", 1], [""pandas"", 1], [""pathlib"", 1], [""seaborn"", 1]]",False,False,False,True,False,False,False,True,False,False,True,False,False,False,False,True,True,23,"[""BiLSTMConv48D2"", ""BiLSTMConv50"", ""BiLSTMDefault"", ""BiLSTMLag1"", ""GRUConv48D2"", ""GRUConv50"", ""GRUDefault"", ""GRULag1"", ""LSTMConv48D2"", ""LSTMConv50"", ""LSTMDefault"", ""LSTMLag1"", ""LiquidConv48D2"", ""LiquidConv50"", ""LiquidDefault"", ""LiquidLag1"", ""main"", ""metrics"", ""models"", ""preprocessing"", ""src"", ""training"", ""utils""]",False,False,False,False,8,1,0,11.11111111111111,33.33333333333333,0.0,0.0,description,11,False,False,False,False,False,False,False,False,0,0,2,0,7,"[""matplotlib"", ""numpy"", ""pandas"", ""pathlib"", ""seaborn""]",0,0,0,True,True,True,True,7,1,True,True,False,1,1.0,100.0,100.0,75.0,False,True,False,False,False
As17-01/brain_signals,910910663,main,49706e10b05aa4e2867a12eb6ea507b9fae4fed1,2025-01-01T19:00:53Z,0,ec817fd25b450959959c3647a62f7640c73f930146c4cb7ea378697e60906314,e337d3857f23961afe5c17de5f08755e52b2f7f0,notebooks/manuscript/distributions.ipynb,notebooks/manuscript/distributions.ipynb,e337d3857f23961afe5c17de5f08755e52b2f7f0,1223556,https://github.com/As17-01/brain_signals/blob/main/notebooks/manuscript/distributions.ipynb,True,python3,python,3.10,8,7,1,0,7,100.0,7,5,True,True,True,False,False,False,17,"[[""matplotlib"", 1], [""numpy"", 1], [""pandas"", 1], [""pathlib"", 1], [""random"", 1], [""seaborn"", 1], [""tqdm"", 1]]",False,False,False,True,False,False,False,True,False,False,True,False,False,False,False,True,True,23,"[""BiLSTMConv48D2"", ""BiLSTMConv50"", ""BiLSTMDefault"", ""BiLSTMLag1"", ""GRUConv48D2"", ""GRUConv50"", ""GRUDefault"", ""GRULag1"", ""LSTMConv48D2"", ""LSTMConv50"", ""LSTMDefault"", ""LSTMLag1"", ""LiquidConv48D2"", ""LiquidConv50"", ""LiquidDefault"", ""LiquidLag1"", ""main"", ""metrics"", ""models"", ""preprocessing"", ""src"", ""training"", ""utils""]",False,False,False,False,7,1,0,12.5,50.0,0.0,0.0,distributions,13,False,False,False,False,False,False,False,False,0,0,4,0,17,"[""matplotlib"", ""numpy"", ""pandas"", ""pathlib"", ""random"", ""seaborn"", ""tqdm""]",0,0,0,True,True,True,True,7,0,True,True,False,0,0.0,100.0,100.0,100.0,False,False,False,False,False
As17-01/brain_signals,910910663,main,49706e10b05aa4e2867a12eb6ea507b9fae4fed1,2025-01-01T19:00:53Z,0,14e052c85abd0907415581436df198ba205539fd7c8a0f58af015a8408d08054,a7f935f2cc4c3dc3baa96a45af98f660f3355acf,notebooks/manuscript/regressions.ipynb,notebooks/manuscript/regressions.ipynb,a7f935f2cc4c3dc3baa96a45af98f660f3355acf,97223,https://github.com/As17-01/brain_signals/blob/main/notebooks/manuscript/regressions.ipynb,True,python3,python,3.10,9,9,0,0,9,100.0,160,6,True,True,True,False,False,False,8,"[[""linearmodels"", 1], [""matplotlib"", 1], [""numpy"", 1], [""pandas"", 1], [""pathlib"", 1], [""seaborn"", 1], [""sklearn"", 1]]",False,True,False,True,False,False,False,True,False,False,True,False,False,False,False,True,True,23,"[""BiLSTMConv48D2"", ""BiLSTMConv50"", ""BiLSTMDefault"", ""BiLSTMLag1"", ""GRUConv48D2"", ""GRUConv50"", ""GRUDefault"", ""GRULag1"", ""LSTMConv48D2"", ""LSTMConv50"", ""LSTMDefault"", ""LSTMLag1"", ""LiquidConv48D2"", ""LiquidConv50"", ""LiquidDefault"", ""LiquidLag1"", ""main"", ""metrics"", ""models"", ""preprocessing"", ""src"", ""training"", ""utils""]",False,False,False,False,9,0,0,0.0,0.0,0.0,0.0,regressions,11,False,False,True,True,False,False,False,False,1,0,1,0,8,"[""linearmodels"", ""matplotlib"", ""numpy"", ""pandas"", ""pathlib"", ""seaborn"", ""sklearn""]",0,0,0,False,True,True,True,9,0,True,True,False,151,75.5,100.0,100.0,100.0,False,True,False,False,False
rogerqiu7/Cancer-Mortality-Prediction,910829969,main,2a012f8fb602ec7ab7c67a310c4a13329fc144f1,2025-01-01T15:05:29Z,0,47490611143d20efbc7d4f9f2cd24fb910e76d9e0539bfcd139133869d369665,8bd2a06a7cbefcfe3052174a666930d494634f8d,Code_Library/.ipynb_checkpoints/1_Data_Preparation-checkpoint.ipynb,Code_Library/.ipynb_checkpoints/1_Data_Preparation-checkpoint.ipynb,8bd2a06a7cbefcfe3052174a666930d494634f8d,152069,https://github.com/rogerqiu7/Cancer-Mortality-Prediction/blob/main/Code_Library/.ipynb_checkpoints/1_Data_Preparation-checkpoint.ipynb,True,python3,python,3.9,44,34,10,0,34,100.0,34,32,True,False,True,False,False,False,1,"[[""pandas"", 1]]",False,False,False,False,False,False,False,False,False,False,False,False,False,False,False,True,False,0,[],False,False,False,False,34,10,0,22.727272727272727,35.714285714285715,21.428571428571427,12.5,1_Data_Preparation-checkpoint,29,True,False,False,False,False,False,True,False,0,0,0,0,1,"[""pandas""]",0,0,0,True,True,True,True,34,0,True,True,False,0,0.0,100.0,100.0,100.0,False,False,False,False,False
rogerqiu7/Cancer-Mortality-Prediction,910829969,main,2a012f8fb602ec7ab7c67a310c4a13329fc144f1,2025-01-01T15:05:29Z,0,ef0860e428cc1f4c777e6c4791f7deb9774861f80b14e717ea87d2bbf3f611e2,9fe5d1ad6a4394a538ce1270d75d9f7a220d2746,Code_Library/.ipynb_checkpoints/2_EDA-checkpoint.ipynb,Code_Library/.ipynb_checkpoints/2_EDA-checkpoint.ipynb,9fe5d1ad6a4394a538ce1270d75d9f7a220d2746,1055441,https://github.com/rogerqiu7/Cancer-Mortality-Prediction/blob/main/Code_Library/.ipynb_checkpoints/2_EDA-checkpoint.ipynb,True,python3,python,3.9,34,24,10,0,24,100.0,56,20,True,True,True,False,False,False,3,"[[""matplotlib"", 1], [""pandas"", 1], [""seaborn"", 1]]",False,True,False,True,False,False,False,False,False,False,False,False,False,False,False,True,False,0,[],False,False,False,False,24,10,0,29.411764705882355,54.54545454545454,27.27272727272727,8.333333333333332,2_EDA-checkpoint,16,True,False,False,False,False,False,True,False,1,0,0,1,3,"[""matplotlib"", ""pandas"", ""seaborn""]",0,0,0,False,True,True,True,24,0,True,True,True,29,4.142857142857143,100.0,100.0,100.0,True,True,False,False,False
rogerqiu7/Cancer-Mortality-Prediction,910829969,main,2a012f8fb602ec7ab7c67a310c4a13329fc144f1,2025-01-01T15:05:29Z,0,eded67534d10fc6d3edbf5f44ed41f028fd53cdca1f375180f0c13f5b787dc3b,6c1798c17ee1556a68956888ef0cf3b81b2414d8,Code_Library/.ipynb_checkpoints/3_Modeling-checkpoint.ipynb,Code_Library/.ipynb_checkpoints/3_Modeling-checkpoint.ipynb,6c1798c17ee1556a68956888ef0cf3b81b2414d8,1822327,https://github.com/rogerqiu7/Cancer-Mortality-Prediction/blob/main/Code_Library/.ipynb_checkpoints/3_Modeling-checkpoint.ipynb,True,python3,python,3.9,87,62,25,0,61,98.38709677419355,139,52,True,True,True,False,False,False,18,"[[""lightgbm"", 1], [""matplotlib"", 1], [""numpy"", 1], [""pandas"", 1], [""seaborn"", 1], [""shap"", 1], [""sklearn"", 1], [""warnings"", 1], [""xgboost"", 1]]",False,True,False,True,False,False,False,False,False,False,False,False,False,False,False,True,False,0,[],False,False,False,False,62,25,0,28.735632183908045,37.93103448275862,31.03448275862069,17.24137931034483,3_Modeling-checkpoint,21,True,False,False,False,False,False,True,False,2,0,7,0,18,"[""lightgbm"", ""matplotlib"", ""numpy"", ""pandas"", ""seaborn"", ""shap"", ""sklearn"", ""warnings"", ""xgboost""]",0,0,0,False,True,True,True,61,1,True,False,True,78,4.333333333333333,100.0,95.0,100.0,True,True,True,False,False
rogerqiu7/Cancer-Mortality-Prediction,910829969,main,2a012f8fb602ec7ab7c67a310c4a13329fc144f1,2025-01-01T15:05:29Z,0,223ab002b3d814d48eb65cf121e903049f3354d743877aa077b6772392a6a1df,8bd2a06a7cbefcfe3052174a666930d494634f8d,Code_Library/1_Data_Preparation.ipynb,Code_Library/1_Data_Preparation.ipynb,8bd2a06a7cbefcfe3052174a666930d494634f8d,152069,https://github.com/rogerqiu7/Cancer-Mortality-Prediction/blob/main/Code_Library/1_Data_Preparation.ipynb,True,python3,python,3.9,44,34,10,0,34,100.0,34,32,True,False,True,False,False,False,1,"[[""pandas"", 1]]",False,False,False,False,False,False,False,False,False,False,False,False,False,False,False,True,False,0,[],False,False,False,False,34,10,0,22.727272727272727,35.714285714285715,21.428571428571427,12.5,1_Data_Preparation,18,True,False,False,False,False,False,True,False,0,0,0,0,1,"[""pandas""]",0,0,0,True,True,True,True,34,0,True,True,False,0,0.0,100.0,100.0,100.0,False,False,False,False,False
rogerqiu7/Cancer-Mortality-Prediction,910829969,main,2a012f8fb602ec7ab7c67a310c4a13329fc144f1,2025-01-01T15:05:29Z,0,8c73755e837901741169529308a9d9189cf80cc0a682f1962f9b240fd7a767b2,9fe5d1ad6a4394a538ce1270d75d9f7a220d2746,Code_Library/2_EDA.ipynb,Code_Library/2_EDA.ipynb,9fe5d1ad6a4394a538ce1270d75d9f7a220d2746,1055441,https://github.com/rogerqiu7/Cancer-Mortality-Prediction/blob/main/Code_Library/2_EDA.ipynb,True,python3,python,3.9,34,24,10,0,24,100.0,56,20,True,True,True,False,False,False,3,"[[""matplotlib"", 1], [""pandas"", 1], [""seaborn"", 1]]",False,True,False,True,False,False,False,False,False,False,False,False,False,False,False,True,False,0,[],False,False,False,False,24,10,0,29.411764705882355,54.54545454545454,27.27272727272727,8.333333333333332,2_EDA,5,True,False,False,False,False,False,True,False,1,0,0,1,3,"[""matplotlib"", ""pandas"", ""seaborn""]",0,0,0,False,True,True,True,24,0,True,True,True,29,4.142857142857143,100.0,100.0,100.0,True,True,False,False,False
rogerqiu7/Cancer-Mortality-Prediction,910829969,main,2a012f8fb602ec7ab7c67a310c4a13329fc144f1,2025-01-01T15:05:29Z,0,532ed8c2631bf84ef0c1261505aa5b48fc2a578a2e181e435308875792443179,6c1798c17ee1556a68956888ef0cf3b81b2414d8,Code_Library/3_Modeling.ipynb,Code_Library/3_Modeling.ipynb,6c1798c17ee1556a68956888ef0cf3b81b2414d8,1822327,https://github.com/rogerqiu7/Cancer-Mortality-Prediction/blob/main/Code_Library/3_Modeling.ipynb,True,python3,python,3.9,87,62,25,0,61,98.38709677419355,139,52,True,True,True,False,False,False,18,"[[""lightgbm"", 1], [""matplotlib"", 1], [""numpy"", 1], [""pandas"", 1], [""seaborn"", 1], [""shap"", 1], [""sklearn"", 1], [""warnings"", 1], [""xgboost"", 1]]",False,True,False,True,False,False,False,False,False,False,False,False,False,False,False,True,False,0,[],False,False,False,False,62,25,0,28.735632183908045,37.93103448275862,31.03448275862069,17.24137931034483,3_Modeling,10,True,False,False,False,False,False,True,False,2,0,7,0,18,"[""lightgbm"", ""matplotlib"", ""numpy"", ""pandas"", ""seaborn"", ""shap"", ""sklearn"", ""warnings"", ""xgboost""]",0,0,0,False,True,True,True,61,1,True,False,True,78,4.333333333333333,100.0,95.0,100.0,True,True,True,False,False
rogerqiu7/Cancer-Mortality-Prediction,910829969,main,2a012f8fb602ec7ab7c67a310c4a13329fc144f1,2025-01-01T15:05:29Z,0,d5455d1e858bcd3100b0b63bbc591324d53369ef819ab470b81d9f9ad7d23584,fdc7aeb56cba5da7adac218ca0b5903fba479bd2,FoodVision.ipynb,FoodVision.ipynb,fdc7aeb56cba5da7adac218ca0b5903fba479bd2,2150414,https://github.com/rogerqiu7/Cancer-Mortality-Prediction/blob/main/FoodVision.ipynb,True,python3,python,3.8,47,35,12,0,35,100.0,69,24,True,True,True,False,False,True,0,[],False,False,False,False,False,False,False,False,False,False,False,False,False,False,False,True,False,0,[],False,False,False,False,35,12,0,25.53191489361702,40.0,26.666666666666668,11.76470588235294,FoodVision,10,False,False,False,False,False,False,False,False,0,0,0,0,0,[],0,0,0,True,True,True,True,35,0,True,True,True,33,2.5384615384615383,100.0,100.0,100.0,True,True,False,False,True
yupraw/Portfolio-Project,910776038,main,91fa89c70207e1c55b04a3f341f3b13b0122cf46,2025-01-01T11:45:22Z,0,32bde089d3855fc2186e78c6975a7fde8db30678b072849603da44a313f2de21,c2f0e36a7c44eb16a51087aabb0d269d743192c5,Traveloka_Sentiment_Analysis/Web_Scraping_Sentiment_Analysis.ipynb,Traveloka_Sentiment_Analysis/Web_Scraping_Sentiment_Analysis.ipynb,c2f0e36a7c44eb16a51087aabb0d269d743192c5,1539543,https://github.com/yupraw/Portfolio-Project/blob/main/Traveloka_Sentiment_Analysis/Web_Scraping_Sentiment_Analysis.ipynb,True,python3,python,,61,48,13,0,0,0.0,0,32,True,True,True,False,False,True,0,[],False,False,False,False,False,False,False,False,False,False,False,False,False,False,False,False,False,0,[],False,False,False,False,48,13,0,21.311475409836063,10.0,5.0,47.61904761904761,Web_Scraping_Sentiment_Analysis,31,True,False,False,False,False,False,True,False,0,0,0,0,0,[],0,0,0,True,True,True,True,0,48,False,True,False,0,0.0,0.0,0.0,0.0,False,False,False,False,False
nizam9985/addx,910673784,main,689cdcc1a08aeaf3489f5cbd6362aee7c53a2dad,2025-01-01T02:47:46Z,0,ae7c9a3b89fba5aece3341a3c94d30f2a0dbc6694dd4db4e493a1060fb740882,22ef115dea1ee93e18fc1f083d53c2d864b76b34,Weather_Tool3.ipynb,Weather_Tool3.ipynb,22ef115dea1ee93e18fc1f083d53c2d864b76b34,5951,https://github.com/nizam9985/addx/blob/main/Weather_Tool3.ipynb,True,python3,python,3.11,12,12,0,0,7,58.333333333333336,29,2,False,False,False,False,False,False,9,"[[""langchain"", 1], [""langchain_openai"", 1], [""langgraph"", 1], [""os"", 1], [""requests"", 1]]",False,True,False,True,False,False,False,False,False,False,False,False,False,True,False,False,False,6,"[""add_num"", ""agent"", ""building_first_agent_4b"", ""building_first_agent_5"", ""copy"", ""weld defect""]",False,False,False,False,12,0,0,0.0,0.0,0.0,0.0,Weather_Tool3,13,True,False,True,True,False,False,True,False,2,0,0,1,9,"[""langchain"", ""langchain_openai"", ""langgraph"", ""os"", ""requests""]",0,0,0,False,True,True,True,7,5,True,True,False,0,0.0,0.0,100.0,75.0,False,False,False,False,False
nizam9985/addx,910673784,main,689cdcc1a08aeaf3489f5cbd6362aee7c53a2dad,2025-01-01T02:47:46Z,0,ed49961d08c5547413f588ee3f02f4ff1cd79ada259b241c71e431f91a8a7a96,4e6f41808fa28111e98dedd7f0a616a824cdbd78,youtubechatbot_using_langchain_with_memory.ipynb,youtubechatbot_using_langchain_with_memory.ipynb,4e6f41808fa28111e98dedd7f0a616a824cdbd78,50620,https://github.com/nizam9985/addx/blob/main/youtubechatbot_using_langchain_with_memory.ipynb,True,python3,python,3.11,56,55,1,0,49,89.0909090909091,63,25,True,False,False,False,False,False,0,[],False,False,False,False,False,False,False,False,False,False,False,False,False,True,False,False,False,6,"[""add_num"", ""agent"", ""building_first_agent_4b"", ""building_first_agent_5"", ""copy"", ""weld defect""]",False,False,False,False,55,1,0,1.7857142857142856,5.555555555555555,0.0,0.0,youtubechatbot_using_langchain_with_memory,42,True,False,False,True,False,False,True,False,0,0,0,0,0,[],0,0,0,True,True,True,True,49,6,True,False,True,19,1.5833333333333333,77.77777777777779,94.44444444444444,94.73684210526315,True,True,True,False,False
romms921/arXiver,910921123,master,b9516b335c5455b1afaca87966747ca9d4f292fa,2025-01-01T19:44:31Z,0,9541cae7e0fcd0270557e7a98d13d404874dc699694a1b62b65860bbdafd21ed,a3b95d53f024c6f01846019d3ca76bac32277c83,arxiv_module.ipynb,arxiv_module.ipynb,a3b95d53f024c6f01846019d3ca76bac32277c83,3752,https://github.com/romms921/arXiver/blob/master/arxiv_module.ipynb,True,python3,python,3.9,3,3,0,0,2,66.66666666666666,3,1,False,False,False,False,False,False,3,"[[""arxiv"", 1], [""certifi"", 1], [""os"", 1]]",False,False,False,True,False,False,False,False,False,False,False,False,False,False,False,False,False,3,"[""arxiv_dataframe"", ""missing_days"", ""script2""]",False,False,False,False,3,0,0,0.0,0.0,0.0,0.0,arxiv_module,12,True,False,True,True,False,False,True,False,0,0,1,0,3,"[""arxiv"", ""certifi"", ""os""]",0,0,0,True,True,True,True,2,1,True,True,False,1,1.0,100.0,100.0,0.0,False,True,False,False,False
romms921/arXiver,910921123,master,b9516b335c5455b1afaca87966747ca9d4f292fa,2025-01-01T19:44:31Z,0,a21889e5d3969ad46af0d7af89c79db3ad9913a2a9fa9530e629ffffcb20d5a4,5e46e501b0a2afc566df1a4d34b2cec227253211,author_affil.ipynb,author_affil.ipynb,5e46e501b0a2afc566df1a4d34b2cec227253211,5111344,https://github.com/romms921/arXiver/blob/master/author_affil.ipynb,True,python3,python,3.11,15,15,0,0,14,93.33333333333333,66,11,True,True,True,True,False,False,24,"[[""PyPDF2"", 1], [""bs4"", 1], [""certifi"", 1], [""datetime"", 1], [""dotenv"", 1], [""folium"", 1], [""geodatasets"", 1], [""geopandas"", 1], [""geopy"", 1], [""groq"", 1]]",False,True,False,True,False,False,False,False,False,False,False,False,False,False,False,False,False,3,"[""arxiv_dataframe"", ""missing_days"", ""script2""]",False,False,False,False,15,0,0,0.0,0.0,0.0,0.0,author_affil,12,True,False,True,True,False,False,True,False,1,0,1,14,24,"[""PyPDF2"", ""bs4"", ""certifi"", ""datetime"", ""dotenv"", ""folium"", ""geodatasets"", ""geopandas"", ""geopy"", ""groq"", ""io"", ""matplotlib"", ""numpy"", ""os"", ""pandas"", ""pycountry"", ""re"", ""requests"", ""scholarly"", ""time"", ""tqdm"", ""urllib"", ""warnings"", ""xml""]",0,0,0,False,True,True,True,14,1,True,True,True,52,13.0,100.0,80.0,100.0,True,True,True,False,False
romms921/arXiver,910921123,master,b9516b335c5455b1afaca87966747ca9d4f292fa,2025-01-01T19:44:31Z,0,f1bbf7c6bcfa1d421b0debcab28c6718ebccffb82165aa59118e5d397ecdaecd,dda7e3877c0dfbd7664610ba6811b28c133dc2ee,clean_arxiv.ipynb,clean_arxiv.ipynb,dda7e3877c0dfbd7664610ba6811b28c133dc2ee,354058,https://github.com/romms921/arXiver/blob/master/clean_arxiv.ipynb,True,python3,python,3.11,11,7,4,0,5,71.42857142857143,28,3,True,False,True,True,False,False,15,"[[""IPython"", 1], [""PyPDF2"", 1], [""arxiv"", 1], [""bs4"", 1], [""certifi"", 1], [""datetime"", 1], [""dotenv"", 1], [""io"", 1], [""json"", 1], [""os"", 1]]",False,True,True,True,False,False,False,False,False,False,False,False,False,False,False,False,False,3,"[""arxiv_dataframe"", ""missing_days"", ""script2""]",False,False,False,False,7,4,0,36.36363636363637,66.66666666666666,66.66666666666666,0.0,clean_arxiv,11,True,False,False,False,False,False,True,False,14,1,29,35,15,"[""IPython"", ""PyPDF2"", ""arxiv"", ""bs4"", ""certifi"", ""datetime"", ""dotenv"", ""io"", ""json"", ""os"", ""pandas"", ""re"", ""tqdm"", ""urllib"", ""xml""]",0,0,0,False,False,True,True,5,2,True,True,True,23,7.666666666666667,100.0,50.0,66.66666666666666,True,True,True,False,False
romms921/arXiver,910921123,master,b9516b335c5455b1afaca87966747ca9d4f292fa,2025-01-01T19:44:31Z,0,9c496a25039709ff478f112101e68247f10d89a6a2d5e931d8c11837f1f2d827,2ddc8de9d901f492503d8db1583b0c9182ed3bab,main.ipynb,main.ipynb,2ddc8de9d901f492503d8db1583b0c9182ed3bab,104947,https://github.com/romms921/arXiver/blob/master/main.ipynb,True,python3,python,3.9,21,19,2,0,19,100.0,68,15,True,False,True,True,True,False,9,"[[""IPython"", 1], [""certifi"", 1], [""groq"", 1], [""numpy"", 1], [""os"", 1], [""pandas"", 1], [""scholarly"", 1], [""urllib"", 1], [""xml"", 1]]",False,True,False,True,False,False,False,False,False,False,False,False,False,False,False,False,False,3,"[""arxiv_dataframe"", ""missing_days"", ""script2""]",False,False,False,False,19,2,0,9.523809523809524,28.57142857142857,0.0,0.0,main,4,False,False,False,True,False,False,False,False,1,0,2,0,9,"[""IPython"", ""certifi"", ""groq"", ""numpy"", ""os"", ""pandas"", ""scholarly"", ""urllib"", ""xml""]",0,0,0,False,True,True,True,19,0,True,True,False,49,49.0,100.0,100.0,100.0,False,True,False,False,False
romms921/arXiver,910921123,master,b9516b335c5455b1afaca87966747ca9d4f292fa,2025-01-01T19:44:31Z,0,87303bf09dd8ed9ee2b1121b0a19d1ee342a4cf85c9c4622a5821daaba08bf5f,291cca92c1c6ec8bc3bd78101b362ce7705e5f87,main_2.ipynb,main_2.ipynb,291cca92c1c6ec8bc3bd78101b362ce7705e5f87,449293,https://github.com/romms921/arXiver/blob/master/main_2.ipynb,True,python3,python,3.11,16,16,0,0,15,93.75,173,9,True,False,True,True,False,False,17,"[[""IPython"", 1], [""PyPDF2"", 1], [""bs4"", 1], [""certifi"", 1], [""datetime"", 1], [""dotenv"", 1], [""groq"", 1], [""io"", 1], [""numpy"", 1], [""os"", 1]]",False,True,False,True,False,False,False,False,False,False,False,False,False,False,False,False,False,3,"[""arxiv_dataframe"", ""missing_days"", ""script2""]",False,False,False,False,16,0,0,0.0,0.0,0.0,0.0,main_2,6,True,False,True,True,False,False,True,False,4,0,9,10,17,"[""IPython"", ""PyPDF2"", ""bs4"", ""certifi"", ""datetime"", ""dotenv"", ""groq"", ""io"", ""numpy"", ""os"", ""pandas"", ""re"", ""scholarly"", ""sys"", ""tqdm"", ""urllib"", ""xml""]",0,0,0,False,True,True,True,15,1,True,False,True,159,39.75,80.0,100.0,100.0,True,True,False,False,False
romms921/arXiver,910921123,master,b9516b335c5455b1afaca87966747ca9d4f292fa,2025-01-01T19:44:31Z,0,e4d11d1bb6399c0511adfbdae1424db373943ec1c4ba2ebf213b59bdc84e41c3,4b9212195e27d53061c91542bb4e1589dd5d864c,script.ipynb,script.ipynb,4b9212195e27d53061c91542bb4e1589dd5d864c,266151,https://github.com/romms921/arXiver/blob/master/script.ipynb,True,python3,python,3.11,12,12,0,0,11,91.66666666666666,48,8,True,False,True,True,False,False,12,"[[""IPython"", 1], [""certifi"", 1], [""datetime"", 1], [""dotenv"", 1], [""groq"", 1], [""numpy"", 1], [""os"", 1], [""pandas"", 1], [""scholarly"", 1], [""tqdm"", 1]]",False,True,False,True,False,False,False,False,False,False,False,False,False,False,False,False,False,3,"[""arxiv_dataframe"", ""missing_days"", ""script2""]",False,False,False,False,12,0,0,0.0,0.0,0.0,0.0,script,6,False,False,True,True,False,False,False,False,2,0,7,4,12,"[""IPython"", ""certifi"", ""datetime"", ""dotenv"", ""groq"", ""numpy"", ""os"", ""pandas"", ""scholarly"", ""tqdm"", ""urllib"", ""xml""]",0,0,0,False,True,True,True,11,1,True,True,True,23,3.2857142857142856,100.0,75.0,100.0,True,True,True,False,False
romms921/arXiver,910921123,master,b9516b335c5455b1afaca87966747ca9d4f292fa,2025-01-01T19:44:31Z,0,fe77e4a4a13cb2939cb09ae791201d75791a05063d55253012e82f6f8e767365,24f117de7c6d8f917235b2d9f2dbe17ee2c493a7,stats.ipynb,stats.ipynb,24f117de7c6d8f917235b2d9f2dbe17ee2c493a7,1549627,https://github.com/romms921/arXiver/blob/master/stats.ipynb,True,python3,python,3.11,12,12,0,0,12,100.0,12,10,True,True,True,False,False,True,4,"[[""collections"", 1], [""matplotlib"", 1], [""numpy"", 1], [""pandas"", 1]]",False,False,False,True,False,False,False,False,False,False,False,False,False,False,False,False,False,3,"[""arxiv_dataframe"", ""missing_days"", ""script2""]",False,False,False,False,12,0,0,0.0,0.0,0.0,0.0,stats,5,False,False,True,True,False,False,False,False,0,0,4,1,4,"[""collections"", ""matplotlib"", ""numpy"", ""pandas""]",0,0,0,True,True,True,True,12,0,True,True,False,0,0.0,100.0,100.0,100.0,False,False,False,False,False
Stars1233/sparse,910958149,main,aea60066b621afecebac08df734a5e503fc3e4b7,2025-01-01T22:44:51Z,1,ab3ab9efa842c387303e30461a307ab2b3a0fdc2f4b5d7e8caba24622942155d,785860df98b093014cad2fdbe6bb5f0f9b6169c4,examples/sparse_finch.ipynb,examples/sparse_finch.ipynb,785860df98b093014cad2fdbe6bb5f0f9b6169c4,16868,https://github.com/Stars1233/sparse/blob/main/examples/sparse_finch.ipynb,True,python3,python,3.10,19,13,6,0,0,0.0,0,0,False,False,False,False,False,False,9,"[[""importlib"", 1], [""matplotlib"", 1], [""networkx"", 1], [""numpy"", 1], [""os"", 1], [""scipy"", 1], [""sparse"", 1], [""time"", 1]]",True,True,False,True,False,False,False,True,False,True,False,False,False,True,False,False,True,48,"[""benchmarks"", ""benchmarks_original"", ""common"", ""compressed"", ""conftest"", ""convert"", ""core"", ""dask_example"", ""elemwise_example"", ""examples"", ""finch_backend"", ""formats"", ""formats_example"", ""formats_example_finch"", ""gen_logo"", ""gen_ref_pages"", ""hits_example"", ""indexing"", ""matmul_example"", ""mlir_backend"", ""mttkrp_example"", ""numba_backend"", ""numba_extension"", ""scipy_example"", ""sddmm_example"", ""sparse"", ""spmv_add_example"", ""test_array_function"", ""test_backends"", ""test_benchmark_coo"", ""test_compressed"", ""test_compressed_2d"", ""test_compressed_convert"", ""test_conversion"", ""test_coo"", ""test_coo_numba"", ""test_dask_interop"", ""test_dok"", ""test_dot"", ""test_einsum"", ""test_elemwise"", ""test_io"", ""test_namespace"", ""test_simple"", ""test_tensordot"", ""tests"", ""triangles_example"", ""utils""]",False,False,False,False,13,6,0,31.57894736842105,33.33333333333333,33.33333333333333,28.57142857142857,sparse_finch,12,True,False,False,False,False,False,True,False,12,0,4,3,9,"[""importlib"", ""matplotlib"", ""networkx"", ""numpy"", ""os"", ""scipy"", ""sparse"", ""time""]",1,0,0,False,True,False,True,0,13,False,True,False,0,0.0,0.0,0.0,0.0,False,False,False,False,True
Subin-Vidhu/2025,910750550,main,b02c75d777f19f2808c4bcb6fc171184450a5505,2025-01-01T09:53:14Z,0,5368024c8d0c8dcbf92e5bafa1138c68903e8a8d599833b582b9ca80db995ff1,6da16d933c9ed5b4df8a4389742cdd3278211204,0_Coursera/1_Introduction to Computer Vision and Image Processing/Code/2 1 2_Images_with_python_library_CV.ipynb,0_Coursera/1_Introduction to Computer Vision and Image Processing/Code/2 1 2_Images_with_python_library_CV.ipynb,6da16d933c9ed5b4df8a4389742cdd3278211204,15261986,https://github.com/Subin-Vidhu/2025/blob/main/0_Coursera/1_Introduction%20to%20Computer%20Vision%20and%20Image%20Processing/Code/2%201%202_Images_with_python_library_CV.ipynb,True,conda-env-python-py,python,3.7,101,41,60,0,41,100.0,41,27,True,True,False,False,False,False,0,[],False,False,False,False,False,True,False,True,False,False,True,True,False,False,False,False,True,78,"[""0-Implementation"", ""0-Introduction"", ""01-Doubly_Linked_Lists"", ""01-Implementation"", ""02-First_Recurring_Character"", ""02-Reverse"", ""03-Pattern_Matching"", ""03-Reversing_String"", ""04-Merging_sorted_arrays"", ""05-Two_Sum"", ""06-Maximum_SubArray"", ""07-Move_Zeroes"", ""08-Contains_Duplicate"", ""09-Rotate_Array"", ""1-Implementation"", ""10-Longest_Word"", ""AIRA_full_dataset_random_visualization"", ""AIVoiceAgent"", ""Age"", ""FDA_metadata_comparison"", ""Google Interview Question"", ""Interview Question 1"", ""O(1)"", ""O(m + n)"", ""O(m x n)"", ""O(n)"", ""O(n^2)"", ""Pixel_Offset_and_Image_Offset"", ""aes_ctr_dicom"", ""aes_ctr_text"", ""analyze_dicom_metadata"", ""api_tester"", ""app"", ""audio_utils"", ""basic"", ""blocks"", ""chat"", ""chat-chatgpt"", ""chat-claude"", ""chat-with-image"", ""chat_interface"", ""crew"", ""data"", ""deepseek_tars"", ""diag"", ""dsa"", ""face_recognition"", ""file_compare"", ""find_files_on_this_date"", ""folder_creator"", ""game_builder_crew"", ""gemma"", ""gen"", ""hello"", ""index"", ""index_url"", ""interface"", ""kidney_analysis"", ""main"", ""main_sr"", ""observer_comparison"", ""outlier_cases"", ""read_csv"", ""recog"", ""reset_files"", ""snake"", ""spintly_api_tester_advanced"", ""spintly_daily_time_multiple_days"", ""spintly_endpoint_discovery"", ""spintly_fastapi_app"", ""start_and_end_offset"", ""structure"", ""test"", ""test_aai"", ""update_cursor_db"", ""vector"", ""view"", ""views""]",True,False,False,True,41,60,0,59.4059405940594,66.66666666666666,54.54545454545454,57.14285714285714,2 1 2_Images_with_python_library_CV,35,True,False,False,False,False,False,True,False,0,0,0,0,0,[],0,0,0,True,True,True,True,41,0,True,True,False,0,0.0,100.0,100.0,100.0,False,False,False,False,False
Subin-Vidhu/2025,910750550,main,b02c75d777f19f2808c4bcb6fc171184450a5505,2025-01-01T09:53:14Z,0,3a2050dd60a9b0d87c5d7cc0c9f87b435dda89b3ef4511f6c37b0fed82bd5994,ce29465d086cc21107f70f0a3d8d1df6c797e336,0_Coursera/1_Introduction to Computer Vision and Image Processing/Code/2 2 1_basic_image_manipulation_PIL.ipynb,0_Coursera/1_Introduction to Computer Vision and Image Processing/Code/2 2 1_basic_image_manipulation_PIL.ipynb,ce29465d086cc21107f70f0a3d8d1df6c797e336,14838669,https://github.com/Subin-Vidhu/2025/blob/main/0_Coursera/1_Introduction%20to%20Computer%20Vision%20and%20Image%20Processing/Code/2%202%201_basic_image_manipulation_PIL.ipynb,True,conda-env-python-py,python,3.7,107,44,63,0,44,100.0,44,26,True,True,False,False,False,False,0,[],False,False,False,False,False,True,False,True,False,False,True,True,False,False,False,False,True,78,"[""0-Implementation"", ""0-Introduction"", ""01-Doubly_Linked_Lists"", ""01-Implementation"", ""02-First_Recurring_Character"", ""02-Reverse"", ""03-Pattern_Matching"", ""03-Reversing_String"", ""04-Merging_sorted_arrays"", ""05-Two_Sum"", ""06-Maximum_SubArray"", ""07-Move_Zeroes"", ""08-Contains_Duplicate"", ""09-Rotate_Array"", ""1-Implementation"", ""10-Longest_Word"", ""AIRA_full_dataset_random_visualization"", ""AIVoiceAgent"", ""Age"", ""FDA_metadata_comparison"", ""Google Interview Question"", ""Interview Question 1"", ""O(1)"", ""O(m + n)"", ""O(m x n)"", ""O(n)"", ""O(n^2)"", ""Pixel_Offset_and_Image_Offset"", ""aes_ctr_dicom"", ""aes_ctr_text"", ""analyze_dicom_metadata"", ""api_tester"", ""app"", ""audio_utils"", ""basic"", ""blocks"", ""chat"", ""chat-chatgpt"", ""chat-claude"", ""chat-with-image"", ""chat_interface"", ""crew"", ""data"", ""deepseek_tars"", ""diag"", ""dsa"", ""face_recognition"", ""file_compare"", ""find_files_on_this_date"", ""folder_creator"", ""game_builder_crew"", ""gemma"", ""gen"", ""hello"", ""index"", ""index_url"", ""interface"", ""kidney_analysis"", ""main"", ""main_sr"", ""observer_comparison"", ""outlier_cases"", ""read_csv"", ""recog"", ""reset_files"", ""snake"", ""spintly_api_tester_advanced"", ""spintly_daily_time_multiple_days"", ""spintly_endpoint_discovery"", ""spintly_fastapi_app"", ""start_and_end_offset"", ""structure"", ""test"", ""test_aai"", ""update_cursor_db"", ""vector"", ""view"", ""views""]",True,False,False,True,44,63,0,58.87850467289719,65.71428571428571,51.42857142857142,59.45945945945946,2 2 1_basic_image_manipulation_PIL,34,True,False,False,False,False,False,True,False,0,0,0,0,0,[],0,0,0,True,True,True,True,44,0,True,True,False,0,0.0,100.0,100.0,100.0,False,False,False,False,False
Subin-Vidhu/2025,910750550,main,b02c75d777f19f2808c4bcb6fc171184450a5505,2025-01-01T09:53:14Z,0,9a1a5ba6475224c2ef06a616d8c76a942060cd91f7ad25c5f42b40f5f9dc5e5c,3462f6836fb86bb8d111c34304b19855f4657b28,0_Coursera/1_Introduction to Computer Vision and Image Processing/Code/2 2 2_basic_image_manipulation_open_CV.ipynb,0_Coursera/1_Introduction to Computer Vision and Image Processing/Code/2 2 2_basic_image_manipulation_open_CV.ipynb,3462f6836fb86bb8d111c34304b19855f4657b28,10296707,https://github.com/Subin-Vidhu/2025/blob/main/0_Coursera/1_Introduction%20to%20Computer%20Vision%20and%20Image%20Processing/Code/2%202%202_basic_image_manipulation_open_CV.ipynb,True,conda-env-python-py,python,3.7,74,26,48,0,26,100.0,26,19,True,True,False,False,False,False,0,[],False,False,False,False,False,True,False,True,False,False,True,True,False,False,False,False,True,78,"[""0-Implementation"", ""0-Introduction"", ""01-Doubly_Linked_Lists"", ""01-Implementation"", ""02-First_Recurring_Character"", ""02-Reverse"", ""03-Pattern_Matching"", ""03-Reversing_String"", ""04-Merging_sorted_arrays"", ""05-Two_Sum"", ""06-Maximum_SubArray"", ""07-Move_Zeroes"", ""08-Contains_Duplicate"", ""09-Rotate_Array"", ""1-Implementation"", ""10-Longest_Word"", ""AIRA_full_dataset_random_visualization"", ""AIVoiceAgent"", ""Age"", ""FDA_metadata_comparison"", ""Google Interview Question"", ""Interview Question 1"", ""O(1)"", ""O(m + n)"", ""O(m x n)"", ""O(n)"", ""O(n^2)"", ""Pixel_Offset_and_Image_Offset"", ""aes_ctr_dicom"", ""aes_ctr_text"", ""analyze_dicom_metadata"", ""api_tester"", ""app"", ""audio_utils"", ""basic"", ""blocks"", ""chat"", ""chat-chatgpt"", ""chat-claude"", ""chat-with-image"", ""chat_interface"", ""crew"", ""data"", ""deepseek_tars"", ""diag"", ""dsa"", ""face_recognition"", ""file_compare"", ""find_files_on_this_date"", ""folder_creator"", ""game_builder_crew"", ""gemma"", ""gen"", ""hello"", ""index"", ""index_url"", ""interface"", ""kidney_analysis"", ""main"", ""main_sr"", ""observer_comparison"", ""outlier_cases"", ""read_csv"", ""recog"", ""reset_files"", ""snake"", ""spintly_api_tester_advanced"", ""spintly_daily_time_multiple_days"", ""spintly_endpoint_discovery"", ""spintly_fastapi_app"", ""start_and_end_offset"", ""structure"", ""test"", ""test_aai"", ""update_cursor_db"", ""vector"", ""view"", ""views""]",True,False,False,True,26,48,0,64.86486486486487,66.66666666666666,54.166666666666664,73.07692307692307,2 2 2_basic_image_manipulation_open_CV,38,True,False,False,False,False,False,True,False,0,0,0,0,0,[],0,0,0,True,True,True,True,26,0,True,True,False,0,0.0,100.0,100.0,100.0,False,False,False,False,False
Subin-Vidhu/2025,910750550,main,b02c75d777f19f2808c4bcb6fc171184450a5505,2025-01-01T09:53:14Z,0,c83a5503d58aff856751300e2b9a4c67d7dce0089b4739c3afc5c502b27bc09a,27349e79ad8e8d6e45cd7323c46774adda916e8c,0_Coursera/1_Introduction to Computer Vision and Image Processing/Code/2 3 2_ Histograms and Intensity Transformations.ipynb,0_Coursera/1_Introduction to Computer Vision and Image Processing/Code/2 3 2_ Histograms and Intensity Transformations.ipynb,27349e79ad8e8d6e45cd7323c46774adda916e8c,4854663,https://github.com/Subin-Vidhu/2025/blob/main/0_Coursera/1_Introduction%20to%20Computer%20Vision%20and%20Image%20Processing/Code/2%203%202_%20Histograms%20and%20Intensity%20Transformations.ipynb,True,conda-env-python-py,python,3.7,116,45,71,0,45,100.0,45,35,True,True,False,False,False,False,0,[],False,False,False,False,False,True,False,True,False,False,True,True,False,False,False,False,True,78,"[""0-Implementation"", ""0-Introduction"", ""01-Doubly_Linked_Lists"", ""01-Implementation"", ""02-First_Recurring_Character"", ""02-Reverse"", ""03-Pattern_Matching"", ""03-Reversing_String"", ""04-Merging_sorted_arrays"", ""05-Two_Sum"", ""06-Maximum_SubArray"", ""07-Move_Zeroes"", ""08-Contains_Duplicate"", ""09-Rotate_Array"", ""1-Implementation"", ""10-Longest_Word"", ""AIRA_full_dataset_random_visualization"", ""AIVoiceAgent"", ""Age"", ""FDA_metadata_comparison"", ""Google Interview Question"", ""Interview Question 1"", ""O(1)"", ""O(m + n)"", ""O(m x n)"", ""O(n)"", ""O(n^2)"", ""Pixel_Offset_and_Image_Offset"", ""aes_ctr_dicom"", ""aes_ctr_text"", ""analyze_dicom_metadata"", ""api_tester"", ""app"", ""audio_utils"", ""basic"", ""blocks"", ""chat"", ""chat-chatgpt"", ""chat-claude"", ""chat-with-image"", ""chat_interface"", ""crew"", ""data"", ""deepseek_tars"", ""diag"", ""dsa"", ""face_recognition"", ""file_compare"", ""find_files_on_this_date"", ""folder_creator"", ""game_builder_crew"", ""gemma"", ""gen"", ""hello"", ""index"", ""index_url"", ""interface"", ""kidney_analysis"", ""main"", ""main_sr"", ""observer_comparison"", ""outlier_cases"", ""read_csv"", ""recog"", ""reset_files"", ""snake"", ""spintly_api_tester_advanced"", ""spintly_daily_time_multiple_days"", ""spintly_endpoint_discovery"", ""spintly_fastapi_app"", ""start_and_end_offset"", ""structure"", ""test"", ""test_aai"", ""update_cursor_db"", ""vector"", ""view"", ""views""]",True,False,False,True,45,71,0,61.206896551724135,65.78947368421053,57.89473684210527,60.0,2 3 2_ Histograms and Intensity Transformations,47,True,False,False,False,False,False,True,False,0,0,0,0,0,[],0,0,0,True,True,True,True,45,0,True,True,False,0,0.0,100.0,100.0,100.0,False,False,False,False,False
Subin-Vidhu/2025,910750550,main,b02c75d777f19f2808c4bcb6fc171184450a5505,2025-01-01T09:53:14Z,0,5319a683460dc5bd4404c306dc07ef5914a4aa36593c4283108735b6decb19f1,4e27f19aae2cd646b0cfec9e57662bdbdcf50404,0_Coursera/1_Introduction to Computer Vision and Image Processing/Code/2 4 1_Gemetric_trasfroms_PIL.ipynb,0_Coursera/1_Introduction to Computer Vision and Image Processing/Code/2 4 1_Gemetric_trasfroms_PIL.ipynb,4e27f19aae2cd646b0cfec9e57662bdbdcf50404,5966435,https://github.com/Subin-Vidhu/2025/blob/main/0_Coursera/1_Introduction%20to%20Computer%20Vision%20and%20Image%20Processing/Code/2%204%201_Gemetric_trasfroms_PIL.ipynb,True,conda-env-python-py,python,3.7,78,30,48,0,30,100.0,30,19,True,True,False,False,False,False,0,[],False,False,False,False,False,True,False,True,False,False,True,True,False,False,False,False,True,78,"[""0-Implementation"", ""0-Introduction"", ""01-Doubly_Linked_Lists"", ""01-Implementation"", ""02-First_Recurring_Character"", ""02-Reverse"", ""03-Pattern_Matching"", ""03-Reversing_String"", ""04-Merging_sorted_arrays"", ""05-Two_Sum"", ""06-Maximum_SubArray"", ""07-Move_Zeroes"", ""08-Contains_Duplicate"", ""09-Rotate_Array"", ""1-Implementation"", ""10-Longest_Word"", ""AIRA_full_dataset_random_visualization"", ""AIVoiceAgent"", ""Age"", ""FDA_metadata_comparison"", ""Google Interview Question"", ""Interview Question 1"", ""O(1)"", ""O(m + n)"", ""O(m x n)"", ""O(n)"", ""O(n^2)"", ""Pixel_Offset_and_Image_Offset"", ""aes_ctr_dicom"", ""aes_ctr_text"", ""analyze_dicom_metadata"", ""api_tester"", ""app"", ""audio_utils"", ""basic"", ""blocks"", ""chat"", ""chat-chatgpt"", ""chat-claude"", ""chat-with-image"", ""chat_interface"", ""crew"", ""data"", ""deepseek_tars"", ""diag"", ""dsa"", ""face_recognition"", ""file_compare"", ""find_files_on_this_date"", ""folder_creator"", ""game_builder_crew"", ""gemma"", ""gen"", ""hello"", ""index"", ""index_url"", ""interface"", ""kidney_analysis"", ""main"", ""main_sr"", ""observer_comparison"", ""outlier_cases"", ""read_csv"", ""recog"", ""reset_files"", ""snake"", ""spintly_api_tester_advanced"", ""spintly_daily_time_multiple_days"", ""spintly_endpoint_discovery"", ""spintly_fastapi_app"", ""start_and_end_offset"", ""structure"", ""test"", ""test_aai"", ""update_cursor_db"", ""vector"", ""view"", ""views""]",True,False,False,True,30,48,0,61.53846153846154,69.23076923076923,53.84615384615385,61.53846153846154,2 4 1_Gemetric_trasfroms_PIL,28,True,False,False,False,False,False,True,False,0,0,0,0,0,[],0,0,0,True,True,True,True,30,0,True,True,False,0,0.0,100.0,100.0,100.0,False,False,False,False,False
Subin-Vidhu/2025,910750550,main,b02c75d777f19f2808c4bcb6fc171184450a5505,2025-01-01T09:53:14Z,0,7892b623a1d7ef6fbab88d6c92fadb244fbe255a4d3054ae121d82f6a9c42d9b,794a71a4cb82e6a263e2c8cb7a4b0851b5d9cef9,0_Coursera/1_Introduction to Computer Vision and Image Processing/Code/2 4 2_Gemetric_trasfroms_OpenCV.ipynb,0_Coursera/1_Introduction to Computer Vision and Image Processing/Code/2 4 2_Gemetric_trasfroms_OpenCV.ipynb,794a71a4cb82e6a263e2c8cb7a4b0851b5d9cef9,7202141,https://github.com/Subin-Vidhu/2025/blob/main/0_Coursera/1_Introduction%20to%20Computer%20Vision%20and%20Image%20Processing/Code/2%204%202_Gemetric_trasfroms_OpenCV.ipynb,True,conda-env-python-py,python,3.7,100,39,61,0,39,100.0,39,28,True,True,False,False,False,False,0,[],False,False,False,False,False,True,False,True,False,False,True,True,False,False,False,False,True,78,"[""0-Implementation"", ""0-Introduction"", ""01-Doubly_Linked_Lists"", ""01-Implementation"", ""02-First_Recurring_Character"", ""02-Reverse"", ""03-Pattern_Matching"", ""03-Reversing_String"", ""04-Merging_sorted_arrays"", ""05-Two_Sum"", ""06-Maximum_SubArray"", ""07-Move_Zeroes"", ""08-Contains_Duplicate"", ""09-Rotate_Array"", ""1-Implementation"", ""10-Longest_Word"", ""AIRA_full_dataset_random_visualization"", ""AIVoiceAgent"", ""Age"", ""FDA_metadata_comparison"", ""Google Interview Question"", ""Interview Question 1"", ""O(1)"", ""O(m + n)"", ""O(m x n)"", ""O(n)"", ""O(n^2)"", ""Pixel_Offset_and_Image_Offset"", ""aes_ctr_dicom"", ""aes_ctr_text"", ""analyze_dicom_metadata"", ""api_tester"", ""app"", ""audio_utils"", ""basic"", ""blocks"", ""chat"", ""chat-chatgpt"", ""chat-claude"", ""chat-with-image"", ""chat_interface"", ""crew"", ""data"", ""deepseek_tars"", ""diag"", ""dsa"", ""face_recognition"", ""file_compare"", ""find_files_on_this_date"", ""folder_creator"", ""game_builder_crew"", ""gemma"", ""gen"", ""hello"", ""index"", ""index_url"", ""interface"", ""kidney_analysis"", ""main"", ""main_sr"", ""observer_comparison"", ""outlier_cases"", ""read_csv"", ""recog"", ""reset_files"", ""snake"", ""spintly_api_tester_advanced"", ""spintly_daily_time_multiple_days"", ""spintly_endpoint_discovery"", ""spintly_fastapi_app"", ""start_and_end_offset"", ""structure"", ""test"", ""test_aai"", ""update_cursor_db"", ""vector"", ""view"", ""views""]",True,False,False,True,39,61,0,61.0,69.6969696969697,51.515151515151516,61.76470588235294,2 4 2_Gemetric_trasfroms_OpenCV,31,True,False,False,False,False,False,True,False,0,0,0,0,0,[],0,0,0,True,True,True,True,39,0,True,True,False,0,0.0,100.0,100.0,100.0,False,False,False,False,False
Subin-Vidhu/2025,910750550,main,b02c75d777f19f2808c4bcb6fc171184450a5505,2025-01-01T09:53:14Z,0,6dad5c1b3fd0dc65b37f8f7a4e076fe362afcd5e1a2fb879920776f85d7c00cd,cee9e6a71d638ec28c51b35e17d6a49090ff0759,0_Coursera/1_Introduction to Computer Vision and Image Processing/Code/2 5 1_Spatial_Filtering-PIL.ipynb,0_Coursera/1_Introduction to Computer Vision and Image Processing/Code/2 5 1_Spatial_Filtering-PIL.ipynb,cee9e6a71d638ec28c51b35e17d6a49090ff0759,8322266,https://github.com/Subin-Vidhu/2025/blob/main/0_Coursera/1_Introduction%20to%20Computer%20Vision%20and%20Image%20Processing/Code/2%205%201_Spatial_Filtering-PIL.ipynb,True,conda-env-python-py,python,3.7,61,19,42,0,19,100.0,19,14,True,True,False,False,False,False,0,[],False,False,False,False,False,True,False,True,False,False,True,True,False,False,False,False,True,78,"[""0-Implementation"", ""0-Introduction"", ""01-Doubly_Linked_Lists"", ""01-Implementation"", ""02-First_Recurring_Character"", ""02-Reverse"", ""03-Pattern_Matching"", ""03-Reversing_String"", ""04-Merging_sorted_arrays"", ""05-Two_Sum"", ""06-Maximum_SubArray"", ""07-Move_Zeroes"", ""08-Contains_Duplicate"", ""09-Rotate_Array"", ""1-Implementation"", ""10-Longest_Word"", ""AIRA_full_dataset_random_visualization"", ""AIVoiceAgent"", ""Age"", ""FDA_metadata_comparison"", ""Google Interview Question"", ""Interview Question 1"", ""O(1)"", ""O(m + n)"", ""O(m x n)"", ""O(n)"", ""O(n^2)"", ""Pixel_Offset_and_Image_Offset"", ""aes_ctr_dicom"", ""aes_ctr_text"", ""analyze_dicom_metadata"", ""api_tester"", ""app"", ""audio_utils"", ""basic"", ""blocks"", ""chat"", ""chat-chatgpt"", ""chat-claude"", ""chat-with-image"", ""chat_interface"", ""crew"", ""data"", ""deepseek_tars"", ""diag"", ""dsa"", ""face_recognition"", ""file_compare"", ""find_files_on_this_date"", ""folder_creator"", ""game_builder_crew"", ""gemma"", ""gen"", ""hello"", ""index"", ""index_url"", ""interface"", ""kidney_analysis"", ""main"", ""main_sr"", ""observer_comparison"", ""outlier_cases"", ""read_csv"", ""recog"", ""reset_files"", ""snake"", ""spintly_api_tester_advanced"", ""spintly_daily_time_multiple_days"", ""spintly_endpoint_discovery"", ""spintly_fastapi_app"", ""start_and_end_offset"", ""structure"", ""test"", ""test_aai"", ""update_cursor_db"", ""vector"", ""view"", ""views""]",True,False,False,True,19,42,0,68.85245901639344,75.0,65.0,66.66666666666666,2 5 1_Spatial_Filtering-PIL,27,True,False,False,False,False,False,True,False,0,0,0,0,0,[],0,0,0,True,True,True,True,19,0,True,True,False,0,0.0,100.0,100.0,100.0,False,False,False,False,False
Subin-Vidhu/2025,910750550,main,b02c75d777f19f2808c4bcb6fc171184450a5505,2025-01-01T09:53:14Z,0,543fc9ee3a77701698b70af80b66489159ed05f2ec00a5ccb89ea1abe3bcf0fc,b1ff492b94329bca5ba977dffdaaa1264a8319fa,0_Coursera/1_Introduction to Computer Vision and Image Processing/Code/2 5 2_Spatial_Filtering.ipynb,0_Coursera/1_Introduction to Computer Vision and Image Processing/Code/2 5 2_Spatial_Filtering.ipynb,b1ff492b94329bca5ba977dffdaaa1264a8319fa,7260502,https://github.com/Subin-Vidhu/2025/blob/main/0_Coursera/1_Introduction%20to%20Computer%20Vision%20and%20Image%20Processing/Code/2%205%202_Spatial_Filtering.ipynb,True,conda-env-python-py,python,3.7,78,23,55,0,23,100.0,23,16,True,True,False,False,False,False,0,[],False,False,False,False,False,True,False,True,False,False,True,True,False,False,False,False,True,78,"[""0-Implementation"", ""0-Introduction"", ""01-Doubly_Linked_Lists"", ""01-Implementation"", ""02-First_Recurring_Character"", ""02-Reverse"", ""03-Pattern_Matching"", ""03-Reversing_String"", ""04-Merging_sorted_arrays"", ""05-Two_Sum"", ""06-Maximum_SubArray"", ""07-Move_Zeroes"", ""08-Contains_Duplicate"", ""09-Rotate_Array"", ""1-Implementation"", ""10-Longest_Word"", ""AIRA_full_dataset_random_visualization"", ""AIVoiceAgent"", ""Age"", ""FDA_metadata_comparison"", ""Google Interview Question"", ""Interview Question 1"", ""O(1)"", ""O(m + n)"", ""O(m x n)"", ""O(n)"", ""O(n^2)"", ""Pixel_Offset_and_Image_Offset"", ""aes_ctr_dicom"", ""aes_ctr_text"", ""analyze_dicom_metadata"", ""api_tester"", ""app"", ""audio_utils"", ""basic"", ""blocks"", ""chat"", ""chat-chatgpt"", ""chat-claude"", ""chat-with-image"", ""chat_interface"", ""crew"", ""data"", ""deepseek_tars"", ""diag"", ""dsa"", ""face_recognition"", ""file_compare"", ""find_files_on_this_date"", ""folder_creator"", ""game_builder_crew"", ""gemma"", ""gen"", ""hello"", ""index"", ""index_url"", ""interface"", ""kidney_analysis"", ""main"", ""main_sr"", ""observer_comparison"", ""outlier_cases"", ""read_csv"", ""recog"", ""reset_files"", ""snake"", ""spintly_api_tester_advanced"", ""spintly_daily_time_multiple_days"", ""spintly_endpoint_discovery"", ""spintly_fastapi_app"", ""start_and_end_offset"", ""structure"", ""test"", ""test_aai"", ""update_cursor_db"", ""vector"", ""view"", ""views""]",True,False,False,True,23,55,0,70.51282051282051,73.07692307692307,69.23076923076923,69.23076923076923,2 5 2_Spatial_Filtering,23,True,False,False,False,False,False,True,False,0,0,0,0,0,[],0,0,0,True,True,True,True,23,0,True,True,False,0,0.0,100.0,100.0,100.0,False,False,False,False,False
Subin-Vidhu/2025,910750550,main,b02c75d777f19f2808c4bcb6fc171184450a5505,2025-01-01T09:53:14Z,0,812e148c3306c83dbbeb08ef6e7ce63ff4a550f3c9c2f58754b6ff8d480ef208,e9902d2ff0756b0c21b2a69a2a5e3dd5ca73067d,0_Coursera/1_Introduction to Computer Vision and Image Processing/Code/2.1.1_Images_with_python_library_PIL.ipynb,0_Coursera/1_Introduction to Computer Vision and Image Processing/Code/2.1.1_Images_with_python_library_PIL.ipynb,e9902d2ff0756b0c21b2a69a2a5e3dd5ca73067d,17836907,https://github.com/Subin-Vidhu/2025/blob/main/0_Coursera/1_Introduction%20to%20Computer%20Vision%20and%20Image%20Processing/Code/2.1.1_Images_with_python_library_PIL.ipynb,True,conda-env-python-py,python,3.7,120,47,73,0,47,100.0,48,32,True,True,False,False,False,False,0,[],False,False,False,False,False,True,False,True,False,False,True,True,False,False,False,False,True,78,"[""0-Implementation"", ""0-Introduction"", ""01-Doubly_Linked_Lists"", ""01-Implementation"", ""02-First_Recurring_Character"", ""02-Reverse"", ""03-Pattern_Matching"", ""03-Reversing_String"", ""04-Merging_sorted_arrays"", ""05-Two_Sum"", ""06-Maximum_SubArray"", ""07-Move_Zeroes"", ""08-Contains_Duplicate"", ""09-Rotate_Array"", ""1-Implementation"", ""10-Longest_Word"", ""AIRA_full_dataset_random_visualization"", ""AIVoiceAgent"", ""Age"", ""FDA_metadata_comparison"", ""Google Interview Question"", ""Interview Question 1"", ""O(1)"", ""O(m + n)"", ""O(m x n)"", ""O(n)"", ""O(n^2)"", ""Pixel_Offset_and_Image_Offset"", ""aes_ctr_dicom"", ""aes_ctr_text"", ""analyze_dicom_metadata"", ""api_tester"", ""app"", ""audio_utils"", ""basic"", ""blocks"", ""chat"", ""chat-chatgpt"", ""chat-claude"", ""chat-with-image"", ""chat_interface"", ""crew"", ""data"", ""deepseek_tars"", ""diag"", ""dsa"", ""face_recognition"", ""file_compare"", ""find_files_on_this_date"", ""folder_creator"", ""game_builder_crew"", ""gemma"", ""gen"", ""hello"", ""index"", ""index_url"", ""interface"", ""kidney_analysis"", ""main"", ""main_sr"", ""observer_comparison"", ""outlier_cases"", ""read_csv"", ""recog"", ""reset_files"", ""snake"", ""spintly_api_tester_advanced"", ""spintly_daily_time_multiple_days"", ""spintly_endpoint_discovery"", ""spintly_fastapi_app"", ""start_and_end_offset"", ""structure"", ""test"", ""test_aai"", ""update_cursor_db"", ""vector"", ""view"", ""views""]",True,False,False,True,47,73,0,60.83333333333333,65.0,57.49999999999999,60.0,2.1.1_Images_with_python_library_PIL,36,True,False,False,False,False,False,True,False,0,0,0,0,0,[],0,0,0,True,True,True,True,47,0,True,True,False,1,1.0,100.0,100.0,100.0,False,True,False,False,False
Subin-Vidhu/2025,910750550,main,b02c75d777f19f2808c4bcb6fc171184450a5505,2025-01-01T09:53:14Z,0,6b30100d67f0730e5ea14f02864e0d22548225f7fcef7a37618adf5fc39a436a,77a1494f732992af88854f4aaf6dac358d4882e8,0_Coursera/1_Introduction to Computer Vision and Image Processing/Code/Convolutional Neural Network.ipynb,0_Coursera/1_Introduction to Computer Vision and Image Processing/Code/Convolutional Neural Network.ipynb,77a1494f732992af88854f4aaf6dac358d4882e8,26264,https://github.com/Subin-Vidhu/2025/blob/main/0_Coursera/1_Introduction%20to%20Computer%20Vision%20and%20Image%20Processing/Code/Convolutional%20Neural%20Network.ipynb,True,conda-env-python-py,python,3.7,76,31,45,0,0,0.0,0,0,False,False,False,False,False,False,0,[],False,False,False,False,False,True,False,True,False,False,True,True,False,False,False,False,True,78,"[""0-Implementation"", ""0-Introduction"", ""01-Doubly_Linked_Lists"", ""01-Implementation"", ""02-First_Recurring_Character"", ""02-Reverse"", ""03-Pattern_Matching"", ""03-Reversing_String"", ""04-Merging_sorted_arrays"", ""05-Two_Sum"", ""06-Maximum_SubArray"", ""07-Move_Zeroes"", ""08-Contains_Duplicate"", ""09-Rotate_Array"", ""1-Implementation"", ""10-Longest_Word"", ""AIRA_full_dataset_random_visualization"", ""AIVoiceAgent"", ""Age"", ""FDA_metadata_comparison"", ""Google Interview Question"", ""Interview Question 1"", ""O(1)"", ""O(m + n)"", ""O(m x n)"", ""O(n)"", ""O(n^2)"", ""Pixel_Offset_and_Image_Offset"", ""aes_ctr_dicom"", ""aes_ctr_text"", ""analyze_dicom_metadata"", ""api_tester"", ""app"", ""audio_utils"", ""basic"", ""blocks"", ""chat"", ""chat-chatgpt"", ""chat-claude"", ""chat-with-image"", ""chat_interface"", ""crew"", ""data"", ""deepseek_tars"", ""diag"", ""dsa"", ""face_recognition"", ""file_compare"", ""find_files_on_this_date"", ""folder_creator"", ""game_builder_crew"", ""gemma"", ""gen"", ""hello"", ""index"", ""index_url"", ""interface"", ""kidney_analysis"", ""main"", ""main_sr"", ""observer_comparison"", ""outlier_cases"", ""read_csv"", ""recog"", ""reset_files"", ""snake"", ""spintly_api_tester_advanced"", ""spintly_daily_time_multiple_days"", ""spintly_endpoint_discovery"", ""spintly_fastapi_app"", ""start_and_end_offset"", ""structure"", ""test"", ""test_aai"", ""update_cursor_db"", ""vector"", ""view"", ""views""]",True,False,False,True,31,45,0,59.210526315789465,64.0,64.0,50.0,Convolutional Neural Network,28,True,False,False,False,False,False,True,False,0,0,0,0,0,[],0,0,0,True,True,True,True,0,31,False,True,False,0,0.0,0.0,0.0,0.0,False,False,False,False,False
Subin-Vidhu/2025,910750550,main,b02c75d777f19f2808c4bcb6fc171184450a5505,2025-01-01T09:53:14Z,0,774c444b285077f332b489f21fd7f4d84829bcb97b1bf347957fb27561a7fb2d,c50bcf126e0b0d91212aecf8ad902d8158dd5538,0_Coursera/1_Introduction to Computer Vision and Image Processing/Code/Data Augmentation.ipynb,0_Coursera/1_Introduction to Computer Vision and Image Processing/Code/Data Augmentation.ipynb,c50bcf126e0b0d91212aecf8ad902d8158dd5538,30927,https://github.com/Subin-Vidhu/2025/blob/main/0_Coursera/1_Introduction%20to%20Computer%20Vision%20and%20Image%20Processing/Code/Data%20Augmentation.ipynb,True,conda-env-python-py,python,3.7,75,24,49,2,0,0.0,0,0,False,False,False,False,False,False,0,[],False,False,False,False,False,True,False,True,False,False,True,True,False,False,False,False,True,78,"[""0-Implementation"", ""0-Introduction"", ""01-Doubly_Linked_Lists"", ""01-Implementation"", ""02-First_Recurring_Character"", ""02-Reverse"", ""03-Pattern_Matching"", ""03-Reversing_String"", ""04-Merging_sorted_arrays"", ""05-Two_Sum"", ""06-Maximum_SubArray"", ""07-Move_Zeroes"", ""08-Contains_Duplicate"", ""09-Rotate_Array"", ""1-Implementation"", ""10-Longest_Word"", ""AIRA_full_dataset_random_visualization"", ""AIVoiceAgent"", ""Age"", ""FDA_metadata_comparison"", ""Google Interview Question"", ""Interview Question 1"", ""O(1)"", ""O(m + n)"", ""O(m x n)"", ""O(n)"", ""O(n^2)"", ""Pixel_Offset_and_Image_Offset"", ""aes_ctr_dicom"", ""aes_ctr_text"", ""analyze_dicom_metadata"", ""api_tester"", ""app"", ""audio_utils"", ""basic"", ""blocks"", ""chat"", ""chat-chatgpt"", ""chat-claude"", ""chat-with-image"", ""chat_interface"", ""crew"", ""data"", ""deepseek_tars"", ""diag"", ""dsa"", ""face_recognition"", ""file_compare"", ""find_files_on_this_date"", ""folder_creator"", ""game_builder_crew"", ""gemma"", ""gen"", ""hello"", ""index"", ""index_url"", ""interface"", ""kidney_analysis"", ""main"", ""main_sr"", ""observer_comparison"", ""outlier_cases"", ""read_csv"", ""recog"", ""reset_files"", ""snake"", ""spintly_api_tester_advanced"", ""spintly_daily_time_multiple_days"", ""spintly_endpoint_discovery"", ""spintly_fastapi_app"", ""start_and_end_offset"", ""structure"", ""test"", ""test_aai"", ""update_cursor_db"", ""vector"", ""view"", ""views""]",True,False,False,True,24,49,2,65.33333333333333,60.0,64.0,72.0,Data Augmentation,17,True,False,False,False,False,False,True,False,0,0,0,0,0,[],0,0,0,True,True,True,True,0,24,False,True,False,0,0.0,0.0,0.0,0.0,False,False,False,False,False
Subin-Vidhu/2025,910750550,main,b02c75d777f19f2808c4bcb6fc171184450a5505,2025-01-01T09:53:14Z,0,d6c4cbc7790d8962c6e5ccd580f4c6986ab2ed930bb67a4da6f418533344a9db,89c407d884aca81136210a43d87d8612ec5726ee,0_Coursera/1_Introduction to Computer Vision and Image Processing/Code/Digit Classification with Softmax.ipynb,0_Coursera/1_Introduction to Computer Vision and Image Processing/Code/Digit Classification with Softmax.ipynb,89c407d884aca81136210a43d87d8612ec5726ee,322628,https://github.com/Subin-Vidhu/2025/blob/main/0_Coursera/1_Introduction%20to%20Computer%20Vision%20and%20Image%20Processing/Code/Digit%20Classification%20with%20Softmax.ipynb,True,conda-env-python-py,python,3.7,86,28,58,0,27,96.42857142857143,27,20,True,True,False,False,False,True,0,[],False,False,False,False,False,True,False,True,False,False,True,True,False,False,False,False,True,78,"[""0-Implementation"", ""0-Introduction"", ""01-Doubly_Linked_Lists"", ""01-Implementation"", ""02-First_Recurring_Character"", ""02-Reverse"", ""03-Pattern_Matching"", ""03-Reversing_String"", ""04-Merging_sorted_arrays"", ""05-Two_Sum"", ""06-Maximum_SubArray"", ""07-Move_Zeroes"", ""08-Contains_Duplicate"", ""09-Rotate_Array"", ""1-Implementation"", ""10-Longest_Word"", ""AIRA_full_dataset_random_visualization"", ""AIVoiceAgent"", ""Age"", ""FDA_metadata_comparison"", ""Google Interview Question"", ""Interview Question 1"", ""O(1)"", ""O(m + n)"", ""O(m x n)"", ""O(n)"", ""O(n^2)"", ""Pixel_Offset_and_Image_Offset"", ""aes_ctr_dicom"", ""aes_ctr_text"", ""analyze_dicom_metadata"", ""api_tester"", ""app"", ""audio_utils"", ""basic"", ""blocks"", ""chat"", ""chat-chatgpt"", ""chat-claude"", ""chat-with-image"", ""chat_interface"", ""crew"", ""data"", ""deepseek_tars"", ""diag"", ""dsa"", ""face_recognition"", ""file_compare"", ""find_files_on_this_date"", ""folder_creator"", ""game_builder_crew"", ""gemma"", ""gen"", ""hello"", ""index"", ""index_url"", ""interface"", ""kidney_analysis"", ""main"", ""main_sr"", ""observer_comparison"", ""outlier_cases"", ""read_csv"", ""recog"", ""reset_files"", ""snake"", ""spintly_api_tester_advanced"", ""spintly_daily_time_multiple_days"", ""spintly_endpoint_discovery"", ""spintly_fastapi_app"", ""start_and_end_offset"", ""structure"", ""test"", ""test_aai"", ""update_cursor_db"", ""vector"", ""view"", ""views""]",True,False,False,True,28,58,0,67.44186046511628,67.85714285714286,67.85714285714286,66.66666666666666,Digit Classification with Softmax,33,True,False,False,False,False,False,True,False,0,0,0,0,0,[],0,0,0,True,True,True,True,27,1,True,True,False,0,0.0,100.0,100.0,90.0,False,False,False,False,True
Subin-Vidhu/2025,910750550,main,b02c75d777f19f2808c4bcb6fc171184450a5505,2025-01-01T09:53:14Z,0,a2eea9595f5a13800ece2cd368ee98494de5cfa03a53e2d20a0fde1a43b3b01e,1911b1f3711a4e176bc6427f5fbf05a9d487d166,0_Coursera/1_Introduction to Computer Vision and Image Processing/Code/Logistic Regression With Mini-Batch Gradient Descent.ipynb,0_Coursera/1_Introduction to Computer Vision and Image Processing/Code/Logistic Regression With Mini-Batch Gradient Descent.ipynb,1911b1f3711a4e176bc6427f5fbf05a9d487d166,3351746,https://github.com/Subin-Vidhu/2025/blob/main/0_Coursera/1_Introduction%20to%20Computer%20Vision%20and%20Image%20Processing/Code/Logistic%20Regression%20With%20Mini-Batch%20Gradient%20Descent.ipynb,True,conda-env-python-py,python,3.7,123,49,74,0,46,93.87755102040816,46,33,True,True,False,True,False,False,0,[],False,False,False,False,False,True,False,True,False,False,True,True,False,False,False,False,True,78,"[""0-Implementation"", ""0-Introduction"", ""01-Doubly_Linked_Lists"", ""01-Implementation"", ""02-First_Recurring_Character"", ""02-Reverse"", ""03-Pattern_Matching"", ""03-Reversing_String"", ""04-Merging_sorted_arrays"", ""05-Two_Sum"", ""06-Maximum_SubArray"", ""07-Move_Zeroes"", ""08-Contains_Duplicate"", ""09-Rotate_Array"", ""1-Implementation"", ""10-Longest_Word"", ""AIRA_full_dataset_random_visualization"", ""AIVoiceAgent"", ""Age"", ""FDA_metadata_comparison"", ""Google Interview Question"", ""Interview Question 1"", ""O(1)"", ""O(m + n)"", ""O(m x n)"", ""O(n)"", ""O(n^2)"", ""Pixel_Offset_and_Image_Offset"", ""aes_ctr_dicom"", ""aes_ctr_text"", ""analyze_dicom_metadata"", ""api_tester"", ""app"", ""audio_utils"", ""basic"", ""blocks"", ""chat"", ""chat-chatgpt"", ""chat-claude"", ""chat-with-image"", ""chat_interface"", ""crew"", ""data"", ""deepseek_tars"", ""diag"", ""dsa"", ""face_recognition"", ""file_compare"", ""find_files_on_this_date"", ""folder_creator"", ""game_builder_crew"", ""gemma"", ""gen"", ""hello"", ""index"", ""index_url"", ""interface"", ""kidney_analysis"", ""main"", ""main_sr"", ""observer_comparison"", ""outlier_cases"", ""read_csv"", ""recog"", ""reset_files"", ""snake"", ""spintly_api_tester_advanced"", ""spintly_daily_time_multiple_days"", ""spintly_endpoint_discovery"", ""spintly_fastapi_app"", ""start_and_end_offset"", ""structure"", ""test"", ""test_aai"", ""update_cursor_db"", ""vector"", ""view"", ""views""]",True,False,False,True,49,74,0,60.16260162601627,63.41463414634146,53.65853658536586,63.41463414634146,Logistic Regression With Mini-Batch Gradient Descent,52,True,False,False,False,False,False,True,False,0,0,0,0,0,[],0,0,0,True,True,True,True,46,3,True,True,False,0,0.0,100.0,100.0,82.35294117647058,False,False,False,False,False
Subin-Vidhu/2025,910750550,main,b02c75d777f19f2808c4bcb6fc171184450a5505,2025-01-01T09:53:14Z,0,c38e1371e2276dc3a94efb8e68446cc6cc39fc2f33c208cd4b2731a5b2be5321,be424c821b1cef653f2bab983335f3a28ff94591,0_Coursera/1_Introduction to Computer Vision and Image Processing/Code/Neural Network Rectified Linear Unit ReLU vs Sigmoid.ipynb,0_Coursera/1_Introduction to Computer Vision and Image Processing/Code/Neural Network Rectified Linear Unit ReLU vs Sigmoid.ipynb,be424c821b1cef653f2bab983335f3a28ff94591,18610,https://github.com/Subin-Vidhu/2025/blob/main/0_Coursera/1_Introduction%20to%20Computer%20Vision%20and%20Image%20Processing/Code/Neural%20Network%20Rectified%20Linear%20Unit%20ReLU%20vs%20Sigmoid.ipynb,True,conda-env-python-py,python,3.7,49,15,34,0,0,0.0,0,0,False,False,False,False,False,False,0,[],False,False,False,False,False,True,False,True,False,False,True,True,False,False,False,False,True,78,"[""0-Implementation"", ""0-Introduction"", ""01-Doubly_Linked_Lists"", ""01-Implementation"", ""02-First_Recurring_Character"", ""02-Reverse"", ""03-Pattern_Matching"", ""03-Reversing_String"", ""04-Merging_sorted_arrays"", ""05-Two_Sum"", ""06-Maximum_SubArray"", ""07-Move_Zeroes"", ""08-Contains_Duplicate"", ""09-Rotate_Array"", ""1-Implementation"", ""10-Longest_Word"", ""AIRA_full_dataset_random_visualization"", ""AIVoiceAgent"", ""Age"", ""FDA_metadata_comparison"", ""Google Interview Question"", ""Interview Question 1"", ""O(1)"", ""O(m + n)"", ""O(m x n)"", ""O(n)"", ""O(n^2)"", ""Pixel_Offset_and_Image_Offset"", ""aes_ctr_dicom"", ""aes_ctr_text"", ""analyze_dicom_metadata"", ""api_tester"", ""app"", ""audio_utils"", ""basic"", ""blocks"", ""chat"", ""chat-chatgpt"", ""chat-claude"", ""chat-with-image"", ""chat_interface"", ""crew"", ""data"", ""deepseek_tars"", ""diag"", ""dsa"", ""face_recognition"", ""file_compare"", ""find_files_on_this_date"", ""folder_creator"", ""game_builder_crew"", ""gemma"", ""gen"", ""hello"", ""index"", ""index_url"", ""interface"", ""kidney_analysis"", ""main"", ""main_sr"", ""observer_comparison"", ""outlier_cases"", ""read_csv"", ""recog"", ""reset_files"", ""snake"", ""spintly_api_tester_advanced"", ""spintly_daily_time_multiple_days"", ""spintly_endpoint_discovery"", ""spintly_fastapi_app"", ""start_and_end_offset"", ""structure"", ""test"", ""test_aai"", ""update_cursor_db"", ""vector"", ""view"", ""views""]",True,False,False,True,15,34,0,69.38775510204081,68.75,62.5,76.47058823529412,Neural Network Rectified Linear Unit ReLU vs Sigmoid,52,True,False,False,False,False,False,True,False,0,0,0,0,0,[],0,0,0,True,True,True,True,0,15,False,True,False,0,0.0,0.0,0.0,0.0,False,False,False,False,False
Subin-Vidhu/2025,910750550,main,b02c75d777f19f2808c4bcb6fc171184450a5505,2025-01-01T09:53:14Z,0,82e32a272385a26d9c09c9407514b0f25c3f9c190c6fc3ca37d196cd3c41c071,ddb1bf4c1c762d89063d5c024fc3298fb122c60d,0_Coursera/1_Introduction to Computer Vision and Image Processing/Code/Simple Neural Network for XOR.ipynb,0_Coursera/1_Introduction to Computer Vision and Image Processing/Code/Simple Neural Network for XOR.ipynb,ddb1bf4c1c762d89063d5c024fc3298fb122c60d,208280,https://github.com/Subin-Vidhu/2025/blob/main/0_Coursera/1_Introduction%20to%20Computer%20Vision%20and%20Image%20Processing/Code/Simple%20Neural%20Network%20for%20XOR.ipynb,True,conda-env-python-py,python,3.7,52,14,38,0,14,100.0,16,5,True,True,False,False,False,False,0,[],False,False,False,False,False,True,False,True,False,False,True,True,False,False,False,False,True,78,"[""0-Implementation"", ""0-Introduction"", ""01-Doubly_Linked_Lists"", ""01-Implementation"", ""02-First_Recurring_Character"", ""02-Reverse"", ""03-Pattern_Matching"", ""03-Reversing_String"", ""04-Merging_sorted_arrays"", ""05-Two_Sum"", ""06-Maximum_SubArray"", ""07-Move_Zeroes"", ""08-Contains_Duplicate"", ""09-Rotate_Array"", ""1-Implementation"", ""10-Longest_Word"", ""AIRA_full_dataset_random_visualization"", ""AIVoiceAgent"", ""Age"", ""FDA_metadata_comparison"", ""Google Interview Question"", ""Interview Question 1"", ""O(1)"", ""O(m + n)"", ""O(m x n)"", ""O(n)"", ""O(n^2)"", ""Pixel_Offset_and_Image_Offset"", ""aes_ctr_dicom"", ""aes_ctr_text"", ""analyze_dicom_metadata"", ""api_tester"", ""app"", ""audio_utils"", ""basic"", ""blocks"", ""chat"", ""chat-chatgpt"", ""chat-claude"", ""chat-with-image"", ""chat_interface"", ""crew"", ""data"", ""deepseek_tars"", ""diag"", ""dsa"", ""face_recognition"", ""file_compare"", ""find_files_on_this_date"", ""folder_creator"", ""game_builder_crew"", ""gemma"", ""gen"", ""hello"", ""index"", ""index_url"", ""interface"", ""kidney_analysis"", ""main"", ""main_sr"", ""observer_comparison"", ""outlier_cases"", ""read_csv"", ""recog"", ""reset_files"", ""snake"", ""spintly_api_tester_advanced"", ""spintly_daily_time_multiple_days"", ""spintly_endpoint_discovery"", ""spintly_fastapi_app"", ""start_and_end_offset"", ""structure"", ""test"", ""test_aai"", ""update_cursor_db"", ""vector"", ""view"", ""views""]",True,False,False,True,14,38,0,73.07692307692307,70.58823529411765,70.58823529411765,77.77777777777779,Simple Neural Network for XOR,29,True,False,False,False,False,False,True,False,0,0,0,0,0,[],0,0,0,True,True,True,True,14,0,True,True,False,2,2.0,100.0,100.0,100.0,False,True,False,False,False
Subin-Vidhu/2025,910750550,main,b02c75d777f19f2808c4bcb6fc171184450a5505,2025-01-01T09:53:14Z,0,442d9bf4672058e946b5d83625c982f230cb861e1d7a983ae64a0d944d8d5963,ec429808869ddecbd7c21292d20ab99b666ee07d,0_Coursera/1_Introduction to Computer Vision and Image Processing/Code/Support Vector Machines vs Vanilla Linear Classifier.ipynb,0_Coursera/1_Introduction to Computer Vision and Image Processing/Code/Support Vector Machines vs Vanilla Linear Classifier.ipynb,ec429808869ddecbd7c21292d20ab99b666ee07d,197546,https://github.com/Subin-Vidhu/2025/blob/main/0_Coursera/1_Introduction%20to%20Computer%20Vision%20and%20Image%20Processing/Code/Support%20Vector%20Machines%20vs%20Vanilla%20Linear%20Classifier.ipynb,True,conda-env-python-py,python,3.7,50,21,29,0,21,100.0,21,12,True,True,False,False,False,False,0,[],False,False,False,False,False,True,False,True,False,False,True,True,False,False,False,False,True,78,"[""0-Implementation"", ""0-Introduction"", ""01-Doubly_Linked_Lists"", ""01-Implementation"", ""02-First_Recurring_Character"", ""02-Reverse"", ""03-Pattern_Matching"", ""03-Reversing_String"", ""04-Merging_sorted_arrays"", ""05-Two_Sum"", ""06-Maximum_SubArray"", ""07-Move_Zeroes"", ""08-Contains_Duplicate"", ""09-Rotate_Array"", ""1-Implementation"", ""10-Longest_Word"", ""AIRA_full_dataset_random_visualization"", ""AIVoiceAgent"", ""Age"", ""FDA_metadata_comparison"", ""Google Interview Question"", ""Interview Question 1"", ""O(1)"", ""O(m + n)"", ""O(m x n)"", ""O(n)"", ""O(n^2)"", ""Pixel_Offset_and_Image_Offset"", ""aes_ctr_dicom"", ""aes_ctr_text"", ""analyze_dicom_metadata"", ""api_tester"", ""app"", ""audio_utils"", ""basic"", ""blocks"", ""chat"", ""chat-chatgpt"", ""chat-claude"", ""chat-with-image"", ""chat_interface"", ""crew"", ""data"", ""deepseek_tars"", ""diag"", ""dsa"", ""face_recognition"", ""file_compare"", ""find_files_on_this_date"", ""folder_creator"", ""game_builder_crew"", ""gemma"", ""gen"", ""hello"", ""index"", ""index_url"", ""interface"", ""kidney_analysis"", ""main"", ""main_sr"", ""observer_comparison"", ""outlier_cases"", ""read_csv"", ""recog"", ""reset_files"", ""snake"", ""spintly_api_tester_advanced"", ""spintly_daily_time_multiple_days"", ""spintly_endpoint_discovery"", ""spintly_fastapi_app"", ""start_and_end_offset"", ""structure"", ""test"", ""test_aai"", ""update_cursor_db"", ""vector"", ""view"", ""views""]",True,False,False,True,21,29,0,57.99999999999999,56.25,43.75,72.22222222222221,Support Vector Machines vs Vanilla Linear Classifier,52,True,False,False,False,False,False,True,False,0,0,0,0,0,[],0,0,0,True,True,True,True,21,0,True,True,False,0,0.0,100.0,100.0,100.0,False,False,False,False,False
Subin-Vidhu/2025,910750550,main,b02c75d777f19f2808c4bcb6fc171184450a5505,2025-01-01T09:53:14Z,0,b92d323d2b534e38a53dcbaf9d1ea18c000ad333f1e0e9dc9dd9da13c6556e70,3d12952e9d6c5a28c0a0aaf656ec99490514809c,0_Coursera/1_Introduction to Computer Vision and Image Processing/Code/Training A Neural Network with Momentum.ipynb,0_Coursera/1_Introduction to Computer Vision and Image Processing/Code/Training A Neural Network with Momentum.ipynb,3d12952e9d6c5a28c0a0aaf656ec99490514809c,23312,https://github.com/Subin-Vidhu/2025/blob/main/0_Coursera/1_Introduction%20to%20Computer%20Vision%20and%20Image%20Processing/Code/Training%20A%20Neural%20Network%20with%20Momentum.ipynb,True,conda-env-python-py,python,3.7,47,16,31,0,0,0.0,0,0,False,False,False,False,False,False,0,[],False,False,False,False,False,True,False,True,False,False,True,True,False,False,False,False,True,78,"[""0-Implementation"", ""0-Introduction"", ""01-Doubly_Linked_Lists"", ""01-Implementation"", ""02-First_Recurring_Character"", ""02-Reverse"", ""03-Pattern_Matching"", ""03-Reversing_String"", ""04-Merging_sorted_arrays"", ""05-Two_Sum"", ""06-Maximum_SubArray"", ""07-Move_Zeroes"", ""08-Contains_Duplicate"", ""09-Rotate_Array"", ""1-Implementation"", ""10-Longest_Word"", ""AIRA_full_dataset_random_visualization"", ""AIVoiceAgent"", ""Age"", ""FDA_metadata_comparison"", ""Google Interview Question"", ""Interview Question 1"", ""O(1)"", ""O(m + n)"", ""O(m x n)"", ""O(n)"", ""O(n^2)"", ""Pixel_Offset_and_Image_Offset"", ""aes_ctr_dicom"", ""aes_ctr_text"", ""analyze_dicom_metadata"", ""api_tester"", ""app"", ""audio_utils"", ""basic"", ""blocks"", ""chat"", ""chat-chatgpt"", ""chat-claude"", ""chat-with-image"", ""chat_interface"", ""crew"", ""data"", ""deepseek_tars"", ""diag"", ""dsa"", ""face_recognition"", ""file_compare"", ""find_files_on_this_date"", ""folder_creator"", ""game_builder_crew"", ""gemma"", ""gen"", ""hello"", ""index"", ""index_url"", ""interface"", ""kidney_analysis"", ""main"", ""main_sr"", ""observer_comparison"", ""outlier_cases"", ""read_csv"", ""recog"", ""reset_files"", ""snake"", ""spintly_api_tester_advanced"", ""spintly_daily_time_multiple_days"", ""spintly_endpoint_discovery"", ""spintly_fastapi_app"", ""start_and_end_offset"", ""structure"", ""test"", ""test_aai"", ""update_cursor_db"", ""vector"", ""view"", ""views""]",True,False,False,True,16,31,0,65.95744680851064,73.33333333333333,53.333333333333336,70.58823529411765,Training A Neural Network with Momentum,39,True,False,False,False,False,False,True,False,0,0,0,0,0,[],0,0,0,True,True,True,True,0,16,False,True,False,0,0.0,0.0,0.0,0.0,False,False,False,False,False
Subin-Vidhu/2025,910750550,main,b02c75d777f19f2808c4bcb6fc171184450a5505,2025-01-01T09:53:14Z,0,8f450a694a2edc7cab9779e95411969730e8670b3a88e3f69278f640b1d59f36,a7e0c2be4f6dac4ef6a2be09f54e51c402f18a64,0_Coursera/1_Introduction to Computer Vision and Image Processing/Code/use-objectdetection-faster-r-cnn.ipynb,0_Coursera/1_Introduction to Computer Vision and Image Processing/Code/use-objectdetection-faster-r-cnn.ipynb,a7e0c2be4f6dac4ef6a2be09f54e51c402f18a64,28488,https://github.com/Subin-Vidhu/2025/blob/main/0_Coursera/1_Introduction%20to%20Computer%20Vision%20and%20Image%20Processing/Code/use-objectdetection-faster-r-cnn.ipynb,True,conda-env-python-py,python,3.7,112,47,65,0,0,0.0,0,0,False,False,False,False,False,False,0,[],False,False,False,False,False,True,False,True,False,False,True,True,False,False,False,False,True,78,"[""0-Implementation"", ""0-Introduction"", ""01-Doubly_Linked_Lists"", ""01-Implementation"", ""02-First_Recurring_Character"", ""02-Reverse"", ""03-Pattern_Matching"", ""03-Reversing_String"", ""04-Merging_sorted_arrays"", ""05-Two_Sum"", ""06-Maximum_SubArray"", ""07-Move_Zeroes"", ""08-Contains_Duplicate"", ""09-Rotate_Array"", ""1-Implementation"", ""10-Longest_Word"", ""AIRA_full_dataset_random_visualization"", ""AIVoiceAgent"", ""Age"", ""FDA_metadata_comparison"", ""Google Interview Question"", ""Interview Question 1"", ""O(1)"", ""O(m + n)"", ""O(m x n)"", ""O(n)"", ""O(n^2)"", ""Pixel_Offset_and_Image_Offset"", ""aes_ctr_dicom"", ""aes_ctr_text"", ""analyze_dicom_metadata"", ""api_tester"", ""app"", ""audio_utils"", ""basic"", ""blocks"", ""chat"", ""chat-chatgpt"", ""chat-claude"", ""chat-with-image"", ""chat_interface"", ""crew"", ""data"", ""deepseek_tars"", ""diag"", ""dsa"", ""face_recognition"", ""file_compare"", ""find_files_on_this_date"", ""folder_creator"", ""game_builder_crew"", ""gemma"", ""gen"", ""hello"", ""index"", ""index_url"", ""interface"", ""kidney_analysis"", ""main"", ""main_sr"", ""observer_comparison"", ""outlier_cases"", ""read_csv"", ""recog"", ""reset_files"", ""snake"", ""spintly_api_tester_advanced"", ""spintly_daily_time_multiple_days"", ""spintly_endpoint_discovery"", ""spintly_fastapi_app"", ""start_and_end_offset"", ""structure"", ""test"", ""test_aai"", ""update_cursor_db"", ""vector"", ""view"", ""views""]",True,False,False,True,47,65,0,58.03571428571429,64.86486486486487,51.35135135135135,57.89473684210527,use-objectdetection-faster-r-cnn,32,False,False,False,False,False,False,False,False,0,0,0,0,0,[],0,0,0,True,True,True,True,0,47,False,True,False,0,0.0,0.0,0.0,0.0,False,False,False,False,False
Subin-Vidhu/2025,910750550,main,b02c75d777f19f2808c4bcb6fc171184450a5505,2025-01-01T09:53:14Z,0,e863fd4e795b4b21f615765934a421d9b1ced858af4d76937a1a4cef954129bb,fe955c699af102fbb6ccf1742e7ec07bb37a1d28,0_Coursera/2_Generative Adversarial Networks (GANs) Specialization/Apply Generative Adversarial Networks (GANs)/C3W1_Assignment.ipynb,0_Coursera/2_Generative Adversarial Networks (GANs) Specialization/Apply Generative Adversarial Networks (GANs)/C3W1_Assignment.ipynb,fe955c699af102fbb6ccf1742e7ec07bb37a1d28,43234,https://github.com/Subin-Vidhu/2025/blob/main/0_Coursera/2_Generative%20Adversarial%20Networks%20(GANs)%20Specialization/Apply%20Generative%20Adversarial%20Networks%20(GANs)/C3W1_Assignment.ipynb,True,python3,python,3.8,26,12,14,0,9,75.0,9,1,False,False,False,False,False,False,8,"[[""matplotlib"", 1], [""torch"", 1], [""torchvision"", 1], [""tqdm"", 1]]",False,True,True,True,False,True,False,True,False,False,True,True,False,False,False,False,True,78,"[""0-Implementation"", ""0-Introduction"", ""01-Doubly_Linked_Lists"", ""01-Implementation"", ""02-First_Recurring_Character"", ""02-Reverse"", ""03-Pattern_Matching"", ""03-Reversing_String"", ""04-Merging_sorted_arrays"", ""05-Two_Sum"", ""06-Maximum_SubArray"", ""07-Move_Zeroes"", ""08-Contains_Duplicate"", ""09-Rotate_Array"", ""1-Implementation"", ""10-Longest_Word"", ""AIRA_full_dataset_random_visualization"", ""AIVoiceAgent"", ""Age"", ""FDA_metadata_comparison"", ""Google Interview Question"", ""Interview Question 1"", ""O(1)"", ""O(m + n)"", ""O(m x n)"", ""O(n)"", ""O(n^2)"", ""Pixel_Offset_and_Image_Offset"", ""aes_ctr_dicom"", ""aes_ctr_text"", ""analyze_dicom_metadata"", ""api_tester"", ""app"", ""audio_utils"", ""basic"", ""blocks"", ""chat"", ""chat-chatgpt"", ""chat-claude"", ""chat-with-image"", ""chat_interface"", ""crew"", ""data"", ""deepseek_tars"", ""diag"", ""dsa"", ""face_recognition"", ""file_compare"", ""find_files_on_this_date"", ""folder_creator"", ""game_builder_crew"", ""gemma"", ""gen"", ""hello"", ""index"", ""index_url"", ""interface"", ""kidney_analysis"", ""main"", ""main_sr"", ""observer_comparison"", ""outlier_cases"", ""read_csv"", ""recog"", ""reset_files"", ""snake"", ""spintly_api_tester_advanced"", ""spintly_daily_time_multiple_days"", ""spintly_endpoint_discovery"", ""spintly_fastapi_app"", ""start_and_end_offset"", ""structure"", ""test"", ""test_aai"", ""update_cursor_db"", ""vector"", ""view"", ""views""]",True,False,False,True,12,14,0,53.84615384615385,62.5,50.0,50.0,C3W1_Assignment,15,True,False,False,False,False,False,True,False,20,3,10,11,8,"[""matplotlib"", ""torch"", ""torchvision"", ""tqdm""]",0,0,0,False,False,True,True,9,3,True,True,False,0,0.0,100.0,100.0,25.0,False,False,False,False,False
Subin-Vidhu/2025,910750550,main,b02c75d777f19f2808c4bcb6fc171184450a5505,2025-01-01T09:53:14Z,0,b8b526943dd2635e27cb31ec4b21becd08988e429415d2db3b175069879bba87,fecade14f0b0082dd00a39a50e002d4b1c5de918,0_Coursera/2_Generative Adversarial Networks (GANs) Specialization/Apply Generative Adversarial Networks (GANs)/C3W2A_Assignment.ipynb,0_Coursera/2_Generative Adversarial Networks (GANs) Specialization/Apply Generative Adversarial Networks (GANs)/C3W2A_Assignment.ipynb,fecade14f0b0082dd00a39a50e002d4b1c5de918,30183670,https://github.com/Subin-Vidhu/2025/blob/main/0_Coursera/2_Generative%20Adversarial%20Networks%20(GANs)%20Specialization/Apply%20Generative%20Adversarial%20Networks%20(GANs)/C3W2A_Assignment.ipynb,True,python3,python,3.8,23,14,9,0,14,100.0,14,6,True,True,False,False,False,True,10,"[[""matplotlib"", 1], [""numpy"", 1], [""skimage"", 1], [""torch"", 1], [""torchvision"", 1], [""tqdm"", 1]]",False,True,True,True,False,True,False,True,False,False,True,True,False,False,False,False,True,78,"[""0-Implementation"", ""0-Introduction"", ""01-Doubly_Linked_Lists"", ""01-Implementation"", ""02-First_Recurring_Character"", ""02-Reverse"", ""03-Pattern_Matching"", ""03-Reversing_String"", ""04-Merging_sorted_arrays"", ""05-Two_Sum"", ""06-Maximum_SubArray"", ""07-Move_Zeroes"", ""08-Contains_Duplicate"", ""09-Rotate_Array"", ""1-Implementation"", ""10-Longest_Word"", ""AIRA_full_dataset_random_visualization"", ""AIVoiceAgent"", ""Age"", ""FDA_metadata_comparison"", ""Google Interview Question"", ""Interview Question 1"", ""O(1)"", ""O(m + n)"", ""O(m x n)"", ""O(n)"", ""O(n^2)"", ""Pixel_Offset_and_Image_Offset"", ""aes_ctr_dicom"", ""aes_ctr_text"", ""analyze_dicom_metadata"", ""api_tester"", ""app"", ""audio_utils"", ""basic"", ""blocks"", ""chat"", ""chat-chatgpt"", ""chat-claude"", ""chat-with-image"", ""chat_interface"", ""crew"", ""data"", ""deepseek_tars"", ""diag"", ""dsa"", ""face_recognition"", ""file_compare"", ""find_files_on_this_date"", ""folder_creator"", ""game_builder_crew"", ""gemma"", ""gen"", ""hello"", ""index"", ""index_url"", ""interface"", ""kidney_analysis"", ""main"", ""main_sr"", ""observer_comparison"", ""outlier_cases"", ""read_csv"", ""recog"", ""reset_files"", ""snake"", ""spintly_api_tester_advanced"", ""spintly_daily_time_multiple_days"", ""spintly_endpoint_discovery"", ""spintly_fastapi_app"", ""start_and_end_offset"", ""structure"", ""test"", ""test_aai"", ""update_cursor_db"", ""vector"", ""view"", ""views""]",True,False,False,True,14,9,0,39.130434782608695,71.42857142857143,28.57142857142857,22.22222222222222,C3W2A_Assignment,16,True,False,False,False,False,False,True,False,16,4,2,1,10,"[""matplotlib"", ""numpy"", ""skimage"", ""torch"", ""torchvision"", ""tqdm""]",0,0,0,False,False,True,True,14,0,True,True,False,0,0.0,100.0,100.0,100.0,False,False,False,False,False
Subin-Vidhu/2025,910750550,main,b02c75d777f19f2808c4bcb6fc171184450a5505,2025-01-01T09:53:14Z,0,be0392c9e674d563785876e6e0ee7109f26c36a1072065a4f080e086af01e691,9587051ed1d431e98feae0dd8eb75cf92295ff0f,0_Coursera/2_Generative Adversarial Networks (GANs) Specialization/Apply Generative Adversarial Networks (GANs)/C3W2B_Assignment.ipynb,0_Coursera/2_Generative Adversarial Networks (GANs) Specialization/Apply Generative Adversarial Networks (GANs)/C3W2B_Assignment.ipynb,9587051ed1d431e98feae0dd8eb75cf92295ff0f,11601893,https://github.com/Subin-Vidhu/2025/blob/main/0_Coursera/2_Generative%20Adversarial%20Networks%20(GANs)%20Specialization/Apply%20Generative%20Adversarial%20Networks%20(GANs)/C3W2B_Assignment.ipynb,True,python3,python,3.8,21,11,10,0,9,81.81818181818183,9,3,True,True,False,False,False,True,10,"[[""matplotlib"", 1], [""numpy"", 1], [""torch"", 1], [""torchvision"", 1], [""tqdm"", 1]]",False,True,True,True,False,True,False,True,False,False,True,True,False,False,False,False,True,78,"[""0-Implementation"", ""0-Introduction"", ""01-Doubly_Linked_Lists"", ""01-Implementation"", ""02-First_Recurring_Character"", ""02-Reverse"", ""03-Pattern_Matching"", ""03-Reversing_String"", ""04-Merging_sorted_arrays"", ""05-Two_Sum"", ""06-Maximum_SubArray"", ""07-Move_Zeroes"", ""08-Contains_Duplicate"", ""09-Rotate_Array"", ""1-Implementation"", ""10-Longest_Word"", ""AIRA_full_dataset_random_visualization"", ""AIVoiceAgent"", ""Age"", ""FDA_metadata_comparison"", ""Google Interview Question"", ""Interview Question 1"", ""O(1)"", ""O(m + n)"", ""O(m x n)"", ""O(n)"", ""O(n^2)"", ""Pixel_Offset_and_Image_Offset"", ""aes_ctr_dicom"", ""aes_ctr_text"", ""analyze_dicom_metadata"", ""api_tester"", ""app"", ""audio_utils"", ""basic"", ""blocks"", ""chat"", ""chat-chatgpt"", ""chat-claude"", ""chat-with-image"", ""chat_interface"", ""crew"", ""data"", ""deepseek_tars"", ""diag"", ""dsa"", ""face_recognition"", ""file_compare"", ""find_files_on_this_date"", ""folder_creator"", ""game_builder_crew"", ""gemma"", ""gen"", ""hello"", ""index"", ""index_url"", ""interface"", ""kidney_analysis"", ""main"", ""main_sr"", ""observer_comparison"", ""outlier_cases"", ""read_csv"", ""recog"", ""reset_files"", ""snake"", ""spintly_api_tester_advanced"", ""spintly_daily_time_multiple_days"", ""spintly_endpoint_discovery"", ""spintly_fastapi_app"", ""start_and_end_offset"", ""structure"", ""test"", ""test_aai"", ""update_cursor_db"", ""vector"", ""view"", ""views""]",True,False,False,True,11,10,0,47.61904761904761,71.42857142857143,42.857142857142854,28.57142857142857,C3W2B_Assignment,16,True,False,False,False,False,False,True,False,16,5,2,18,10,"[""matplotlib"", ""numpy"", ""torch"", ""torchvision"", ""tqdm""]",0,0,0,False,False,True,True,9,2,True,True,False,0,0.0,100.0,100.0,60.0,False,False,False,False,False
Subin-Vidhu/2025,910750550,main,b02c75d777f19f2808c4bcb6fc171184450a5505,2025-01-01T09:53:14Z,0,4fe971416c0ea30efe28eee6dd7c76a1e523878ab0638c0d2154d1cdfa97173d,fe77ca8231743d8333185649e968420c88cf5f5c,0_Coursera/2_Generative Adversarial Networks (GANs) Specialization/Build Basic Generative Adversarial Networks (GANs)/C1W1_Your_First_GAN.ipynb,0_Coursera/2_Generative Adversarial Networks (GANs) Specialization/Build Basic Generative Adversarial Networks (GANs)/C1W1_Your_First_GAN.ipynb,fe77ca8231743d8333185649e968420c88cf5f5c,46865,https://github.com/Subin-Vidhu/2025/blob/main/0_Coursera/2_Generative%20Adversarial%20Networks%20(GANs)%20Specialization/Build%20Basic%20Generative%20Adversarial%20Networks%20(GANs)/C1W1_Your_First_GAN.ipynb,True,python3,python,3.8,35,20,15,0,19,95.0,18,8,True,False,False,False,False,False,12,"[[""inspect"", 1], [""matplotlib"", 1], [""re"", 1], [""torch"", 1], [""torchvision"", 1], [""tqdm"", 1]]",False,True,True,True,False,True,False,True,False,False,True,True,False,False,False,False,True,78,"[""0-Implementation"", ""0-Introduction"", ""01-Doubly_Linked_Lists"", ""01-Implementation"", ""02-First_Recurring_Character"", ""02-Reverse"", ""03-Pattern_Matching"", ""03-Reversing_String"", ""04-Merging_sorted_arrays"", ""05-Two_Sum"", ""06-Maximum_SubArray"", ""07-Move_Zeroes"", ""08-Contains_Duplicate"", ""09-Rotate_Array"", ""1-Implementation"", ""10-Longest_Word"", ""AIRA_full_dataset_random_visualization"", ""AIVoiceAgent"", ""Age"", ""FDA_metadata_comparison"", ""Google Interview Question"", ""Interview Question 1"", ""O(1)"", ""O(m + n)"", ""O(m x n)"", ""O(n)"", ""O(n^2)"", ""Pixel_Offset_and_Image_Offset"", ""aes_ctr_dicom"", ""aes_ctr_text"", ""analyze_dicom_metadata"", ""api_tester"", ""app"", ""audio_utils"", ""basic"", ""blocks"", ""chat"", ""chat-chatgpt"", ""chat-claude"", ""chat-with-image"", ""chat_interface"", ""crew"", ""data"", ""deepseek_tars"", ""diag"", ""dsa"", ""face_recognition"", ""file_compare"", ""find_files_on_this_date"", ""folder_creator"", ""game_builder_crew"", ""gemma"", ""gen"", ""hello"", ""index"", ""index_url"", ""interface"", ""kidney_analysis"", ""main"", ""main_sr"", ""observer_comparison"", ""outlier_cases"", ""read_csv"", ""recog"", ""reset_files"", ""snake"", ""spintly_api_tester_advanced"", ""spintly_daily_time_multiple_days"", ""spintly_endpoint_discovery"", ""spintly_fastapi_app"", ""start_and_end_offset"", ""structure"", ""test"", ""test_aai"", ""update_cursor_db"", ""vector"", ""view"", ""views""]",True,False,False,True,20,15,0,42.857142857142854,54.54545454545454,36.36363636363637,38.46153846153847,C1W1_Your_First_GAN,19,True,False,False,False,False,False,True,False,21,2,3,5,12,"[""inspect"", ""matplotlib"", ""re"", ""torch"", ""torchvision"", ""tqdm""]",0,0,0,False,False,True,True,19,1,True,False,True,1,1.0,100.0,100.0,87.5,True,True,False,False,False
Subin-Vidhu/2025,910750550,main,b02c75d777f19f2808c4bcb6fc171184450a5505,2025-01-01T09:53:14Z,0,3743cbb4354e258bff4086823284f873801dbfa72aa3ab9089235262e0490dc7,3e7d0c980b596420dff930150d253b8333ce36a2,0_Coursera/2_Generative Adversarial Networks (GANs) Specialization/Build Basic Generative Adversarial Networks (GANs)/C1W3_WGAN_GP.ipynb,0_Coursera/2_Generative Adversarial Networks (GANs) Specialization/Build Basic Generative Adversarial Networks (GANs)/C1W3_WGAN_GP.ipynb,3e7d0c980b596420dff930150d253b8333ce36a2,26501919,https://github.com/Subin-Vidhu/2025/blob/main/0_Coursera/2_Generative%20Adversarial%20Networks%20(GANs)%20Specialization/Build%20Basic%20Generative%20Adversarial%20Networks%20(GANs)/C1W3_WGAN_GP.ipynb,True,python3,python,3.8,28,15,13,0,14,93.33333333333333,15,5,True,True,False,False,False,True,9,"[[""matplotlib"", 1], [""torch"", 1], [""torchvision"", 1], [""tqdm"", 1]]",False,True,True,True,False,True,False,True,False,False,True,True,False,False,False,False,True,78,"[""0-Implementation"", ""0-Introduction"", ""01-Doubly_Linked_Lists"", ""01-Implementation"", ""02-First_Recurring_Character"", ""02-Reverse"", ""03-Pattern_Matching"", ""03-Reversing_String"", ""04-Merging_sorted_arrays"", ""05-Two_Sum"", ""06-Maximum_SubArray"", ""07-Move_Zeroes"", ""08-Contains_Duplicate"", ""09-Rotate_Array"", ""1-Implementation"", ""10-Longest_Word"", ""AIRA_full_dataset_random_visualization"", ""AIVoiceAgent"", ""Age"", ""FDA_metadata_comparison"", ""Google Interview Question"", ""Interview Question 1"", ""O(1)"", ""O(m + n)"", ""O(m x n)"", ""O(n)"", ""O(n^2)"", ""Pixel_Offset_and_Image_Offset"", ""aes_ctr_dicom"", ""aes_ctr_text"", ""analyze_dicom_metadata"", ""api_tester"", ""app"", ""audio_utils"", ""basic"", ""blocks"", ""chat"", ""chat-chatgpt"", ""chat-claude"", ""chat-with-image"", ""chat_interface"", ""crew"", ""data"", ""deepseek_tars"", ""diag"", ""dsa"", ""face_recognition"", ""file_compare"", ""find_files_on_this_date"", ""folder_creator"", ""game_builder_crew"", ""gemma"", ""gen"", ""hello"", ""index"", ""index_url"", ""interface"", ""kidney_analysis"", ""main"", ""main_sr"", ""observer_comparison"", ""outlier_cases"", ""read_csv"", ""recog"", ""reset_files"", ""snake"", ""spintly_api_tester_advanced"", ""spintly_daily_time_multiple_days"", ""spintly_endpoint_discovery"", ""spintly_fastapi_app"", ""start_and_end_offset"", ""structure"", ""test"", ""test_aai"", ""update_cursor_db"", ""vector"", ""view"", ""views""]",True,False,False,True,15,13,0,46.42857142857143,66.66666666666666,44.44444444444444,30.0,C1W3_WGAN_GP,12,True,False,False,False,False,False,True,False,17,2,3,6,9,"[""matplotlib"", ""torch"", ""torchvision"", ""tqdm""]",0,0,0,False,False,True,True,14,1,True,True,False,0,0.0,100.0,100.0,80.0,False,False,False,False,False
Subin-Vidhu/2025,910750550,main,b02c75d777f19f2808c4bcb6fc171184450a5505,2025-01-01T09:53:14Z,0,8223f795364bdc1548913ba1fe2dd640f578df10c10faa2c14bd95aa3417bcd9,3bac81392a7442c774c69243ec0ddac56485c21f,0_Coursera/2_Generative Adversarial Networks (GANs) Specialization/Build Basic Generative Adversarial Networks (GANs)/C1W4A_Build_a_Conditional_GAN.ipynb,0_Coursera/2_Generative Adversarial Networks (GANs) Specialization/Build Basic Generative Adversarial Networks (GANs)/C1W4A_Build_a_Conditional_GAN.ipynb,3bac81392a7442c774c69243ec0ddac56485c21f,44622215,https://github.com/Subin-Vidhu/2025/blob/main/0_Coursera/2_Generative%20Adversarial%20Networks%20(GANs)%20Specialization/Build%20Basic%20Generative%20Adversarial%20Networks%20(GANs)/C1W4A_Build_a_Conditional_GAN.ipynb,True,python3,python,3.8,31,16,15,0,16,100.0,17,5,True,True,False,False,False,True,10,"[[""math"", 1], [""matplotlib"", 1], [""torch"", 1], [""torchvision"", 1], [""tqdm"", 1]]",False,True,True,True,False,True,False,True,False,False,True,True,False,False,False,False,True,78,"[""0-Implementation"", ""0-Introduction"", ""01-Doubly_Linked_Lists"", ""01-Implementation"", ""02-First_Recurring_Character"", ""02-Reverse"", ""03-Pattern_Matching"", ""03-Reversing_String"", ""04-Merging_sorted_arrays"", ""05-Two_Sum"", ""06-Maximum_SubArray"", ""07-Move_Zeroes"", ""08-Contains_Duplicate"", ""09-Rotate_Array"", ""1-Implementation"", ""10-Longest_Word"", ""AIRA_full_dataset_random_visualization"", ""AIVoiceAgent"", ""Age"", ""FDA_metadata_comparison"", ""Google Interview Question"", ""Interview Question 1"", ""O(1)"", ""O(m + n)"", ""O(m x n)"", ""O(n)"", ""O(n^2)"", ""Pixel_Offset_and_Image_Offset"", ""aes_ctr_dicom"", ""aes_ctr_text"", ""analyze_dicom_metadata"", ""api_tester"", ""app"", ""audio_utils"", ""basic"", ""blocks"", ""chat"", ""chat-chatgpt"", ""chat-claude"", ""chat-with-image"", ""chat_interface"", ""crew"", ""data"", ""deepseek_tars"", ""diag"", ""dsa"", ""face_recognition"", ""file_compare"", ""find_files_on_this_date"", ""folder_creator"", ""game_builder_crew"", ""gemma"", ""gen"", ""hello"", ""index"", ""index_url"", ""interface"", ""kidney_analysis"", ""main"", ""main_sr"", ""observer_comparison"", ""outlier_cases"", ""read_csv"", ""recog"", ""reset_files"", ""snake"", ""spintly_api_tester_advanced"", ""spintly_daily_time_multiple_days"", ""spintly_endpoint_discovery"", ""spintly_fastapi_app"", ""start_and_end_offset"", ""structure"", ""test"", ""test_aai"", ""update_cursor_db"", ""vector"", ""view"", ""views""]",True,False,False,True,16,15,0,48.38709677419355,70.0,40.0,36.36363636363637,C1W4A_Build_a_Conditional_GAN,29,True,False,False,False,False,False,True,False,15,2,4,9,10,"[""math"", ""matplotlib"", ""torch"", ""torchvision"", ""tqdm""]",0,0,0,False,False,True,True,16,0,True,True,False,1,1.0,100.0,100.0,100.0,False,True,False,False,False
Subin-Vidhu/2025,910750550,main,b02c75d777f19f2808c4bcb6fc171184450a5505,2025-01-01T09:53:14Z,0,243510ec02681dd2ed6bc5c07475911b7eda2ef5dffde195b337a417a4829d7e,94f720cf9542b57af13eac2ac997fab1f65ecc7f,0_Coursera/2_Generative Adversarial Networks (GANs) Specialization/Build Basic Generative Adversarial Networks (GANs)/C1W4B_Controllable_Generation.ipynb,0_Coursera/2_Generative Adversarial Networks (GANs) Specialization/Build Basic Generative Adversarial Networks (GANs)/C1W4B_Controllable_Generation.ipynb,94f720cf9542b57af13eac2ac997fab1f65ecc7f,3860702,https://github.com/Subin-Vidhu/2025/blob/main/0_Coursera/2_Generative%20Adversarial%20Networks%20(GANs)%20Specialization/Build%20Basic%20Generative%20Adversarial%20Networks%20(GANs)/C1W4B_Controllable_Generation.ipynb,True,python3,python,3.8,28,14,14,0,13,92.85714285714286,13,6,True,True,False,False,False,False,11,"[[""matplotlib"", 1], [""seaborn"", 1], [""torch"", 1], [""torchvision"", 1], [""tqdm"", 1]]",False,True,True,True,False,True,False,True,False,False,True,True,False,False,False,False,True,78,"[""0-Implementation"", ""0-Introduction"", ""01-Doubly_Linked_Lists"", ""01-Implementation"", ""02-First_Recurring_Character"", ""02-Reverse"", ""03-Pattern_Matching"", ""03-Reversing_String"", ""04-Merging_sorted_arrays"", ""05-Two_Sum"", ""06-Maximum_SubArray"", ""07-Move_Zeroes"", ""08-Contains_Duplicate"", ""09-Rotate_Array"", ""1-Implementation"", ""10-Longest_Word"", ""AIRA_full_dataset_random_visualization"", ""AIVoiceAgent"", ""Age"", ""FDA_metadata_comparison"", ""Google Interview Question"", ""Interview Question 1"", ""O(1)"", ""O(m + n)"", ""O(m x n)"", ""O(n)"", ""O(n^2)"", ""Pixel_Offset_and_Image_Offset"", ""aes_ctr_dicom"", ""aes_ctr_text"", ""analyze_dicom_metadata"", ""api_tester"", ""app"", ""audio_utils"", ""basic"", ""blocks"", ""chat"", ""chat-chatgpt"", ""chat-claude"", ""chat-with-image"", ""chat_interface"", ""crew"", ""data"", ""deepseek_tars"", ""diag"", ""dsa"", ""face_recognition"", ""file_compare"", ""find_files_on_this_date"", ""folder_creator"", ""game_builder_crew"", ""gemma"", ""gen"", ""hello"", ""index"", ""index_url"", ""interface"", ""kidney_analysis"", ""main"", ""main_sr"", ""observer_comparison"", ""outlier_cases"", ""read_csv"", ""recog"", ""reset_files"", ""snake"", ""spintly_api_tester_advanced"", ""spintly_daily_time_multiple_days"", ""spintly_endpoint_discovery"", ""spintly_fastapi_app"", ""start_and_end_offset"", ""structure"", ""test"", ""test_aai"", ""update_cursor_db"", ""vector"", ""view"", ""views""]",True,False,False,True,14,14,0,50.0,66.66666666666666,55.55555555555556,30.0,C1W4B_Controllable_Generation,29,True,False,False,False,False,False,True,False,11,2,4,3,11,"[""matplotlib"", ""seaborn"", ""torch"", ""torchvision"", ""tqdm""]",0,0,0,False,False,True,True,13,1,True,True,False,0,0.0,100.0,100.0,83.33333333333334,False,False,False,False,False
Subin-Vidhu/2025,910750550,main,b02c75d777f19f2808c4bcb6fc171184450a5505,2025-01-01T09:53:14Z,0,1a5694cc7135404fcf5027321beb99d651940e0c5e9dc860378e98e0c26bbd51,be3eb23ec81777f266ac4ba51ba6d9f73a35679a,0_Coursera/2_Generative Adversarial Networks (GANs) Specialization/Build Basic Generative Adversarial Networks (GANs)/C1_W2_Assignment.ipynb,0_Coursera/2_Generative Adversarial Networks (GANs) Specialization/Build Basic Generative Adversarial Networks (GANs)/C1_W2_Assignment.ipynb,be3eb23ec81777f266ac4ba51ba6d9f73a35679a,9293203,https://github.com/Subin-Vidhu/2025/blob/main/0_Coursera/2_Generative%20Adversarial%20Networks%20(GANs)%20Specialization/Build%20Basic%20Generative%20Adversarial%20Networks%20(GANs)/C1_W2_Assignment.ipynb,True,python3,python,3.8,22,11,11,0,10,90.9090909090909,10,3,True,True,False,False,False,True,8,"[[""matplotlib"", 1], [""torch"", 1], [""torchvision"", 1], [""tqdm"", 1]]",False,True,True,True,False,True,False,True,False,False,True,True,False,False,False,False,True,78,"[""0-Implementation"", ""0-Introduction"", ""01-Doubly_Linked_Lists"", ""01-Implementation"", ""02-First_Recurring_Character"", ""02-Reverse"", ""03-Pattern_Matching"", ""03-Reversing_String"", ""04-Merging_sorted_arrays"", ""05-Two_Sum"", ""06-Maximum_SubArray"", ""07-Move_Zeroes"", ""08-Contains_Duplicate"", ""09-Rotate_Array"", ""1-Implementation"", ""10-Longest_Word"", ""AIRA_full_dataset_random_visualization"", ""AIVoiceAgent"", ""Age"", ""FDA_metadata_comparison"", ""Google Interview Question"", ""Interview Question 1"", ""O(1)"", ""O(m + n)"", ""O(m x n)"", ""O(n)"", ""O(n^2)"", ""Pixel_Offset_and_Image_Offset"", ""aes_ctr_dicom"", ""aes_ctr_text"", ""analyze_dicom_metadata"", ""api_tester"", ""app"", ""audio_utils"", ""basic"", ""blocks"", ""chat"", ""chat-chatgpt"", ""chat-claude"", ""chat-with-image"", ""chat_interface"", ""crew"", ""data"", ""deepseek_tars"", ""diag"", ""dsa"", ""face_recognition"", ""file_compare"", ""find_files_on_this_date"", ""folder_creator"", ""game_builder_crew"", ""gemma"", ""gen"", ""hello"", ""index"", ""index_url"", ""interface"", ""kidney_analysis"", ""main"", ""main_sr"", ""observer_comparison"", ""outlier_cases"", ""read_csv"", ""recog"", ""reset_files"", ""snake"", ""spintly_api_tester_advanced"", ""spintly_daily_time_multiple_days"", ""spintly_endpoint_discovery"", ""spintly_fastapi_app"", ""start_and_end_offset"", ""structure"", ""test"", ""test_aai"", ""update_cursor_db"", ""vector"", ""view"", ""views""]",True,False,False,True,11,11,0,50.0,57.14285714285714,42.857142857142854,50.0,C1_W2_Assignment,16,True,False,False,False,False,False,True,False,10,2,2,5,8,"[""matplotlib"", ""torch"", ""torchvision"", ""tqdm""]",0,0,0,False,False,True,True,10,1,True,True,False,0,0.0,100.0,100.0,80.0,False,False,False,False,False
Subin-Vidhu/2025,910750550,main,b02c75d777f19f2808c4bcb6fc171184450a5505,2025-01-01T09:53:14Z,0,e7517c6fcad6132decd62f3ddf82117ccc0303282bad7da83a580b83cba71eee,4fd8b170f415bcddf552eb0f4b579fa7f6eb06cf,0_Coursera/2_Generative Adversarial Networks (GANs) Specialization/Build Better Generative Adversarial Networks (GANs)/C2W1_Assignment.ipynb,0_Coursera/2_Generative Adversarial Networks (GANs) Specialization/Build Better Generative Adversarial Networks (GANs)/C2W1_Assignment.ipynb,4fd8b170f415bcddf552eb0f4b579fa7f6eb06cf,566102,https://github.com/Subin-Vidhu/2025/blob/main/0_Coursera/2_Generative%20Adversarial%20Networks%20(GANs)%20Specialization/Build%20Better%20Generative%20Adversarial%20Networks%20(GANs)/C2W1_Assignment.ipynb,True,python3,python,3.8,41,19,22,0,19,100.0,22,8,True,True,False,False,False,True,16,"[[""matplotlib"", 1], [""numpy"", 1], [""pandas"", 1], [""scipy"", 1], [""seaborn"", 1], [""torch"", 1], [""torchvision"", 1], [""tqdm"", 1]]",False,True,True,True,False,True,False,True,False,False,True,True,False,False,False,False,True,78,"[""0-Implementation"", ""0-Introduction"", ""01-Doubly_Linked_Lists"", ""01-Implementation"", ""02-First_Recurring_Character"", ""02-Reverse"", ""03-Pattern_Matching"", ""03-Reversing_String"", ""04-Merging_sorted_arrays"", ""05-Two_Sum"", ""06-Maximum_SubArray"", ""07-Move_Zeroes"", ""08-Contains_Duplicate"", ""09-Rotate_Array"", ""1-Implementation"", ""10-Longest_Word"", ""AIRA_full_dataset_random_visualization"", ""AIVoiceAgent"", ""Age"", ""FDA_metadata_comparison"", ""Google Interview Question"", ""Interview Question 1"", ""O(1)"", ""O(m + n)"", ""O(m x n)"", ""O(n)"", ""O(n^2)"", ""Pixel_Offset_and_Image_Offset"", ""aes_ctr_dicom"", ""aes_ctr_text"", ""analyze_dicom_metadata"", ""api_tester"", ""app"", ""audio_utils"", ""basic"", ""blocks"", ""chat"", ""chat-chatgpt"", ""chat-claude"", ""chat-with-image"", ""chat_interface"", ""crew"", ""data"", ""deepseek_tars"", ""diag"", ""dsa"", ""face_recognition"", ""file_compare"", ""find_files_on_this_date"", ""folder_creator"", ""game_builder_crew"", ""gemma"", ""gen"", ""hello"", ""index"", ""index_url"", ""interface"", ""kidney_analysis"", ""main"", ""main_sr"", ""observer_comparison"", ""outlier_cases"", ""read_csv"", ""recog"", ""reset_files"", ""snake"", ""spintly_api_tester_advanced"", ""spintly_daily_time_multiple_days"", ""spintly_endpoint_discovery"", ""spintly_fastapi_app"", ""start_and_end_offset"", ""structure"", ""test"", ""test_aai"", ""update_cursor_db"", ""vector"", ""view"", ""views""]",True,False,False,True,19,22,0,53.65853658536586,69.23076923076923,46.15384615384615,46.666666666666664,C2W1_Assignment,15,True,False,False,False,False,False,True,False,8,1,1,3,16,"[""matplotlib"", ""numpy"", ""pandas"", ""scipy"", ""seaborn"", ""torch"", ""torchvision"", ""tqdm""]",0,0,0,False,False,True,True,19,0,True,True,False,3,1.5,100.0,100.0,100.0,False,True,False,False,False
Subin-Vidhu/2025,910750550,main,b02c75d777f19f2808c4bcb6fc171184450a5505,2025-01-01T09:53:14Z,0,b5ae9df6026d2e23787f183aaee1461d8ea26fc45cca240552bdaef626f0c653,59adf92ea59c2d43ba2bd79198ebb33214421811,0_Coursera/2_Generative Adversarial Networks (GANs) Specialization/Build Better Generative Adversarial Networks (GANs)/C2W2_Assignment.ipynb,0_Coursera/2_Generative Adversarial Networks (GANs) Specialization/Build Better Generative Adversarial Networks (GANs)/C2W2_Assignment.ipynb,59adf92ea59c2d43ba2bd79198ebb33214421811,110346,https://github.com/Subin-Vidhu/2025/blob/main/0_Coursera/2_Generative%20Adversarial%20Networks%20(GANs)%20Specialization/Build%20Better%20Generative%20Adversarial%20Networks%20(GANs)/C2W2_Assignment.ipynb,True,python3,python,3.8,33,15,18,0,14,93.33333333333333,14,7,True,True,False,False,False,False,15,"[[""matplotlib"", 1], [""numpy"", 1], [""seaborn"", 1], [""torch"", 1], [""torchvision"", 1], [""tqdm"", 1]]",False,True,True,True,False,True,False,True,False,False,True,True,False,False,False,False,True,78,"[""0-Implementation"", ""0-Introduction"", ""01-Doubly_Linked_Lists"", ""01-Implementation"", ""02-First_Recurring_Character"", ""02-Reverse"", ""03-Pattern_Matching"", ""03-Reversing_String"", ""04-Merging_sorted_arrays"", ""05-Two_Sum"", ""06-Maximum_SubArray"", ""07-Move_Zeroes"", ""08-Contains_Duplicate"", ""09-Rotate_Array"", ""1-Implementation"", ""10-Longest_Word"", ""AIRA_full_dataset_random_visualization"", ""AIVoiceAgent"", ""Age"", ""FDA_metadata_comparison"", ""Google Interview Question"", ""Interview Question 1"", ""O(1)"", ""O(m + n)"", ""O(m x n)"", ""O(n)"", ""O(n^2)"", ""Pixel_Offset_and_Image_Offset"", ""aes_ctr_dicom"", ""aes_ctr_text"", ""analyze_dicom_metadata"", ""api_tester"", ""app"", ""audio_utils"", ""basic"", ""blocks"", ""chat"", ""chat-chatgpt"", ""chat-claude"", ""chat-with-image"", ""chat_interface"", ""crew"", ""data"", ""deepseek_tars"", ""diag"", ""dsa"", ""face_recognition"", ""file_compare"", ""find_files_on_this_date"", ""folder_creator"", ""game_builder_crew"", ""gemma"", ""gen"", ""hello"", ""index"", ""index_url"", ""interface"", ""kidney_analysis"", ""main"", ""main_sr"", ""observer_comparison"", ""outlier_cases"", ""read_csv"", ""recog"", ""reset_files"", ""snake"", ""spintly_api_tester_advanced"", ""spintly_daily_time_multiple_days"", ""spintly_endpoint_discovery"", ""spintly_fastapi_app"", ""start_and_end_offset"", ""structure"", ""test"", ""test_aai"", ""update_cursor_db"", ""vector"", ""view"", ""views""]",True,False,False,True,15,18,0,54.54545454545454,72.72727272727273,54.54545454545454,36.36363636363637,C2W2_Assignment,15,True,False,False,False,False,False,True,False,13,2,6,3,15,"[""matplotlib"", ""numpy"", ""seaborn"", ""torch"", ""torchvision"", ""tqdm""]",0,0,0,False,False,True,True,14,1,True,True,False,0,0.0,100.0,100.0,80.0,False,False,False,False,False
Subin-Vidhu/2025,910750550,main,b02c75d777f19f2808c4bcb6fc171184450a5505,2025-01-01T09:53:14Z,0,aaa5d434834190337b2474a649bb131f36bec5b70fd729c9315e9d736e45a3ea,ce68e7481db807c8d9a1211bcd76f74d9d88a7d6,0_Coursera/2_Generative Adversarial Networks (GANs) Specialization/Build Better Generative Adversarial Networks (GANs)/C2W3_Assignment.ipynb,0_Coursera/2_Generative Adversarial Networks (GANs) Specialization/Build Better Generative Adversarial Networks (GANs)/C2W3_Assignment.ipynb,ce68e7481db807c8d9a1211bcd76f74d9d88a7d6,100851,https://github.com/Subin-Vidhu/2025/blob/main/0_Coursera/2_Generative%20Adversarial%20Networks%20(GANs)%20Specialization/Build%20Better%20Generative%20Adversarial%20Networks%20(GANs)/C2W3_Assignment.ipynb,True,python3,python,3.7,24,15,9,0,14,93.33333333333333,14,7,True,True,False,False,False,False,7,"[[""matplotlib"", 1], [""numpy"", 1], [""scipy"", 1], [""torch"", 1], [""torchvision"", 1]]",False,True,True,True,False,True,False,True,False,False,True,True,False,False,False,False,True,78,"[""0-Implementation"", ""0-Introduction"", ""01-Doubly_Linked_Lists"", ""01-Implementation"", ""02-First_Recurring_Character"", ""02-Reverse"", ""03-Pattern_Matching"", ""03-Reversing_String"", ""04-Merging_sorted_arrays"", ""05-Two_Sum"", ""06-Maximum_SubArray"", ""07-Move_Zeroes"", ""08-Contains_Duplicate"", ""09-Rotate_Array"", ""1-Implementation"", ""10-Longest_Word"", ""AIRA_full_dataset_random_visualization"", ""AIVoiceAgent"", ""Age"", ""FDA_metadata_comparison"", ""Google Interview Question"", ""Interview Question 1"", ""O(1)"", ""O(m + n)"", ""O(m x n)"", ""O(n)"", ""O(n^2)"", ""Pixel_Offset_and_Image_Offset"", ""aes_ctr_dicom"", ""aes_ctr_text"", ""analyze_dicom_metadata"", ""api_tester"", ""app"", ""audio_utils"", ""basic"", ""blocks"", ""chat"", ""chat-chatgpt"", ""chat-claude"", ""chat-with-image"", ""chat_interface"", ""crew"", ""data"", ""deepseek_tars"", ""diag"", ""dsa"", ""face_recognition"", ""file_compare"", ""find_files_on_this_date"", ""folder_creator"", ""game_builder_crew"", ""gemma"", ""gen"", ""hello"", ""index"", ""index_url"", ""interface"", ""kidney_analysis"", ""main"", ""main_sr"", ""observer_comparison"", ""outlier_cases"", ""read_csv"", ""recog"", ""reset_files"", ""snake"", ""spintly_api_tester_advanced"", ""spintly_daily_time_multiple_days"", ""spintly_endpoint_discovery"", ""spintly_fastapi_app"", ""start_and_end_offset"", ""structure"", ""test"", ""test_aai"", ""update_cursor_db"", ""vector"", ""view"", ""views""]",True,False,False,True,15,9,0,37.5,50.0,37.5,25.0,C2W3_Assignment,15,True,False,False,False,False,False,True,False,21,5,1,3,7,"[""matplotlib"", ""numpy"", ""scipy"", ""torch"", ""torchvision""]",0,0,0,False,False,True,True,14,1,True,True,False,0,0.0,100.0,100.0,80.0,False,False,False,False,False
Subin-Vidhu/2025,910750550,main,b02c75d777f19f2808c4bcb6fc171184450a5505,2025-01-01T09:53:14Z,0,a8aa1310bf7afc7c2dd4a14059388cd14cb348d93f1cacb3b81c58a2bd3f5d54,89f5a2e679e227c601dd63c1df4869540c7ba934,0_Coursera/3_Microsoft Python Development Professional Certificate/i.Python Programming Fundamentals/code/C1_M6_L01.ipynb,0_Coursera/3_Microsoft Python Development Professional Certificate/i.Python Programming Fundamentals/code/C1_M6_L01.ipynb,89f5a2e679e227c601dd63c1df4869540c7ba934,28370,https://github.com/Subin-Vidhu/2025/blob/main/0_Coursera/3_Microsoft%20Python%20Development%20Professional%20Certificate/i.Python%20Programming%20Fundamentals/code/C1_M6_L01.ipynb,True,python3,python,3.10,37,18,19,0,17,94.44444444444444,33,5,False,False,False,False,False,False,0,[],False,True,False,True,False,True,False,True,False,False,True,True,False,False,False,False,True,78,"[""0-Implementation"", ""0-Introduction"", ""01-Doubly_Linked_Lists"", ""01-Implementation"", ""02-First_Recurring_Character"", ""02-Reverse"", ""03-Pattern_Matching"", ""03-Reversing_String"", ""04-Merging_sorted_arrays"", ""05-Two_Sum"", ""06-Maximum_SubArray"", ""07-Move_Zeroes"", ""08-Contains_Duplicate"", ""09-Rotate_Array"", ""1-Implementation"", ""10-Longest_Word"", ""AIRA_full_dataset_random_visualization"", ""AIVoiceAgent"", ""Age"", ""FDA_metadata_comparison"", ""Google Interview Question"", ""Interview Question 1"", ""O(1)"", ""O(m + n)"", ""O(m x n)"", ""O(n)"", ""O(n^2)"", ""Pixel_Offset_and_Image_Offset"", ""aes_ctr_dicom"", ""aes_ctr_text"", ""analyze_dicom_metadata"", ""api_tester"", ""app"", ""audio_utils"", ""basic"", ""blocks"", ""chat"", ""chat-chatgpt"", ""chat-claude"", ""chat-with-image"", ""chat_interface"", ""crew"", ""data"", ""deepseek_tars"", ""diag"", ""dsa"", ""face_recognition"", ""file_compare"", ""find_files_on_this_date"", ""folder_creator"", ""game_builder_crew"", ""gemma"", ""gen"", ""hello"", ""index"", ""index_url"", ""interface"", ""kidney_analysis"", ""main"", ""main_sr"", ""observer_comparison"", ""outlier_cases"", ""read_csv"", ""recog"", ""reset_files"", ""snake"", ""spintly_api_tester_advanced"", ""spintly_daily_time_multiple_days"", ""spintly_endpoint_discovery"", ""spintly_fastapi_app"", ""start_and_end_offset"", ""structure"", ""test"", ""test_aai"", ""update_cursor_db"", ""vector"", ""view"", ""views""]",True,False,False,True,18,19,0,51.35135135135135,58.333333333333336,41.66666666666667,53.84615384615385,C1_M6_L01,9,True,False,False,False,False,False,True,False,6,0,5,6,0,[],0,0,0,False,True,True,True,17,1,True,True,True,16,3.2,100.0,83.33333333333334,100.0,True,True,True,False,False
Subin-Vidhu/2025,910750550,main,b02c75d777f19f2808c4bcb6fc171184450a5505,2025-01-01T09:53:14Z,0,47e4cfbef501aa029aa0ae8db87cdd7c405f7d72513aaba7793b8479e2ca9e39,e90b9b791fa40be08fba3fdceb5c9763506f5411,0_Coursera/3_Microsoft Python Development Professional Certificate/ii.Data Analysis and Visualization with Python/codes/C2_M5_L01.ipynb,0_Coursera/3_Microsoft Python Development Professional Certificate/ii.Data Analysis and Visualization with Python/codes/C2_M5_L01.ipynb,e90b9b791fa40be08fba3fdceb5c9763506f5411,49746,https://github.com/Subin-Vidhu/2025/blob/main/0_Coursera/3_Microsoft%20Python%20Development%20Professional%20Certificate/ii.Data%20Analysis%20and%20Visualization%20with%20Python/codes/C2_M5_L01.ipynb,True,python3,python,3.10,32,19,13,0,17,89.47368421052632,19,10,True,False,True,False,False,False,0,[],False,False,False,False,False,True,False,True,False,False,True,True,False,False,False,False,True,78,"[""0-Implementation"", ""0-Introduction"", ""01-Doubly_Linked_Lists"", ""01-Implementation"", ""02-First_Recurring_Character"", ""02-Reverse"", ""03-Pattern_Matching"", ""03-Reversing_String"", ""04-Merging_sorted_arrays"", ""05-Two_Sum"", ""06-Maximum_SubArray"", ""07-Move_Zeroes"", ""08-Contains_Duplicate"", ""09-Rotate_Array"", ""1-Implementation"", ""10-Longest_Word"", ""AIRA_full_dataset_random_visualization"", ""AIVoiceAgent"", ""Age"", ""FDA_metadata_comparison"", ""Google Interview Question"", ""Interview Question 1"", ""O(1)"", ""O(m + n)"", ""O(m x n)"", ""O(n)"", ""O(n^2)"", ""Pixel_Offset_and_Image_Offset"", ""aes_ctr_dicom"", ""aes_ctr_text"", ""analyze_dicom_metadata"", ""api_tester"", ""app"", ""audio_utils"", ""basic"", ""blocks"", ""chat"", ""chat-chatgpt"", ""chat-claude"", ""chat-with-image"", ""chat_interface"", ""crew"", ""data"", ""deepseek_tars"", ""diag"", ""dsa"", ""face_recognition"", ""file_compare"", ""find_files_on_this_date"", ""folder_creator"", ""game_builder_crew"", ""gemma"", ""gen"", ""hello"", ""index"", ""index_url"", ""interface"", ""kidney_analysis"", ""main"", ""main_sr"", ""observer_comparison"", ""outlier_cases"", ""read_csv"", ""recog"", ""reset_files"", ""snake"", ""spintly_api_tester_advanced"", ""spintly_daily_time_multiple_days"", ""spintly_endpoint_discovery"", ""spintly_fastapi_app"", ""start_and_end_offset"", ""structure"", ""test"", ""test_aai"", ""update_cursor_db"", ""vector"", ""view"", ""views""]",True,False,False,True,19,13,0,40.625,50.0,40.0,33.33333333333333,C2_M5_L01,9,True,False,False,False,False,False,True,False,0,0,0,0,0,[],0,0,0,True,True,True,True,17,2,True,True,False,2,1.0,100.0,100.0,71.42857142857143,False,True,False,False,False
Subin-Vidhu/2025,910750550,main,b02c75d777f19f2808c4bcb6fc171184450a5505,2025-01-01T09:53:14Z,0,105c296b3151959ab7c8a9ed9cf8cf821af2411ccdb2525bcebc1311b4979582,dbf093d0697a8cd31acd2792070dae6115a02e19,0_Coursera/3_Microsoft Python Development Professional Certificate/iii.Automation and Scripting with Python/Codes/churn/C3_M5_PA01.ipynb,0_Coursera/3_Microsoft Python Development Professional Certificate/iii.Automation and Scripting with Python/Codes/churn/C3_M5_PA01.ipynb,dbf093d0697a8cd31acd2792070dae6115a02e19,130529,https://github.com/Subin-Vidhu/2025/blob/main/0_Coursera/3_Microsoft%20Python%20Development%20Professional%20Certificate/iii.Automation%20and%20Scripting%20with%20Python/Codes/churn/C3_M5_PA01.ipynb,True,python3,python,3.10,36,15,21,0,15,100.0,21,12,True,True,True,False,False,False,6,"[[""matplotlib"", 1], [""pandas"", 1], [""seaborn"", 1], [""sklearn"", 1]]",False,False,False,False,False,True,False,True,False,False,True,True,False,False,False,False,True,78,"[""0-Implementation"", ""0-Introduction"", ""01-Doubly_Linked_Lists"", ""01-Implementation"", ""02-First_Recurring_Character"", ""02-Reverse"", ""03-Pattern_Matching"", ""03-Reversing_String"", ""04-Merging_sorted_arrays"", ""05-Two_Sum"", ""06-Maximum_SubArray"", ""07-Move_Zeroes"", ""08-Contains_Duplicate"", ""09-Rotate_Array"", ""1-Implementation"", ""10-Longest_Word"", ""AIRA_full_dataset_random_visualization"", ""AIVoiceAgent"", ""Age"", ""FDA_metadata_comparison"", ""Google Interview Question"", ""Interview Question 1"", ""O(1)"", ""O(m + n)"", ""O(m x n)"", ""O(n)"", ""O(n^2)"", ""Pixel_Offset_and_Image_Offset"", ""aes_ctr_dicom"", ""aes_ctr_text"", ""analyze_dicom_metadata"", ""api_tester"", ""app"", ""audio_utils"", ""basic"", ""blocks"", ""chat"", ""chat-chatgpt"", ""chat-claude"", ""chat-with-image"", ""chat_interface"", ""crew"", ""data"", ""deepseek_tars"", ""diag"", ""dsa"", ""face_recognition"", ""file_compare"", ""find_files_on_this_date"", ""folder_creator"", ""game_builder_crew"", ""gemma"", ""gen"", ""hello"", ""index"", ""index_url"", ""interface"", ""kidney_analysis"", ""main"", ""main_sr"", ""observer_comparison"", ""outlier_cases"", ""read_csv"", ""recog"", ""reset_files"", ""snake"", ""spintly_api_tester_advanced"", ""spintly_daily_time_multiple_days"", ""spintly_endpoint_discovery"", ""spintly_fastapi_app"", ""start_and_end_offset"", ""structure"", ""test"", ""test_aai"", ""update_cursor_db"", ""vector"", ""view"", ""views""]",True,False,False,True,15,21,0,58.333333333333336,58.333333333333336,58.333333333333336,58.333333333333336,C3_M5_PA01,10,True,False,False,False,False,False,True,False,0,0,0,0,6,"[""matplotlib"", ""pandas"", ""seaborn"", ""sklearn""]",0,0,0,True,True,True,True,15,0,True,True,False,6,2.0,100.0,100.0,100.0,False,True,False,False,True
Subin-Vidhu/2025,910750550,main,b02c75d777f19f2808c4bcb6fc171184450a5505,2025-01-01T09:53:14Z,0,f69944ee6d0010a7a3d89653da9e89e2661bcf94ff1ba8150f6d981bc6e37eff,e345ca39dcaba5775c3940846735e6daa9a52464,0_Coursera/3_Microsoft Python Development Professional Certificate/iii.Automation and Scripting with Python/Codes/final/C3_M5_PA02.ipynb,0_Coursera/3_Microsoft Python Development Professional Certificate/iii.Automation and Scripting with Python/Codes/final/C3_M5_PA02.ipynb,e345ca39dcaba5775c3940846735e6daa9a52464,120269,https://github.com/Subin-Vidhu/2025/blob/main/0_Coursera/3_Microsoft%20Python%20Development%20Professional%20Certificate/iii.Automation%20and%20Scripting%20with%20Python/Codes/final/C3_M5_PA02.ipynb,True,python3,python,3.10,38,20,18,0,14,70.0,16,10,True,True,False,True,False,False,0,[],False,False,False,False,False,True,False,True,False,False,True,True,False,False,False,False,True,78,"[""0-Implementation"", ""0-Introduction"", ""01-Doubly_Linked_Lists"", ""01-Implementation"", ""02-First_Recurring_Character"", ""02-Reverse"", ""03-Pattern_Matching"", ""03-Reversing_String"", ""04-Merging_sorted_arrays"", ""05-Two_Sum"", ""06-Maximum_SubArray"", ""07-Move_Zeroes"", ""08-Contains_Duplicate"", ""09-Rotate_Array"", ""1-Implementation"", ""10-Longest_Word"", ""AIRA_full_dataset_random_visualization"", ""AIVoiceAgent"", ""Age"", ""FDA_metadata_comparison"", ""Google Interview Question"", ""Interview Question 1"", ""O(1)"", ""O(m + n)"", ""O(m x n)"", ""O(n)"", ""O(n^2)"", ""Pixel_Offset_and_Image_Offset"", ""aes_ctr_dicom"", ""aes_ctr_text"", ""analyze_dicom_metadata"", ""api_tester"", ""app"", ""audio_utils"", ""basic"", ""blocks"", ""chat"", ""chat-chatgpt"", ""chat-claude"", ""chat-with-image"", ""chat_interface"", ""crew"", ""data"", ""deepseek_tars"", ""diag"", ""dsa"", ""face_recognition"", ""file_compare"", ""find_files_on_this_date"", ""folder_creator"", ""game_builder_crew"", ""gemma"", ""gen"", ""hello"", ""index"", ""index_url"", ""interface"", ""kidney_analysis"", ""main"", ""main_sr"", ""observer_comparison"", ""outlier_cases"", ""read_csv"", ""recog"", ""reset_files"", ""snake"", ""spintly_api_tester_advanced"", ""spintly_daily_time_multiple_days"", ""spintly_endpoint_discovery"", ""spintly_fastapi_app"", ""start_and_end_offset"", ""structure"", ""test"", ""test_aai"", ""update_cursor_db"", ""vector"", ""view"", ""views""]",True,False,False,True,20,18,0,47.368421052631575,66.66666666666666,41.66666666666667,35.714285714285715,C3_M5_PA02,10,True,False,False,False,False,False,True,False,0,0,0,0,0,[],0,0,0,True,True,True,True,14,6,True,True,False,2,2.0,66.66666666666666,100.0,50.0,False,True,False,False,False
Subin-Vidhu/2025,910750550,main,b02c75d777f19f2808c4bcb6fc171184450a5505,2025-01-01T09:53:14Z,0,9bd7489f39eb02efd9a37aa3bf522b4791f442a1ed8feb88be464be17edf7991,3868b9828fa0dc7d93bedd35cc97eb0371227569,0_Coursera/3_Microsoft Python Development Professional Certificate/iv.Web Development with Python/Codes/C4_M3_L01.ipynb,0_Coursera/3_Microsoft Python Development Professional Certificate/iv.Web Development with Python/Codes/C4_M3_L01.ipynb,3868b9828fa0dc7d93bedd35cc97eb0371227569,187458,https://github.com/Subin-Vidhu/2025/blob/main/0_Coursera/3_Microsoft%20Python%20Development%20Professional%20Certificate/iv.Web%20Development%20with%20Python/Codes/C4_M3_L01.ipynb,True,python3,python,3.10,66,40,26,0,25,62.5,26,22,True,False,True,False,False,False,0,[],False,False,False,False,False,True,False,True,False,False,True,True,False,False,False,False,True,78,"[""0-Implementation"", ""0-Introduction"", ""01-Doubly_Linked_Lists"", ""01-Implementation"", ""02-First_Recurring_Character"", ""02-Reverse"", ""03-Pattern_Matching"", ""03-Reversing_String"", ""04-Merging_sorted_arrays"", ""05-Two_Sum"", ""06-Maximum_SubArray"", ""07-Move_Zeroes"", ""08-Contains_Duplicate"", ""09-Rotate_Array"", ""1-Implementation"", ""10-Longest_Word"", ""AIRA_full_dataset_random_visualization"", ""AIVoiceAgent"", ""Age"", ""FDA_metadata_comparison"", ""Google Interview Question"", ""Interview Question 1"", ""O(1)"", ""O(m + n)"", ""O(m x n)"", ""O(n)"", ""O(n^2)"", ""Pixel_Offset_and_Image_Offset"", ""aes_ctr_dicom"", ""aes_ctr_text"", ""analyze_dicom_metadata"", ""api_tester"", ""app"", ""audio_utils"", ""basic"", ""blocks"", ""chat"", ""chat-chatgpt"", ""chat-claude"", ""chat-with-image"", ""chat_interface"", ""crew"", ""data"", ""deepseek_tars"", ""diag"", ""dsa"", ""face_recognition"", ""file_compare"", ""find_files_on_this_date"", ""folder_creator"", ""game_builder_crew"", ""gemma"", ""gen"", ""hello"", ""index"", ""index_url"", ""interface"", ""kidney_analysis"", ""main"", ""main_sr"", ""observer_comparison"", ""outlier_cases"", ""read_csv"", ""recog"", ""reset_files"", ""snake"", ""spintly_api_tester_advanced"", ""spintly_daily_time_multiple_days"", ""spintly_endpoint_discovery"", ""spintly_fastapi_app"", ""start_and_end_offset"", ""structure"", ""test"", ""test_aai"", ""update_cursor_db"", ""vector"", ""view"", ""views""]",True,False,False,True,40,26,0,39.39393939393939,40.909090909090914,36.36363636363637,40.909090909090914,C4_M3_L01,9,True,False,False,False,False,False,True,False,0,0,0,0,0,[],0,0,0,True,True,True,True,25,15,True,True,False,1,1.0,76.92307692307693,53.84615384615385,57.14285714285714,False,True,True,False,False
Subin-Vidhu/2025,910750550,main,b02c75d777f19f2808c4bcb6fc171184450a5505,2025-01-01T09:53:14Z,0,ec68879e08103d81ee53b4c4f400451b1bb7ef64b739ac334877c2a7f6e3ee6b,f26b8d99fdc837a87c26a47a314172ed88431e9a,0_Coursera/3_Microsoft Python Development Professional Certificate/vi.Project Development in Python/Creating a chatbot with Python (1).ipynb,0_Coursera/3_Microsoft Python Development Professional Certificate/vi.Project Development in Python/Creating a chatbot with Python (1).ipynb,f26b8d99fdc837a87c26a47a314172ed88431e9a,79048,https://github.com/Subin-Vidhu/2025/blob/main/0_Coursera/3_Microsoft%20Python%20Development%20Professional%20Certificate/vi.Project%20Development%20in%20Python/Creating%20a%20chatbot%20with%20Python%20(1).ipynb,True,python3,python,3.10,41,17,24,0,17,100.0,17,9,False,False,False,False,False,False,0,[],False,False,False,False,False,True,False,True,False,False,True,True,False,False,False,False,True,78,"[""0-Implementation"", ""0-Introduction"", ""01-Doubly_Linked_Lists"", ""01-Implementation"", ""02-First_Recurring_Character"", ""02-Reverse"", ""03-Pattern_Matching"", ""03-Reversing_String"", ""04-Merging_sorted_arrays"", ""05-Two_Sum"", ""06-Maximum_SubArray"", ""07-Move_Zeroes"", ""08-Contains_Duplicate"", ""09-Rotate_Array"", ""1-Implementation"", ""10-Longest_Word"", ""AIRA_full_dataset_random_visualization"", ""AIVoiceAgent"", ""Age"", ""FDA_metadata_comparison"", ""Google Interview Question"", ""Interview Question 1"", ""O(1)"", ""O(m + n)"", ""O(m x n)"", ""O(n)"", ""O(n^2)"", ""Pixel_Offset_and_Image_Offset"", ""aes_ctr_dicom"", ""aes_ctr_text"", ""analyze_dicom_metadata"", ""api_tester"", ""app"", ""audio_utils"", ""basic"", ""blocks"", ""chat"", ""chat-chatgpt"", ""chat-claude"", ""chat-with-image"", ""chat_interface"", ""crew"", ""data"", ""deepseek_tars"", ""diag"", ""dsa"", ""face_recognition"", ""file_compare"", ""find_files_on_this_date"", ""folder_creator"", ""game_builder_crew"", ""gemma"", ""gen"", ""hello"", ""index"", ""index_url"", ""interface"", ""kidney_analysis"", ""main"", ""main_sr"", ""observer_comparison"", ""outlier_cases"", ""read_csv"", ""recog"", ""reset_files"", ""snake"", ""spintly_api_tester_advanced"", ""spintly_daily_time_multiple_days"", ""spintly_endpoint_discovery"", ""spintly_fastapi_app"", ""start_and_end_offset"", ""structure"", ""test"", ""test_aai"", ""update_cursor_db"", ""vector"", ""view"", ""views""]",True,False,False,True,17,24,0,58.536585365853654,76.92307692307693,61.53846153846154,40.0,Creating a chatbot with Python (1),34,True,False,False,False,False,False,True,False,0,0,0,0,0,[],0,0,0,True,True,True,True,17,0,True,True,False,0,0.0,100.0,100.0,100.0,False,False,False,False,False
Subin-Vidhu/2025,910750550,main,b02c75d777f19f2808c4bcb6fc171184450a5505,2025-01-01T09:53:14Z,0,5915f2fdbfc0c2508f74013509f9c290cc85fd750a2aabab4371affef735ff67,608907ad246f53167e0bd54f2f0f8d21b7bab6b2,0_Coursera/3_Microsoft Python Development Professional Certificate/vi.Project Development in Python/Creating a chatbot with Python.ipynb,0_Coursera/3_Microsoft Python Development Professional Certificate/vi.Project Development in Python/Creating a chatbot with Python.ipynb,608907ad246f53167e0bd54f2f0f8d21b7bab6b2,72199,https://github.com/Subin-Vidhu/2025/blob/main/0_Coursera/3_Microsoft%20Python%20Development%20Professional%20Certificate/vi.Project%20Development%20in%20Python/Creating%20a%20chatbot%20with%20Python.ipynb,True,python3,python,3.10,41,17,24,0,17,100.0,21,9,False,False,False,False,False,False,0,[],False,False,False,False,False,True,False,True,False,False,True,True,False,False,False,False,True,78,"[""0-Implementation"", ""0-Introduction"", ""01-Doubly_Linked_Lists"", ""01-Implementation"", ""02-First_Recurring_Character"", ""02-Reverse"", ""03-Pattern_Matching"", ""03-Reversing_String"", ""04-Merging_sorted_arrays"", ""05-Two_Sum"", ""06-Maximum_SubArray"", ""07-Move_Zeroes"", ""08-Contains_Duplicate"", ""09-Rotate_Array"", ""1-Implementation"", ""10-Longest_Word"", ""AIRA_full_dataset_random_visualization"", ""AIVoiceAgent"", ""Age"", ""FDA_metadata_comparison"", ""Google Interview Question"", ""Interview Question 1"", ""O(1)"", ""O(m + n)"", ""O(m x n)"", ""O(n)"", ""O(n^2)"", ""Pixel_Offset_and_Image_Offset"", ""aes_ctr_dicom"", ""aes_ctr_text"", ""analyze_dicom_metadata"", ""api_tester"", ""app"", ""audio_utils"", ""basic"", ""blocks"", ""chat"", ""chat-chatgpt"", ""chat-claude"", ""chat-with-image"", ""chat_interface"", ""crew"", ""data"", ""deepseek_tars"", ""diag"", ""dsa"", ""face_recognition"", ""file_compare"", ""find_files_on_this_date"", ""folder_creator"", ""game_builder_crew"", ""gemma"", ""gen"", ""hello"", ""index"", ""index_url"", ""interface"", ""kidney_analysis"", ""main"", ""main_sr"", ""observer_comparison"", ""outlier_cases"", ""read_csv"", ""recog"", ""reset_files"", ""snake"", ""spintly_api_tester_advanced"", ""spintly_daily_time_multiple_days"", ""spintly_endpoint_discovery"", ""spintly_fastapi_app"", ""start_and_end_offset"", ""structure"", ""test"", ""test_aai"", ""update_cursor_db"", ""vector"", ""view"", ""views""]",True,False,False,True,17,24,0,58.536585365853654,76.92307692307693,61.53846153846154,40.0,Creating a chatbot with Python,30,True,False,False,False,False,False,True,False,0,0,0,0,0,[],0,0,0,True,True,True,True,17,0,True,True,False,0,0.0,100.0,100.0,100.0,False,False,False,False,False
Subin-Vidhu/2025,910750550,main,b02c75d777f19f2808c4bcb6fc171184450a5505,2025-01-01T09:53:14Z,0,6f7fcad062d5b2782fb8a171e40f49009236ba5c7536fc6eaab6600641c4945e,e64e7e6e8ee2f25d39f5ab07c018fce2f523227f,0_Datacamp/2_Machine Learning Engineer/4_Predictive Modeling for Agriculture-Project/workspace/workspace/notebook.ipynb,0_Datacamp/2_Machine Learning Engineer/4_Predictive Modeling for Agriculture-Project/workspace/workspace/notebook.ipynb,e64e7e6e8ee2f25d39f5ab07c018fce2f523227f,6008,https://github.com/Subin-Vidhu/2025/blob/main/0_Datacamp/2_Machine%20Learning%20Engineer/4_Predictive%20Modeling%20for%20Agriculture-Project/workspace/workspace/notebook.ipynb,True,python3,python,3.8,2,1,1,0,1,100.0,3,1,True,False,False,False,False,False,4,"[[""pandas"", 1], [""sklearn"", 1]]",False,False,False,True,False,True,False,True,False,False,True,True,False,False,False,False,True,78,"[""0-Implementation"", ""0-Introduction"", ""01-Doubly_Linked_Lists"", ""01-Implementation"", ""02-First_Recurring_Character"", ""02-Reverse"", ""03-Pattern_Matching"", ""03-Reversing_String"", ""04-Merging_sorted_arrays"", ""05-Two_Sum"", ""06-Maximum_SubArray"", ""07-Move_Zeroes"", ""08-Contains_Duplicate"", ""09-Rotate_Array"", ""1-Implementation"", ""10-Longest_Word"", ""AIRA_full_dataset_random_visualization"", ""AIVoiceAgent"", ""Age"", ""FDA_metadata_comparison"", ""Google Interview Question"", ""Interview Question 1"", ""O(1)"", ""O(m + n)"", ""O(m x n)"", ""O(n)"", ""O(n^2)"", ""Pixel_Offset_and_Image_Offset"", ""aes_ctr_dicom"", ""aes_ctr_text"", ""analyze_dicom_metadata"", ""api_tester"", ""app"", ""audio_utils"", ""basic"", ""blocks"", ""chat"", ""chat-chatgpt"", ""chat-claude"", ""chat-with-image"", ""chat_interface"", ""crew"", ""data"", ""deepseek_tars"", ""diag"", ""dsa"", ""face_recognition"", ""file_compare"", ""find_files_on_this_date"", ""folder_creator"", ""game_builder_crew"", ""gemma"", ""gen"", ""hello"", ""index"", ""index_url"", ""interface"", ""kidney_analysis"", ""main"", ""main_sr"", ""observer_comparison"", ""outlier_cases"", ""read_csv"", ""recog"", ""reset_files"", ""snake"", ""spintly_api_tester_advanced"", ""spintly_daily_time_multiple_days"", ""spintly_endpoint_discovery"", ""spintly_fastapi_app"", ""start_and_end_offset"", ""structure"", ""test"", ""test_aai"", ""update_cursor_db"", ""vector"", ""view"", ""views""]",True,False,False,True,1,1,0,50.0,100.0,0.0,0.0,notebook,8,False,False,False,False,False,False,False,False,0,0,1,0,4,"[""pandas"", ""sklearn""]",0,0,0,True,True,True,True,1,0,True,True,False,0,0.0,100.0,0.0,0.0,False,False,False,False,False
Subin-Vidhu/2025,910750550,main,b02c75d777f19f2808c4bcb6fc171184450a5505,2025-01-01T09:53:14Z,0,20bdce1861aea4781383721e46ad0dd7388239c85641bdc1ef560daad37667c2,e64e7e6e8ee2f25d39f5ab07c018fce2f523227f,0_Datacamp/3_Machine Learning Scientist in Python/2_Predictive Modeling for Agriculture-Project/workspace/workspace/notebook.ipynb,0_Datacamp/3_Machine Learning Scientist in Python/2_Predictive Modeling for Agriculture-Project/workspace/workspace/notebook.ipynb,e64e7e6e8ee2f25d39f5ab07c018fce2f523227f,6008,https://github.com/Subin-Vidhu/2025/blob/main/0_Datacamp/3_Machine%20Learning%20Scientist%20in%20Python/2_Predictive%20Modeling%20for%20Agriculture-Project/workspace/workspace/notebook.ipynb,True,python3,python,3.8,2,1,1,0,1,100.0,3,1,True,False,False,False,False,False,4,"[[""pandas"", 1], [""sklearn"", 1]]",False,False,False,True,False,True,False,True,False,False,True,True,False,False,False,False,True,78,"[""0-Implementation"", ""0-Introduction"", ""01-Doubly_Linked_Lists"", ""01-Implementation"", ""02-First_Recurring_Character"", ""02-Reverse"", ""03-Pattern_Matching"", ""03-Reversing_String"", ""04-Merging_sorted_arrays"", ""05-Two_Sum"", ""06-Maximum_SubArray"", ""07-Move_Zeroes"", ""08-Contains_Duplicate"", ""09-Rotate_Array"", ""1-Implementation"", ""10-Longest_Word"", ""AIRA_full_dataset_random_visualization"", ""AIVoiceAgent"", ""Age"", ""FDA_metadata_comparison"", ""Google Interview Question"", ""Interview Question 1"", ""O(1)"", ""O(m + n)"", ""O(m x n)"", ""O(n)"", ""O(n^2)"", ""Pixel_Offset_and_Image_Offset"", ""aes_ctr_dicom"", ""aes_ctr_text"", ""analyze_dicom_metadata"", ""api_tester"", ""app"", ""audio_utils"", ""basic"", ""blocks"", ""chat"", ""chat-chatgpt"", ""chat-claude"", ""chat-with-image"", ""chat_interface"", ""crew"", ""data"", ""deepseek_tars"", ""diag"", ""dsa"", ""face_recognition"", ""file_compare"", ""find_files_on_this_date"", ""folder_creator"", ""game_builder_crew"", ""gemma"", ""gen"", ""hello"", ""index"", ""index_url"", ""interface"", ""kidney_analysis"", ""main"", ""main_sr"", ""observer_comparison"", ""outlier_cases"", ""read_csv"", ""recog"", ""reset_files"", ""snake"", ""spintly_api_tester_advanced"", ""spintly_daily_time_multiple_days"", ""spintly_endpoint_discovery"", ""spintly_fastapi_app"", ""start_and_end_offset"", ""structure"", ""test"", ""test_aai"", ""update_cursor_db"", ""vector"", ""view"", ""views""]",True,False,False,True,1,1,0,50.0,100.0,0.0,0.0,notebook,8,False,False,False,False,False,False,False,False,0,0,1,0,4,"[""pandas"", ""sklearn""]",0,0,0,True,True,True,True,1,0,True,True,False,0,0.0,100.0,0.0,0.0,False,False,False,False,False
Subin-Vidhu/2025,910750550,main,b02c75d777f19f2808c4bcb6fc171184450a5505,2025-01-01T09:53:14Z,0,9238c49ee7c0029cb8b9e5fe53daf32f43100cfbce499aedc863d9f7814896ec,4c412a199d69cc3afb4089566c8bf1e32d95f5c1,0_Datacamp/7_Tuberculosis_Competition/TB_Detection_PyTorch_ResNet18_CNN_ChestXRay (1).ipynb,0_Datacamp/7_Tuberculosis_Competition/TB_Detection_PyTorch_ResNet18_CNN_ChestXRay (1).ipynb,4c412a199d69cc3afb4089566c8bf1e32d95f5c1,649386,https://github.com/Subin-Vidhu/2025/blob/main/0_Datacamp/7_Tuberculosis_Competition/TB_Detection_PyTorch_ResNet18_CNN_ChestXRay%20(1).ipynb,True,python3,python,3.10,24,12,12,0,12,100.0,11,11,True,True,False,False,False,False,33,"[[""PIL"", 1], [""copy"", 1], [""matplotlib"", 1], [""numpy"", 1], [""os"", 1], [""random"", 1], [""seaborn"", 1], [""sklearn"", 1], [""sys"", 1], [""torch"", 1]]",False,True,True,True,False,True,False,True,False,False,True,True,False,False,False,False,True,78,"[""0-Implementation"", ""0-Introduction"", ""01-Doubly_Linked_Lists"", ""01-Implementation"", ""02-First_Recurring_Character"", ""02-Reverse"", ""03-Pattern_Matching"", ""03-Reversing_String"", ""04-Merging_sorted_arrays"", ""05-Two_Sum"", ""06-Maximum_SubArray"", ""07-Move_Zeroes"", ""08-Contains_Duplicate"", ""09-Rotate_Array"", ""1-Implementation"", ""10-Longest_Word"", ""AIRA_full_dataset_random_visualization"", ""AIVoiceAgent"", ""Age"", ""FDA_metadata_comparison"", ""Google Interview Question"", ""Interview Question 1"", ""O(1)"", ""O(m + n)"", ""O(m x n)"", ""O(n)"", ""O(n^2)"", ""Pixel_Offset_and_Image_Offset"", ""aes_ctr_dicom"", ""aes_ctr_text"", ""analyze_dicom_metadata"", ""api_tester"", ""app"", ""audio_utils"", ""basic"", ""blocks"", ""chat"", ""chat-chatgpt"", ""chat-claude"", ""chat-with-image"", ""chat_interface"", ""crew"", ""data"", ""deepseek_tars"", ""diag"", ""dsa"", ""face_recognition"", ""file_compare"", ""find_files_on_this_date"", ""folder_creator"", ""game_builder_crew"", ""gemma"", ""gen"", ""hello"", ""index"", ""index_url"", ""interface"", ""kidney_analysis"", ""main"", ""main_sr"", ""observer_comparison"", ""outlier_cases"", ""read_csv"", ""recog"", ""reset_files"", ""snake"", ""spintly_api_tester_advanced"", ""spintly_daily_time_multiple_days"", ""spintly_endpoint_discovery"", ""spintly_fastapi_app"", ""start_and_end_offset"", ""structure"", ""test"", ""test_aai"", ""update_cursor_db"", ""vector"", ""view"", ""views""]",True,False,False,True,12,12,0,50.0,50.0,50.0,50.0,TB_Detection_PyTorch_ResNet18_CNN_ChestXRay (1),47,True,False,False,False,False,False,True,False,6,1,12,5,33,"[""PIL"", ""copy"", ""matplotlib"", ""numpy"", ""os"", ""random"", ""seaborn"", ""sklearn"", ""sys"", ""torch"", ""torchvision"", ""tqdm""]",0,0,0,False,False,True,True,12,0,True,False,False,0,0.0,100.0,100.0,100.0,False,False,False,False,False
Subin-Vidhu/2025,910750550,main,b02c75d777f19f2808c4bcb6fc171184450a5505,2025-01-01T09:53:14Z,0,be9e942ea59ea01b1bde74ce6290ab7c93fddfa5e96a8ccf873d113395a28a60,4c412a199d69cc3afb4089566c8bf1e32d95f5c1,0_Datacamp/7_Tuberculosis_Competition/TB_Detection_PyTorch_ResNet18_CNN_ChestXRay.ipynb,0_Datacamp/7_Tuberculosis_Competition/TB_Detection_PyTorch_ResNet18_CNN_ChestXRay.ipynb,4c412a199d69cc3afb4089566c8bf1e32d95f5c1,649386,https://github.com/Subin-Vidhu/2025/blob/main/0_Datacamp/7_Tuberculosis_Competition/TB_Detection_PyTorch_ResNet18_CNN_ChestXRay.ipynb,True,python3,python,3.10,24,12,12,0,12,100.0,11,11,True,True,False,False,False,False,33,"[[""PIL"", 1], [""copy"", 1], [""matplotlib"", 1], [""numpy"", 1], [""os"", 1], [""random"", 1], [""seaborn"", 1], [""sklearn"", 1], [""sys"", 1], [""torch"", 1]]",False,True,True,True,False,True,False,True,False,False,True,True,False,False,False,False,True,78,"[""0-Implementation"", ""0-Introduction"", ""01-Doubly_Linked_Lists"", ""01-Implementation"", ""02-First_Recurring_Character"", ""02-Reverse"", ""03-Pattern_Matching"", ""03-Reversing_String"", ""04-Merging_sorted_arrays"", ""05-Two_Sum"", ""06-Maximum_SubArray"", ""07-Move_Zeroes"", ""08-Contains_Duplicate"", ""09-Rotate_Array"", ""1-Implementation"", ""10-Longest_Word"", ""AIRA_full_dataset_random_visualization"", ""AIVoiceAgent"", ""Age"", ""FDA_metadata_comparison"", ""Google Interview Question"", ""Interview Question 1"", ""O(1)"", ""O(m + n)"", ""O(m x n)"", ""O(n)"", ""O(n^2)"", ""Pixel_Offset_and_Image_Offset"", ""aes_ctr_dicom"", ""aes_ctr_text"", ""analyze_dicom_metadata"", ""api_tester"", ""app"", ""audio_utils"", ""basic"", ""blocks"", ""chat"", ""chat-chatgpt"", ""chat-claude"", ""chat-with-image"", ""chat_interface"", ""crew"", ""data"", ""deepseek_tars"", ""diag"", ""dsa"", ""face_recognition"", ""file_compare"", ""find_files_on_this_date"", ""folder_creator"", ""game_builder_crew"", ""gemma"", ""gen"", ""hello"", ""index"", ""index_url"", ""interface"", ""kidney_analysis"", ""main"", ""main_sr"", ""observer_comparison"", ""outlier_cases"", ""read_csv"", ""recog"", ""reset_files"", ""snake"", ""spintly_api_tester_advanced"", ""spintly_daily_time_multiple_days"", ""spintly_endpoint_discovery"", ""spintly_fastapi_app"", ""start_and_end_offset"", ""structure"", ""test"", ""test_aai"", ""update_cursor_db"", ""vector"", ""view"", ""views""]",True,False,False,True,12,12,0,50.0,50.0,50.0,50.0,TB_Detection_PyTorch_ResNet18_CNN_ChestXRay,43,True,False,False,False,False,False,True,False,6,1,12,5,33,"[""PIL"", ""copy"", ""matplotlib"", ""numpy"", ""os"", ""random"", ""seaborn"", ""sklearn"", ""sys"", ""torch"", ""torchvision"", ""tqdm""]",0,0,0,False,False,True,True,12,0,True,False,False,0,0.0,100.0,100.0,100.0,False,False,False,False,False
Subin-Vidhu/2025,910750550,main,b02c75d777f19f2808c4bcb6fc171184450a5505,2025-01-01T09:53:14Z,0,14c0a5f05962a36837733153bd62277a9f3ac01f82a7cab566031e2f595c453b,c36ae250c4a019c7392c7d962672d70ef07c27dc,0_DeepLearning_AI_Courses/1_Build Apps with Windsurf's AI Coding Agents/Windsurf_Trial/From_Course/Appendix.ipynb,0_DeepLearning_AI_Courses/1_Build Apps with Windsurf's AI Coding Agents/Windsurf_Trial/From_Course/Appendix.ipynb,c36ae250c4a019c7392c7d962672d70ef07c27dc,2571,https://github.com/Subin-Vidhu/2025/blob/main/0_DeepLearning_AI_Courses/1_Build%20Apps%20with%20Windsurf's%20AI%20Coding%20Agents/Windsurf_Trial/From_Course/Appendix.ipynb,True,python3,python,3.9,2,0,2,0,0,0.0,0,0,False,False,False,False,False,False,0,[],False,False,False,False,False,True,False,True,False,False,True,True,False,False,False,False,True,78,"[""0-Implementation"", ""0-Introduction"", ""01-Doubly_Linked_Lists"", ""01-Implementation"", ""02-First_Recurring_Character"", ""02-Reverse"", ""03-Pattern_Matching"", ""03-Reversing_String"", ""04-Merging_sorted_arrays"", ""05-Two_Sum"", ""06-Maximum_SubArray"", ""07-Move_Zeroes"", ""08-Contains_Duplicate"", ""09-Rotate_Array"", ""1-Implementation"", ""10-Longest_Word"", ""AIRA_full_dataset_random_visualization"", ""AIVoiceAgent"", ""Age"", ""FDA_metadata_comparison"", ""Google Interview Question"", ""Interview Question 1"", ""O(1)"", ""O(m + n)"", ""O(m x n)"", ""O(n)"", ""O(n^2)"", ""Pixel_Offset_and_Image_Offset"", ""aes_ctr_dicom"", ""aes_ctr_text"", ""analyze_dicom_metadata"", ""api_tester"", ""app"", ""audio_utils"", ""basic"", ""blocks"", ""chat"", ""chat-chatgpt"", ""chat-claude"", ""chat-with-image"", ""chat_interface"", ""crew"", ""data"", ""deepseek_tars"", ""diag"", ""dsa"", ""face_recognition"", ""file_compare"", ""find_files_on_this_date"", ""folder_creator"", ""game_builder_crew"", ""gemma"", ""gen"", ""hello"", ""index"", ""index_url"", ""interface"", ""kidney_analysis"", ""main"", ""main_sr"", ""observer_comparison"", ""outlier_cases"", ""read_csv"", ""recog"", ""reset_files"", ""snake"", ""spintly_api_tester_advanced"", ""spintly_daily_time_multiple_days"", ""spintly_endpoint_discovery"", ""spintly_fastapi_app"", ""start_and_end_offset"", ""structure"", ""test"", ""test_aai"", ""update_cursor_db"", ""vector"", ""view"", ""views""]",True,False,False,True,0,2,0,100.0,100.0,100.0,0.0,Appendix,8,False,False,False,False,False,False,False,False,0,0,0,0,0,[],0,0,0,True,True,True,True,0,0,False,True,False,0,0.0,0.0,0.0,0.0,False,False,False,False,False
Subin-Vidhu/2025,910750550,main,b02c75d777f19f2808c4bcb6fc171184450a5505,2025-01-01T09:53:14Z,0,7145d1a7a211096f93ce81bd2fdc695b938c2992cc36d748d290eb49c756c1a5,2cc9bfdc93be1fff51c19f6870f07b8240d4dfad,0_Udemy_Courses/2_Brain Computer Interface and Deep Learning Using Python/CODES/Section2/1_Mnist.ipynb,0_Udemy_Courses/2_Brain Computer Interface and Deep Learning Using Python/CODES/Section2/1_Mnist.ipynb,2cc9bfdc93be1fff51c19f6870f07b8240d4dfad,20419,https://github.com/Subin-Vidhu/2025/blob/main/0_Udemy_Courses/2_Brain%20Computer%20Interface%20and%20Deep%20Learning%20Using%20Python/CODES/Section2/1_Mnist.ipynb,True,python3,python,3.9,9,8,1,0,8,100.0,9,3,True,True,False,False,False,False,0,[],False,False,False,False,False,True,False,True,False,False,True,True,False,False,False,False,True,78,"[""0-Implementation"", ""0-Introduction"", ""01-Doubly_Linked_Lists"", ""01-Implementation"", ""02-First_Recurring_Character"", ""02-Reverse"", ""03-Pattern_Matching"", ""03-Reversing_String"", ""04-Merging_sorted_arrays"", ""05-Two_Sum"", ""06-Maximum_SubArray"", ""07-Move_Zeroes"", ""08-Contains_Duplicate"", ""09-Rotate_Array"", ""1-Implementation"", ""10-Longest_Word"", ""AIRA_full_dataset_random_visualization"", ""AIVoiceAgent"", ""Age"", ""FDA_metadata_comparison"", ""Google Interview Question"", ""Interview Question 1"", ""O(1)"", ""O(m + n)"", ""O(m x n)"", ""O(n)"", ""O(n^2)"", ""Pixel_Offset_and_Image_Offset"", ""aes_ctr_dicom"", ""aes_ctr_text"", ""analyze_dicom_metadata"", ""api_tester"", ""app"", ""audio_utils"", ""basic"", ""blocks"", ""chat"", ""chat-chatgpt"", ""chat-claude"", ""chat-with-image"", ""chat_interface"", ""crew"", ""data"", ""deepseek_tars"", ""diag"", ""dsa"", ""face_recognition"", ""file_compare"", ""find_files_on_this_date"", ""folder_creator"", ""game_builder_crew"", ""gemma"", ""gen"", ""hello"", ""index"", ""index_url"", ""interface"", ""kidney_analysis"", ""main"", ""main_sr"", ""observer_comparison"", ""outlier_cases"", ""read_csv"", ""recog"", ""reset_files"", ""snake"", ""spintly_api_tester_advanced"", ""spintly_daily_time_multiple_days"", ""spintly_endpoint_discovery"", ""spintly_fastapi_app"", ""start_and_end_offset"", ""structure"", ""test"", ""test_aai"", ""update_cursor_db"", ""vector"", ""view"", ""views""]",True,False,False,True,8,1,0,11.11111111111111,33.33333333333333,0.0,0.0,1_Mnist,7,True,False,False,False,False,False,True,False,0,0,0,0,0,[],0,0,0,True,True,True,True,8,0,True,False,True,2,2.0,100.0,100.0,100.0,True,True,False,False,False
Subin-Vidhu/2025,910750550,main,b02c75d777f19f2808c4bcb6fc171184450a5505,2025-01-01T09:53:14Z,0,6ed8e888af765443cd7cae6437714ebf12357e856c37c88c570e76d308ff41b3,4be984b7c3f67c1009d6e7d095b4bab3cc093be8,0_Udemy_Courses/2_Brain Computer Interface and Deep Learning Using Python/CODES/Section2/2_data_preprocessing.ipynb,0_Udemy_Courses/2_Brain Computer Interface and Deep Learning Using Python/CODES/Section2/2_data_preprocessing.ipynb,4be984b7c3f67c1009d6e7d095b4bab3cc093be8,102369,https://github.com/Subin-Vidhu/2025/blob/main/0_Udemy_Courses/2_Brain%20Computer%20Interface%20and%20Deep%20Learning%20Using%20Python/CODES/Section2/2_data_preprocessing.ipynb,True,python3,python,3.9,11,9,2,0,8,88.88888888888889,31,3,True,True,False,False,False,False,6,"[[""matplotlib"", 1], [""numpy"", 1], [""torch"", 1], [""torchvision"", 1]]",False,False,False,True,False,True,False,True,False,False,True,True,False,False,False,False,True,78,"[""0-Implementation"", ""0-Introduction"", ""01-Doubly_Linked_Lists"", ""01-Implementation"", ""02-First_Recurring_Character"", ""02-Reverse"", ""03-Pattern_Matching"", ""03-Reversing_String"", ""04-Merging_sorted_arrays"", ""05-Two_Sum"", ""06-Maximum_SubArray"", ""07-Move_Zeroes"", ""08-Contains_Duplicate"", ""09-Rotate_Array"", ""1-Implementation"", ""10-Longest_Word"", ""AIRA_full_dataset_random_visualization"", ""AIVoiceAgent"", ""Age"", ""FDA_metadata_comparison"", ""Google Interview Question"", ""Interview Question 1"", ""O(1)"", ""O(m + n)"", ""O(m x n)"", ""O(n)"", ""O(n^2)"", ""Pixel_Offset_and_Image_Offset"", ""aes_ctr_dicom"", ""aes_ctr_text"", ""analyze_dicom_metadata"", ""api_tester"", ""app"", ""audio_utils"", ""basic"", ""blocks"", ""chat"", ""chat-chatgpt"", ""chat-claude"", ""chat-with-image"", ""chat_interface"", ""crew"", ""data"", ""deepseek_tars"", ""diag"", ""dsa"", ""face_recognition"", ""file_compare"", ""find_files_on_this_date"", ""folder_creator"", ""game_builder_crew"", ""gemma"", ""gen"", ""hello"", ""index"", ""index_url"", ""interface"", ""kidney_analysis"", ""main"", ""main_sr"", ""observer_comparison"", ""outlier_cases"", ""read_csv"", ""recog"", ""reset_files"", ""snake"", ""spintly_api_tester_advanced"", ""spintly_daily_time_multiple_days"", ""spintly_endpoint_discovery"", ""spintly_fastapi_app"", ""start_and_end_offset"", ""structure"", ""test"", ""test_aai"", ""update_cursor_db"", ""vector"", ""view"", ""views""]",True,False,False,True,9,2,0,18.181818181818183,33.33333333333333,0.0,20.0,2_data_preprocessing,20,True,False,False,False,False,False,True,False,0,0,2,0,6,"[""matplotlib"", ""numpy"", ""torch"", ""torchvision""]",0,0,0,True,True,True,True,8,1,True,True,False,23,23.0,100.0,100.0,66.66666666666666,False,True,False,False,False
Subin-Vidhu/2025,910750550,main,b02c75d777f19f2808c4bcb6fc171184450a5505,2025-01-01T09:53:14Z,0,f735a76808f041d47b3ee6c2ec0f7e81057dfda2dedbfb3dd8c0e191d98c79a3,98f94849bc22ba1db18e672c61bb9b84cf2da532,0_Udemy_Courses/2_Brain Computer Interface and Deep Learning Using Python/CODES/Section2/3_Mnist_Simple_NN.ipynb,0_Udemy_Courses/2_Brain Computer Interface and Deep Learning Using Python/CODES/Section2/3_Mnist_Simple_NN.ipynb,98f94849bc22ba1db18e672c61bb9b84cf2da532,15589,https://github.com/Subin-Vidhu/2025/blob/main/0_Udemy_Courses/2_Brain%20Computer%20Interface%20and%20Deep%20Learning%20Using%20Python/CODES/Section2/3_Mnist_Simple_NN.ipynb,True,python3,python,3.9,15,12,3,0,12,100.0,15,4,True,True,False,False,False,False,6,"[[""matplotlib"", 1], [""numpy"", 1], [""torch"", 1], [""torchvision"", 1]]",False,True,True,True,False,True,False,True,False,False,True,True,False,False,False,False,True,78,"[""0-Implementation"", ""0-Introduction"", ""01-Doubly_Linked_Lists"", ""01-Implementation"", ""02-First_Recurring_Character"", ""02-Reverse"", ""03-Pattern_Matching"", ""03-Reversing_String"", ""04-Merging_sorted_arrays"", ""05-Two_Sum"", ""06-Maximum_SubArray"", ""07-Move_Zeroes"", ""08-Contains_Duplicate"", ""09-Rotate_Array"", ""1-Implementation"", ""10-Longest_Word"", ""AIRA_full_dataset_random_visualization"", ""AIVoiceAgent"", ""Age"", ""FDA_metadata_comparison"", ""Google Interview Question"", ""Interview Question 1"", ""O(1)"", ""O(m + n)"", ""O(m x n)"", ""O(n)"", ""O(n^2)"", ""Pixel_Offset_and_Image_Offset"", ""aes_ctr_dicom"", ""aes_ctr_text"", ""analyze_dicom_metadata"", ""api_tester"", ""app"", ""audio_utils"", ""basic"", ""blocks"", ""chat"", ""chat-chatgpt"", ""chat-claude"", ""chat-with-image"", ""chat_interface"", ""crew"", ""data"", ""deepseek_tars"", ""diag"", ""dsa"", ""face_recognition"", ""file_compare"", ""find_files_on_this_date"", ""folder_creator"", ""game_builder_crew"", ""gemma"", ""gen"", ""hello"", ""index"", ""index_url"", ""interface"", ""kidney_analysis"", ""main"", ""main_sr"", ""observer_comparison"", ""outlier_cases"", ""read_csv"", ""recog"", ""reset_files"", ""snake"", ""spintly_api_tester_advanced"", ""spintly_daily_time_multiple_days"", ""spintly_endpoint_discovery"", ""spintly_fastapi_app"", ""start_and_end_offset"", ""structure"", ""test"", ""test_aai"", ""update_cursor_db"", ""vector"", ""view"", ""views""]",True,False,False,True,12,3,0,20.0,20.0,20.0,20.0,3_Mnist_Simple_NN,17,True,False,False,False,False,False,True,False,2,1,1,0,6,"[""matplotlib"", ""numpy"", ""torch"", ""torchvision""]",0,0,0,False,False,True,True,12,0,True,False,True,6,6.0,100.0,100.0,100.0,True,True,False,False,False
Subin-Vidhu/2025,910750550,main,b02c75d777f19f2808c4bcb6fc171184450a5505,2025-01-01T09:53:14Z,0,3d41d7acdfc7d4bcec50383cb76690d58dbe97bbb830e61bb44ebec05f522c26,36a81f97c3ea5871d1f63c61a9ef5a4a7610257b,0_Udemy_Courses/2_Brain Computer Interface and Deep Learning Using Python/CODES/Section2/4_training_your_network.ipynb,0_Udemy_Courses/2_Brain Computer Interface and Deep Learning Using Python/CODES/Section2/4_training_your_network.ipynb,36a81f97c3ea5871d1f63c61a9ef5a4a7610257b,14494,https://github.com/Subin-Vidhu/2025/blob/main/0_Udemy_Courses/2_Brain%20Computer%20Interface%20and%20Deep%20Learning%20Using%20Python/CODES/Section2/4_training_your_network.ipynb,True,python3,python,3.9,19,15,4,0,15,100.0,16,5,True,True,False,False,False,False,0,[],False,False,False,False,False,True,False,True,False,False,True,True,False,False,False,False,True,78,"[""0-Implementation"", ""0-Introduction"", ""01-Doubly_Linked_Lists"", ""01-Implementation"", ""02-First_Recurring_Character"", ""02-Reverse"", ""03-Pattern_Matching"", ""03-Reversing_String"", ""04-Merging_sorted_arrays"", ""05-Two_Sum"", ""06-Maximum_SubArray"", ""07-Move_Zeroes"", ""08-Contains_Duplicate"", ""09-Rotate_Array"", ""1-Implementation"", ""10-Longest_Word"", ""AIRA_full_dataset_random_visualization"", ""AIVoiceAgent"", ""Age"", ""FDA_metadata_comparison"", ""Google Interview Question"", ""Interview Question 1"", ""O(1)"", ""O(m + n)"", ""O(m x n)"", ""O(n)"", ""O(n^2)"", ""Pixel_Offset_and_Image_Offset"", ""aes_ctr_dicom"", ""aes_ctr_text"", ""analyze_dicom_metadata"", ""api_tester"", ""app"", ""audio_utils"", ""basic"", ""blocks"", ""chat"", ""chat-chatgpt"", ""chat-claude"", ""chat-with-image"", ""chat_interface"", ""crew"", ""data"", ""deepseek_tars"", ""diag"", ""dsa"", ""face_recognition"", ""file_compare"", ""find_files_on_this_date"", ""folder_creator"", ""game_builder_crew"", ""gemma"", ""gen"", ""hello"", ""index"", ""index_url"", ""interface"", ""kidney_analysis"", ""main"", ""main_sr"", ""observer_comparison"", ""outlier_cases"", ""read_csv"", ""recog"", ""reset_files"", ""snake"", ""spintly_api_tester_advanced"", ""spintly_daily_time_multiple_days"", ""spintly_endpoint_discovery"", ""spintly_fastapi_app"", ""start_and_end_offset"", ""structure"", ""test"", ""test_aai"", ""update_cursor_db"", ""vector"", ""view"", ""views""]",True,False,False,True,15,4,0,21.052631578947366,16.666666666666664,33.33333333333333,14.285714285714285,4_training_your_network,23,True,False,False,False,False,False,True,False,0,0,0,0,0,[],0,0,0,True,True,True,True,15,0,True,True,False,1,1.0,100.0,100.0,100.0,False,True,False,False,False
Subin-Vidhu/2025,910750550,main,b02c75d777f19f2808c4bcb6fc171184450a5505,2025-01-01T09:53:14Z,0,67653884cc353af942af6e392fa81449e571b9be863601c374da98416e2642cd,be81eab3a682299bd799468018dd1eeff87275d2,0_Udemy_Courses/2_Brain Computer Interface and Deep Learning Using Python/CODES/Section_3_Project_1/1_Brain_computer_interface.ipynb,0_Udemy_Courses/2_Brain Computer Interface and Deep Learning Using Python/CODES/Section_3_Project_1/1_Brain_computer_interface.ipynb,be81eab3a682299bd799468018dd1eeff87275d2,2214,https://github.com/Subin-Vidhu/2025/blob/main/0_Udemy_Courses/2_Brain%20Computer%20Interface%20and%20Deep%20Learning%20Using%20Python/CODES/Section_3_Project_1/1_Brain_computer_interface.ipynb,True,python3,python,3.9,4,3,1,0,3,100.0,3,1,True,False,False,False,False,False,1,"[[""numpy"", 1]]",False,False,False,False,False,True,False,True,False,False,True,True,False,False,False,False,True,78,"[""0-Implementation"", ""0-Introduction"", ""01-Doubly_Linked_Lists"", ""01-Implementation"", ""02-First_Recurring_Character"", ""02-Reverse"", ""03-Pattern_Matching"", ""03-Reversing_String"", ""04-Merging_sorted_arrays"", ""05-Two_Sum"", ""06-Maximum_SubArray"", ""07-Move_Zeroes"", ""08-Contains_Duplicate"", ""09-Rotate_Array"", ""1-Implementation"", ""10-Longest_Word"", ""AIRA_full_dataset_random_visualization"", ""AIVoiceAgent"", ""Age"", ""FDA_metadata_comparison"", ""Google Interview Question"", ""Interview Question 1"", ""O(1)"", ""O(m + n)"", ""O(m x n)"", ""O(n)"", ""O(n^2)"", ""Pixel_Offset_and_Image_Offset"", ""aes_ctr_dicom"", ""aes_ctr_text"", ""analyze_dicom_metadata"", ""api_tester"", ""app"", ""audio_utils"", ""basic"", ""blocks"", ""chat"", ""chat-chatgpt"", ""chat-claude"", ""chat-with-image"", ""chat_interface"", ""crew"", ""data"", ""deepseek_tars"", ""diag"", ""dsa"", ""face_recognition"", ""file_compare"", ""find_files_on_this_date"", ""folder_creator"", ""game_builder_crew"", ""gemma"", ""gen"", ""hello"", ""index"", ""index_url"", ""interface"", ""kidney_analysis"", ""main"", ""main_sr"", ""observer_comparison"", ""outlier_cases"", ""read_csv"", ""recog"", ""reset_files"", ""snake"", ""spintly_api_tester_advanced"", ""spintly_daily_time_multiple_days"", ""spintly_endpoint_discovery"", ""spintly_fastapi_app"", ""start_and_end_offset"", ""structure"", ""test"", ""test_aai"", ""update_cursor_db"", ""vector"", ""view"", ""views""]",True,False,False,True,3,1,0,25.0,100.0,0.0,0.0,1_Brain_computer_interface,26,True,False,False,False,False,False,True,False,0,0,0,0,1,"[""numpy""]",0,0,0,True,True,True,True,3,0,True,True,False,0,0.0,100.0,100.0,100.0,False,False,False,False,False
Subin-Vidhu/2025,910750550,main,b02c75d777f19f2808c4bcb6fc171184450a5505,2025-01-01T09:53:14Z,0,eb8c769c36e44eed156c95859f9ceb9208c0fb4392c4499d544ce37c9e79bfba,d934d6f370d5aebeab0f2ee1a5e6ea66c600d4d4,0_Udemy_Courses/2_Brain Computer Interface and Deep Learning Using Python/CODES/Section_3_Project_1/2_segmentation.ipynb,0_Udemy_Courses/2_Brain Computer Interface and Deep Learning Using Python/CODES/Section_3_Project_1/2_segmentation.ipynb,d934d6f370d5aebeab0f2ee1a5e6ea66c600d4d4,4080,https://github.com/Subin-Vidhu/2025/blob/main/0_Udemy_Courses/2_Brain%20Computer%20Interface%20and%20Deep%20Learning%20Using%20Python/CODES/Section_3_Project_1/2_segmentation.ipynb,True,python3,python,3.9,7,5,2,0,5,100.0,6,1,True,False,False,False,False,False,1,"[[""numpy"", 1]]",False,True,False,True,False,True,False,True,False,False,True,True,False,False,False,False,True,78,"[""0-Implementation"", ""0-Introduction"", ""01-Doubly_Linked_Lists"", ""01-Implementation"", ""02-First_Recurring_Character"", ""02-Reverse"", ""03-Pattern_Matching"", ""03-Reversing_String"", ""04-Merging_sorted_arrays"", ""05-Two_Sum"", ""06-Maximum_SubArray"", ""07-Move_Zeroes"", ""08-Contains_Duplicate"", ""09-Rotate_Array"", ""1-Implementation"", ""10-Longest_Word"", ""AIRA_full_dataset_random_visualization"", ""AIVoiceAgent"", ""Age"", ""FDA_metadata_comparison"", ""Google Interview Question"", ""Interview Question 1"", ""O(1)"", ""O(m + n)"", ""O(m x n)"", ""O(n)"", ""O(n^2)"", ""Pixel_Offset_and_Image_Offset"", ""aes_ctr_dicom"", ""aes_ctr_text"", ""analyze_dicom_metadata"", ""api_tester"", ""app"", ""audio_utils"", ""basic"", ""blocks"", ""chat"", ""chat-chatgpt"", ""chat-claude"", ""chat-with-image"", ""chat_interface"", ""crew"", ""data"", ""deepseek_tars"", ""diag"", ""dsa"", ""face_recognition"", ""file_compare"", ""find_files_on_this_date"", ""folder_creator"", ""game_builder_crew"", ""gemma"", ""gen"", ""hello"", ""index"", ""index_url"", ""interface"", ""kidney_analysis"", ""main"", ""main_sr"", ""observer_comparison"", ""outlier_cases"", ""read_csv"", ""recog"", ""reset_files"", ""snake"", ""spintly_api_tester_advanced"", ""spintly_daily_time_multiple_days"", ""spintly_endpoint_discovery"", ""spintly_fastapi_app"", ""start_and_end_offset"", ""structure"", ""test"", ""test_aai"", ""update_cursor_db"", ""vector"", ""view"", ""views""]",True,False,False,True,5,2,0,28.57142857142857,50.0,0.0,33.33333333333333,2_segmentation,14,True,False,False,False,False,False,True,False,1,0,1,1,1,"[""numpy""]",0,0,0,False,True,True,True,5,0,True,True,False,1,1.0,100.0,100.0,100.0,False,True,False,False,False
Subin-Vidhu/2025,910750550,main,b02c75d777f19f2808c4bcb6fc171184450a5505,2025-01-01T09:53:14Z,0,69f073c315e6a01b6cd169a787a3c44ad93835a0c0e8d49c5b5da706f1d65e15,24a18ccc9f40b81f8c1498f966d9d37b5d912ef5,0_Udemy_Courses/2_Brain Computer Interface and Deep Learning Using Python/CODES/Section_3_Project_1/3_splitting_your_data.ipynb,0_Udemy_Courses/2_Brain Computer Interface and Deep Learning Using Python/CODES/Section_3_Project_1/3_splitting_your_data.ipynb,24a18ccc9f40b81f8c1498f966d9d37b5d912ef5,6420,https://github.com/Subin-Vidhu/2025/blob/main/0_Udemy_Courses/2_Brain%20Computer%20Interface%20and%20Deep%20Learning%20Using%20Python/CODES/Section_3_Project_1/3_splitting_your_data.ipynb,True,python3,python,3.9,11,8,3,0,8,100.0,8,3,True,False,False,False,False,False,2,"[[""numpy"", 1], [""sklearn"", 1]]",False,True,False,True,False,True,False,True,False,False,True,True,False,False,False,False,True,78,"[""0-Implementation"", ""0-Introduction"", ""01-Doubly_Linked_Lists"", ""01-Implementation"", ""02-First_Recurring_Character"", ""02-Reverse"", ""03-Pattern_Matching"", ""03-Reversing_String"", ""04-Merging_sorted_arrays"", ""05-Two_Sum"", ""06-Maximum_SubArray"", ""07-Move_Zeroes"", ""08-Contains_Duplicate"", ""09-Rotate_Array"", ""1-Implementation"", ""10-Longest_Word"", ""AIRA_full_dataset_random_visualization"", ""AIVoiceAgent"", ""Age"", ""FDA_metadata_comparison"", ""Google Interview Question"", ""Interview Question 1"", ""O(1)"", ""O(m + n)"", ""O(m x n)"", ""O(n)"", ""O(n^2)"", ""Pixel_Offset_and_Image_Offset"", ""aes_ctr_dicom"", ""aes_ctr_text"", ""analyze_dicom_metadata"", ""api_tester"", ""app"", ""audio_utils"", ""basic"", ""blocks"", ""chat"", ""chat-chatgpt"", ""chat-claude"", ""chat-with-image"", ""chat_interface"", ""crew"", ""data"", ""deepseek_tars"", ""diag"", ""dsa"", ""face_recognition"", ""file_compare"", ""find_files_on_this_date"", ""folder_creator"", ""game_builder_crew"", ""gemma"", ""gen"", ""hello"", ""index"", ""index_url"", ""interface"", ""kidney_analysis"", ""main"", ""main_sr"", ""observer_comparison"", ""outlier_cases"", ""read_csv"", ""recog"", ""reset_files"", ""snake"", ""spintly_api_tester_advanced"", ""spintly_daily_time_multiple_days"", ""spintly_endpoint_discovery"", ""spintly_fastapi_app"", ""start_and_end_offset"", ""structure"", ""test"", ""test_aai"", ""update_cursor_db"", ""vector"", ""view"", ""views""]",True,False,False,True,8,3,0,27.27272727272727,33.33333333333333,33.33333333333333,20.0,3_splitting_your_data,21,True,False,False,False,False,False,True,False,1,0,1,1,2,"[""numpy"", ""sklearn""]",0,0,0,False,True,True,True,8,0,True,True,False,0,0.0,100.0,100.0,100.0,False,False,False,False,False
Subin-Vidhu/2025,910750550,main,b02c75d777f19f2808c4bcb6fc171184450a5505,2025-01-01T09:53:14Z,0,4b17d178709c1684d5ccd929be6f3aa513d5dd9a67792c2d1122aeaf1ae846b4,62294363094e4864fd1af23262cf5e487e933478,0_Udemy_Courses/2_Brain Computer Interface and Deep Learning Using Python/CODES/Section_3_Project_1/4_Data_Preprocessing.ipynb,0_Udemy_Courses/2_Brain Computer Interface and Deep Learning Using Python/CODES/Section_3_Project_1/4_Data_Preprocessing.ipynb,62294363094e4864fd1af23262cf5e487e933478,7210,https://github.com/Subin-Vidhu/2025/blob/main/0_Udemy_Courses/2_Brain%20Computer%20Interface%20and%20Deep%20Learning%20Using%20Python/CODES/Section_3_Project_1/4_Data_Preprocessing.ipynb,True,python3,python,3.9,13,9,4,0,9,100.0,9,3,True,False,False,False,False,False,3,"[[""numpy"", 1], [""sklearn"", 1]]",False,True,False,True,False,True,False,True,False,False,True,True,False,False,False,False,True,78,"[""0-Implementation"", ""0-Introduction"", ""01-Doubly_Linked_Lists"", ""01-Implementation"", ""02-First_Recurring_Character"", ""02-Reverse"", ""03-Pattern_Matching"", ""03-Reversing_String"", ""04-Merging_sorted_arrays"", ""05-Two_Sum"", ""06-Maximum_SubArray"", ""07-Move_Zeroes"", ""08-Contains_Duplicate"", ""09-Rotate_Array"", ""1-Implementation"", ""10-Longest_Word"", ""AIRA_full_dataset_random_visualization"", ""AIVoiceAgent"", ""Age"", ""FDA_metadata_comparison"", ""Google Interview Question"", ""Interview Question 1"", ""O(1)"", ""O(m + n)"", ""O(m x n)"", ""O(n)"", ""O(n^2)"", ""Pixel_Offset_and_Image_Offset"", ""aes_ctr_dicom"", ""aes_ctr_text"", ""analyze_dicom_metadata"", ""api_tester"", ""app"", ""audio_utils"", ""basic"", ""blocks"", ""chat"", ""chat-chatgpt"", ""chat-claude"", ""chat-with-image"", ""chat_interface"", ""crew"", ""data"", ""deepseek_tars"", ""diag"", ""dsa"", ""face_recognition"", ""file_compare"", ""find_files_on_this_date"", ""folder_creator"", ""game_builder_crew"", ""gemma"", ""gen"", ""hello"", ""index"", ""index_url"", ""interface"", ""kidney_analysis"", ""main"", ""main_sr"", ""observer_comparison"", ""outlier_cases"", ""read_csv"", ""recog"", ""reset_files"", ""snake"", ""spintly_api_tester_advanced"", ""spintly_daily_time_multiple_days"", ""spintly_endpoint_discovery"", ""spintly_fastapi_app"", ""start_and_end_offset"", ""structure"", ""test"", ""test_aai"", ""update_cursor_db"", ""vector"", ""view"", ""views""]",True,False,False,True,9,4,0,30.76923076923077,25.0,50.0,20.0,4_Data_Preprocessing,20,True,False,False,False,False,False,True,False,1,0,1,1,3,"[""numpy"", ""sklearn""]",0,0,0,False,True,True,True,9,0,True,True,False,0,0.0,100.0,100.0,100.0,False,False,False,False,False
Subin-Vidhu/2025,910750550,main,b02c75d777f19f2808c4bcb6fc171184450a5505,2025-01-01T09:53:14Z,0,244f4c2e7b60775a3a36240e4ecc6464cb485d8fca1479e0516ef9c16403a39e,4302a1cc6db57ab01f74b10f213b2c9312fef25e,0_Udemy_Courses/2_Brain Computer Interface and Deep Learning Using Python/CODES/Section_3_Project_1/5_building_your_network.ipynb,0_Udemy_Courses/2_Brain Computer Interface and Deep Learning Using Python/CODES/Section_3_Project_1/5_building_your_network.ipynb,4302a1cc6db57ab01f74b10f213b2c9312fef25e,9400,https://github.com/Subin-Vidhu/2025/blob/main/0_Udemy_Courses/2_Brain%20Computer%20Interface%20and%20Deep%20Learning%20Using%20Python/CODES/Section_3_Project_1/5_building_your_network.ipynb,True,python3,python,3.9,17,12,5,0,11,91.66666666666666,11,3,True,False,False,False,False,False,6,"[[""numpy"", 1], [""sklearn"", 1], [""torch"", 1]]",False,True,True,True,False,True,False,True,False,False,True,True,False,False,False,False,True,78,"[""0-Implementation"", ""0-Introduction"", ""01-Doubly_Linked_Lists"", ""01-Implementation"", ""02-First_Recurring_Character"", ""02-Reverse"", ""03-Pattern_Matching"", ""03-Reversing_String"", ""04-Merging_sorted_arrays"", ""05-Two_Sum"", ""06-Maximum_SubArray"", ""07-Move_Zeroes"", ""08-Contains_Duplicate"", ""09-Rotate_Array"", ""1-Implementation"", ""10-Longest_Word"", ""AIRA_full_dataset_random_visualization"", ""AIVoiceAgent"", ""Age"", ""FDA_metadata_comparison"", ""Google Interview Question"", ""Interview Question 1"", ""O(1)"", ""O(m + n)"", ""O(m x n)"", ""O(n)"", ""O(n^2)"", ""Pixel_Offset_and_Image_Offset"", ""aes_ctr_dicom"", ""aes_ctr_text"", ""analyze_dicom_metadata"", ""api_tester"", ""app"", ""audio_utils"", ""basic"", ""blocks"", ""chat"", ""chat-chatgpt"", ""chat-claude"", ""chat-with-image"", ""chat_interface"", ""crew"", ""data"", ""deepseek_tars"", ""diag"", ""dsa"", ""face_recognition"", ""file_compare"", ""find_files_on_this_date"", ""folder_creator"", ""game_builder_crew"", ""gemma"", ""gen"", ""hello"", ""index"", ""index_url"", ""interface"", ""kidney_analysis"", ""main"", ""main_sr"", ""observer_comparison"", ""outlier_cases"", ""read_csv"", ""recog"", ""reset_files"", ""snake"", ""spintly_api_tester_advanced"", ""spintly_daily_time_multiple_days"", ""spintly_endpoint_discovery"", ""spintly_fastapi_app"", ""start_and_end_offset"", ""structure"", ""test"", ""test_aai"", ""update_cursor_db"", ""vector"", ""view"", ""views""]",True,False,False,True,12,5,0,29.411764705882355,40.0,20.0,28.57142857142857,5_building_your_network,23,True,False,False,False,False,False,True,False,3,1,1,1,6,"[""numpy"", ""sklearn"", ""torch""]",0,0,0,False,False,True,True,11,1,True,True,False,0,0.0,100.0,100.0,75.0,False,False,False,False,False
Subin-Vidhu/2025,910750550,main,b02c75d777f19f2808c4bcb6fc171184450a5505,2025-01-01T09:53:14Z,0,b0c34f64779f1abecd7692b76a0d2d99be2b963da44e93bb4642591fc2ab94b0,368c227aeb89b690978a89a09dcbdcc7098239ae,0_Udemy_Courses/2_Brain Computer Interface and Deep Learning Using Python/CODES/Section_3_Project_1/6_training_your_cnn.ipynb,0_Udemy_Courses/2_Brain Computer Interface and Deep Learning Using Python/CODES/Section_3_Project_1/6_training_your_cnn.ipynb,368c227aeb89b690978a89a09dcbdcc7098239ae,80709,https://github.com/Subin-Vidhu/2025/blob/main/0_Udemy_Courses/2_Brain%20Computer%20Interface%20and%20Deep%20Learning%20Using%20Python/CODES/Section_3_Project_1/6_training_your_cnn.ipynb,True,python3,python,3.9,27,21,6,0,21,100.0,21,6,True,True,False,False,False,False,9,"[[""numpy"", 1], [""sklearn"", 1], [""time"", 1], [""torch"", 1]]",False,True,True,True,False,True,False,True,False,False,True,True,False,False,False,False,True,78,"[""0-Implementation"", ""0-Introduction"", ""01-Doubly_Linked_Lists"", ""01-Implementation"", ""02-First_Recurring_Character"", ""02-Reverse"", ""03-Pattern_Matching"", ""03-Reversing_String"", ""04-Merging_sorted_arrays"", ""05-Two_Sum"", ""06-Maximum_SubArray"", ""07-Move_Zeroes"", ""08-Contains_Duplicate"", ""09-Rotate_Array"", ""1-Implementation"", ""10-Longest_Word"", ""AIRA_full_dataset_random_visualization"", ""AIVoiceAgent"", ""Age"", ""FDA_metadata_comparison"", ""Google Interview Question"", ""Interview Question 1"", ""O(1)"", ""O(m + n)"", ""O(m x n)"", ""O(n)"", ""O(n^2)"", ""Pixel_Offset_and_Image_Offset"", ""aes_ctr_dicom"", ""aes_ctr_text"", ""analyze_dicom_metadata"", ""api_tester"", ""app"", ""audio_utils"", ""basic"", ""blocks"", ""chat"", ""chat-chatgpt"", ""chat-claude"", ""chat-with-image"", ""chat_interface"", ""crew"", ""data"", ""deepseek_tars"", ""diag"", ""dsa"", ""face_recognition"", ""file_compare"", ""find_files_on_this_date"", ""folder_creator"", ""game_builder_crew"", ""gemma"", ""gen"", ""hello"", ""index"", ""index_url"", ""interface"", ""kidney_analysis"", ""main"", ""main_sr"", ""observer_comparison"", ""outlier_cases"", ""read_csv"", ""recog"", ""reset_files"", ""snake"", ""spintly_api_tester_advanced"", ""spintly_daily_time_multiple_days"", ""spintly_endpoint_discovery"", ""spintly_fastapi_app"", ""start_and_end_offset"", ""structure"", ""test"", ""test_aai"", ""update_cursor_db"", ""vector"", ""view"", ""views""]",True,False,False,True,21,6,0,22.22222222222222,33.33333333333333,22.22222222222222,11.11111111111111,6_training_your_cnn,19,True,False,False,False,False,False,True,False,3,1,3,2,9,"[""numpy"", ""sklearn"", ""time"", ""torch""]",0,0,0,False,False,True,True,21,0,True,True,False,0,0.0,100.0,100.0,100.0,False,False,False,False,False
Subin-Vidhu/2025,910750550,main,b02c75d777f19f2808c4bcb6fc171184450a5505,2025-01-01T09:53:14Z,0,ceb1e46bcd8b7add97f96d2e264b1db614b82385bfa477e656a8a1ba756ef91e,a387dc3c1cc92906d1c87c6f995adbf8a2d743d3,0_Udemy_Courses/2_Brain Computer Interface and Deep Learning Using Python/CODES/Section_5_Project_2/1_data_preprocessing.ipynb,0_Udemy_Courses/2_Brain Computer Interface and Deep Learning Using Python/CODES/Section_5_Project_2/1_data_preprocessing.ipynb,a387dc3c1cc92906d1c87c6f995adbf8a2d743d3,80154,https://github.com/Subin-Vidhu/2025/blob/main/0_Udemy_Courses/2_Brain%20Computer%20Interface%20and%20Deep%20Learning%20Using%20Python/CODES/Section_5_Project_2/1_data_preprocessing.ipynb,True,python3,python,,32,25,7,0,4,16.0,17,7,True,True,False,False,False,False,12,"[[""numpy"", 1], [""scipy"", 1], [""sklearn"", 1], [""time"", 1], [""torch"", 1]]",False,True,True,True,False,True,False,True,False,False,True,True,False,False,False,False,True,78,"[""0-Implementation"", ""0-Introduction"", ""01-Doubly_Linked_Lists"", ""01-Implementation"", ""02-First_Recurring_Character"", ""02-Reverse"", ""03-Pattern_Matching"", ""03-Reversing_String"", ""04-Merging_sorted_arrays"", ""05-Two_Sum"", ""06-Maximum_SubArray"", ""07-Move_Zeroes"", ""08-Contains_Duplicate"", ""09-Rotate_Array"", ""1-Implementation"", ""10-Longest_Word"", ""AIRA_full_dataset_random_visualization"", ""AIVoiceAgent"", ""Age"", ""FDA_metadata_comparison"", ""Google Interview Question"", ""Interview Question 1"", ""O(1)"", ""O(m + n)"", ""O(m x n)"", ""O(n)"", ""O(n^2)"", ""Pixel_Offset_and_Image_Offset"", ""aes_ctr_dicom"", ""aes_ctr_text"", ""analyze_dicom_metadata"", ""api_tester"", ""app"", ""audio_utils"", ""basic"", ""blocks"", ""chat"", ""chat-chatgpt"", ""chat-claude"", ""chat-with-image"", ""chat_interface"", ""crew"", ""data"", ""deepseek_tars"", ""diag"", ""dsa"", ""face_recognition"", ""file_compare"", ""find_files_on_this_date"", ""folder_creator"", ""game_builder_crew"", ""gemma"", ""gen"", ""hello"", ""index"", ""index_url"", ""interface"", ""kidney_analysis"", ""main"", ""main_sr"", ""observer_comparison"", ""outlier_cases"", ""read_csv"", ""recog"", ""reset_files"", ""snake"", ""spintly_api_tester_advanced"", ""spintly_daily_time_multiple_days"", ""spintly_endpoint_discovery"", ""spintly_fastapi_app"", ""start_and_end_offset"", ""structure"", ""test"", ""test_aai"", ""update_cursor_db"", ""vector"", ""view"", ""views""]",True,False,False,True,25,7,0,21.875,30.0,30.0,8.333333333333332,1_data_preprocessing,20,True,False,False,False,False,False,True,False,3,1,4,2,12,"[""numpy"", ""scipy"", ""sklearn"", ""time"", ""torch""]",0,0,0,False,False,True,True,4,21,True,True,False,13,6.5,0.0,0.0,44.44444444444444,False,True,False,False,False
Subin-Vidhu/2025,910750550,main,b02c75d777f19f2808c4bcb6fc171184450a5505,2025-01-01T09:53:14Z,0,37894c5e094abb1ff44f3f1b9e7dd7ee0dd6eb628448eeb797d91b7f823621e6,783b4f74fd70653efc1d4b495909cd80ab2d87e6,0_Udemy_Courses/2_Brain Computer Interface and Deep Learning Using Python/CODES/Section_5_Project_2/2_Feature_extraction.ipynb,0_Udemy_Courses/2_Brain Computer Interface and Deep Learning Using Python/CODES/Section_5_Project_2/2_Feature_extraction.ipynb,783b4f74fd70653efc1d4b495909cd80ab2d87e6,92621,https://github.com/Subin-Vidhu/2025/blob/main/0_Udemy_Courses/2_Brain%20Computer%20Interface%20and%20Deep%20Learning%20Using%20Python/CODES/Section_5_Project_2/2_Feature_extraction.ipynb,True,python3,python,,46,37,9,0,8,21.62162162162162,100,9,True,True,False,True,False,False,17,"[[""numpy"", 1], [""pickle"", 1], [""scipy"", 1], [""sklearn"", 1], [""time"", 1], [""torch"", 1]]",False,True,True,True,False,True,False,True,False,False,True,True,False,False,False,False,True,78,"[""0-Implementation"", ""0-Introduction"", ""01-Doubly_Linked_Lists"", ""01-Implementation"", ""02-First_Recurring_Character"", ""02-Reverse"", ""03-Pattern_Matching"", ""03-Reversing_String"", ""04-Merging_sorted_arrays"", ""05-Two_Sum"", ""06-Maximum_SubArray"", ""07-Move_Zeroes"", ""08-Contains_Duplicate"", ""09-Rotate_Array"", ""1-Implementation"", ""10-Longest_Word"", ""AIRA_full_dataset_random_visualization"", ""AIVoiceAgent"", ""Age"", ""FDA_metadata_comparison"", ""Google Interview Question"", ""Interview Question 1"", ""O(1)"", ""O(m + n)"", ""O(m x n)"", ""O(n)"", ""O(n^2)"", ""Pixel_Offset_and_Image_Offset"", ""aes_ctr_dicom"", ""aes_ctr_text"", ""analyze_dicom_metadata"", ""api_tester"", ""app"", ""audio_utils"", ""basic"", ""blocks"", ""chat"", ""chat-chatgpt"", ""chat-claude"", ""chat-with-image"", ""chat_interface"", ""crew"", ""data"", ""deepseek_tars"", ""diag"", ""dsa"", ""face_recognition"", ""file_compare"", ""find_files_on_this_date"", ""folder_creator"", ""game_builder_crew"", ""gemma"", ""gen"", ""hello"", ""index"", ""index_url"", ""interface"", ""kidney_analysis"", ""main"", ""main_sr"", ""observer_comparison"", ""outlier_cases"", ""read_csv"", ""recog"", ""reset_files"", ""snake"", ""spintly_api_tester_advanced"", ""spintly_daily_time_multiple_days"", ""spintly_endpoint_discovery"", ""spintly_fastapi_app"", ""start_and_end_offset"", ""structure"", ""test"", ""test_aai"", ""update_cursor_db"", ""vector"", ""view"", ""views""]",True,False,False,True,37,9,0,19.565217391304348,33.33333333333333,13.333333333333334,12.5,2_Feature_extraction,20,True,False,False,False,False,False,True,False,8,3,8,4,17,"[""numpy"", ""pickle"", ""scipy"", ""sklearn"", ""time"", ""torch""]",0,0,0,False,False,True,True,8,29,True,True,False,15,7.5,0.0,25.0,38.46153846153847,False,True,False,False,False
Subin-Vidhu/2025,910750550,main,b02c75d777f19f2808c4bcb6fc171184450a5505,2025-01-01T09:53:14Z,0,1787689ac201c85b8acf7990e6b895fddfc41f2bb351eb25b687e8c619267ede,81e73c19f84c19b10ace5e0c9123906c191973a0,0_Udemy_Courses/2_Brain Computer Interface and Deep Learning Using Python/CODES/Section_5_Project_2/3_building_Generator_NN.ipynb,0_Udemy_Courses/2_Brain Computer Interface and Deep Learning Using Python/CODES/Section_5_Project_2/3_building_Generator_NN.ipynb,81e73c19f84c19b10ace5e0c9123906c191973a0,86748,https://github.com/Subin-Vidhu/2025/blob/main/0_Udemy_Courses/2_Brain%20Computer%20Interface%20and%20Deep%20Learning%20Using%20Python/CODES/Section_5_Project_2/3_building_Generator_NN.ipynb,True,python3,python,,50,41,9,0,8,19.51219512195122,100,9,True,True,False,True,False,False,17,"[[""numpy"", 1], [""pickle"", 1], [""scipy"", 1], [""sklearn"", 1], [""time"", 1], [""torch"", 1]]",False,True,True,True,False,True,False,True,False,False,True,True,False,False,False,False,True,78,"[""0-Implementation"", ""0-Introduction"", ""01-Doubly_Linked_Lists"", ""01-Implementation"", ""02-First_Recurring_Character"", ""02-Reverse"", ""03-Pattern_Matching"", ""03-Reversing_String"", ""04-Merging_sorted_arrays"", ""05-Two_Sum"", ""06-Maximum_SubArray"", ""07-Move_Zeroes"", ""08-Contains_Duplicate"", ""09-Rotate_Array"", ""1-Implementation"", ""10-Longest_Word"", ""AIRA_full_dataset_random_visualization"", ""AIVoiceAgent"", ""Age"", ""FDA_metadata_comparison"", ""Google Interview Question"", ""Interview Question 1"", ""O(1)"", ""O(m + n)"", ""O(m x n)"", ""O(n)"", ""O(n^2)"", ""Pixel_Offset_and_Image_Offset"", ""aes_ctr_dicom"", ""aes_ctr_text"", ""analyze_dicom_metadata"", ""api_tester"", ""app"", ""audio_utils"", ""basic"", ""blocks"", ""chat"", ""chat-chatgpt"", ""chat-claude"", ""chat-with-image"", ""chat_interface"", ""crew"", ""data"", ""deepseek_tars"", ""diag"", ""dsa"", ""face_recognition"", ""file_compare"", ""find_files_on_this_date"", ""folder_creator"", ""game_builder_crew"", ""gemma"", ""gen"", ""hello"", ""index"", ""index_url"", ""interface"", ""kidney_analysis"", ""main"", ""main_sr"", ""observer_comparison"", ""outlier_cases"", ""read_csv"", ""recog"", ""reset_files"", ""snake"", ""spintly_api_tester_advanced"", ""spintly_daily_time_multiple_days"", ""spintly_endpoint_discovery"", ""spintly_fastapi_app"", ""start_and_end_offset"", ""structure"", ""test"", ""test_aai"", ""update_cursor_db"", ""vector"", ""view"", ""views""]",True,False,False,True,41,9,0,18.0,31.25,12.5,11.11111111111111,3_building_Generator_NN,23,True,False,False,False,False,False,True,False,8,3,8,4,17,"[""numpy"", ""pickle"", ""scipy"", ""sklearn"", ""time"", ""torch""]",0,0,0,False,False,True,True,8,33,True,True,False,15,7.5,0.0,38.46153846153847,20.0,False,True,False,False,False
Subin-Vidhu/2025,910750550,main,b02c75d777f19f2808c4bcb6fc171184450a5505,2025-01-01T09:53:14Z,0,70e99a43bfecdb0abee5d89fd8eac49ed861728ab255c2b08ed95de78baa30c4,b633132ebd9a097a2e3504d15aa6765af1c090e0,0_Udemy_Courses/2_Brain Computer Interface and Deep Learning Using Python/CODES/Section_5_Project_2/4_Building_Discriminator.ipynb,0_Udemy_Courses/2_Brain Computer Interface and Deep Learning Using Python/CODES/Section_5_Project_2/4_Building_Discriminator.ipynb,b633132ebd9a097a2e3504d15aa6765af1c090e0,103616,https://github.com/Subin-Vidhu/2025/blob/main/0_Udemy_Courses/2_Brain%20Computer%20Interface%20and%20Deep%20Learning%20Using%20Python/CODES/Section_5_Project_2/4_Building_Discriminator.ipynb,True,python3,python,,53,42,11,0,19,45.23809523809524,35,12,True,True,False,False,False,True,20,"[[""PIL"", 1], [""numpy"", 1], [""pickle"", 1], [""scipy"", 1], [""sklearn"", 1], [""time"", 1], [""torch"", 1], [""tqdm"", 1]]",False,True,True,True,False,True,False,True,False,False,True,True,False,False,False,False,True,78,"[""0-Implementation"", ""0-Introduction"", ""01-Doubly_Linked_Lists"", ""01-Implementation"", ""02-First_Recurring_Character"", ""02-Reverse"", ""03-Pattern_Matching"", ""03-Reversing_String"", ""04-Merging_sorted_arrays"", ""05-Two_Sum"", ""06-Maximum_SubArray"", ""07-Move_Zeroes"", ""08-Contains_Duplicate"", ""09-Rotate_Array"", ""1-Implementation"", ""10-Longest_Word"", ""AIRA_full_dataset_random_visualization"", ""AIVoiceAgent"", ""Age"", ""FDA_metadata_comparison"", ""Google Interview Question"", ""Interview Question 1"", ""O(1)"", ""O(m + n)"", ""O(m x n)"", ""O(n)"", ""O(n^2)"", ""Pixel_Offset_and_Image_Offset"", ""aes_ctr_dicom"", ""aes_ctr_text"", ""analyze_dicom_metadata"", ""api_tester"", ""app"", ""audio_utils"", ""basic"", ""blocks"", ""chat"", ""chat-chatgpt"", ""chat-claude"", ""chat-with-image"", ""chat_interface"", ""crew"", ""data"", ""deepseek_tars"", ""diag"", ""dsa"", ""face_recognition"", ""file_compare"", ""find_files_on_this_date"", ""folder_creator"", ""game_builder_crew"", ""gemma"", ""gen"", ""hello"", ""index"", ""index_url"", ""interface"", ""kidney_analysis"", ""main"", ""main_sr"", ""observer_comparison"", ""outlier_cases"", ""read_csv"", ""recog"", ""reset_files"", ""snake"", ""spintly_api_tester_advanced"", ""spintly_daily_time_multiple_days"", ""spintly_endpoint_discovery"", ""spintly_fastapi_app"", ""start_and_end_offset"", ""structure"", ""test"", ""test_aai"", ""update_cursor_db"", ""vector"", ""view"", ""views""]",True,False,False,True,42,11,0,20.754716981132077,29.411764705882355,17.647058823529413,15.789473684210526,4_Building_Discriminator,24,True,False,False,False,False,False,True,False,10,4,12,5,20,"[""PIL"", ""numpy"", ""pickle"", ""scipy"", ""sklearn"", ""time"", ""torch"", ""tqdm""]",0,0,0,False,False,True,True,19,23,True,True,False,16,8.0,0.0,50.0,85.71428571428571,False,True,False,False,False
Subin-Vidhu/2025,910750550,main,b02c75d777f19f2808c4bcb6fc171184450a5505,2025-01-01T09:53:14Z,0,6fa9d33f4ad30b63e0b9f7c5268eb7c16b9d65dd63a6f8b564dc9dca8ccf1e2c,b633132ebd9a097a2e3504d15aa6765af1c090e0,0_Udemy_Courses/2_Brain Computer Interface and Deep Learning Using Python/CODES/Section_5_Project_2/5_training_and_testing_your_GAN.ipynb,0_Udemy_Courses/2_Brain Computer Interface and Deep Learning Using Python/CODES/Section_5_Project_2/5_training_and_testing_your_GAN.ipynb,b633132ebd9a097a2e3504d15aa6765af1c090e0,103616,https://github.com/Subin-Vidhu/2025/blob/main/0_Udemy_Courses/2_Brain%20Computer%20Interface%20and%20Deep%20Learning%20Using%20Python/CODES/Section_5_Project_2/5_training_and_testing_your_GAN.ipynb,True,python3,python,,53,42,11,0,19,45.23809523809524,35,12,True,True,False,False,False,True,20,"[[""PIL"", 1], [""numpy"", 1], [""pickle"", 1], [""scipy"", 1], [""sklearn"", 1], [""time"", 1], [""torch"", 1], [""tqdm"", 1]]",False,True,True,True,False,True,False,True,False,False,True,True,False,False,False,False,True,78,"[""0-Implementation"", ""0-Introduction"", ""01-Doubly_Linked_Lists"", ""01-Implementation"", ""02-First_Recurring_Character"", ""02-Reverse"", ""03-Pattern_Matching"", ""03-Reversing_String"", ""04-Merging_sorted_arrays"", ""05-Two_Sum"", ""06-Maximum_SubArray"", ""07-Move_Zeroes"", ""08-Contains_Duplicate"", ""09-Rotate_Array"", ""1-Implementation"", ""10-Longest_Word"", ""AIRA_full_dataset_random_visualization"", ""AIVoiceAgent"", ""Age"", ""FDA_metadata_comparison"", ""Google Interview Question"", ""Interview Question 1"", ""O(1)"", ""O(m + n)"", ""O(m x n)"", ""O(n)"", ""O(n^2)"", ""Pixel_Offset_and_Image_Offset"", ""aes_ctr_dicom"", ""aes_ctr_text"", ""analyze_dicom_metadata"", ""api_tester"", ""app"", ""audio_utils"", ""basic"", ""blocks"", ""chat"", ""chat-chatgpt"", ""chat-claude"", ""chat-with-image"", ""chat_interface"", ""crew"", ""data"", ""deepseek_tars"", ""diag"", ""dsa"", ""face_recognition"", ""file_compare"", ""find_files_on_this_date"", ""folder_creator"", ""game_builder_crew"", ""gemma"", ""gen"", ""hello"", ""index"", ""index_url"", ""interface"", ""kidney_analysis"", ""main"", ""main_sr"", ""observer_comparison"", ""outlier_cases"", ""read_csv"", ""recog"", ""reset_files"", ""snake"", ""spintly_api_tester_advanced"", ""spintly_daily_time_multiple_days"", ""spintly_endpoint_discovery"", ""spintly_fastapi_app"", ""start_and_end_offset"", ""structure"", ""test"", ""test_aai"", ""update_cursor_db"", ""vector"", ""view"", ""views""]",True,False,False,True,42,11,0,20.754716981132077,29.411764705882355,17.647058823529413,15.789473684210526,5_training_and_testing_your_GAN,31,True,False,False,False,False,False,True,False,10,4,12,5,20,"[""PIL"", ""numpy"", ""pickle"", ""scipy"", ""sklearn"", ""time"", ""torch"", ""tqdm""]",0,0,0,False,False,True,True,19,23,True,True,False,16,8.0,0.0,50.0,85.71428571428571,False,True,False,False,False
Subin-Vidhu/2025,910750550,main,b02c75d777f19f2808c4bcb6fc171184450a5505,2025-01-01T09:53:14Z,0,d0c6115a17b8850c97a05949ffa93efda04954b163bf2ca74f86a8f133f49494,601556a62edd0d7982d67f2f4eded6f76cb0b085,1_Face Recognition with Machine Learning + Deploy Flask  App/001 Python/Control Flow Statements.ipynb,1_Face Recognition with Machine Learning + Deploy Flask  App/001 Python/Control Flow Statements.ipynb,601556a62edd0d7982d67f2f4eded6f76cb0b085,7546,https://github.com/Subin-Vidhu/2025/blob/main/1_Face%20Recognition%20with%20Machine%20Learning%20%2B%20Deploy%20Flask%20%20App/001%20Python/Control%20Flow%20Statements.ipynb,True,python3,python,3.8,21,16,5,0,16,100.0,29,14,True,False,False,False,False,False,0,[],False,False,False,True,False,True,False,True,False,False,True,True,False,False,False,False,True,78,"[""0-Implementation"", ""0-Introduction"", ""01-Doubly_Linked_Lists"", ""01-Implementation"", ""02-First_Recurring_Character"", ""02-Reverse"", ""03-Pattern_Matching"", ""03-Reversing_String"", ""04-Merging_sorted_arrays"", ""05-Two_Sum"", ""06-Maximum_SubArray"", ""07-Move_Zeroes"", ""08-Contains_Duplicate"", ""09-Rotate_Array"", ""1-Implementation"", ""10-Longest_Word"", ""AIRA_full_dataset_random_visualization"", ""AIVoiceAgent"", ""Age"", ""FDA_metadata_comparison"", ""Google Interview Question"", ""Interview Question 1"", ""O(1)"", ""O(m + n)"", ""O(m x n)"", ""O(n)"", ""O(n^2)"", ""Pixel_Offset_and_Image_Offset"", ""aes_ctr_dicom"", ""aes_ctr_text"", ""analyze_dicom_metadata"", ""api_tester"", ""app"", ""audio_utils"", ""basic"", ""blocks"", ""chat"", ""chat-chatgpt"", ""chat-claude"", ""chat-with-image"", ""chat_interface"", ""crew"", ""data"", ""deepseek_tars"", ""diag"", ""dsa"", ""face_recognition"", ""file_compare"", ""find_files_on_this_date"", ""folder_creator"", ""game_builder_crew"", ""gemma"", ""gen"", ""hello"", ""index"", ""index_url"", ""interface"", ""kidney_analysis"", ""main"", ""main_sr"", ""observer_comparison"", ""outlier_cases"", ""read_csv"", ""recog"", ""reset_files"", ""snake"", ""spintly_api_tester_advanced"", ""spintly_daily_time_multiple_days"", ""spintly_endpoint_discovery"", ""spintly_fastapi_app"", ""start_and_end_offset"", ""structure"", ""test"", ""test_aai"", ""update_cursor_db"", ""vector"", ""view"", ""views""]",True,False,False,True,16,5,0,23.809523809523807,14.285714285714285,42.857142857142854,14.285714285714285,Control Flow Statements,23,True,False,False,False,False,False,True,False,0,0,4,3,0,[],0,0,0,True,True,True,True,16,0,True,True,False,13,1.8571428571428572,100.0,100.0,100.0,False,True,False,False,False
Subin-Vidhu/2025,910750550,main,b02c75d777f19f2808c4bcb6fc171184450a5505,2025-01-01T09:53:14Z,0,93200d1057de27388762a3c8b4a3b861a1e6a4f6e82e621a501077036f3c8047,1ae96986c99b7ebd86f60cab0561c75e8c08f3ba,1_Face Recognition with Machine Learning + Deploy Flask  App/001 Python/Dictionary.ipynb,1_Face Recognition with Machine Learning + Deploy Flask  App/001 Python/Dictionary.ipynb,1ae96986c99b7ebd86f60cab0561c75e8c08f3ba,7613,https://github.com/Subin-Vidhu/2025/blob/main/1_Face%20Recognition%20with%20Machine%20Learning%20%2B%20Deploy%20Flask%20%20App/001%20Python/Dictionary.ipynb,True,python3,python,3.8,20,18,2,0,17,94.44444444444444,20,12,True,False,True,False,False,False,1,"[[""pandas"", 1]]",False,False,False,False,False,True,False,True,False,False,True,True,False,False,False,False,True,78,"[""0-Implementation"", ""0-Introduction"", ""01-Doubly_Linked_Lists"", ""01-Implementation"", ""02-First_Recurring_Character"", ""02-Reverse"", ""03-Pattern_Matching"", ""03-Reversing_String"", ""04-Merging_sorted_arrays"", ""05-Two_Sum"", ""06-Maximum_SubArray"", ""07-Move_Zeroes"", ""08-Contains_Duplicate"", ""09-Rotate_Array"", ""1-Implementation"", ""10-Longest_Word"", ""AIRA_full_dataset_random_visualization"", ""AIVoiceAgent"", ""Age"", ""FDA_metadata_comparison"", ""Google Interview Question"", ""Interview Question 1"", ""O(1)"", ""O(m + n)"", ""O(m x n)"", ""O(n)"", ""O(n^2)"", ""Pixel_Offset_and_Image_Offset"", ""aes_ctr_dicom"", ""aes_ctr_text"", ""analyze_dicom_metadata"", ""api_tester"", ""app"", ""audio_utils"", ""basic"", ""blocks"", ""chat"", ""chat-chatgpt"", ""chat-claude"", ""chat-with-image"", ""chat_interface"", ""crew"", ""data"", ""deepseek_tars"", ""diag"", ""dsa"", ""face_recognition"", ""file_compare"", ""find_files_on_this_date"", ""folder_creator"", ""game_builder_crew"", ""gemma"", ""gen"", ""hello"", ""index"", ""index_url"", ""interface"", ""kidney_analysis"", ""main"", ""main_sr"", ""observer_comparison"", ""outlier_cases"", ""read_csv"", ""recog"", ""reset_files"", ""snake"", ""spintly_api_tester_advanced"", ""spintly_daily_time_multiple_days"", ""spintly_endpoint_discovery"", ""spintly_fastapi_app"", ""start_and_end_offset"", ""structure"", ""test"", ""test_aai"", ""update_cursor_db"", ""vector"", ""view"", ""views""]",True,False,False,True,18,2,0,10.0,16.666666666666664,0.0,12.5,Dictionary,10,False,False,False,False,False,False,False,False,0,0,0,0,1,"[""pandas""]",0,0,0,True,True,True,True,17,1,True,True,False,3,1.0,100.0,100.0,83.33333333333334,False,True,False,False,False
Subin-Vidhu/2025,910750550,main,b02c75d777f19f2808c4bcb6fc171184450a5505,2025-01-01T09:53:14Z,0,1cb5e2b48741496628dfa76e4710d0c6a91e61a43af2961a8b883df2aa460780,0eca911331a2d029a2bf294425621f066eb19087,1_Face Recognition with Machine Learning + Deploy Flask  App/001 Python/List.ipynb,1_Face Recognition with Machine Learning + Deploy Flask  App/001 Python/List.ipynb,0eca911331a2d029a2bf294425621f066eb19087,13201,https://github.com/Subin-Vidhu/2025/blob/main/1_Face%20Recognition%20with%20Machine%20Learning%20%2B%20Deploy%20Flask%20%20App/001%20Python/List.ipynb,True,python3,python,3.8,44,40,4,0,39,97.5,43,33,True,False,False,False,False,False,0,[],False,False,False,False,False,True,False,True,False,False,True,True,False,False,False,False,True,78,"[""0-Implementation"", ""0-Introduction"", ""01-Doubly_Linked_Lists"", ""01-Implementation"", ""02-First_Recurring_Character"", ""02-Reverse"", ""03-Pattern_Matching"", ""03-Reversing_String"", ""04-Merging_sorted_arrays"", ""05-Two_Sum"", ""06-Maximum_SubArray"", ""07-Move_Zeroes"", ""08-Contains_Duplicate"", ""09-Rotate_Array"", ""1-Implementation"", ""10-Longest_Word"", ""AIRA_full_dataset_random_visualization"", ""AIVoiceAgent"", ""Age"", ""FDA_metadata_comparison"", ""Google Interview Question"", ""Interview Question 1"", ""O(1)"", ""O(m + n)"", ""O(m x n)"", ""O(n)"", ""O(n^2)"", ""Pixel_Offset_and_Image_Offset"", ""aes_ctr_dicom"", ""aes_ctr_text"", ""analyze_dicom_metadata"", ""api_tester"", ""app"", ""audio_utils"", ""basic"", ""blocks"", ""chat"", ""chat-chatgpt"", ""chat-claude"", ""chat-with-image"", ""chat_interface"", ""crew"", ""data"", ""deepseek_tars"", ""diag"", ""dsa"", ""face_recognition"", ""file_compare"", ""find_files_on_this_date"", ""folder_creator"", ""game_builder_crew"", ""gemma"", ""gen"", ""hello"", ""index"", ""index_url"", ""interface"", ""kidney_analysis"", ""main"", ""main_sr"", ""observer_comparison"", ""outlier_cases"", ""read_csv"", ""recog"", ""reset_files"", ""snake"", ""spintly_api_tester_advanced"", ""spintly_daily_time_multiple_days"", ""spintly_endpoint_discovery"", ""spintly_fastapi_app"", ""start_and_end_offset"", ""structure"", ""test"", ""test_aai"", ""update_cursor_db"", ""vector"", ""view"", ""views""]",True,False,False,True,40,4,0,9.090909090909092,21.428571428571427,7.142857142857142,0.0,List,4,False,False,False,True,False,False,False,False,0,0,0,0,0,[],0,0,0,True,True,True,True,39,1,True,True,False,4,1.0,100.0,100.0,92.85714285714286,False,True,False,False,False
Subin-Vidhu/2025,910750550,main,b02c75d777f19f2808c4bcb6fc171184450a5505,2025-01-01T09:53:14Z,0,46010c66f4a0a090b9087cd6fc2ce194ebbde356c46b43d93f57aa64e3e0068c,382342f61cae3d44b0e708cd9f1d0a2549ff19d3,1_Face Recognition with Machine Learning + Deploy Flask  App/001 Python/Opertors.ipynb,1_Face Recognition with Machine Learning + Deploy Flask  App/001 Python/Opertors.ipynb,382342f61cae3d44b0e708cd9f1d0a2549ff19d3,4110,https://github.com/Subin-Vidhu/2025/blob/main/1_Face%20Recognition%20with%20Machine%20Learning%20%2B%20Deploy%20Flask%20%20App/001%20Python/Opertors.ipynb,True,python3,python,3.8,15,13,2,0,12,92.3076923076923,15,9,True,False,False,False,False,False,0,[],False,False,False,False,False,True,False,True,False,False,True,True,False,False,False,False,True,78,"[""0-Implementation"", ""0-Introduction"", ""01-Doubly_Linked_Lists"", ""01-Implementation"", ""02-First_Recurring_Character"", ""02-Reverse"", ""03-Pattern_Matching"", ""03-Reversing_String"", ""04-Merging_sorted_arrays"", ""05-Two_Sum"", ""06-Maximum_SubArray"", ""07-Move_Zeroes"", ""08-Contains_Duplicate"", ""09-Rotate_Array"", ""1-Implementation"", ""10-Longest_Word"", ""AIRA_full_dataset_random_visualization"", ""AIVoiceAgent"", ""Age"", ""FDA_metadata_comparison"", ""Google Interview Question"", ""Interview Question 1"", ""O(1)"", ""O(m + n)"", ""O(m x n)"", ""O(n)"", ""O(n^2)"", ""Pixel_Offset_and_Image_Offset"", ""aes_ctr_dicom"", ""aes_ctr_text"", ""analyze_dicom_metadata"", ""api_tester"", ""app"", ""audio_utils"", ""basic"", ""blocks"", ""chat"", ""chat-chatgpt"", ""chat-claude"", ""chat-with-image"", ""chat_interface"", ""crew"", ""data"", ""deepseek_tars"", ""diag"", ""dsa"", ""face_recognition"", ""file_compare"", ""find_files_on_this_date"", ""folder_creator"", ""game_builder_crew"", ""gemma"", ""gen"", ""hello"", ""index"", ""index_url"", ""interface"", ""kidney_analysis"", ""main"", ""main_sr"", ""observer_comparison"", ""outlier_cases"", ""read_csv"", ""recog"", ""reset_files"", ""snake"", ""spintly_api_tester_advanced"", ""spintly_daily_time_multiple_days"", ""spintly_endpoint_discovery"", ""spintly_fastapi_app"", ""start_and_end_offset"", ""structure"", ""test"", ""test_aai"", ""update_cursor_db"", ""vector"", ""view"", ""views""]",True,False,False,True,13,2,0,13.333333333333334,20.0,20.0,0.0,Opertors,8,False,False,False,False,False,False,False,False,0,0,0,0,0,[],0,0,0,True,True,True,True,12,1,True,True,False,3,1.5,100.0,100.0,80.0,False,True,False,False,False
Subin-Vidhu/2025,910750550,main,b02c75d777f19f2808c4bcb6fc171184450a5505,2025-01-01T09:53:14Z,0,b02aaa40ea444d3b920935a7227d3d1b901a4b60142a7a2093df9358613fa8a8,b2477fa174045862e9fa488ed2901c81e995d3da,1_Face Recognition with Machine Learning + Deploy Flask  App/001 Python/Python Essentials.ipynb,1_Face Recognition with Machine Learning + Deploy Flask  App/001 Python/Python Essentials.ipynb,b2477fa174045862e9fa488ed2901c81e995d3da,6717,https://github.com/Subin-Vidhu/2025/blob/main/1_Face%20Recognition%20with%20Machine%20Learning%20%2B%20Deploy%20Flask%20%20App/001%20Python/Python%20Essentials.ipynb,True,python3,python,3.9,21,17,4,0,16,94.11764705882352,17,14,True,False,False,True,False,False,2,"[[""keyword"", 1], [""sys"", 1]]",False,False,False,False,False,True,False,True,False,False,True,True,False,False,False,False,True,78,"[""0-Implementation"", ""0-Introduction"", ""01-Doubly_Linked_Lists"", ""01-Implementation"", ""02-First_Recurring_Character"", ""02-Reverse"", ""03-Pattern_Matching"", ""03-Reversing_String"", ""04-Merging_sorted_arrays"", ""05-Two_Sum"", ""06-Maximum_SubArray"", ""07-Move_Zeroes"", ""08-Contains_Duplicate"", ""09-Rotate_Array"", ""1-Implementation"", ""10-Longest_Word"", ""AIRA_full_dataset_random_visualization"", ""AIVoiceAgent"", ""Age"", ""FDA_metadata_comparison"", ""Google Interview Question"", ""Interview Question 1"", ""O(1)"", ""O(m + n)"", ""O(m x n)"", ""O(n)"", ""O(n^2)"", ""Pixel_Offset_and_Image_Offset"", ""aes_ctr_dicom"", ""aes_ctr_text"", ""analyze_dicom_metadata"", ""api_tester"", ""app"", ""audio_utils"", ""basic"", ""blocks"", ""chat"", ""chat-chatgpt"", ""chat-claude"", ""chat-with-image"", ""chat_interface"", ""crew"", ""data"", ""deepseek_tars"", ""diag"", ""dsa"", ""face_recognition"", ""file_compare"", ""find_files_on_this_date"", ""folder_creator"", ""game_builder_crew"", ""gemma"", ""gen"", ""hello"", ""index"", ""index_url"", ""interface"", ""kidney_analysis"", ""main"", ""main_sr"", ""observer_comparison"", ""outlier_cases"", ""read_csv"", ""recog"", ""reset_files"", ""snake"", ""spintly_api_tester_advanced"", ""spintly_daily_time_multiple_days"", ""spintly_endpoint_discovery"", ""spintly_fastapi_app"", ""start_and_end_offset"", ""structure"", ""test"", ""test_aai"", ""update_cursor_db"", ""vector"", ""view"", ""views""]",True,False,False,True,17,4,0,19.047619047619047,14.285714285714285,28.57142857142857,14.285714285714285,Python Essentials,17,True,False,False,False,False,False,True,False,0,0,0,0,2,"[""keyword"", ""sys""]",0,0,0,True,True,True,True,16,1,True,True,False,0,0.0,100.0,100.0,85.71428571428571,False,False,False,False,False
Subin-Vidhu/2025,910750550,main,b02c75d777f19f2808c4bcb6fc171184450a5505,2025-01-01T09:53:14Z,0,1ed22f482944d505e46dbd549be9c1fc40ec58335abddaf02c181f10bb6339db,5ec885d1db556d7bb5ff19bf8b7e1c0fa2eaca5f,1_Face Recognition with Machine Learning + Deploy Flask  App/001 Python/Sets.ipynb,1_Face Recognition with Machine Learning + Deploy Flask  App/001 Python/Sets.ipynb,5ec885d1db556d7bb5ff19bf8b7e1c0fa2eaca5f,2321,https://github.com/Subin-Vidhu/2025/blob/main/1_Face%20Recognition%20with%20Machine%20Learning%20%2B%20Deploy%20Flask%20%20App/001%20Python/Sets.ipynb,True,python3,python,3.8,7,6,1,0,5,83.33333333333334,6,4,True,False,False,False,False,False,0,[],False,False,False,False,False,True,False,True,False,False,True,True,False,False,False,False,True,78,"[""0-Implementation"", ""0-Introduction"", ""01-Doubly_Linked_Lists"", ""01-Implementation"", ""02-First_Recurring_Character"", ""02-Reverse"", ""03-Pattern_Matching"", ""03-Reversing_String"", ""04-Merging_sorted_arrays"", ""05-Two_Sum"", ""06-Maximum_SubArray"", ""07-Move_Zeroes"", ""08-Contains_Duplicate"", ""09-Rotate_Array"", ""1-Implementation"", ""10-Longest_Word"", ""AIRA_full_dataset_random_visualization"", ""AIVoiceAgent"", ""Age"", ""FDA_metadata_comparison"", ""Google Interview Question"", ""Interview Question 1"", ""O(1)"", ""O(m + n)"", ""O(m x n)"", ""O(n)"", ""O(n^2)"", ""Pixel_Offset_and_Image_Offset"", ""aes_ctr_dicom"", ""aes_ctr_text"", ""analyze_dicom_metadata"", ""api_tester"", ""app"", ""audio_utils"", ""basic"", ""blocks"", ""chat"", ""chat-chatgpt"", ""chat-claude"", ""chat-with-image"", ""chat_interface"", ""crew"", ""data"", ""deepseek_tars"", ""diag"", ""dsa"", ""face_recognition"", ""file_compare"", ""find_files_on_this_date"", ""folder_creator"", ""game_builder_crew"", ""gemma"", ""gen"", ""hello"", ""index"", ""index_url"", ""interface"", ""kidney_analysis"", ""main"", ""main_sr"", ""observer_comparison"", ""outlier_cases"", ""read_csv"", ""recog"", ""reset_files"", ""snake"", ""spintly_api_tester_advanced"", ""spintly_daily_time_multiple_days"", ""spintly_endpoint_discovery"", ""spintly_fastapi_app"", ""start_and_end_offset"", ""structure"", ""test"", ""test_aai"", ""update_cursor_db"", ""vector"", ""view"", ""views""]",True,False,False,True,6,1,0,14.285714285714285,50.0,0.0,0.0,Sets,4,False,False,False,False,False,False,False,False,0,0,0,0,0,[],0,0,0,True,True,True,True,5,1,True,True,False,1,1.0,100.0,100.0,50.0,False,True,False,False,False
Subin-Vidhu/2025,910750550,main,b02c75d777f19f2808c4bcb6fc171184450a5505,2025-01-01T09:53:14Z,0,21868afdfa5011e47ec9f8f4169ad74138f5a78c6101eb949e720966be9d9c8d,5f95da032cf9fefad08d5a9155eb9f1cf720a1e9,1_Face Recognition with Machine Learning + Deploy Flask  App/001 Python/Tuples.ipynb,1_Face Recognition with Machine Learning + Deploy Flask  App/001 Python/Tuples.ipynb,5f95da032cf9fefad08d5a9155eb9f1cf720a1e9,6100,https://github.com/Subin-Vidhu/2025/blob/main/1_Face%20Recognition%20with%20Machine%20Learning%20%2B%20Deploy%20Flask%20%20App/001%20Python/Tuples.ipynb,True,python3,python,3.8,22,19,3,0,18,94.73684210526315,22,15,True,False,False,False,False,False,0,[],False,False,False,False,False,True,False,True,False,False,True,True,False,False,False,False,True,78,"[""0-Implementation"", ""0-Introduction"", ""01-Doubly_Linked_Lists"", ""01-Implementation"", ""02-First_Recurring_Character"", ""02-Reverse"", ""03-Pattern_Matching"", ""03-Reversing_String"", ""04-Merging_sorted_arrays"", ""05-Two_Sum"", ""06-Maximum_SubArray"", ""07-Move_Zeroes"", ""08-Contains_Duplicate"", ""09-Rotate_Array"", ""1-Implementation"", ""10-Longest_Word"", ""AIRA_full_dataset_random_visualization"", ""AIVoiceAgent"", ""Age"", ""FDA_metadata_comparison"", ""Google Interview Question"", ""Interview Question 1"", ""O(1)"", ""O(m + n)"", ""O(m x n)"", ""O(n)"", ""O(n^2)"", ""Pixel_Offset_and_Image_Offset"", ""aes_ctr_dicom"", ""aes_ctr_text"", ""analyze_dicom_metadata"", ""api_tester"", ""app"", ""audio_utils"", ""basic"", ""blocks"", ""chat"", ""chat-chatgpt"", ""chat-claude"", ""chat-with-image"", ""chat_interface"", ""crew"", ""data"", ""deepseek_tars"", ""diag"", ""dsa"", ""face_recognition"", ""file_compare"", ""find_files_on_this_date"", ""folder_creator"", ""game_builder_crew"", ""gemma"", ""gen"", ""hello"", ""index"", ""index_url"", ""interface"", ""kidney_analysis"", ""main"", ""main_sr"", ""observer_comparison"", ""outlier_cases"", ""read_csv"", ""recog"", ""reset_files"", ""snake"", ""spintly_api_tester_advanced"", ""spintly_daily_time_multiple_days"", ""spintly_endpoint_discovery"", ""spintly_fastapi_app"", ""start_and_end_offset"", ""structure"", ""test"", ""test_aai"", ""update_cursor_db"", ""vector"", ""view"", ""views""]",True,False,False,True,19,3,0,13.636363636363635,14.285714285714285,28.57142857142857,0.0,Tuples,6,False,False,False,False,False,False,False,False,0,0,0,0,0,[],0,0,0,True,True,True,True,18,1,True,True,False,2,1.0,100.0,100.0,85.71428571428571,False,True,False,False,False
Subin-Vidhu/2025,910750550,main,b02c75d777f19f2808c4bcb6fc171184450a5505,2025-01-01T09:53:14Z,0,ada9f7327d912a608f201ee8ab44ef2e06858ab6952d66ad84506a1a39199784,9a7b5d2f660f27a170dad73be3958cf5e05979ad,1_Face Recognition with Machine Learning + Deploy Flask  App/001 Python/User Defined Functions.ipynb,1_Face Recognition with Machine Learning + Deploy Flask  App/001 Python/User Defined Functions.ipynb,9a7b5d2f660f27a170dad73be3958cf5e05979ad,3243,https://github.com/Subin-Vidhu/2025/blob/main/1_Face%20Recognition%20with%20Machine%20Learning%20%2B%20Deploy%20Flask%20%20App/001%20Python/User%20Defined%20Functions.ipynb,True,python3,python,3.8,11,10,1,0,9,90.0,24,6,True,False,False,False,False,False,0,[],False,True,False,False,False,True,False,True,False,False,True,True,False,False,False,False,True,78,"[""0-Implementation"", ""0-Introduction"", ""01-Doubly_Linked_Lists"", ""01-Implementation"", ""02-First_Recurring_Character"", ""02-Reverse"", ""03-Pattern_Matching"", ""03-Reversing_String"", ""04-Merging_sorted_arrays"", ""05-Two_Sum"", ""06-Maximum_SubArray"", ""07-Move_Zeroes"", ""08-Contains_Duplicate"", ""09-Rotate_Array"", ""1-Implementation"", ""10-Longest_Word"", ""AIRA_full_dataset_random_visualization"", ""AIVoiceAgent"", ""Age"", ""FDA_metadata_comparison"", ""Google Interview Question"", ""Interview Question 1"", ""O(1)"", ""O(m + n)"", ""O(m x n)"", ""O(n)"", ""O(n^2)"", ""Pixel_Offset_and_Image_Offset"", ""aes_ctr_dicom"", ""aes_ctr_text"", ""analyze_dicom_metadata"", ""api_tester"", ""app"", ""audio_utils"", ""basic"", ""blocks"", ""chat"", ""chat-chatgpt"", ""chat-claude"", ""chat-with-image"", ""chat_interface"", ""crew"", ""data"", ""deepseek_tars"", ""diag"", ""dsa"", ""face_recognition"", ""file_compare"", ""find_files_on_this_date"", ""folder_creator"", ""game_builder_crew"", ""gemma"", ""gen"", ""hello"", ""index"", ""index_url"", ""interface"", ""kidney_analysis"", ""main"", ""main_sr"", ""observer_comparison"", ""outlier_cases"", ""read_csv"", ""recog"", ""reset_files"", ""snake"", ""spintly_api_tester_advanced"", ""spintly_daily_time_multiple_days"", ""spintly_endpoint_discovery"", ""spintly_fastapi_app"", ""start_and_end_offset"", ""structure"", ""test"", ""test_aai"", ""update_cursor_db"", ""vector"", ""view"", ""views""]",True,False,False,True,10,1,0,9.090909090909092,33.33333333333333,0.0,0.0,User Defined Functions,22,True,False,False,True,False,False,True,False,4,0,0,0,0,[],0,0,0,False,True,True,True,9,1,True,True,False,7,1.75,100.0,100.0,75.0,False,True,False,False,False
Subin-Vidhu/2025,910750550,main,b02c75d777f19f2808c4bcb6fc171184450a5505,2025-01-01T09:53:14Z,0,2f5ab23232be657aa55e3a726c06940b13c601880be93fcbfa3eea0aaafa02e0,0a1f110c0625a125f1123c1b74c756a437db04f4,1_Face Recognition with Machine Learning + Deploy Flask  App/001 Python/Variable and Assignments.ipynb,1_Face Recognition with Machine Learning + Deploy Flask  App/001 Python/Variable and Assignments.ipynb,0a1f110c0625a125f1123c1b74c756a437db04f4,6701,https://github.com/Subin-Vidhu/2025/blob/main/1_Face%20Recognition%20with%20Machine%20Learning%20%2B%20Deploy%20Flask%20%20App/001%20Python/Variable%20and%20Assignments.ipynb,True,python3,python,3.8,23,21,2,0,20,95.23809523809523,26,17,True,False,False,False,False,False,0,[],False,False,False,False,False,True,False,True,False,False,True,True,False,False,False,False,True,78,"[""0-Implementation"", ""0-Introduction"", ""01-Doubly_Linked_Lists"", ""01-Implementation"", ""02-First_Recurring_Character"", ""02-Reverse"", ""03-Pattern_Matching"", ""03-Reversing_String"", ""04-Merging_sorted_arrays"", ""05-Two_Sum"", ""06-Maximum_SubArray"", ""07-Move_Zeroes"", ""08-Contains_Duplicate"", ""09-Rotate_Array"", ""1-Implementation"", ""10-Longest_Word"", ""AIRA_full_dataset_random_visualization"", ""AIVoiceAgent"", ""Age"", ""FDA_metadata_comparison"", ""Google Interview Question"", ""Interview Question 1"", ""O(1)"", ""O(m + n)"", ""O(m x n)"", ""O(n)"", ""O(n^2)"", ""Pixel_Offset_and_Image_Offset"", ""aes_ctr_dicom"", ""aes_ctr_text"", ""analyze_dicom_metadata"", ""api_tester"", ""app"", ""audio_utils"", ""basic"", ""blocks"", ""chat"", ""chat-chatgpt"", ""chat-claude"", ""chat-with-image"", ""chat_interface"", ""crew"", ""data"", ""deepseek_tars"", ""diag"", ""dsa"", ""face_recognition"", ""file_compare"", ""find_files_on_this_date"", ""folder_creator"", ""game_builder_crew"", ""gemma"", ""gen"", ""hello"", ""index"", ""index_url"", ""interface"", ""kidney_analysis"", ""main"", ""main_sr"", ""observer_comparison"", ""outlier_cases"", ""read_csv"", ""recog"", ""reset_files"", ""snake"", ""spintly_api_tester_advanced"", ""spintly_daily_time_multiple_days"", ""spintly_endpoint_discovery"", ""spintly_fastapi_app"", ""start_and_end_offset"", ""structure"", ""test"", ""test_aai"", ""update_cursor_db"", ""vector"", ""view"", ""views""]",True,False,False,True,21,2,0,8.695652173913043,14.285714285714285,14.285714285714285,0.0,Variable and Assignments,24,True,False,False,True,False,False,True,False,0,0,0,0,0,[],0,0,0,True,True,True,True,20,1,True,True,False,6,1.0,100.0,100.0,85.71428571428571,False,True,False,False,False
Subin-Vidhu/2025,910750550,main,b02c75d777f19f2808c4bcb6fc171184450a5505,2025-01-01T09:53:14Z,0,5b73df3d93117f365b122b3a93e199c83743ed9fec9ab6071e00a760eefbae19,3dc76fa049bc0db9daf49853c10124348c2387e8,1_Face Recognition with Machine Learning + Deploy Flask  App/1_OpenCV/01_values_or_pixels.ipynb,1_Face Recognition with Machine Learning + Deploy Flask  App/1_OpenCV/01_values_or_pixels.ipynb,3dc76fa049bc0db9daf49853c10124348c2387e8,13865,https://github.com/Subin-Vidhu/2025/blob/main/1_Face%20Recognition%20with%20Machine%20Learning%20%2B%20Deploy%20Flask%20%20App/1_OpenCV/01_values_or_pixels.ipynb,True,python3,python,3.9,7,7,0,0,7,100.0,11,5,True,True,False,False,False,False,2,"[[""matplotlib"", 1], [""numpy"", 1]]",False,False,False,False,False,True,False,True,False,False,True,True,False,False,False,False,True,78,"[""0-Implementation"", ""0-Introduction"", ""01-Doubly_Linked_Lists"", ""01-Implementation"", ""02-First_Recurring_Character"", ""02-Reverse"", ""03-Pattern_Matching"", ""03-Reversing_String"", ""04-Merging_sorted_arrays"", ""05-Two_Sum"", ""06-Maximum_SubArray"", ""07-Move_Zeroes"", ""08-Contains_Duplicate"", ""09-Rotate_Array"", ""1-Implementation"", ""10-Longest_Word"", ""AIRA_full_dataset_random_visualization"", ""AIVoiceAgent"", ""Age"", ""FDA_metadata_comparison"", ""Google Interview Question"", ""Interview Question 1"", ""O(1)"", ""O(m + n)"", ""O(m x n)"", ""O(n)"", ""O(n^2)"", ""Pixel_Offset_and_Image_Offset"", ""aes_ctr_dicom"", ""aes_ctr_text"", ""analyze_dicom_metadata"", ""api_tester"", ""app"", ""audio_utils"", ""basic"", ""blocks"", ""chat"", ""chat-chatgpt"", ""chat-claude"", ""chat-with-image"", ""chat_interface"", ""crew"", ""data"", ""deepseek_tars"", ""diag"", ""dsa"", ""face_recognition"", ""file_compare"", ""find_files_on_this_date"", ""folder_creator"", ""game_builder_crew"", ""gemma"", ""gen"", ""hello"", ""index"", ""index_url"", ""interface"", ""kidney_analysis"", ""main"", ""main_sr"", ""observer_comparison"", ""outlier_cases"", ""read_csv"", ""recog"", ""reset_files"", ""snake"", ""spintly_api_tester_advanced"", ""spintly_daily_time_multiple_days"", ""spintly_endpoint_discovery"", ""spintly_fastapi_app"", ""start_and_end_offset"", ""structure"", ""test"", ""test_aai"", ""update_cursor_db"", ""vector"", ""view"", ""views""]",True,False,False,True,7,0,0,0.0,0.0,0.0,0.0,01_values_or_pixels,19,True,False,True,True,False,False,True,False,0,0,0,0,2,"[""matplotlib"", ""numpy""]",0,0,0,True,True,True,True,7,0,True,True,False,4,4.0,100.0,100.0,100.0,False,True,False,False,False
Subin-Vidhu/2025,910750550,main,b02c75d777f19f2808c4bcb6fc171184450a5505,2025-01-01T09:53:14Z,0,9b4a03e9f48d9d6087bed071ee645818359f8b7e134dbe1295fd98048afd5b80,ac5244bc1525f24027ad0552299a640060b6c566,1_Face Recognition with Machine Learning + Deploy Flask  App/1_OpenCV/02_reading_image.ipynb,1_Face Recognition with Machine Learning + Deploy Flask  App/1_OpenCV/02_reading_image.ipynb,ac5244bc1525f24027ad0552299a640060b6c566,2494705,https://github.com/Subin-Vidhu/2025/blob/main/1_Face%20Recognition%20with%20Machine%20Learning%20%2B%20Deploy%20Flask%20%20App/1_OpenCV/02_reading_image.ipynb,True,python3,python,3.9,22,19,3,0,19,100.0,35,12,True,True,False,True,False,False,5,"[[""PIL"", 1], [""cv2"", 1], [""matplotlib"", 1], [""numpy"", 1]]",False,False,False,False,False,True,False,True,False,False,True,True,False,False,False,False,True,78,"[""0-Implementation"", ""0-Introduction"", ""01-Doubly_Linked_Lists"", ""01-Implementation"", ""02-First_Recurring_Character"", ""02-Reverse"", ""03-Pattern_Matching"", ""03-Reversing_String"", ""04-Merging_sorted_arrays"", ""05-Two_Sum"", ""06-Maximum_SubArray"", ""07-Move_Zeroes"", ""08-Contains_Duplicate"", ""09-Rotate_Array"", ""1-Implementation"", ""10-Longest_Word"", ""AIRA_full_dataset_random_visualization"", ""AIVoiceAgent"", ""Age"", ""FDA_metadata_comparison"", ""Google Interview Question"", ""Interview Question 1"", ""O(1)"", ""O(m + n)"", ""O(m x n)"", ""O(n)"", ""O(n^2)"", ""Pixel_Offset_and_Image_Offset"", ""aes_ctr_dicom"", ""aes_ctr_text"", ""analyze_dicom_metadata"", ""api_tester"", ""app"", ""audio_utils"", ""basic"", ""blocks"", ""chat"", ""chat-chatgpt"", ""chat-claude"", ""chat-with-image"", ""chat_interface"", ""crew"", ""data"", ""deepseek_tars"", ""diag"", ""dsa"", ""face_recognition"", ""file_compare"", ""find_files_on_this_date"", ""folder_creator"", ""game_builder_crew"", ""gemma"", ""gen"", ""hello"", ""index"", ""index_url"", ""interface"", ""kidney_analysis"", ""main"", ""main_sr"", ""observer_comparison"", ""outlier_cases"", ""read_csv"", ""recog"", ""reset_files"", ""snake"", ""spintly_api_tester_advanced"", ""spintly_daily_time_multiple_days"", ""spintly_endpoint_discovery"", ""spintly_fastapi_app"", ""start_and_end_offset"", ""structure"", ""test"", ""test_aai"", ""update_cursor_db"", ""vector"", ""view"", ""views""]",True,False,False,True,19,3,0,13.636363636363635,0.0,28.57142857142857,12.5,02_reading_image,16,True,False,False,False,False,False,True,False,0,0,0,0,5,"[""PIL"", ""cv2"", ""matplotlib"", ""numpy""]",0,0,0,True,True,True,True,19,0,True,True,True,8,1.6,100.0,100.0,100.0,True,True,False,False,False
Subin-Vidhu/2025,910750550,main,b02c75d777f19f2808c4bcb6fc171184450a5505,2025-01-01T09:53:14Z,0,a3938282c7525499135bbe99c96a2d906f9eda6908ed4f3f4cf0d6088a850fcf,ed3235f7d57ca62259c6fe2bf7170a6333cc805f,1_Face Recognition with Machine Learning + Deploy Flask  App/1_OpenCV/03_image_resizing.ipynb,1_Face Recognition with Machine Learning + Deploy Flask  App/1_OpenCV/03_image_resizing.ipynb,ed3235f7d57ca62259c6fe2bf7170a6333cc805f,856300,https://github.com/Subin-Vidhu/2025/blob/main/1_Face%20Recognition%20with%20Machine%20Learning%20%2B%20Deploy%20Flask%20%20App/1_OpenCV/03_image_resizing.ipynb,True,python3,python,3.9,8,5,3,0,5,100.0,11,3,True,True,False,False,False,False,3,"[[""cv2"", 1], [""matplotlib"", 1], [""numpy"", 1]]",False,False,False,False,False,True,False,True,False,False,True,True,False,False,False,False,True,78,"[""0-Implementation"", ""0-Introduction"", ""01-Doubly_Linked_Lists"", ""01-Implementation"", ""02-First_Recurring_Character"", ""02-Reverse"", ""03-Pattern_Matching"", ""03-Reversing_String"", ""04-Merging_sorted_arrays"", ""05-Two_Sum"", ""06-Maximum_SubArray"", ""07-Move_Zeroes"", ""08-Contains_Duplicate"", ""09-Rotate_Array"", ""1-Implementation"", ""10-Longest_Word"", ""AIRA_full_dataset_random_visualization"", ""AIVoiceAgent"", ""Age"", ""FDA_metadata_comparison"", ""Google Interview Question"", ""Interview Question 1"", ""O(1)"", ""O(m + n)"", ""O(m x n)"", ""O(n)"", ""O(n^2)"", ""Pixel_Offset_and_Image_Offset"", ""aes_ctr_dicom"", ""aes_ctr_text"", ""analyze_dicom_metadata"", ""api_tester"", ""app"", ""audio_utils"", ""basic"", ""blocks"", ""chat"", ""chat-chatgpt"", ""chat-claude"", ""chat-with-image"", ""chat_interface"", ""crew"", ""data"", ""deepseek_tars"", ""diag"", ""dsa"", ""face_recognition"", ""file_compare"", ""find_files_on_this_date"", ""folder_creator"", ""game_builder_crew"", ""gemma"", ""gen"", ""hello"", ""index"", ""index_url"", ""interface"", ""kidney_analysis"", ""main"", ""main_sr"", ""observer_comparison"", ""outlier_cases"", ""read_csv"", ""recog"", ""reset_files"", ""snake"", ""spintly_api_tester_advanced"", ""spintly_daily_time_multiple_days"", ""spintly_endpoint_discovery"", ""spintly_fastapi_app"", ""start_and_end_offset"", ""structure"", ""test"", ""test_aai"", ""update_cursor_db"", ""vector"", ""view"", ""views""]",True,False,False,True,5,3,0,37.5,50.0,50.0,25.0,03_image_resizing,17,True,False,False,False,False,False,True,False,0,0,0,0,3,"[""cv2"", ""matplotlib"", ""numpy""]",0,0,0,True,True,True,True,5,0,True,True,False,3,1.5,100.0,100.0,100.0,False,True,False,False,False
Subin-Vidhu/2025,910750550,main,b02c75d777f19f2808c4bcb6fc171184450a5505,2025-01-01T09:53:14Z,0,08126fce599752c87077b1ed2fc018119e16e9db9188f592d1703e30dc8a2d8c,eda4a7676be792064860fd2d6e5f1ade2ba9d8fe,1_Face Recognition with Machine Learning + Deploy Flask  App/1_OpenCV/04_face_detection.ipynb,1_Face Recognition with Machine Learning + Deploy Flask  App/1_OpenCV/04_face_detection.ipynb,eda4a7676be792064860fd2d6e5f1ade2ba9d8fe,798510,https://github.com/Subin-Vidhu/2025/blob/main/1_Face%20Recognition%20with%20Machine%20Learning%20%2B%20Deploy%20Flask%20%20App/1_OpenCV/04_face_detection.ipynb,True,python3,python,3.9,7,5,2,0,5,100.0,6,3,True,True,False,False,False,False,7,"[[""IPython"", 1], [""cv2"", 1], [""matplotlib"", 1], [""numpy"", 1], [""time"", 1]]",False,True,False,True,False,True,False,True,False,False,True,True,False,False,False,False,True,78,"[""0-Implementation"", ""0-Introduction"", ""01-Doubly_Linked_Lists"", ""01-Implementation"", ""02-First_Recurring_Character"", ""02-Reverse"", ""03-Pattern_Matching"", ""03-Reversing_String"", ""04-Merging_sorted_arrays"", ""05-Two_Sum"", ""06-Maximum_SubArray"", ""07-Move_Zeroes"", ""08-Contains_Duplicate"", ""09-Rotate_Array"", ""1-Implementation"", ""10-Longest_Word"", ""AIRA_full_dataset_random_visualization"", ""AIVoiceAgent"", ""Age"", ""FDA_metadata_comparison"", ""Google Interview Question"", ""Interview Question 1"", ""O(1)"", ""O(m + n)"", ""O(m x n)"", ""O(n)"", ""O(n^2)"", ""Pixel_Offset_and_Image_Offset"", ""aes_ctr_dicom"", ""aes_ctr_text"", ""analyze_dicom_metadata"", ""api_tester"", ""app"", ""audio_utils"", ""basic"", ""blocks"", ""chat"", ""chat-chatgpt"", ""chat-claude"", ""chat-with-image"", ""chat_interface"", ""crew"", ""data"", ""deepseek_tars"", ""diag"", ""dsa"", ""face_recognition"", ""file_compare"", ""find_files_on_this_date"", ""folder_creator"", ""game_builder_crew"", ""gemma"", ""gen"", ""hello"", ""index"", ""index_url"", ""interface"", ""kidney_analysis"", ""main"", ""main_sr"", ""observer_comparison"", ""outlier_cases"", ""read_csv"", ""recog"", ""reset_files"", ""snake"", ""spintly_api_tester_advanced"", ""spintly_daily_time_multiple_days"", ""spintly_endpoint_discovery"", ""spintly_fastapi_app"", ""start_and_end_offset"", ""structure"", ""test"", ""test_aai"", ""update_cursor_db"", ""vector"", ""view"", ""views""]",True,False,False,True,5,2,0,28.57142857142857,0.0,0.0,66.66666666666666,04_face_detection,17,True,False,False,False,False,False,True,False,1,0,3,2,7,"[""IPython"", ""cv2"", ""matplotlib"", ""numpy"", ""time""]",0,0,0,False,True,True,True,5,0,True,True,False,1,1.0,100.0,100.0,100.0,False,True,False,False,False
Subin-Vidhu/2025,910750550,main,b02c75d777f19f2808c4bcb6fc171184450a5505,2025-01-01T09:53:14Z,0,cbaa16f8ce583f4f96ea02c6c19834f1d55ebdab5ff16e110798b7e6c71c7ed1,5add4a7b56f8c32c3b0568dccb3b08ad71faacf5,1_Face Recognition with Machine Learning + Deploy Flask  App/2_Train_FaceRecognition_with_ML/01_FRM_data_preprocessing_crop_faces.ipynb,1_Face Recognition with Machine Learning + Deploy Flask  App/2_Train_FaceRecognition_with_ML/01_FRM_data_preprocessing_crop_faces.ipynb,5add4a7b56f8c32c3b0568dccb3b08ad71faacf5,731178,https://github.com/Subin-Vidhu/2025/blob/main/1_Face%20Recognition%20with%20Machine%20Learning%20%2B%20Deploy%20Flask%20%20App/2_Train_FaceRecognition_with_ML/01_FRM_data_preprocessing_crop_faces.ipynb,True,python3,python,3.9,14,8,6,0,8,100.0,8,5,True,True,False,False,False,False,4,"[[""cv2"", 1], [""glob"", 1], [""matplotlib"", 1], [""numpy"", 1]]",False,False,False,True,False,True,False,True,False,False,True,True,False,False,False,False,True,78,"[""0-Implementation"", ""0-Introduction"", ""01-Doubly_Linked_Lists"", ""01-Implementation"", ""02-First_Recurring_Character"", ""02-Reverse"", ""03-Pattern_Matching"", ""03-Reversing_String"", ""04-Merging_sorted_arrays"", ""05-Two_Sum"", ""06-Maximum_SubArray"", ""07-Move_Zeroes"", ""08-Contains_Duplicate"", ""09-Rotate_Array"", ""1-Implementation"", ""10-Longest_Word"", ""AIRA_full_dataset_random_visualization"", ""AIVoiceAgent"", ""Age"", ""FDA_metadata_comparison"", ""Google Interview Question"", ""Interview Question 1"", ""O(1)"", ""O(m + n)"", ""O(m x n)"", ""O(n)"", ""O(n^2)"", ""Pixel_Offset_and_Image_Offset"", ""aes_ctr_dicom"", ""aes_ctr_text"", ""analyze_dicom_metadata"", ""api_tester"", ""app"", ""audio_utils"", ""basic"", ""blocks"", ""chat"", ""chat-chatgpt"", ""chat-claude"", ""chat-with-image"", ""chat_interface"", ""crew"", ""data"", ""deepseek_tars"", ""diag"", ""dsa"", ""face_recognition"", ""file_compare"", ""find_files_on_this_date"", ""folder_creator"", ""game_builder_crew"", ""gemma"", ""gen"", ""hello"", ""index"", ""index_url"", ""interface"", ""kidney_analysis"", ""main"", ""main_sr"", ""observer_comparison"", ""outlier_cases"", ""read_csv"", ""recog"", ""reset_files"", ""snake"", ""spintly_api_tester_advanced"", ""spintly_daily_time_multiple_days"", ""spintly_endpoint_discovery"", ""spintly_fastapi_app"", ""start_and_end_offset"", ""structure"", ""test"", ""test_aai"", ""update_cursor_db"", ""vector"", ""view"", ""views""]",True,False,False,True,8,6,0,42.857142857142854,50.0,25.0,50.0,01_FRM_data_preprocessing_crop_faces,36,True,False,False,False,False,False,True,False,0,0,5,0,4,"[""cv2"", ""glob"", ""matplotlib"", ""numpy""]",0,0,0,True,True,True,True,8,0,True,True,False,0,0.0,100.0,100.0,100.0,False,False,False,False,False
Subin-Vidhu/2025,910750550,main,b02c75d777f19f2808c4bcb6fc171184450a5505,2025-01-01T09:53:14Z,0,21ae98ea05fed24dd3280556282b46b9265a995f4138f22b735baf4b3bb2bae7,03751030a1ac300aee48d7303b42cc8178b2e3c3,1_Face Recognition with Machine Learning + Deploy Flask  App/2_Train_FaceRecognition_with_ML/02_FRM_data_preprocessing_EDA.ipynb,1_Face Recognition with Machine Learning + Deploy Flask  App/2_Train_FaceRecognition_with_ML/02_FRM_data_preprocessing_EDA.ipynb,03751030a1ac300aee48d7303b42cc8178b2e3c3,107917,https://github.com/Subin-Vidhu/2025/blob/main/1_Face%20Recognition%20with%20Machine%20Learning%20%2B%20Deploy%20Flask%20%20App/2_Train_FaceRecognition_with_ML/02_FRM_data_preprocessing_EDA.ipynb,True,python3,python,3.9,32,25,7,0,25,100.0,25,16,True,True,True,False,False,False,0,[],False,False,False,False,False,True,False,True,False,False,True,True,False,False,False,False,True,78,"[""0-Implementation"", ""0-Introduction"", ""01-Doubly_Linked_Lists"", ""01-Implementation"", ""02-First_Recurring_Character"", ""02-Reverse"", ""03-Pattern_Matching"", ""03-Reversing_String"", ""04-Merging_sorted_arrays"", ""05-Two_Sum"", ""06-Maximum_SubArray"", ""07-Move_Zeroes"", ""08-Contains_Duplicate"", ""09-Rotate_Array"", ""1-Implementation"", ""10-Longest_Word"", ""AIRA_full_dataset_random_visualization"", ""AIVoiceAgent"", ""Age"", ""FDA_metadata_comparison"", ""Google Interview Question"", ""Interview Question 1"", ""O(1)"", ""O(m + n)"", ""O(m x n)"", ""O(n)"", ""O(n^2)"", ""Pixel_Offset_and_Image_Offset"", ""aes_ctr_dicom"", ""aes_ctr_text"", ""analyze_dicom_metadata"", ""api_tester"", ""app"", ""audio_utils"", ""basic"", ""blocks"", ""chat"", ""chat-chatgpt"", ""chat-claude"", ""chat-with-image"", ""chat_interface"", ""crew"", ""data"", ""deepseek_tars"", ""diag"", ""dsa"", ""face_recognition"", ""file_compare"", ""find_files_on_this_date"", ""folder_creator"", ""game_builder_crew"", ""gemma"", ""gen"", ""hello"", ""index"", ""index_url"", ""interface"", ""kidney_analysis"", ""main"", ""main_sr"", ""observer_comparison"", ""outlier_cases"", ""read_csv"", ""recog"", ""reset_files"", ""snake"", ""spintly_api_tester_advanced"", ""spintly_daily_time_multiple_days"", ""spintly_endpoint_discovery"", ""spintly_fastapi_app"", ""start_and_end_offset"", ""structure"", ""test"", ""test_aai"", ""update_cursor_db"", ""vector"", ""view"", ""views""]",True,False,False,True,25,7,0,21.875,10.0,30.0,25.0,02_FRM_data_preprocessing_EDA,29,True,False,False,False,False,False,True,False,0,0,0,0,0,[],0,0,0,True,True,True,True,25,0,True,True,False,0,0.0,100.0,100.0,100.0,False,False,False,False,False
Subin-Vidhu/2025,910750550,main,b02c75d777f19f2808c4bcb6fc171184450a5505,2025-01-01T09:53:14Z,0,d54e4726fa00f96941202db2518cc460238ef43ab69efa1c736489098cd76a23,aa3f8ab5b46f0e8188fbbe6f7717486e139a3d18,1_Face Recognition with Machine Learning + Deploy Flask  App/2_Train_FaceRecognition_with_ML/03_FRM_feature_extraction_eigen_face.ipynb,1_Face Recognition with Machine Learning + Deploy Flask  App/2_Train_FaceRecognition_with_ML/03_FRM_feature_extraction_eigen_face.ipynb,aa3f8ab5b46f0e8188fbbe6f7717486e139a3d18,1371118,https://github.com/Subin-Vidhu/2025/blob/main/1_Face%20Recognition%20with%20Machine%20Learning%20%2B%20Deploy%20Flask%20%20App/2_Train_FaceRecognition_with_ML/03_FRM_feature_extraction_eigen_face.ipynb,True,python3,python,3.9,28,22,6,0,22,100.0,22,12,True,True,True,False,False,False,6,"[[""cv2"", 1], [""matplotlib"", 1], [""numpy"", 1], [""pandas"", 1], [""pickle"", 1], [""sklearn"", 1]]",False,False,False,True,False,True,False,True,False,False,True,True,False,False,False,False,True,78,"[""0-Implementation"", ""0-Introduction"", ""01-Doubly_Linked_Lists"", ""01-Implementation"", ""02-First_Recurring_Character"", ""02-Reverse"", ""03-Pattern_Matching"", ""03-Reversing_String"", ""04-Merging_sorted_arrays"", ""05-Two_Sum"", ""06-Maximum_SubArray"", ""07-Move_Zeroes"", ""08-Contains_Duplicate"", ""09-Rotate_Array"", ""1-Implementation"", ""10-Longest_Word"", ""AIRA_full_dataset_random_visualization"", ""AIVoiceAgent"", ""Age"", ""FDA_metadata_comparison"", ""Google Interview Question"", ""Interview Question 1"", ""O(1)"", ""O(m + n)"", ""O(m x n)"", ""O(n)"", ""O(n^2)"", ""Pixel_Offset_and_Image_Offset"", ""aes_ctr_dicom"", ""aes_ctr_text"", ""analyze_dicom_metadata"", ""api_tester"", ""app"", ""audio_utils"", ""basic"", ""blocks"", ""chat"", ""chat-chatgpt"", ""chat-claude"", ""chat-with-image"", ""chat_interface"", ""crew"", ""data"", ""deepseek_tars"", ""diag"", ""dsa"", ""face_recognition"", ""file_compare"", ""find_files_on_this_date"", ""folder_creator"", ""game_builder_crew"", ""gemma"", ""gen"", ""hello"", ""index"", ""index_url"", ""interface"", ""kidney_analysis"", ""main"", ""main_sr"", ""observer_comparison"", ""outlier_cases"", ""read_csv"", ""recog"", ""reset_files"", ""snake"", ""spintly_api_tester_advanced"", ""spintly_daily_time_multiple_days"", ""spintly_endpoint_discovery"", ""spintly_fastapi_app"", ""start_and_end_offset"", ""structure"", ""test"", ""test_aai"", ""update_cursor_db"", ""vector"", ""view"", ""views""]",True,False,False,True,22,6,0,21.428571428571427,22.22222222222222,33.33333333333333,10.0,03_FRM_feature_extraction_eigen_face,36,True,False,False,False,False,False,True,False,0,0,2,0,6,"[""cv2"", ""matplotlib"", ""numpy"", ""pandas"", ""pickle"", ""sklearn""]",0,0,0,True,True,True,True,22,0,True,True,False,0,0.0,100.0,100.0,100.0,False,False,False,False,False
Subin-Vidhu/2025,910750550,main,b02c75d777f19f2808c4bcb6fc171184450a5505,2025-01-01T09:53:14Z,0,66533036d9a89357f5a496703eab3de626c4e8b4e1cc12edbd0ce4d6c9df92da,516ff2827a840e163856b0f740c7eabb7f8906b3,1_Face Recognition with Machine Learning + Deploy Flask  App/2_Train_FaceRecognition_with_ML/04_FRM_Machine_learning.ipynb,1_Face Recognition with Machine Learning + Deploy Flask  App/2_Train_FaceRecognition_with_ML/04_FRM_Machine_learning.ipynb,516ff2827a840e163856b0f740c7eabb7f8906b3,258180,https://github.com/Subin-Vidhu/2025/blob/main/1_Face%20Recognition%20with%20Machine%20Learning%20%2B%20Deploy%20Flask%20%20App/2_Train_FaceRecognition_with_ML/04_FRM_Machine_learning.ipynb,True,python3,python,3.9,33,26,7,0,26,100.0,26,14,True,True,True,False,False,False,9,"[[""matplotlib"", 1], [""numpy"", 1], [""pandas"", 1], [""pickle"", 1], [""seaborn"", 1], [""sklearn"", 1]]",False,False,False,True,False,True,False,True,False,False,True,True,False,False,False,False,True,78,"[""0-Implementation"", ""0-Introduction"", ""01-Doubly_Linked_Lists"", ""01-Implementation"", ""02-First_Recurring_Character"", ""02-Reverse"", ""03-Pattern_Matching"", ""03-Reversing_String"", ""04-Merging_sorted_arrays"", ""05-Two_Sum"", ""06-Maximum_SubArray"", ""07-Move_Zeroes"", ""08-Contains_Duplicate"", ""09-Rotate_Array"", ""1-Implementation"", ""10-Longest_Word"", ""AIRA_full_dataset_random_visualization"", ""AIVoiceAgent"", ""Age"", ""FDA_metadata_comparison"", ""Google Interview Question"", ""Interview Question 1"", ""O(1)"", ""O(m + n)"", ""O(m x n)"", ""O(n)"", ""O(n^2)"", ""Pixel_Offset_and_Image_Offset"", ""aes_ctr_dicom"", ""aes_ctr_text"", ""analyze_dicom_metadata"", ""api_tester"", ""app"", ""audio_utils"", ""basic"", ""blocks"", ""chat"", ""chat-chatgpt"", ""chat-claude"", ""chat-with-image"", ""chat_interface"", ""crew"", ""data"", ""deepseek_tars"", ""diag"", ""dsa"", ""face_recognition"", ""file_compare"", ""find_files_on_this_date"", ""folder_creator"", ""game_builder_crew"", ""gemma"", ""gen"", ""hello"", ""index"", ""index_url"", ""interface"", ""kidney_analysis"", ""main"", ""main_sr"", ""observer_comparison"", ""outlier_cases"", ""read_csv"", ""recog"", ""reset_files"", ""snake"", ""spintly_api_tester_advanced"", ""spintly_daily_time_multiple_days"", ""spintly_endpoint_discovery"", ""spintly_fastapi_app"", ""start_and_end_offset"", ""structure"", ""test"", ""test_aai"", ""update_cursor_db"", ""vector"", ""view"", ""views""]",True,False,False,True,26,7,0,21.21212121212121,18.181818181818183,27.27272727272727,18.181818181818183,04_FRM_Machine_learning,23,True,False,False,False,False,False,True,False,0,0,1,0,9,"[""matplotlib"", ""numpy"", ""pandas"", ""pickle"", ""seaborn"", ""sklearn""]",0,0,0,True,True,True,True,26,0,True,True,False,0,0.0,100.0,100.0,100.0,False,False,False,False,False
Subin-Vidhu/2025,910750550,main,b02c75d777f19f2808c4bcb6fc171184450a5505,2025-01-01T09:53:14Z,0,aa0ac44a72a044258bb6640e351bcc2b3a59f1c25f62e0bbc4ab955d99e87910,e2dbbe5e79dad1b8f95c0f95c48adbbf4a2d1b7c,1_Face Recognition with Machine Learning + Deploy Flask  App/2_Train_FaceRecognition_with_ML/05_FRM_make_pipeline.ipynb,1_Face Recognition with Machine Learning + Deploy Flask  App/2_Train_FaceRecognition_with_ML/05_FRM_make_pipeline.ipynb,e2dbbe5e79dad1b8f95c0f95c48adbbf4a2d1b7c,1254335,https://github.com/Subin-Vidhu/2025/blob/main/1_Face%20Recognition%20with%20Machine%20Learning%20%2B%20Deploy%20Flask%20%20App/2_Train_FaceRecognition_with_ML/05_FRM_make_pipeline.ipynb,True,python3,python,3.9,6,5,1,0,5,100.0,5,1,True,True,False,False,False,False,6,"[[""cv2"", 1], [""matplotlib"", 1], [""numpy"", 1], [""pandas"", 1], [""pickle"", 1], [""sklearn"", 1]]",False,False,False,True,False,True,False,True,False,False,True,True,False,False,False,False,True,78,"[""0-Implementation"", ""0-Introduction"", ""01-Doubly_Linked_Lists"", ""01-Implementation"", ""02-First_Recurring_Character"", ""02-Reverse"", ""03-Pattern_Matching"", ""03-Reversing_String"", ""04-Merging_sorted_arrays"", ""05-Two_Sum"", ""06-Maximum_SubArray"", ""07-Move_Zeroes"", ""08-Contains_Duplicate"", ""09-Rotate_Array"", ""1-Implementation"", ""10-Longest_Word"", ""AIRA_full_dataset_random_visualization"", ""AIVoiceAgent"", ""Age"", ""FDA_metadata_comparison"", ""Google Interview Question"", ""Interview Question 1"", ""O(1)"", ""O(m + n)"", ""O(m x n)"", ""O(n)"", ""O(n^2)"", ""Pixel_Offset_and_Image_Offset"", ""aes_ctr_dicom"", ""aes_ctr_text"", ""analyze_dicom_metadata"", ""api_tester"", ""app"", ""audio_utils"", ""basic"", ""blocks"", ""chat"", ""chat-chatgpt"", ""chat-claude"", ""chat-with-image"", ""chat_interface"", ""crew"", ""data"", ""deepseek_tars"", ""diag"", ""dsa"", ""face_recognition"", ""file_compare"", ""find_files_on_this_date"", ""folder_creator"", ""game_builder_crew"", ""gemma"", ""gen"", ""hello"", ""index"", ""index_url"", ""interface"", ""kidney_analysis"", ""main"", ""main_sr"", ""observer_comparison"", ""outlier_cases"", ""read_csv"", ""recog"", ""reset_files"", ""snake"", ""spintly_api_tester_advanced"", ""spintly_daily_time_multiple_days"", ""spintly_endpoint_discovery"", ""spintly_fastapi_app"", ""start_and_end_offset"", ""structure"", ""test"", ""test_aai"", ""update_cursor_db"", ""vector"", ""view"", ""views""]",True,False,False,True,5,1,0,16.666666666666664,0.0,50.0,0.0,05_FRM_make_pipeline,20,True,False,False,False,False,False,True,False,0,0,2,2,6,"[""cv2"", ""matplotlib"", ""numpy"", ""pandas"", ""pickle"", ""sklearn""]",0,0,0,True,True,True,True,5,0,True,True,False,0,0.0,100.0,100.0,100.0,False,False,False,False,False
Subin-Vidhu/2025,910750550,main,b02c75d777f19f2808c4bcb6fc171184450a5505,2025-01-01T09:53:14Z,0,06fa758f6d53850e3eb89329db08ee1c474ba0037613e74c7eb5121b564c0982,66d62996c08c4aa4819836d2d18562d4b93a1e18,1_Face Recognition with Machine Learning + Deploy Flask  App/2_Train_FaceRecognition_with_ML/06_FRM_predictions.ipynb,1_Face Recognition with Machine Learning + Deploy Flask  App/2_Train_FaceRecognition_with_ML/06_FRM_predictions.ipynb,66d62996c08c4aa4819836d2d18562d4b93a1e18,1687851,https://github.com/Subin-Vidhu/2025/blob/main/1_Face%20Recognition%20with%20Machine%20Learning%20%2B%20Deploy%20Flask%20%20App/2_Train_FaceRecognition_with_ML/06_FRM_predictions.ipynb,True,python3,python,3.9,8,6,2,0,6,100.0,6,3,True,True,False,True,False,False,3,"[[""cv2"", 1], [""face_recognition"", 1], [""matplotlib"", 1]]",True,False,False,True,False,True,False,True,False,False,True,True,False,False,False,False,True,78,"[""0-Implementation"", ""0-Introduction"", ""01-Doubly_Linked_Lists"", ""01-Implementation"", ""02-First_Recurring_Character"", ""02-Reverse"", ""03-Pattern_Matching"", ""03-Reversing_String"", ""04-Merging_sorted_arrays"", ""05-Two_Sum"", ""06-Maximum_SubArray"", ""07-Move_Zeroes"", ""08-Contains_Duplicate"", ""09-Rotate_Array"", ""1-Implementation"", ""10-Longest_Word"", ""AIRA_full_dataset_random_visualization"", ""AIVoiceAgent"", ""Age"", ""FDA_metadata_comparison"", ""Google Interview Question"", ""Interview Question 1"", ""O(1)"", ""O(m + n)"", ""O(m x n)"", ""O(n)"", ""O(n^2)"", ""Pixel_Offset_and_Image_Offset"", ""aes_ctr_dicom"", ""aes_ctr_text"", ""analyze_dicom_metadata"", ""api_tester"", ""app"", ""audio_utils"", ""basic"", ""blocks"", ""chat"", ""chat-chatgpt"", ""chat-claude"", ""chat-with-image"", ""chat_interface"", ""crew"", ""data"", ""deepseek_tars"", ""diag"", ""dsa"", ""face_recognition"", ""file_compare"", ""find_files_on_this_date"", ""folder_creator"", ""game_builder_crew"", ""gemma"", ""gen"", ""hello"", ""index"", ""index_url"", ""interface"", ""kidney_analysis"", ""main"", ""main_sr"", ""observer_comparison"", ""outlier_cases"", ""read_csv"", ""recog"", ""reset_files"", ""snake"", ""spintly_api_tester_advanced"", ""spintly_daily_time_multiple_days"", ""spintly_endpoint_discovery"", ""spintly_fastapi_app"", ""start_and_end_offset"", ""structure"", ""test"", ""test_aai"", ""update_cursor_db"", ""vector"", ""view"", ""views""]",True,False,False,True,6,2,0,25.0,0.0,50.0,25.0,06_FRM_predictions,18,True,False,False,False,False,False,True,False,0,0,2,2,3,"[""cv2"", ""face_recognition"", ""matplotlib""]",1,0,0,True,True,False,True,6,0,True,True,False,0,0.0,100.0,100.0,100.0,False,False,False,False,False
Subin-Vidhu/2025,910750550,main,b02c75d777f19f2808c4bcb6fc171184450a5505,2025-01-01T09:53:14Z,0,61da2f3de8856a33ce2d3ef9cd9070bc7e46753e91f9f399e1202f87eae853fe,5ebed48f6ccfe43457417f81b38d8324a146e46b,4_GenAI Essentials – Full Course for Beginners/GenAI-Essentials/ai21-labs/basic.ipynb,4_GenAI Essentials – Full Course for Beginners/GenAI-Essentials/ai21-labs/basic.ipynb,5ebed48f6ccfe43457417f81b38d8324a146e46b,2254,https://github.com/Subin-Vidhu/2025/blob/main/4_GenAI%20Essentials%20%E2%80%93%20Full%20Course%20for%20Beginners/GenAI-Essentials/ai21-labs/basic.ipynb,True,python3,python,3.12,3,3,0,0,3,100.0,7,2,False,False,False,False,False,False,0,[],False,False,False,False,False,True,False,True,False,False,True,True,False,False,False,False,True,78,"[""0-Implementation"", ""0-Introduction"", ""01-Doubly_Linked_Lists"", ""01-Implementation"", ""02-First_Recurring_Character"", ""02-Reverse"", ""03-Pattern_Matching"", ""03-Reversing_String"", ""04-Merging_sorted_arrays"", ""05-Two_Sum"", ""06-Maximum_SubArray"", ""07-Move_Zeroes"", ""08-Contains_Duplicate"", ""09-Rotate_Array"", ""1-Implementation"", ""10-Longest_Word"", ""AIRA_full_dataset_random_visualization"", ""AIVoiceAgent"", ""Age"", ""FDA_metadata_comparison"", ""Google Interview Question"", ""Interview Question 1"", ""O(1)"", ""O(m + n)"", ""O(m x n)"", ""O(n)"", ""O(n^2)"", ""Pixel_Offset_and_Image_Offset"", ""aes_ctr_dicom"", ""aes_ctr_text"", ""analyze_dicom_metadata"", ""api_tester"", ""app"", ""audio_utils"", ""basic"", ""blocks"", ""chat"", ""chat-chatgpt"", ""chat-claude"", ""chat-with-image"", ""chat_interface"", ""crew"", ""data"", ""deepseek_tars"", ""diag"", ""dsa"", ""face_recognition"", ""file_compare"", ""find_files_on_this_date"", ""folder_creator"", ""game_builder_crew"", ""gemma"", ""gen"", ""hello"", ""index"", ""index_url"", ""interface"", ""kidney_analysis"", ""main"", ""main_sr"", ""observer_comparison"", ""outlier_cases"", ""read_csv"", ""recog"", ""reset_files"", ""snake"", ""spintly_api_tester_advanced"", ""spintly_daily_time_multiple_days"", ""spintly_endpoint_discovery"", ""spintly_fastapi_app"", ""start_and_end_offset"", ""structure"", ""test"", ""test_aai"", ""update_cursor_db"", ""vector"", ""view"", ""views""]",True,False,False,True,3,0,0,0.0,0.0,0.0,0.0,basic,5,False,False,True,True,False,False,False,False,0,0,0,0,0,[],0,0,0,True,True,True,True,3,0,True,True,False,3,3.0,100.0,100.0,100.0,False,True,False,False,False
Subin-Vidhu/2025,910750550,main,b02c75d777f19f2808c4bcb6fc171184450a5505,2025-01-01T09:53:14Z,0,4e556d3cb63530dcc7a98587b46b066ea5fce058b60b840c5ba49e86aae40909,28d901137945abbf235532dd7aff6fc4fbca67d0,4_GenAI Essentials – Full Course for Beginners/GenAI-Essentials/amazon-bedrock/basic.ipynb,4_GenAI Essentials – Full Course for Beginners/GenAI-Essentials/amazon-bedrock/basic.ipynb,28d901137945abbf235532dd7aff6fc4fbca67d0,3337,https://github.com/Subin-Vidhu/2025/blob/main/4_GenAI%20Essentials%20%E2%80%93%20Full%20Course%20for%20Beginners/GenAI-Essentials/amazon-bedrock/basic.ipynb,True,python3,python,3.11,6,6,0,0,5,83.33333333333334,10,2,False,False,False,False,False,False,1,"[[""boto3"", 1]]",False,False,False,False,False,True,False,True,False,False,True,True,False,False,False,False,True,78,"[""0-Implementation"", ""0-Introduction"", ""01-Doubly_Linked_Lists"", ""01-Implementation"", ""02-First_Recurring_Character"", ""02-Reverse"", ""03-Pattern_Matching"", ""03-Reversing_String"", ""04-Merging_sorted_arrays"", ""05-Two_Sum"", ""06-Maximum_SubArray"", ""07-Move_Zeroes"", ""08-Contains_Duplicate"", ""09-Rotate_Array"", ""1-Implementation"", ""10-Longest_Word"", ""AIRA_full_dataset_random_visualization"", ""AIVoiceAgent"", ""Age"", ""FDA_metadata_comparison"", ""Google Interview Question"", ""Interview Question 1"", ""O(1)"", ""O(m + n)"", ""O(m x n)"", ""O(n)"", ""O(n^2)"", ""Pixel_Offset_and_Image_Offset"", ""aes_ctr_dicom"", ""aes_ctr_text"", ""analyze_dicom_metadata"", ""api_tester"", ""app"", ""audio_utils"", ""basic"", ""blocks"", ""chat"", ""chat-chatgpt"", ""chat-claude"", ""chat-with-image"", ""chat_interface"", ""crew"", ""data"", ""deepseek_tars"", ""diag"", ""dsa"", ""face_recognition"", ""file_compare"", ""find_files_on_this_date"", ""folder_creator"", ""game_builder_crew"", ""gemma"", ""gen"", ""hello"", ""index"", ""index_url"", ""interface"", ""kidney_analysis"", ""main"", ""main_sr"", ""observer_comparison"", ""outlier_cases"", ""read_csv"", ""recog"", ""reset_files"", ""snake"", ""spintly_api_tester_advanced"", ""spintly_daily_time_multiple_days"", ""spintly_endpoint_discovery"", ""spintly_fastapi_app"", ""start_and_end_offset"", ""structure"", ""test"", ""test_aai"", ""update_cursor_db"", ""vector"", ""view"", ""views""]",True,False,False,True,6,0,0,0.0,0.0,0.0,0.0,basic,5,False,False,True,True,False,False,False,False,0,0,0,0,1,"[""boto3""]",0,0,0,True,True,True,True,5,1,True,True,False,5,2.5,100.0,100.0,50.0,False,True,False,False,False
Subin-Vidhu/2025,910750550,main,b02c75d777f19f2808c4bcb6fc171184450a5505,2025-01-01T09:53:14Z,0,8eccf99ac74c8572e549d5d379b7280e74a1a427c9ea6b3ea590535aa9caf09c,66749fa2767dd781da3459d76be640ec968dc48f,4_GenAI Essentials – Full Course for Beginners/GenAI-Essentials/anthropic/basic.ipynb,4_GenAI Essentials – Full Course for Beginners/GenAI-Essentials/anthropic/basic.ipynb,66749fa2767dd781da3459d76be640ec968dc48f,1875,https://github.com/Subin-Vidhu/2025/blob/main/4_GenAI%20Essentials%20%E2%80%93%20Full%20Course%20for%20Beginners/GenAI-Essentials/anthropic/basic.ipynb,True,python3,python,3.12,3,3,0,0,3,100.0,8,3,True,False,False,False,False,False,0,[],False,False,False,False,False,True,False,True,False,False,True,True,False,False,False,False,True,78,"[""0-Implementation"", ""0-Introduction"", ""01-Doubly_Linked_Lists"", ""01-Implementation"", ""02-First_Recurring_Character"", ""02-Reverse"", ""03-Pattern_Matching"", ""03-Reversing_String"", ""04-Merging_sorted_arrays"", ""05-Two_Sum"", ""06-Maximum_SubArray"", ""07-Move_Zeroes"", ""08-Contains_Duplicate"", ""09-Rotate_Array"", ""1-Implementation"", ""10-Longest_Word"", ""AIRA_full_dataset_random_visualization"", ""AIVoiceAgent"", ""Age"", ""FDA_metadata_comparison"", ""Google Interview Question"", ""Interview Question 1"", ""O(1)"", ""O(m + n)"", ""O(m x n)"", ""O(n)"", ""O(n^2)"", ""Pixel_Offset_and_Image_Offset"", ""aes_ctr_dicom"", ""aes_ctr_text"", ""analyze_dicom_metadata"", ""api_tester"", ""app"", ""audio_utils"", ""basic"", ""blocks"", ""chat"", ""chat-chatgpt"", ""chat-claude"", ""chat-with-image"", ""chat_interface"", ""crew"", ""data"", ""deepseek_tars"", ""diag"", ""dsa"", ""face_recognition"", ""file_compare"", ""find_files_on_this_date"", ""folder_creator"", ""game_builder_crew"", ""gemma"", ""gen"", ""hello"", ""index"", ""index_url"", ""interface"", ""kidney_analysis"", ""main"", ""main_sr"", ""observer_comparison"", ""outlier_cases"", ""read_csv"", ""recog"", ""reset_files"", ""snake"", ""spintly_api_tester_advanced"", ""spintly_daily_time_multiple_days"", ""spintly_endpoint_discovery"", ""spintly_fastapi_app"", ""start_and_end_offset"", ""structure"", ""test"", ""test_aai"", ""update_cursor_db"", ""vector"", ""view"", ""views""]",True,False,False,True,3,0,0,0.0,0.0,0.0,0.0,basic,5,False,False,True,True,False,False,False,False,0,0,0,0,0,[],0,0,0,True,True,True,True,3,0,True,True,True,5,5.0,100.0,100.0,100.0,True,True,False,False,False
Subin-Vidhu/2025,910750550,main,b02c75d777f19f2808c4bcb6fc171184450a5505,2025-01-01T09:53:14Z,0,1a2c3d7a7e7210037705f63d86c802e9b49235ee3a8e715907547ecdf2756035,c684b2d59e4ba131bbd8202d490385010eb60536,4_GenAI Essentials – Full Course for Beginners/GenAI-Essentials/azure-ai-foundry/basic.ipynb,4_GenAI Essentials – Full Course for Beginners/GenAI-Essentials/azure-ai-foundry/basic.ipynb,c684b2d59e4ba131bbd8202d490385010eb60536,3748,https://github.com/Subin-Vidhu/2025/blob/main/4_GenAI%20Essentials%20%E2%80%93%20Full%20Course%20for%20Beginners/GenAI-Essentials/azure-ai-foundry/basic.ipynb,True,python3,python,3.10,6,5,1,0,3,60.0,7,1,False,False,False,False,False,False,0,[],False,False,False,False,False,True,False,True,False,False,True,True,False,False,False,False,True,78,"[""0-Implementation"", ""0-Introduction"", ""01-Doubly_Linked_Lists"", ""01-Implementation"", ""02-First_Recurring_Character"", ""02-Reverse"", ""03-Pattern_Matching"", ""03-Reversing_String"", ""04-Merging_sorted_arrays"", ""05-Two_Sum"", ""06-Maximum_SubArray"", ""07-Move_Zeroes"", ""08-Contains_Duplicate"", ""09-Rotate_Array"", ""1-Implementation"", ""10-Longest_Word"", ""AIRA_full_dataset_random_visualization"", ""AIVoiceAgent"", ""Age"", ""FDA_metadata_comparison"", ""Google Interview Question"", ""Interview Question 1"", ""O(1)"", ""O(m + n)"", ""O(m x n)"", ""O(n)"", ""O(n^2)"", ""Pixel_Offset_and_Image_Offset"", ""aes_ctr_dicom"", ""aes_ctr_text"", ""analyze_dicom_metadata"", ""api_tester"", ""app"", ""audio_utils"", ""basic"", ""blocks"", ""chat"", ""chat-chatgpt"", ""chat-claude"", ""chat-with-image"", ""chat_interface"", ""crew"", ""data"", ""deepseek_tars"", ""diag"", ""dsa"", ""face_recognition"", ""file_compare"", ""find_files_on_this_date"", ""folder_creator"", ""game_builder_crew"", ""gemma"", ""gen"", ""hello"", ""index"", ""index_url"", ""interface"", ""kidney_analysis"", ""main"", ""main_sr"", ""observer_comparison"", ""outlier_cases"", ""read_csv"", ""recog"", ""reset_files"", ""snake"", ""spintly_api_tester_advanced"", ""spintly_daily_time_multiple_days"", ""spintly_endpoint_discovery"", ""spintly_fastapi_app"", ""start_and_end_offset"", ""structure"", ""test"", ""test_aai"", ""update_cursor_db"", ""vector"", ""view"", ""views""]",True,False,False,True,5,1,0,16.666666666666664,50.0,0.0,0.0,basic,5,False,False,False,False,False,False,False,False,0,0,0,0,0,[],0,0,0,True,True,True,True,3,2,True,True,False,0,0.0,0.0,100.0,66.66666666666666,False,False,False,False,False
Subin-Vidhu/2025,910750550,main,b02c75d777f19f2808c4bcb6fc171184450a5505,2025-01-01T09:53:14Z,0,e6f4dfa419ef3901080c3e57542b3e16c81e19ec2cb43cee355ff5f94df49843,3144d7587475b66894402e5f21c7b4890b119851,4_GenAI Essentials – Full Course for Beginners/GenAI-Essentials/cohere/basic.ipynb,4_GenAI Essentials – Full Course for Beginners/GenAI-Essentials/cohere/basic.ipynb,3144d7587475b66894402e5f21c7b4890b119851,2054,https://github.com/Subin-Vidhu/2025/blob/main/4_GenAI%20Essentials%20%E2%80%93%20Full%20Course%20for%20Beginners/GenAI-Essentials/cohere/basic.ipynb,True,python3,python,3.12,3,3,0,0,3,100.0,3,3,True,False,False,False,False,False,0,[],False,False,False,False,False,True,False,True,False,False,True,True,False,False,False,False,True,78,"[""0-Implementation"", ""0-Introduction"", ""01-Doubly_Linked_Lists"", ""01-Implementation"", ""02-First_Recurring_Character"", ""02-Reverse"", ""03-Pattern_Matching"", ""03-Reversing_String"", ""04-Merging_sorted_arrays"", ""05-Two_Sum"", ""06-Maximum_SubArray"", ""07-Move_Zeroes"", ""08-Contains_Duplicate"", ""09-Rotate_Array"", ""1-Implementation"", ""10-Longest_Word"", ""AIRA_full_dataset_random_visualization"", ""AIVoiceAgent"", ""Age"", ""FDA_metadata_comparison"", ""Google Interview Question"", ""Interview Question 1"", ""O(1)"", ""O(m + n)"", ""O(m x n)"", ""O(n)"", ""O(n^2)"", ""Pixel_Offset_and_Image_Offset"", ""aes_ctr_dicom"", ""aes_ctr_text"", ""analyze_dicom_metadata"", ""api_tester"", ""app"", ""audio_utils"", ""basic"", ""blocks"", ""chat"", ""chat-chatgpt"", ""chat-claude"", ""chat-with-image"", ""chat_interface"", ""crew"", ""data"", ""deepseek_tars"", ""diag"", ""dsa"", ""face_recognition"", ""file_compare"", ""find_files_on_this_date"", ""folder_creator"", ""game_builder_crew"", ""gemma"", ""gen"", ""hello"", ""index"", ""index_url"", ""interface"", ""kidney_analysis"", ""main"", ""main_sr"", ""observer_comparison"", ""outlier_cases"", ""read_csv"", ""recog"", ""reset_files"", ""snake"", ""spintly_api_tester_advanced"", ""spintly_daily_time_multiple_days"", ""spintly_endpoint_discovery"", ""spintly_fastapi_app"", ""start_and_end_offset"", ""structure"", ""test"", ""test_aai"", ""update_cursor_db"", ""vector"", ""view"", ""views""]",True,False,False,True,3,0,0,0.0,0.0,0.0,0.0,basic,5,False,False,True,True,False,False,False,False,0,0,0,0,0,[],0,0,0,True,True,True,True,3,0,True,True,False,0,0.0,100.0,100.0,100.0,False,False,False,False,False
Subin-Vidhu/2025,910750550,main,b02c75d777f19f2808c4bcb6fc171184450a5505,2025-01-01T09:53:14Z,0,f2de9584fc1ee3784421358873610a3433b0712133bec364749f74fa99b114ae,64cde338308139106d5a1befd97b89cdbead1de0,4_GenAI Essentials – Full Course for Beginners/GenAI-Essentials/google-ai-studio/basic.ipynb,4_GenAI Essentials – Full Course for Beginners/GenAI-Essentials/google-ai-studio/basic.ipynb,64cde338308139106d5a1befd97b89cdbead1de0,5848,https://github.com/Subin-Vidhu/2025/blob/main/4_GenAI%20Essentials%20%E2%80%93%20Full%20Course%20for%20Beginners/GenAI-Essentials/google-ai-studio/basic.ipynb,True,python3,python,3.12,3,3,0,0,3,100.0,5,3,True,False,False,False,False,False,0,[],False,False,False,False,False,True,False,True,False,False,True,True,False,False,False,False,True,78,"[""0-Implementation"", ""0-Introduction"", ""01-Doubly_Linked_Lists"", ""01-Implementation"", ""02-First_Recurring_Character"", ""02-Reverse"", ""03-Pattern_Matching"", ""03-Reversing_String"", ""04-Merging_sorted_arrays"", ""05-Two_Sum"", ""06-Maximum_SubArray"", ""07-Move_Zeroes"", ""08-Contains_Duplicate"", ""09-Rotate_Array"", ""1-Implementation"", ""10-Longest_Word"", ""AIRA_full_dataset_random_visualization"", ""AIVoiceAgent"", ""Age"", ""FDA_metadata_comparison"", ""Google Interview Question"", ""Interview Question 1"", ""O(1)"", ""O(m + n)"", ""O(m x n)"", ""O(n)"", ""O(n^2)"", ""Pixel_Offset_and_Image_Offset"", ""aes_ctr_dicom"", ""aes_ctr_text"", ""analyze_dicom_metadata"", ""api_tester"", ""app"", ""audio_utils"", ""basic"", ""blocks"", ""chat"", ""chat-chatgpt"", ""chat-claude"", ""chat-with-image"", ""chat_interface"", ""crew"", ""data"", ""deepseek_tars"", ""diag"", ""dsa"", ""face_recognition"", ""file_compare"", ""find_files_on_this_date"", ""folder_creator"", ""game_builder_crew"", ""gemma"", ""gen"", ""hello"", ""index"", ""index_url"", ""interface"", ""kidney_analysis"", ""main"", ""main_sr"", ""observer_comparison"", ""outlier_cases"", ""read_csv"", ""recog"", ""reset_files"", ""snake"", ""spintly_api_tester_advanced"", ""spintly_daily_time_multiple_days"", ""spintly_endpoint_discovery"", ""spintly_fastapi_app"", ""start_and_end_offset"", ""structure"", ""test"", ""test_aai"", ""update_cursor_db"", ""vector"", ""view"", ""views""]",True,False,False,True,3,0,0,0.0,0.0,0.0,0.0,basic,5,False,False,True,True,False,False,False,False,0,0,0,0,0,[],0,0,0,True,True,True,True,3,0,True,True,False,1,1.0,100.0,100.0,100.0,False,True,False,False,False
Subin-Vidhu/2025,910750550,main,b02c75d777f19f2808c4bcb6fc171184450a5505,2025-01-01T09:53:14Z,0,855d45a71b61bb6be190c985238a50349e3cb66f53635965d45206093b3045a2,075691fba558ee1ec1fe70f2a4687080c8caee63,4_GenAI Essentials – Full Course for Beginners/GenAI-Essentials/hugging-face/hf-basic.ipynb,4_GenAI Essentials – Full Course for Beginners/GenAI-Essentials/hugging-face/hf-basic.ipynb,075691fba558ee1ec1fe70f2a4687080c8caee63,2204,https://github.com/Subin-Vidhu/2025/blob/main/4_GenAI%20Essentials%20%E2%80%93%20Full%20Course%20for%20Beginners/GenAI-Essentials/hugging-face/hf-basic.ipynb,True,python3,python,3.10,4,4,0,0,4,100.0,9,4,True,False,False,False,False,False,0,[],False,False,False,False,False,True,False,True,False,False,True,True,False,False,False,False,True,78,"[""0-Implementation"", ""0-Introduction"", ""01-Doubly_Linked_Lists"", ""01-Implementation"", ""02-First_Recurring_Character"", ""02-Reverse"", ""03-Pattern_Matching"", ""03-Reversing_String"", ""04-Merging_sorted_arrays"", ""05-Two_Sum"", ""06-Maximum_SubArray"", ""07-Move_Zeroes"", ""08-Contains_Duplicate"", ""09-Rotate_Array"", ""1-Implementation"", ""10-Longest_Word"", ""AIRA_full_dataset_random_visualization"", ""AIVoiceAgent"", ""Age"", ""FDA_metadata_comparison"", ""Google Interview Question"", ""Interview Question 1"", ""O(1)"", ""O(m + n)"", ""O(m x n)"", ""O(n)"", ""O(n^2)"", ""Pixel_Offset_and_Image_Offset"", ""aes_ctr_dicom"", ""aes_ctr_text"", ""analyze_dicom_metadata"", ""api_tester"", ""app"", ""audio_utils"", ""basic"", ""blocks"", ""chat"", ""chat-chatgpt"", ""chat-claude"", ""chat-with-image"", ""chat_interface"", ""crew"", ""data"", ""deepseek_tars"", ""diag"", ""dsa"", ""face_recognition"", ""file_compare"", ""find_files_on_this_date"", ""folder_creator"", ""game_builder_crew"", ""gemma"", ""gen"", ""hello"", ""index"", ""index_url"", ""interface"", ""kidney_analysis"", ""main"", ""main_sr"", ""observer_comparison"", ""outlier_cases"", ""read_csv"", ""recog"", ""reset_files"", ""snake"", ""spintly_api_tester_advanced"", ""spintly_daily_time_multiple_days"", ""spintly_endpoint_discovery"", ""spintly_fastapi_app"", ""start_and_end_offset"", ""structure"", ""test"", ""test_aai"", ""update_cursor_db"", ""vector"", ""view"", ""views""]",True,False,False,True,4,0,0,0.0,0.0,0.0,0.0,hf-basic,8,False,False,True,True,False,False,False,False,0,0,0,0,0,[],0,0,0,True,True,True,True,4,0,True,True,False,5,5.0,100.0,100.0,100.0,False,True,False,False,False
Subin-Vidhu/2025,910750550,main,b02c75d777f19f2808c4bcb6fc171184450a5505,2025-01-01T09:53:14Z,0,d750e8d060187dd791c18ed09a5af4eb03e785a8b76db33a6aac2c974c5141ba,e412f416bd28b6c19dc301e8e664a59fe07b716e,4_GenAI Essentials – Full Course for Beginners/GenAI-Essentials/hugging-face/hf-dataset.ipynb,4_GenAI Essentials – Full Course for Beginners/GenAI-Essentials/hugging-face/hf-dataset.ipynb,e412f416bd28b6c19dc301e8e664a59fe07b716e,13080,https://github.com/Subin-Vidhu/2025/blob/main/4_GenAI%20Essentials%20%E2%80%93%20Full%20Course%20for%20Beginners/GenAI-Essentials/hugging-face/hf-dataset.ipynb,True,python3,python,3.10,17,17,0,0,16,94.11764705882352,17,7,True,False,True,False,False,True,0,[],False,False,False,False,False,True,False,True,False,False,True,True,False,False,False,False,True,78,"[""0-Implementation"", ""0-Introduction"", ""01-Doubly_Linked_Lists"", ""01-Implementation"", ""02-First_Recurring_Character"", ""02-Reverse"", ""03-Pattern_Matching"", ""03-Reversing_String"", ""04-Merging_sorted_arrays"", ""05-Two_Sum"", ""06-Maximum_SubArray"", ""07-Move_Zeroes"", ""08-Contains_Duplicate"", ""09-Rotate_Array"", ""1-Implementation"", ""10-Longest_Word"", ""AIRA_full_dataset_random_visualization"", ""AIVoiceAgent"", ""Age"", ""FDA_metadata_comparison"", ""Google Interview Question"", ""Interview Question 1"", ""O(1)"", ""O(m + n)"", ""O(m x n)"", ""O(n)"", ""O(n^2)"", ""Pixel_Offset_and_Image_Offset"", ""aes_ctr_dicom"", ""aes_ctr_text"", ""analyze_dicom_metadata"", ""api_tester"", ""app"", ""audio_utils"", ""basic"", ""blocks"", ""chat"", ""chat-chatgpt"", ""chat-claude"", ""chat-with-image"", ""chat_interface"", ""crew"", ""data"", ""deepseek_tars"", ""diag"", ""dsa"", ""face_recognition"", ""file_compare"", ""find_files_on_this_date"", ""folder_creator"", ""game_builder_crew"", ""gemma"", ""gen"", ""hello"", ""index"", ""index_url"", ""interface"", ""kidney_analysis"", ""main"", ""main_sr"", ""observer_comparison"", ""outlier_cases"", ""read_csv"", ""recog"", ""reset_files"", ""snake"", ""spintly_api_tester_advanced"", ""spintly_daily_time_multiple_days"", ""spintly_endpoint_discovery"", ""spintly_fastapi_app"", ""start_and_end_offset"", ""structure"", ""test"", ""test_aai"", ""update_cursor_db"", ""vector"", ""view"", ""views""]",True,False,False,True,17,0,0,0.0,0.0,0.0,0.0,hf-dataset,10,False,False,True,True,False,False,False,False,0,0,0,0,0,[],0,0,0,True,True,True,True,16,1,True,False,True,3,1.0,100.0,100.0,85.71428571428571,True,True,False,False,False
Subin-Vidhu/2025,910750550,main,b02c75d777f19f2808c4bcb6fc171184450a5505,2025-01-01T09:53:14Z,0,8a12b2ead9d2187c94bfdcce40fa0198737d5f723cd1dbbba3472b88809abf25,049399a32f181cf6ea98a8ced8dbcaa1f9cb38b1,4_GenAI Essentials – Full Course for Beginners/GenAI-Essentials/hugging-face/hf-direct-model.ipynb,4_GenAI Essentials – Full Course for Beginners/GenAI-Essentials/hugging-face/hf-direct-model.ipynb,049399a32f181cf6ea98a8ced8dbcaa1f9cb38b1,3158,https://github.com/Subin-Vidhu/2025/blob/main/4_GenAI%20Essentials%20%E2%80%93%20Full%20Course%20for%20Beginners/GenAI-Essentials/hugging-face/hf-direct-model.ipynb,True,python3,python,3.10,8,8,0,0,0,0.0,0,0,False,False,False,False,False,False,0,[],False,False,False,False,False,True,False,True,False,False,True,True,False,False,False,False,True,78,"[""0-Implementation"", ""0-Introduction"", ""01-Doubly_Linked_Lists"", ""01-Implementation"", ""02-First_Recurring_Character"", ""02-Reverse"", ""03-Pattern_Matching"", ""03-Reversing_String"", ""04-Merging_sorted_arrays"", ""05-Two_Sum"", ""06-Maximum_SubArray"", ""07-Move_Zeroes"", ""08-Contains_Duplicate"", ""09-Rotate_Array"", ""1-Implementation"", ""10-Longest_Word"", ""AIRA_full_dataset_random_visualization"", ""AIVoiceAgent"", ""Age"", ""FDA_metadata_comparison"", ""Google Interview Question"", ""Interview Question 1"", ""O(1)"", ""O(m + n)"", ""O(m x n)"", ""O(n)"", ""O(n^2)"", ""Pixel_Offset_and_Image_Offset"", ""aes_ctr_dicom"", ""aes_ctr_text"", ""analyze_dicom_metadata"", ""api_tester"", ""app"", ""audio_utils"", ""basic"", ""blocks"", ""chat"", ""chat-chatgpt"", ""chat-claude"", ""chat-with-image"", ""chat_interface"", ""crew"", ""data"", ""deepseek_tars"", ""diag"", ""dsa"", ""face_recognition"", ""file_compare"", ""find_files_on_this_date"", ""folder_creator"", ""game_builder_crew"", ""gemma"", ""gen"", ""hello"", ""index"", ""index_url"", ""interface"", ""kidney_analysis"", ""main"", ""main_sr"", ""observer_comparison"", ""outlier_cases"", ""read_csv"", ""recog"", ""reset_files"", ""snake"", ""spintly_api_tester_advanced"", ""spintly_daily_time_multiple_days"", ""spintly_endpoint_discovery"", ""spintly_fastapi_app"", ""start_and_end_offset"", ""structure"", ""test"", ""test_aai"", ""update_cursor_db"", ""vector"", ""view"", ""views""]",True,False,False,True,8,0,0,0.0,0.0,0.0,0.0,hf-direct-model,15,False,False,True,True,False,False,False,False,0,0,0,0,0,[],0,0,0,True,True,True,True,0,8,False,True,False,0,0.0,0.0,0.0,0.0,False,False,False,False,False
Subin-Vidhu/2025,910750550,main,b02c75d777f19f2808c4bcb6fc171184450a5505,2025-01-01T09:53:14Z,0,ffd9d5eb0d5a7d70318fdccf99254ea21bbe76f27d28bf331d78b729ec930c09,325eda20424edc53795043956cad7a85748168ea,4_GenAI Essentials – Full Course for Beginners/GenAI-Essentials/openai/basic.ipynb,4_GenAI Essentials – Full Course for Beginners/GenAI-Essentials/openai/basic.ipynb,325eda20424edc53795043956cad7a85748168ea,2031,https://github.com/Subin-Vidhu/2025/blob/main/4_GenAI%20Essentials%20%E2%80%93%20Full%20Course%20for%20Beginners/GenAI-Essentials/openai/basic.ipynb,True,python3,python,3.12,3,3,0,0,3,100.0,3,3,True,False,False,False,False,False,0,[],False,False,False,False,False,True,False,True,False,False,True,True,False,False,False,False,True,78,"[""0-Implementation"", ""0-Introduction"", ""01-Doubly_Linked_Lists"", ""01-Implementation"", ""02-First_Recurring_Character"", ""02-Reverse"", ""03-Pattern_Matching"", ""03-Reversing_String"", ""04-Merging_sorted_arrays"", ""05-Two_Sum"", ""06-Maximum_SubArray"", ""07-Move_Zeroes"", ""08-Contains_Duplicate"", ""09-Rotate_Array"", ""1-Implementation"", ""10-Longest_Word"", ""AIRA_full_dataset_random_visualization"", ""AIVoiceAgent"", ""Age"", ""FDA_metadata_comparison"", ""Google Interview Question"", ""Interview Question 1"", ""O(1)"", ""O(m + n)"", ""O(m x n)"", ""O(n)"", ""O(n^2)"", ""Pixel_Offset_and_Image_Offset"", ""aes_ctr_dicom"", ""aes_ctr_text"", ""analyze_dicom_metadata"", ""api_tester"", ""app"", ""audio_utils"", ""basic"", ""blocks"", ""chat"", ""chat-chatgpt"", ""chat-claude"", ""chat-with-image"", ""chat_interface"", ""crew"", ""data"", ""deepseek_tars"", ""diag"", ""dsa"", ""face_recognition"", ""file_compare"", ""find_files_on_this_date"", ""folder_creator"", ""game_builder_crew"", ""gemma"", ""gen"", ""hello"", ""index"", ""index_url"", ""interface"", ""kidney_analysis"", ""main"", ""main_sr"", ""observer_comparison"", ""outlier_cases"", ""read_csv"", ""recog"", ""reset_files"", ""snake"", ""spintly_api_tester_advanced"", ""spintly_daily_time_multiple_days"", ""spintly_endpoint_discovery"", ""spintly_fastapi_app"", ""start_and_end_offset"", ""structure"", ""test"", ""test_aai"", ""update_cursor_db"", ""vector"", ""view"", ""views""]",True,False,False,True,3,0,0,0.0,0.0,0.0,0.0,basic,5,False,False,True,True,False,False,False,False,0,0,0,0,0,[],0,0,0,True,True,True,True,3,0,True,True,False,0,0.0,100.0,100.0,100.0,False,False,False,False,False
Subin-Vidhu/2025,910750550,main,b02c75d777f19f2808c4bcb6fc171184450a5505,2025-01-01T09:53:14Z,0,57c394e7458b9cf49812b59b7c94840eb13d76bd68ca5703d861fe07fdf3d020,f7e7927f8b99be960171b400bb2fb6159ecbcf4c,4_GenAI Essentials – Full Course for Beginners/GenAI-Essentials/pgvector/basic.ipynb,4_GenAI Essentials – Full Course for Beginners/GenAI-Essentials/pgvector/basic.ipynb,f7e7927f8b99be960171b400bb2fb6159ecbcf4c,14049,https://github.com/Subin-Vidhu/2025/blob/main/4_GenAI%20Essentials%20%E2%80%93%20Full%20Course%20for%20Beginners/GenAI-Essentials/pgvector/basic.ipynb,True,python3,python,3.12,4,4,0,0,4,100.0,23,3,False,False,False,False,False,False,0,[],False,False,False,False,False,True,False,True,False,False,True,True,False,False,False,False,True,78,"[""0-Implementation"", ""0-Introduction"", ""01-Doubly_Linked_Lists"", ""01-Implementation"", ""02-First_Recurring_Character"", ""02-Reverse"", ""03-Pattern_Matching"", ""03-Reversing_String"", ""04-Merging_sorted_arrays"", ""05-Two_Sum"", ""06-Maximum_SubArray"", ""07-Move_Zeroes"", ""08-Contains_Duplicate"", ""09-Rotate_Array"", ""1-Implementation"", ""10-Longest_Word"", ""AIRA_full_dataset_random_visualization"", ""AIVoiceAgent"", ""Age"", ""FDA_metadata_comparison"", ""Google Interview Question"", ""Interview Question 1"", ""O(1)"", ""O(m + n)"", ""O(m x n)"", ""O(n)"", ""O(n^2)"", ""Pixel_Offset_and_Image_Offset"", ""aes_ctr_dicom"", ""aes_ctr_text"", ""analyze_dicom_metadata"", ""api_tester"", ""app"", ""audio_utils"", ""basic"", ""blocks"", ""chat"", ""chat-chatgpt"", ""chat-claude"", ""chat-with-image"", ""chat_interface"", ""crew"", ""data"", ""deepseek_tars"", ""diag"", ""dsa"", ""face_recognition"", ""file_compare"", ""find_files_on_this_date"", ""folder_creator"", ""game_builder_crew"", ""gemma"", ""gen"", ""hello"", ""index"", ""index_url"", ""interface"", ""kidney_analysis"", ""main"", ""main_sr"", ""observer_comparison"", ""outlier_cases"", ""read_csv"", ""recog"", ""reset_files"", ""snake"", ""spintly_api_tester_advanced"", ""spintly_daily_time_multiple_days"", ""spintly_endpoint_discovery"", ""spintly_fastapi_app"", ""start_and_end_offset"", ""structure"", ""test"", ""test_aai"", ""update_cursor_db"", ""vector"", ""view"", ""views""]",True,False,False,True,4,0,0,0.0,0.0,0.0,0.0,basic,5,False,False,True,True,False,False,False,False,0,0,0,0,0,[],0,0,0,True,True,True,True,4,0,True,True,False,0,0.0,100.0,100.0,100.0,False,False,False,False,False
Subin-Vidhu/2025,910750550,main,b02c75d777f19f2808c4bcb6fc171184450a5505,2025-01-01T09:53:14Z,0,322ff1eaf29a6dfbfcadd1f2bac61468689394a844231b0420958c66ac2fb41a,32579bab8ea196deeffe6680ddfd5ab702947e35,4_GenAI Essentials – Full Course for Beginners/GenAI-Essentials/pinecone/basic.ipynb,4_GenAI Essentials – Full Course for Beginners/GenAI-Essentials/pinecone/basic.ipynb,32579bab8ea196deeffe6680ddfd5ab702947e35,10812,https://github.com/Subin-Vidhu/2025/blob/main/4_GenAI%20Essentials%20%E2%80%93%20Full%20Course%20for%20Beginners/GenAI-Essentials/pinecone/basic.ipynb,True,python3,python,3.12,10,9,1,0,9,100.0,10,7,True,False,False,False,False,False,0,[],False,False,False,False,False,True,False,True,False,False,True,True,False,False,False,False,True,78,"[""0-Implementation"", ""0-Introduction"", ""01-Doubly_Linked_Lists"", ""01-Implementation"", ""02-First_Recurring_Character"", ""02-Reverse"", ""03-Pattern_Matching"", ""03-Reversing_String"", ""04-Merging_sorted_arrays"", ""05-Two_Sum"", ""06-Maximum_SubArray"", ""07-Move_Zeroes"", ""08-Contains_Duplicate"", ""09-Rotate_Array"", ""1-Implementation"", ""10-Longest_Word"", ""AIRA_full_dataset_random_visualization"", ""AIVoiceAgent"", ""Age"", ""FDA_metadata_comparison"", ""Google Interview Question"", ""Interview Question 1"", ""O(1)"", ""O(m + n)"", ""O(m x n)"", ""O(n)"", ""O(n^2)"", ""Pixel_Offset_and_Image_Offset"", ""aes_ctr_dicom"", ""aes_ctr_text"", ""analyze_dicom_metadata"", ""api_tester"", ""app"", ""audio_utils"", ""basic"", ""blocks"", ""chat"", ""chat-chatgpt"", ""chat-claude"", ""chat-with-image"", ""chat_interface"", ""crew"", ""data"", ""deepseek_tars"", ""diag"", ""dsa"", ""face_recognition"", ""file_compare"", ""find_files_on_this_date"", ""folder_creator"", ""game_builder_crew"", ""gemma"", ""gen"", ""hello"", ""index"", ""index_url"", ""interface"", ""kidney_analysis"", ""main"", ""main_sr"", ""observer_comparison"", ""outlier_cases"", ""read_csv"", ""recog"", ""reset_files"", ""snake"", ""spintly_api_tester_advanced"", ""spintly_daily_time_multiple_days"", ""spintly_endpoint_discovery"", ""spintly_fastapi_app"", ""start_and_end_offset"", ""structure"", ""test"", ""test_aai"", ""update_cursor_db"", ""vector"", ""view"", ""views""]",True,False,False,True,9,1,0,10.0,33.33333333333333,0.0,0.0,basic,5,False,False,False,False,False,False,False,False,0,0,0,0,0,[],0,0,0,True,True,True,True,9,0,True,True,False,0,0.0,100.0,100.0,100.0,False,False,False,False,False
Subin-Vidhu/2025,910750550,main,b02c75d777f19f2808c4bcb6fc171184450a5505,2025-01-01T09:53:14Z,0,fc6bf5b36c98d230453c88b4ddac8afb86c86357096dea2187988ba1846659c8,ef5bdc787395da2902aac46bf3d60a4c1ec73d0e,4_GenAI Essentials – Full Course for Beginners/GenAI-Essentials/pinecone/cohere_and_pinecone.ipynb,4_GenAI Essentials – Full Course for Beginners/GenAI-Essentials/pinecone/cohere_and_pinecone.ipynb,ef5bdc787395da2902aac46bf3d60a4c1ec73d0e,13950,https://github.com/Subin-Vidhu/2025/blob/main/4_GenAI%20Essentials%20%E2%80%93%20Full%20Course%20for%20Beginners/GenAI-Essentials/pinecone/cohere_and_pinecone.ipynb,True,python3,python,3.12,10,10,0,0,10,100.0,12,6,True,False,False,False,False,False,0,[],False,False,False,False,False,True,False,True,False,False,True,True,False,False,False,False,True,78,"[""0-Implementation"", ""0-Introduction"", ""01-Doubly_Linked_Lists"", ""01-Implementation"", ""02-First_Recurring_Character"", ""02-Reverse"", ""03-Pattern_Matching"", ""03-Reversing_String"", ""04-Merging_sorted_arrays"", ""05-Two_Sum"", ""06-Maximum_SubArray"", ""07-Move_Zeroes"", ""08-Contains_Duplicate"", ""09-Rotate_Array"", ""1-Implementation"", ""10-Longest_Word"", ""AIRA_full_dataset_random_visualization"", ""AIVoiceAgent"", ""Age"", ""FDA_metadata_comparison"", ""Google Interview Question"", ""Interview Question 1"", ""O(1)"", ""O(m + n)"", ""O(m x n)"", ""O(n)"", ""O(n^2)"", ""Pixel_Offset_and_Image_Offset"", ""aes_ctr_dicom"", ""aes_ctr_text"", ""analyze_dicom_metadata"", ""api_tester"", ""app"", ""audio_utils"", ""basic"", ""blocks"", ""chat"", ""chat-chatgpt"", ""chat-claude"", ""chat-with-image"", ""chat_interface"", ""crew"", ""data"", ""deepseek_tars"", ""diag"", ""dsa"", ""face_recognition"", ""file_compare"", ""find_files_on_this_date"", ""folder_creator"", ""game_builder_crew"", ""gemma"", ""gen"", ""hello"", ""index"", ""index_url"", ""interface"", ""kidney_analysis"", ""main"", ""main_sr"", ""observer_comparison"", ""outlier_cases"", ""read_csv"", ""recog"", ""reset_files"", ""snake"", ""spintly_api_tester_advanced"", ""spintly_daily_time_multiple_days"", ""spintly_endpoint_discovery"", ""spintly_fastapi_app"", ""start_and_end_offset"", ""structure"", ""test"", ""test_aai"", ""update_cursor_db"", ""vector"", ""view"", ""views""]",True,False,False,True,10,0,0,0.0,0.0,0.0,0.0,cohere_and_pinecone,19,True,False,True,True,False,False,True,False,0,0,0,0,0,[],0,0,0,True,True,True,True,10,0,True,False,True,3,1.5,100.0,100.0,100.0,True,True,False,False,False
Subin-Vidhu/2025,910750550,main,b02c75d777f19f2808c4bcb6fc171184450a5505,2025-01-01T09:53:14Z,0,151444f4fbdcc7254cbccc55c57d2c131e7a91deb96d0051ef6935feadd2f89d,0932cf35ca273934ed58deb5270d363991faf83f,4_GenAI Essentials – Full Course for Beginners/GenAI-Essentials/prompting/react/basic.ipynb,4_GenAI Essentials – Full Course for Beginners/GenAI-Essentials/prompting/react/basic.ipynb,0932cf35ca273934ed58deb5270d363991faf83f,8386,https://github.com/Subin-Vidhu/2025/blob/main/4_GenAI%20Essentials%20%E2%80%93%20Full%20Course%20for%20Beginners/GenAI-Essentials/prompting/react/basic.ipynb,True,python3,python,3.12,12,12,0,0,12,100.0,28,7,True,False,False,False,False,False,0,[],False,False,False,False,False,True,False,True,False,False,True,True,False,False,False,False,True,78,"[""0-Implementation"", ""0-Introduction"", ""01-Doubly_Linked_Lists"", ""01-Implementation"", ""02-First_Recurring_Character"", ""02-Reverse"", ""03-Pattern_Matching"", ""03-Reversing_String"", ""04-Merging_sorted_arrays"", ""05-Two_Sum"", ""06-Maximum_SubArray"", ""07-Move_Zeroes"", ""08-Contains_Duplicate"", ""09-Rotate_Array"", ""1-Implementation"", ""10-Longest_Word"", ""AIRA_full_dataset_random_visualization"", ""AIVoiceAgent"", ""Age"", ""FDA_metadata_comparison"", ""Google Interview Question"", ""Interview Question 1"", ""O(1)"", ""O(m + n)"", ""O(m x n)"", ""O(n)"", ""O(n^2)"", ""Pixel_Offset_and_Image_Offset"", ""aes_ctr_dicom"", ""aes_ctr_text"", ""analyze_dicom_metadata"", ""api_tester"", ""app"", ""audio_utils"", ""basic"", ""blocks"", ""chat"", ""chat-chatgpt"", ""chat-claude"", ""chat-with-image"", ""chat_interface"", ""crew"", ""data"", ""deepseek_tars"", ""diag"", ""dsa"", ""face_recognition"", ""file_compare"", ""find_files_on_this_date"", ""folder_creator"", ""game_builder_crew"", ""gemma"", ""gen"", ""hello"", ""index"", ""index_url"", ""interface"", ""kidney_analysis"", ""main"", ""main_sr"", ""observer_comparison"", ""outlier_cases"", ""read_csv"", ""recog"", ""reset_files"", ""snake"", ""spintly_api_tester_advanced"", ""spintly_daily_time_multiple_days"", ""spintly_endpoint_discovery"", ""spintly_fastapi_app"", ""start_and_end_offset"", ""structure"", ""test"", ""test_aai"", ""update_cursor_db"", ""vector"", ""view"", ""views""]",True,False,False,True,12,0,0,0.0,0.0,0.0,0.0,basic,5,False,False,True,True,False,False,False,False,0,0,0,0,0,[],0,0,0,True,True,True,True,12,0,True,True,True,16,2.6666666666666665,100.0,100.0,100.0,True,True,False,False,True
Subin-Vidhu/2025,910750550,main,b02c75d777f19f2808c4bcb6fc171184450a5505,2025-01-01T09:53:14Z,0,881419795e6b71e6fbe8b8830820b66da4e2d7aa2f7bc9f3ec260e43e62adcb4,37f180a6ea6006f95f0b96c13ee3d9202c94928d,4_GenAI Essentials – Full Course for Beginners/GenAI-Essentials/serpapi/basic.ipynb,4_GenAI Essentials – Full Course for Beginners/GenAI-Essentials/serpapi/basic.ipynb,37f180a6ea6006f95f0b96c13ee3d9202c94928d,23111,https://github.com/Subin-Vidhu/2025/blob/main/4_GenAI%20Essentials%20%E2%80%93%20Full%20Course%20for%20Beginners/GenAI-Essentials/serpapi/basic.ipynb,True,python3,python,3.12,11,11,0,0,11,100.0,19,7,True,False,False,False,False,False,0,[],False,False,False,False,False,True,False,True,False,False,True,True,False,False,False,False,True,78,"[""0-Implementation"", ""0-Introduction"", ""01-Doubly_Linked_Lists"", ""01-Implementation"", ""02-First_Recurring_Character"", ""02-Reverse"", ""03-Pattern_Matching"", ""03-Reversing_String"", ""04-Merging_sorted_arrays"", ""05-Two_Sum"", ""06-Maximum_SubArray"", ""07-Move_Zeroes"", ""08-Contains_Duplicate"", ""09-Rotate_Array"", ""1-Implementation"", ""10-Longest_Word"", ""AIRA_full_dataset_random_visualization"", ""AIVoiceAgent"", ""Age"", ""FDA_metadata_comparison"", ""Google Interview Question"", ""Interview Question 1"", ""O(1)"", ""O(m + n)"", ""O(m x n)"", ""O(n)"", ""O(n^2)"", ""Pixel_Offset_and_Image_Offset"", ""aes_ctr_dicom"", ""aes_ctr_text"", ""analyze_dicom_metadata"", ""api_tester"", ""app"", ""audio_utils"", ""basic"", ""blocks"", ""chat"", ""chat-chatgpt"", ""chat-claude"", ""chat-with-image"", ""chat_interface"", ""crew"", ""data"", ""deepseek_tars"", ""diag"", ""dsa"", ""face_recognition"", ""file_compare"", ""find_files_on_this_date"", ""folder_creator"", ""game_builder_crew"", ""gemma"", ""gen"", ""hello"", ""index"", ""index_url"", ""interface"", ""kidney_analysis"", ""main"", ""main_sr"", ""observer_comparison"", ""outlier_cases"", ""read_csv"", ""recog"", ""reset_files"", ""snake"", ""spintly_api_tester_advanced"", ""spintly_daily_time_multiple_days"", ""spintly_endpoint_discovery"", ""spintly_fastapi_app"", ""start_and_end_offset"", ""structure"", ""test"", ""test_aai"", ""update_cursor_db"", ""vector"", ""view"", ""views""]",True,False,False,True,11,0,0,0.0,0.0,0.0,0.0,basic,5,False,False,True,True,False,False,False,False,0,0,0,0,0,[],0,0,0,True,True,True,True,11,0,True,True,True,7,2.3333333333333335,100.0,100.0,100.0,True,True,False,False,False
samiosborn/Robotics,910925887,main,0441cb5dd5d29a01609a105a472393dfc25abd44,2025-01-01T20:05:31Z,0,b88ff8f817a1985454668ae8e8124a9f6538aa2f9a65d61628cacc03d966849e,4805f37390af7da2b950feffbd0bca9408e7c48c,MonoSLAM/notebooks/examples/01_se3_transforms.ipynb,MonoSLAM/notebooks/examples/01_se3_transforms.ipynb,4805f37390af7da2b950feffbd0bca9408e7c48c,11327,https://github.com/samiosborn/Robotics/blob/main/MonoSLAM/notebooks/examples/01_se3_transforms.ipynb,True,python3,python,3.10,13,7,6,0,7,100.0,8,6,False,False,False,False,False,False,1,"[[""numpy"", 1]]",False,False,False,False,False,True,False,False,False,False,False,False,False,False,False,False,True,79,"[""PS4-RC-Car"", ""animate_cubic_joint_space_sim"", ""animate_linear_joint_space_sim"", ""animate_linear_task_space_sim"", ""animate_quintic_joint_space_3d_sim"", ""animate_quintic_joint_space_sim"", ""animate_trajectory"", ""animate_trajectory_3d"", ""calibrate_ends"", ""cnn_numpy"", ""config"", ""dh"", ""diag_preproc"", ""diagnostic_threshold_sweep"", ""dynamics"", ""estimation"", ""eval_tactip_numpy"", ""experiment_numpy"", ""feetech_bus"", ""forward"", ""functional_numpy"", ""functional_numpy_backward"", ""gravity"", ""inverse"", ""io_params"", ""jacobian"", ""joint_kf_sim"", ""joint_models"", ""joint_space"", ""joint_space_trajectory"", ""keyboard_control"", ""kf_algo"", ""kf_matrix"", ""kin_fk_01_shoulder_insert_smoke"", ""kin_fk_02_shoulder_circle_pan_sweep"", ""kin_fk_03_wrist_reach_straight"", ""kin_fk_04_numeric_dq1_jacobian"", ""kin_fk_05_toggle_offset_effect"", ""kinematics"", ""layers"", ""list_ports"", ""main"", ""metrics_numpy"", ""models"", ""motion_controller"", ""move_between_waypoints_joint_space"", ""move_between_waypoints_task_space"", ""plot2d"", ""plot2d_interactive"", ""plot3d"", ""pose"", ""preprocess_tactip_numpy"", ""preprocessing"", ""ps4_control"", ""rasterise_numpy"", ""save_waypoint"", ""scripts"", ""sensors"", ""simulations"", ""single_fk_plot_sim"", ""single_ik_dls_sim"", ""single_ik_svd_sim"", ""spatial_inertia"", ""spatial_math"", ""spatial_transforms"", ""src"", ""task_space"", ""task_space_trajectory"", ""test_np_backprop"", ""test_np_cnn"", ""test_np_layers"", ""test_np_train"", ""tests"", ""train_cnn_numpy"", ""train_tactip_numpy"", ""trajectory"", ""trajectory_executor"", ""visualisation"", ""waypoints""]",True,False,False,True,7,6,0,46.15384615384615,50.0,50.0,40.0,01_se3_transforms,17,True,False,False,False,False,False,True,False,0,0,0,0,1,"[""numpy""]",0,0,0,True,True,True,True,7,0,True,True,False,1,1.0,100.0,100.0,100.0,False,True,False,False,False
samiosborn/Robotics,910925887,main,0441cb5dd5d29a01609a105a472393dfc25abd44,2025-01-01T20:05:31Z,0,3bc67cb8fe1d7bff4e8d4ff72acc4c7559792d93f8f1799a0b5ccfb683dfbec9,b84547095187b1d9eaec5c3c9c80251cc625505e,MonoSLAM/notebooks/examples/02_pinhole_projection.ipynb,MonoSLAM/notebooks/examples/02_pinhole_projection.ipynb,b84547095187b1d9eaec5c3c9c80251cc625505e,1981,https://github.com/samiosborn/Robotics/blob/main/MonoSLAM/notebooks/examples/02_pinhole_projection.ipynb,True,python3,python,3.10,3,2,1,0,2,100.0,11,1,False,False,False,False,False,False,1,"[[""numpy"", 1]]",False,False,False,False,False,True,False,False,False,False,False,False,False,False,False,False,True,79,"[""PS4-RC-Car"", ""animate_cubic_joint_space_sim"", ""animate_linear_joint_space_sim"", ""animate_linear_task_space_sim"", ""animate_quintic_joint_space_3d_sim"", ""animate_quintic_joint_space_sim"", ""animate_trajectory"", ""animate_trajectory_3d"", ""calibrate_ends"", ""cnn_numpy"", ""config"", ""dh"", ""diag_preproc"", ""diagnostic_threshold_sweep"", ""dynamics"", ""estimation"", ""eval_tactip_numpy"", ""experiment_numpy"", ""feetech_bus"", ""forward"", ""functional_numpy"", ""functional_numpy_backward"", ""gravity"", ""inverse"", ""io_params"", ""jacobian"", ""joint_kf_sim"", ""joint_models"", ""joint_space"", ""joint_space_trajectory"", ""keyboard_control"", ""kf_algo"", ""kf_matrix"", ""kin_fk_01_shoulder_insert_smoke"", ""kin_fk_02_shoulder_circle_pan_sweep"", ""kin_fk_03_wrist_reach_straight"", ""kin_fk_04_numeric_dq1_jacobian"", ""kin_fk_05_toggle_offset_effect"", ""kinematics"", ""layers"", ""list_ports"", ""main"", ""metrics_numpy"", ""models"", ""motion_controller"", ""move_between_waypoints_joint_space"", ""move_between_waypoints_task_space"", ""plot2d"", ""plot2d_interactive"", ""plot3d"", ""pose"", ""preprocess_tactip_numpy"", ""preprocessing"", ""ps4_control"", ""rasterise_numpy"", ""save_waypoint"", ""scripts"", ""sensors"", ""simulations"", ""single_fk_plot_sim"", ""single_ik_dls_sim"", ""single_ik_svd_sim"", ""spatial_inertia"", ""spatial_math"", ""spatial_transforms"", ""src"", ""task_space"", ""task_space_trajectory"", ""test_np_backprop"", ""test_np_cnn"", ""test_np_layers"", ""test_np_train"", ""tests"", ""train_cnn_numpy"", ""train_tactip_numpy"", ""trajectory"", ""trajectory_executor"", ""visualisation"", ""waypoints""]",True,False,False,True,2,1,0,33.33333333333333,0.0,100.0,0.0,02_pinhole_projection,21,True,False,False,False,False,False,True,False,0,0,0,0,1,"[""numpy""]",0,0,0,True,True,True,True,2,0,True,True,False,9,9.0,100.0,100.0,0.0,False,True,False,False,False
samiosborn/Robotics,910925887,main,0441cb5dd5d29a01609a105a472393dfc25abd44,2025-01-01T20:05:31Z,0,6181b8916c6346d78ae1583516f1377d7986c2e6ded3478c24f959785ba88d0e,0d15d99c613c9c5419554cd53233a05e4257781a,MonoSLAM/notebooks/examples/03_ekf_slam.ipynb,MonoSLAM/notebooks/examples/03_ekf_slam.ipynb,0d15d99c613c9c5419554cd53233a05e4257781a,12869,https://github.com/samiosborn/Robotics/blob/main/MonoSLAM/notebooks/examples/03_ekf_slam.ipynb,True,python3,python,3.10,11,6,5,0,6,100.0,12,5,False,False,False,False,False,False,1,"[[""numpy"", 1]]",False,True,False,True,False,True,False,False,False,False,False,False,False,False,False,False,True,79,"[""PS4-RC-Car"", ""animate_cubic_joint_space_sim"", ""animate_linear_joint_space_sim"", ""animate_linear_task_space_sim"", ""animate_quintic_joint_space_3d_sim"", ""animate_quintic_joint_space_sim"", ""animate_trajectory"", ""animate_trajectory_3d"", ""calibrate_ends"", ""cnn_numpy"", ""config"", ""dh"", ""diag_preproc"", ""diagnostic_threshold_sweep"", ""dynamics"", ""estimation"", ""eval_tactip_numpy"", ""experiment_numpy"", ""feetech_bus"", ""forward"", ""functional_numpy"", ""functional_numpy_backward"", ""gravity"", ""inverse"", ""io_params"", ""jacobian"", ""joint_kf_sim"", ""joint_models"", ""joint_space"", ""joint_space_trajectory"", ""keyboard_control"", ""kf_algo"", ""kf_matrix"", ""kin_fk_01_shoulder_insert_smoke"", ""kin_fk_02_shoulder_circle_pan_sweep"", ""kin_fk_03_wrist_reach_straight"", ""kin_fk_04_numeric_dq1_jacobian"", ""kin_fk_05_toggle_offset_effect"", ""kinematics"", ""layers"", ""list_ports"", ""main"", ""metrics_numpy"", ""models"", ""motion_controller"", ""move_between_waypoints_joint_space"", ""move_between_waypoints_task_space"", ""plot2d"", ""plot2d_interactive"", ""plot3d"", ""pose"", ""preprocess_tactip_numpy"", ""preprocessing"", ""ps4_control"", ""rasterise_numpy"", ""save_waypoint"", ""scripts"", ""sensors"", ""simulations"", ""single_fk_plot_sim"", ""single_ik_dls_sim"", ""single_ik_svd_sim"", ""spatial_inertia"", ""spatial_math"", ""spatial_transforms"", ""src"", ""task_space"", ""task_space_trajectory"", ""test_np_backprop"", ""test_np_cnn"", ""test_np_layers"", ""test_np_train"", ""tests"", ""train_cnn_numpy"", ""train_tactip_numpy"", ""trajectory"", ""trajectory_executor"", ""visualisation"", ""waypoints""]",True,False,False,True,6,5,0,45.45454545454545,33.33333333333333,66.66666666666666,40.0,03_ekf_slam,11,True,False,False,False,False,False,True,False,10,0,3,0,1,"[""numpy""]",0,0,0,False,True,True,True,6,0,True,True,False,0,0.0,100.0,100.0,100.0,False,False,False,False,True
digital-duck/zinets,910936000,main,4281da9ca4c84f91fb751b3dd11ef3f0b3ce405b,2025-01-01T20:51:47Z,0,0e2952a7d9e8a326e0a22ea51d268e5a7ee839523e0693b2e51c205166bec01b,deecd97bb2c11052fb5d8bb67647a503953fc8d0,docs/research/md2pdf.ipynb,docs/research/md2pdf.ipynb,deecd97bb2c11052fb5d8bb67647a503953fc8d0,4968,https://github.com/digital-duck/zinets/blob/main/docs/research/md2pdf.ipynb,True,python3,python,3.9,3,3,0,0,2,66.66666666666666,3,2,False,False,False,True,False,False,0,[],False,False,False,False,False,False,False,False,False,False,False,False,False,False,False,False,False,8,"[""md2pdf"", ""md2tex2pdf"", ""pandoc"", ""pandoc-md2latex"", ""pandoc-md2pdf"", ""pandoc-tex2pdf"", ""prepare_arxiv"", ""prepare_arxiv-v1""]",False,False,False,False,3,0,0,0.0,0.0,0.0,0.0,md2pdf,6,False,False,True,True,False,False,False,False,0,0,0,0,0,[],0,0,0,True,True,True,True,2,1,True,True,False,0,0.0,100.0,100.0,0.0,False,False,False,False,False
digital-duck/zinets,910936000,main,4281da9ca4c84f91fb751b3dd11ef3f0b3ce405b,2025-01-01T20:51:47Z,0,5b846bf0ae8064c54a0c03e6aa0f13bcba57d1b69361956d955b515fbb4157ce,4e09c6a460a7683d08769e1ff9cb2bb646a07c4f,docs/ustc/2025-02/code/md_table-1.ipynb,docs/ustc/2025-02/code/md_table-1.ipynb,4e09c6a460a7683d08769e1ff9cb2bb646a07c4f,23060,https://github.com/digital-duck/zinets/blob/main/docs/ustc/2025-02/code/md_table-1.ipynb,True,python3,python,3.12,21,20,1,0,19,95.0,148,9,True,False,False,False,False,False,0,[],False,True,False,True,False,False,False,False,False,False,False,False,False,False,False,False,False,8,"[""md2pdf"", ""md2tex2pdf"", ""pandoc"", ""pandoc-md2latex"", ""pandoc-md2pdf"", ""pandoc-tex2pdf"", ""prepare_arxiv"", ""prepare_arxiv-v1""]",False,False,False,False,20,1,0,4.761904761904762,0.0,0.0,14.285714285714285,md_table-1,10,True,False,False,True,False,False,True,False,1,0,5,2,0,[],0,0,0,False,True,True,True,19,1,True,True,False,0,0.0,100.0,100.0,87.5,False,False,False,False,False
digital-duck/zinets,910936000,main,4281da9ca4c84f91fb751b3dd11ef3f0b3ce405b,2025-01-01T20:51:47Z,0,b077425bce78024c555bbb377237c26d315cb2b930be0dfd60216f73ba47cf19,d5f96e5b23774d6c7e18c6d2310a793bbcc20aa1,docs/ustc/2025-02/code/md_table-2.ipynb,docs/ustc/2025-02/code/md_table-2.ipynb,d5f96e5b23774d6c7e18c6d2310a793bbcc20aa1,12503,https://github.com/digital-duck/zinets/blob/main/docs/ustc/2025-02/code/md_table-2.ipynb,True,python3,python,3.12,16,15,1,0,14,93.33333333333333,59,8,True,False,False,False,False,False,0,[],False,True,False,True,False,False,False,False,False,False,False,False,False,False,False,False,False,8,"[""md2pdf"", ""md2tex2pdf"", ""pandoc"", ""pandoc-md2latex"", ""pandoc-md2pdf"", ""pandoc-tex2pdf"", ""prepare_arxiv"", ""prepare_arxiv-v1""]",False,False,False,False,15,1,0,6.25,0.0,0.0,16.666666666666664,md_table-2,10,True,False,False,True,False,False,True,False,1,0,5,2,0,[],0,0,0,False,True,True,True,14,1,True,True,False,0,0.0,100.0,100.0,80.0,False,False,False,False,False
delb-xml/demo-notebooks,910838689,main,7e75b5c0b0cd4caff1fd5d72f6a375ea7a29ea09,2025-01-01T15:36:19Z,1,332525c77f302b958c4462bd08f7adef269704da87a6a7018d2237810ed7fc62,cf7b25cbcc1cae0011743c00f0a4cef34db17ca1,getting_started.ipynb,getting_started.ipynb,cf7b25cbcc1cae0011743c00f0a4cef34db17ca1,17379,https://github.com/delb-xml/demo-notebooks/blob/main/getting_started.ipynb,True,python3,python,3.13,37,16,21,0,0,0.0,0,0,False,False,False,False,False,False,0,[],False,False,False,False,False,False,False,False,False,False,False,True,False,False,False,False,False,0,[],False,False,False,False,16,21,0,56.75675675675676,58.333333333333336,58.333333333333336,53.84615384615385,getting_started,15,True,False,False,False,False,False,True,False,0,0,0,0,0,[],0,0,0,True,True,True,True,0,16,False,True,False,0,0.0,0.0,0.0,0.0,False,False,False,False,False
kingb12/kingb12.github.io,910654364,main,b3e2cb9333a7f177375ac66fe1a2c4ec09f28f17,2025-01-01T00:12:38Z,0,390727cc73f0422bcede39b6c8866ba10ec0b6ac6aec70b4bfc1e6eb04bcd47b,bc870dcd161e97a1cb6e5d7193a8e0228e4fa9e7,assets/jupyter/blog.ipynb,assets/jupyter/blog.ipynb,bc870dcd161e97a1cb6e5d7193a8e0228e4fa9e7,865,https://github.com/kingb12/kingb12.github.io/blob/main/assets/jupyter/blog.ipynb,True,python3,python,3.6,1,1,0,0,1,100.0,1,1,True,False,False,False,False,False,1,"[[""sys"", 1]]",False,False,False,False,False,True,False,False,False,False,False,True,False,True,False,False,True,0,[],True,False,False,True,1,0,0,0.0,0.0,0.0,0.0,blog,4,False,False,True,True,False,False,False,False,0,0,0,0,1,"[""sys""]",0,0,0,True,True,True,True,1,0,True,True,False,0,0.0,100.0,0.0,0.0,False,False,False,False,False
ferustigris/colab_invest,910777834,master,194f0a774de57fd43650618b7d3701604c3d35b8,2025-01-01T11:52:41Z,0,5dda0b19c40e6aaf6d40ece452060dec03eefce946d38d73be93130108d35357,d4c5ffda41286911142ce89dd608f8f8f6c1aaf3,Update_stocks.ipynb,Update_stocks.ipynb,d4c5ffda41286911142ce89dd608f8f8f6c1aaf3,513423,https://github.com/ferustigris/colab_invest/blob/master/Update_stocks.ipynb,True,python3,python,,20,10,10,0,9,90.0,7,4,False,False,False,False,False,False,0,[],False,False,False,False,False,True,False,True,False,False,True,False,False,False,False,False,True,46,"[""ai_metric"", ""ai_utils"", ""buyback"", ""buyback_percent"", ""cash"", ""colab_utils"", ""current_price"", ""debt_ebitda"", ""dividend"", ""dividendRate"", ""dividend_yield"", ""dividend_yield_5years_avg"", ""dividend_yield_annual"", ""dividend_yield_forward"", ""ebitda"", ""ev_ebitda"", ""financial_metric"", ""firebase_utils"", ""fpe"", ""free_cash_flow"", ""free_cash_flow_per_stock"", ""gcp_utils"", ""general_utils"", ""main"", ""market_cap"", ""metrics_compositor"", ""net_income"", ""nta"", ""pe"", ""pe_calculated"", ""pe_yahoo_static"", ""price_forecast_div"", ""price_forecast_div_buyback"", ""price_forecast_equity"", ""price_forecast_fpe"", ""price_forecast_pe"", ""profit_growth_10_years"", ""ps"", ""revenue"", ""shares"", ""shares_implied"", ""shares_implied_calculated"", ""shares_outstanding"", ""sma_10_years"", ""stock_details"", ""total_debt""]",True,False,False,True,10,10,0,50.0,50.0,50.0,50.0,Update_stocks,13,True,False,False,False,False,False,True,False,0,0,0,0,0,[],0,0,0,True,True,True,True,9,1,True,False,False,0,0.0,66.66666666666666,100.0,100.0,False,False,False,False,False
ferustigris/colab_invest,910777834,master,194f0a774de57fd43650618b7d3701604c3d35b8,2025-01-01T11:52:41Z,0,1867d082bd05eba0cc557458fd8ff76e7a88d1e4b9cd90703727ec877ce6283e,824b3d272cf56366aedc27469c9f7780bdbe54ba,portfolio_balance.ipynb,portfolio_balance.ipynb,824b3d272cf56366aedc27469c9f7780bdbe54ba,722160,https://github.com/ferustigris/colab_invest/blob/master/portfolio_balance.ipynb,True,python3,python,3.8,22,14,8,0,14,100.0,17,7,True,True,True,False,False,True,0,[],False,False,False,False,False,True,False,True,False,False,True,False,False,False,False,False,True,46,"[""ai_metric"", ""ai_utils"", ""buyback"", ""buyback_percent"", ""cash"", ""colab_utils"", ""current_price"", ""debt_ebitda"", ""dividend"", ""dividendRate"", ""dividend_yield"", ""dividend_yield_5years_avg"", ""dividend_yield_annual"", ""dividend_yield_forward"", ""ebitda"", ""ev_ebitda"", ""financial_metric"", ""firebase_utils"", ""fpe"", ""free_cash_flow"", ""free_cash_flow_per_stock"", ""gcp_utils"", ""general_utils"", ""main"", ""market_cap"", ""metrics_compositor"", ""net_income"", ""nta"", ""pe"", ""pe_calculated"", ""pe_yahoo_static"", ""price_forecast_div"", ""price_forecast_div_buyback"", ""price_forecast_equity"", ""price_forecast_fpe"", ""price_forecast_pe"", ""profit_growth_10_years"", ""ps"", ""revenue"", ""shares"", ""shares_implied"", ""shares_implied_calculated"", ""shares_outstanding"", ""sma_10_years"", ""stock_details"", ""total_debt""]",True,False,False,True,14,8,0,36.36363636363637,57.14285714285714,42.857142857142854,12.5,portfolio_balance,17,True,False,False,False,False,False,True,False,0,0,0,0,0,[],0,0,0,True,True,True,True,14,0,True,True,False,0,0.0,100.0,100.0,100.0,False,False,False,False,False
Julio-Rats/tbamud,910709485,master,4e1680db1a27a7f88d30a79b1d7c234f8ff103b7,2025-01-01T06:33:21Z,1,fd604846337e38d530e2ff29c7a03900b4b049f4206ecb6a889090b7dd553fc8,3ec0726500aea2f318b660c1e87926c9ff23e357,power_curve.ipynb,power_curve.ipynb,3ec0726500aea2f318b660c1e87926c9ff23e357,87898,https://github.com/Julio-Rats/tbamud/blob/master/power_curve.ipynb,True,python3,python,,2,1,1,0,1,100.0,1,1,True,True,False,False,False,False,2,"[[""matplotlib"", 1], [""numpy"", 1]]",False,False,False,False,False,False,False,False,False,False,False,False,False,True,False,False,False,0,[],False,False,False,False,1,1,0,50.0,100.0,0.0,0.0,power_curve,11,True,False,False,False,False,False,True,False,0,0,0,0,2,"[""matplotlib"", ""numpy""]",0,0,0,True,True,True,True,1,0,True,True,False,0,0.0,100.0,0.0,0.0,False,False,False,False,False
ralf-42/GenAI,910821666,main,331c8ee931a993f19f691165d278bff6b0c81151,2025-01-01T14:36:52Z,0,e114a81abee7695688f8b1e74a7e5d761b393681471b67e853362fe44adaf027,d50e4e59a32714a52522bffe8fe812bfa4baaa8d,01_notebook/A00_snippets_genai.ipynb,01_notebook/A00_snippets_genai.ipynb,d50e4e59a32714a52522bffe8fe812bfa4baaa8d,38067,https://github.com/ralf-42/GenAI/blob/main/01_notebook/A00_snippets_genai.ipynb,True,python3,python,,103,44,59,0,0,0.0,0,0,False,False,False,False,False,False,0,[],False,False,False,False,False,True,False,False,True,False,False,False,False,False,False,False,True,8,"[""genai_lib"", ""mcp_modul"", ""multimodal_rag"", ""rag_prompt"", ""setup"", ""sql_prompt"", ""text_zusammenfassung"", ""utilities""]",True,True,False,True,44,59,0,57.28155339805825,76.47058823529412,44.11764705882353,51.42857142857142,A00_snippets_genai,18,True,False,False,False,False,False,True,False,0,0,0,0,0,[],0,0,0,True,True,True,True,0,44,False,True,False,0,0.0,0.0,0.0,0.0,False,False,False,True,False
ralf-42/GenAI,910821666,main,331c8ee931a993f19f691165d278bff6b0c81151,2025-01-01T14:36:52Z,0,9df3f37ac4929147c5316beb7227badcaaf49f9ce94b04c387c0e52bfb103ec5,f71a2e6fe016c8945c1cc81ebc29222ae6173f4d,01_notebook/M00_Kurs_Intro.ipynb,01_notebook/M00_Kurs_Intro.ipynb,f71a2e6fe016c8945c1cc81ebc29222ae6173f4d,22608,https://github.com/ralf-42/GenAI/blob/main/01_notebook/M00_Kurs_Intro.ipynb,True,python3,python,3.14,24,2,22,0,0,0.0,0,0,False,False,False,False,False,False,0,[],False,False,False,False,False,True,False,False,True,False,False,False,False,False,False,False,True,8,"[""genai_lib"", ""mcp_modul"", ""multimodal_rag"", ""rag_prompt"", ""setup"", ""sql_prompt"", ""text_zusammenfassung"", ""utilities""]",True,True,False,True,2,22,0,91.66666666666666,100.0,100.0,75.0,M00_Kurs_Intro,14,True,False,False,False,False,False,True,False,0,0,0,0,0,[],0,0,0,True,True,True,True,0,2,False,True,False,0,0.0,0.0,0.0,0.0,False,False,False,False,False
ralf-42/GenAI,910821666,main,331c8ee931a993f19f691165d278bff6b0c81151,2025-01-01T14:36:52Z,0,cab9c84bb86ad1d9feff111006e86325e0c957aca4061116ce45d840888c0863,c38e5f896b627b0f7fb9a2628d04933e2d3c6ece,01_notebook/M01_GenAI_Intro.ipynb,01_notebook/M01_GenAI_Intro.ipynb,c38e5f896b627b0f7fb9a2628d04933e2d3c6ece,21524,https://github.com/ralf-42/GenAI/blob/main/01_notebook/M01_GenAI_Intro.ipynb,True,python3,python,,51,9,42,0,0,0.0,0,1,True,False,False,False,False,True,0,[],False,False,False,False,False,True,False,False,True,False,False,False,False,False,False,False,True,8,"[""genai_lib"", ""mcp_modul"", ""multimodal_rag"", ""rag_prompt"", ""setup"", ""sql_prompt"", ""text_zusammenfassung"", ""utilities""]",True,True,False,True,9,42,0,82.35294117647058,94.11764705882352,82.35294117647058,70.58823529411765,M01_GenAI_Intro,15,True,False,False,False,False,False,True,False,0,0,0,0,0,[],0,0,0,True,True,True,True,0,9,False,True,False,0,0.0,0.0,0.0,0.0,False,False,False,False,False
ralf-42/GenAI,910821666,main,331c8ee931a993f19f691165d278bff6b0c81151,2025-01-01T14:36:52Z,0,6b9c3ef7d4e9a6126f8dbc37785acf65adbc5841600763b14c7109bf28b7cbc2,19cc30d7936b1f0136f9fa0bc576a9ab39c6d5cd,01_notebook/M03_Codieren_mit_GenAI.ipynb,01_notebook/M03_Codieren_mit_GenAI.ipynb,19cc30d7936b1f0136f9fa0bc576a9ab39c6d5cd,25988,https://github.com/ralf-42/GenAI/blob/main/01_notebook/M03_Codieren_mit_GenAI.ipynb,True,python3,python,,31,4,27,0,0,0.0,0,0,False,False,False,False,False,False,0,[],False,False,False,False,False,True,False,False,True,False,False,False,False,False,False,False,True,8,"[""genai_lib"", ""mcp_modul"", ""multimodal_rag"", ""rag_prompt"", ""setup"", ""sql_prompt"", ""text_zusammenfassung"", ""utilities""]",True,True,False,True,4,27,0,87.09677419354838,90.0,90.0,81.81818181818183,M03_Codieren_mit_GenAI,22,True,False,False,False,False,False,True,False,0,0,0,0,0,[],0,0,0,True,True,True,True,0,4,False,True,False,0,0.0,0.0,0.0,0.0,False,False,False,False,False
ralf-42/GenAI,910821666,main,331c8ee931a993f19f691165d278bff6b0c81151,2025-01-01T14:36:52Z,0,001a2214a94ed729703640869e87a57cef3205675ec39d0b27bbae937cf081b9,90586835aa26427bbe73ce4f4b459ff729e74410,01_notebook/M04a_LangChain101.ipynb,01_notebook/M04a_LangChain101.ipynb,90586835aa26427bbe73ce4f4b459ff729e74410,52650,https://github.com/ralf-42/GenAI/blob/main/01_notebook/M04a_LangChain101.ipynb,True,python3,python,3.12,134,56,78,0,0,0.0,0,0,False,False,False,False,False,False,0,[],False,False,False,False,False,True,False,False,True,False,False,False,False,False,False,False,True,8,"[""genai_lib"", ""mcp_modul"", ""multimodal_rag"", ""rag_prompt"", ""setup"", ""sql_prompt"", ""text_zusammenfassung"", ""utilities""]",True,True,False,True,56,78,0,58.2089552238806,59.09090909090909,47.72727272727273,67.3913043478261,M04a_LangChain101,17,True,False,False,False,False,False,True,False,0,0,0,0,0,[],0,0,0,True,True,True,True,0,56,False,True,False,0,0.0,0.0,0.0,0.0,False,False,False,False,False
ralf-42/GenAI,910821666,main,331c8ee931a993f19f691165d278bff6b0c81151,2025-01-01T14:36:52Z,0,d8f85f99d206c5c0626edc510de049d5a60366a6ff89a672ee6268eab9f22046,86ce5ae980ea2872f5da7448379bbc44bc7c7d8f,01_notebook/M04b_LangGraph101.ipynb,01_notebook/M04b_LangGraph101.ipynb,86ce5ae980ea2872f5da7448379bbc44bc7c7d8f,31563,https://github.com/ralf-42/GenAI/blob/main/01_notebook/M04b_LangGraph101.ipynb,True,python3,python,,47,11,36,0,0,0.0,0,0,False,False,False,False,False,False,0,[],False,False,False,False,False,True,False,False,True,False,False,False,False,False,False,False,True,8,"[""genai_lib"", ""mcp_modul"", ""multimodal_rag"", ""rag_prompt"", ""setup"", ""sql_prompt"", ""text_zusammenfassung"", ""utilities""]",True,True,False,True,11,36,0,76.59574468085107,93.33333333333333,66.66666666666666,70.58823529411765,M04b_LangGraph101,17,True,False,False,False,False,False,True,False,0,0,0,0,0,[],0,0,0,True,True,True,True,0,11,False,True,False,0,0.0,0.0,0.0,0.0,False,False,False,False,False
ralf-42/GenAI,910821666,main,331c8ee931a993f19f691165d278bff6b0c81151,2025-01-01T14:36:52Z,0,a15a03cb6e207ffbf50b17ae08b66661cdc65c9ba7a9462ef4e53258ba8cd181,e9323474a1bbe0d63903750dd96812d2cc922c5e,01_notebook/M05_LLM_Transformer.ipynb,01_notebook/M05_LLM_Transformer.ipynb,e9323474a1bbe0d63903750dd96812d2cc922c5e,69586,https://github.com/ralf-42/GenAI/blob/main/01_notebook/M05_LLM_Transformer.ipynb,True,python3,python,,113,53,60,0,0,0.0,0,0,False,False,False,False,False,False,0,[],False,False,False,False,False,True,False,False,True,False,False,False,False,False,False,False,True,8,"[""genai_lib"", ""mcp_modul"", ""multimodal_rag"", ""rag_prompt"", ""setup"", ""sql_prompt"", ""text_zusammenfassung"", ""utilities""]",True,True,False,True,53,60,0,53.09734513274337,78.37837837837837,35.13513513513514,46.15384615384615,M05_LLM_Transformer,19,True,False,False,False,False,False,True,False,0,0,0,0,0,[],0,0,0,True,True,True,True,0,53,False,True,False,0,0.0,0.0,0.0,0.0,False,False,False,False,False
ralf-42/GenAI,910821666,main,331c8ee931a993f19f691165d278bff6b0c81151,2025-01-01T14:36:52Z,0,cb915f4c9b40096c6e7161fa4d1a2ab3bb07677166c68112a753f79ac55781ac,a21b36d744f0388b5321aee9d5b275f960c2988c,01_notebook/M06_Chat_Memory.ipynb,01_notebook/M06_Chat_Memory.ipynb,a21b36d744f0388b5321aee9d5b275f960c2988c,40302,https://github.com/ralf-42/GenAI/blob/main/01_notebook/M06_Chat_Memory.ipynb,True,python3,python,,76,33,43,0,0,0.0,0,0,False,False,False,False,False,False,0,[],False,False,False,False,False,True,False,False,True,False,False,False,False,False,False,False,True,8,"[""genai_lib"", ""mcp_modul"", ""multimodal_rag"", ""rag_prompt"", ""setup"", ""sql_prompt"", ""text_zusammenfassung"", ""utilities""]",True,True,False,True,33,43,0,56.57894736842105,56.00000000000001,52.0,61.53846153846154,M06_Chat_Memory,15,True,False,False,False,False,False,True,False,0,0,0,0,0,[],0,0,0,True,True,True,True,0,33,False,True,False,0,0.0,0.0,0.0,0.0,False,False,False,False,True
ralf-42/GenAI,910821666,main,331c8ee931a993f19f691165d278bff6b0c81151,2025-01-01T14:36:52Z,0,5f4625796b968302ea1aee4e5f5d8428b59deb92d5a9e03c65a1f89ef6c86834,eb7068c8f3645d6e4d2fab9fd13f8cc698649cdf,01_notebook/M07_OutputParser.ipynb,01_notebook/M07_OutputParser.ipynb,eb7068c8f3645d6e4d2fab9fd13f8cc698649cdf,27671,https://github.com/ralf-42/GenAI/blob/main/01_notebook/M07_OutputParser.ipynb,True,python3,python,,77,32,45,0,0,0.0,0,0,False,False,False,False,False,False,0,[],False,False,False,False,False,True,False,False,True,False,False,False,False,False,False,False,True,8,"[""genai_lib"", ""mcp_modul"", ""multimodal_rag"", ""rag_prompt"", ""setup"", ""sql_prompt"", ""text_zusammenfassung"", ""utilities""]",True,True,False,True,32,45,0,58.44155844155844,68.0,40.0,66.66666666666666,M07_OutputParser,16,True,False,False,False,False,False,True,False,0,0,0,0,0,[],0,0,0,True,True,True,True,0,32,False,True,False,0,0.0,0.0,0.0,0.0,False,False,False,True,True
ralf-42/GenAI,910821666,main,331c8ee931a993f19f691165d278bff6b0c81151,2025-01-01T14:36:52Z,0,f6659b9e3453a8f075b78d5b2fab17ff851e04ab001d7d29f50a61ec765ba343,ac90bebbd86264a813cbaba3d9de9c9190bdb6fb,01_notebook/M08_RAG_LangChain.ipynb,01_notebook/M08_RAG_LangChain.ipynb,ac90bebbd86264a813cbaba3d9de9c9190bdb6fb,50913,https://github.com/ralf-42/GenAI/blob/main/01_notebook/M08_RAG_LangChain.ipynb,True,python3,python,,111,35,76,0,0,0.0,0,0,False,False,False,False,False,False,0,[],False,False,False,False,False,True,False,False,True,False,False,False,False,False,False,False,True,8,"[""genai_lib"", ""mcp_modul"", ""multimodal_rag"", ""rag_prompt"", ""setup"", ""sql_prompt"", ""text_zusammenfassung"", ""utilities""]",True,True,False,True,35,76,0,68.46846846846847,91.8918918918919,48.64864864864865,64.86486486486487,M08_RAG_LangChain,17,True,False,False,False,False,False,True,False,0,0,0,0,0,[],0,0,0,True,True,True,True,0,35,False,True,False,0,0.0,0.0,0.0,0.0,False,False,False,False,False
ralf-42/GenAI,910821666,main,331c8ee931a993f19f691165d278bff6b0c81151,2025-01-01T14:36:52Z,0,754beaa34188b44f43b4cc6b927dc6483abc0d4edad84238fc0685af098d89c5,2bb1228fe63d4b27380706e9e95cdf2caff210e0,01_notebook/M09_Multimodal_Bild.ipynb,01_notebook/M09_Multimodal_Bild.ipynb,2bb1228fe63d4b27380706e9e95cdf2caff210e0,41805,https://github.com/ralf-42/GenAI/blob/main/01_notebook/M09_Multimodal_Bild.ipynb,True,python3,python,,59,13,46,0,0,0.0,0,0,False,False,False,False,False,False,0,[],False,False,False,False,False,True,False,False,True,False,False,False,False,False,False,False,True,8,"[""genai_lib"", ""mcp_modul"", ""multimodal_rag"", ""rag_prompt"", ""setup"", ""sql_prompt"", ""text_zusammenfassung"", ""utilities""]",True,True,False,True,13,46,0,77.96610169491525,84.21052631578947,73.68421052631578,76.19047619047619,M09_Multimodal_Bild,19,True,False,False,False,False,False,True,False,0,0,0,0,0,[],0,0,0,True,True,True,True,0,13,False,True,False,0,0.0,0.0,0.0,0.0,False,False,False,False,False
ralf-42/GenAI,910821666,main,331c8ee931a993f19f691165d278bff6b0c81151,2025-01-01T14:36:52Z,0,36cec24e76e4dcbc118b04b09ad4f27022b8c59059257afc24cb10d2e7fa113e,39c4aa122b1cb5b4035bd017e8cb59d371d1d70c,01_notebook/M10_Agenten_LangChain.ipynb,01_notebook/M10_Agenten_LangChain.ipynb,39c4aa122b1cb5b4035bd017e8cb59d371d1d70c,27698,https://github.com/ralf-42/GenAI/blob/main/01_notebook/M10_Agenten_LangChain.ipynb,True,python3,python,,43,12,31,0,0,0.0,0,0,False,False,False,False,False,False,0,[],False,False,False,False,False,True,False,False,True,False,False,False,False,False,False,False,True,8,"[""genai_lib"", ""mcp_modul"", ""multimodal_rag"", ""rag_prompt"", ""setup"", ""sql_prompt"", ""text_zusammenfassung"", ""utilities""]",True,True,False,True,12,31,0,72.09302325581395,85.71428571428571,71.42857142857143,60.0,M10_Agenten_LangChain,21,True,False,False,False,False,False,True,False,0,0,0,0,0,[],0,0,0,True,True,True,True,0,12,False,True,False,0,0.0,0.0,0.0,0.0,False,False,False,False,False
ralf-42/GenAI,910821666,main,331c8ee931a993f19f691165d278bff6b0c81151,2025-01-01T14:36:52Z,0,3769c5c2bb9674ee72ed06ecdf2d3e2d922924ba30d0899b76e6e58ec01bb729,b5affae633f87320320adc0e7375db1c69a499e6,01_notebook/M11_Gradio.ipynb,01_notebook/M11_Gradio.ipynb,b5affae633f87320320adc0e7375db1c69a499e6,30551,https://github.com/ralf-42/GenAI/blob/main/01_notebook/M11_Gradio.ipynb,True,python3,python,3.12,68,16,52,0,0,0.0,0,0,False,False,False,False,False,False,0,[],False,False,False,False,False,True,False,False,True,False,False,False,False,False,False,False,True,8,"[""genai_lib"", ""mcp_modul"", ""multimodal_rag"", ""rag_prompt"", ""setup"", ""sql_prompt"", ""text_zusammenfassung"", ""utilities""]",True,True,False,True,16,52,0,76.47058823529412,86.36363636363636,63.63636363636363,79.16666666666666,M11_Gradio,10,True,False,False,False,False,False,True,False,0,0,0,0,0,[],0,0,0,True,True,True,True,0,16,False,True,False,0,0.0,0.0,0.0,0.0,False,False,False,False,True
ralf-42/GenAI,910821666,main,331c8ee931a993f19f691165d278bff6b0c81151,2025-01-01T14:36:52Z,0,bad946d32289451ad9255a4b0671b6b777fc1311f72904a0f3dd842e89ca66f8,c9e51588523630017f2085f218e220eb9e16ba7d,01_notebook/M12_Lokale_Open_Source_Modelle.ipynb,01_notebook/M12_Lokale_Open_Source_Modelle.ipynb,c9e51588523630017f2085f218e220eb9e16ba7d,34444,https://github.com/ralf-42/GenAI/blob/main/01_notebook/M12_Lokale_Open_Source_Modelle.ipynb,True,python3,python,,56,12,44,0,0,0.0,0,0,False,False,False,False,False,False,0,[],False,False,False,False,False,True,False,False,True,False,False,False,False,False,False,False,True,8,"[""genai_lib"", ""mcp_modul"", ""multimodal_rag"", ""rag_prompt"", ""setup"", ""sql_prompt"", ""text_zusammenfassung"", ""utilities""]",True,True,False,True,12,44,0,78.57142857142857,66.66666666666666,66.66666666666666,100.0,M12_Lokale_Open_Source_Modelle,30,True,False,False,False,False,False,True,False,0,0,0,0,0,[],0,0,0,True,True,True,True,0,12,False,True,False,0,0.0,0.0,0.0,0.0,False,False,False,False,False
ralf-42/GenAI,910821666,main,331c8ee931a993f19f691165d278bff6b0c81151,2025-01-01T14:36:52Z,0,ff446f0ac3420fe816adcdfb2818851786ff23e974713a56e2c587cf768fbc85,be63f05d17645dbedd8f1a4358dfae8fd8f7cdb9,01_notebook/M13_SQL_RAG.ipynb,01_notebook/M13_SQL_RAG.ipynb,be63f05d17645dbedd8f1a4358dfae8fd8f7cdb9,32649,https://github.com/ralf-42/GenAI/blob/main/01_notebook/M13_SQL_RAG.ipynb,True,python3,python,,58,22,36,0,0,0.0,0,0,False,False,False,False,False,False,0,[],False,False,False,False,False,True,False,False,True,False,False,False,False,False,False,False,True,8,"[""genai_lib"", ""mcp_modul"", ""multimodal_rag"", ""rag_prompt"", ""setup"", ""sql_prompt"", ""text_zusammenfassung"", ""utilities""]",True,True,False,True,22,36,0,62.06896551724138,73.68421052631578,57.89473684210527,55.00000000000001,M13_SQL_RAG,11,True,False,False,False,False,False,True,False,0,0,0,0,0,[],0,0,0,True,True,True,True,0,22,False,True,False,0,0.0,0.0,0.0,0.0,False,False,False,True,True
ralf-42/GenAI,910821666,main,331c8ee931a993f19f691165d278bff6b0c81151,2025-01-01T14:36:52Z,0,2f79986252b8688eeed1d8e77784f9eb9feb2601b81e5837e6c6f6e7c94f9b79,f30ba7ba7e94e14dbd77234a3d72e226d2aa6d34,01_notebook/M14_Multimodal_RAG.ipynb,01_notebook/M14_Multimodal_RAG.ipynb,f30ba7ba7e94e14dbd77234a3d72e226d2aa6d34,18164,https://github.com/ralf-42/GenAI/blob/main/01_notebook/M14_Multimodal_RAG.ipynb,True,python3,python,3.10,45,13,32,0,0,0.0,0,0,False,False,False,False,False,False,0,[],False,False,False,False,False,True,False,False,True,False,False,False,False,False,False,False,True,8,"[""genai_lib"", ""mcp_modul"", ""multimodal_rag"", ""rag_prompt"", ""setup"", ""sql_prompt"", ""text_zusammenfassung"", ""utilities""]",True,True,False,True,13,32,0,71.11111111111111,80.0,53.333333333333336,80.0,M14_Multimodal_RAG,18,True,False,False,False,False,False,True,False,0,0,0,0,0,[],0,0,0,True,True,True,True,0,13,False,True,False,0,0.0,0.0,0.0,0.0,False,False,False,False,False
ralf-42/GenAI,910821666,main,331c8ee931a993f19f691165d278bff6b0c81151,2025-01-01T14:36:52Z,0,8ad867461425c69688a2f92d348e021d1747e1badddb5cad14a9df138d669dc5,24433107eb196f551121fd62f287a6a76f0b36b6,01_notebook/M15_Multimodal_Audio.ipynb,01_notebook/M15_Multimodal_Audio.ipynb,24433107eb196f551121fd62f287a6a76f0b36b6,41754,https://github.com/ralf-42/GenAI/blob/main/01_notebook/M15_Multimodal_Audio.ipynb,True,python3,python,,66,25,41,0,0,0.0,0,0,False,False,False,False,False,False,0,[],False,False,False,False,False,True,False,False,True,False,False,False,False,False,False,False,True,8,"[""genai_lib"", ""mcp_modul"", ""multimodal_rag"", ""rag_prompt"", ""setup"", ""sql_prompt"", ""text_zusammenfassung"", ""utilities""]",True,True,False,True,25,41,0,62.121212121212125,63.63636363636363,54.54545454545454,68.18181818181817,M15_Multimodal_Audio,20,True,False,False,False,False,False,True,False,0,0,0,0,0,[],0,0,0,True,True,True,True,0,25,False,True,False,0,0.0,0.0,0.0,0.0,False,False,False,False,False
ralf-42/GenAI,910821666,main,331c8ee931a993f19f691165d278bff6b0c81151,2025-01-01T14:36:52Z,0,a16ab350e6fcf19fcfa9542311cb7812df4f1e3bfef8e4f327e4ac473cec30a0,aea33f423ae5c57c977a2a3f5f32638817c7f3f5,01_notebook/M16_Multimodal_Video.ipynb,01_notebook/M16_Multimodal_Video.ipynb,aea33f423ae5c57c977a2a3f5f32638817c7f3f5,43316,https://github.com/ralf-42/GenAI/blob/main/01_notebook/M16_Multimodal_Video.ipynb,True,python3,python,,59,17,42,0,0,0.0,0,0,False,False,False,False,False,False,0,[],False,False,False,False,False,True,False,False,True,False,False,False,False,False,False,False,True,8,"[""genai_lib"", ""mcp_modul"", ""multimodal_rag"", ""rag_prompt"", ""setup"", ""sql_prompt"", ""text_zusammenfassung"", ""utilities""]",True,True,False,True,17,42,0,71.1864406779661,52.63157894736842,84.21052631578947,76.19047619047619,M16_Multimodal_Video,20,True,False,False,False,False,False,True,False,0,0,0,0,0,[],0,0,0,True,True,True,True,0,17,False,True,False,0,0.0,0.0,0.0,0.0,False,False,False,False,False
ralf-42/GenAI,910821666,main,331c8ee931a993f19f691165d278bff6b0c81151,2025-01-01T14:36:52Z,0,77ee48cba877dadce0c8842b5a661a2ff7eba5a0d9912edf3ed842bdf0445652,a7061edab1f532c7dc54af700e4deb7849897342,01_notebook/M17_MCP_Model_Context_Protocol.ipynb,01_notebook/M17_MCP_Model_Context_Protocol.ipynb,a7061edab1f532c7dc54af700e4deb7849897342,27590,https://github.com/ralf-42/GenAI/blob/main/01_notebook/M17_MCP_Model_Context_Protocol.ipynb,True,python3,python,,47,8,39,0,0,0.0,0,0,False,False,False,False,False,False,0,[],False,False,False,False,False,True,False,False,True,False,False,False,False,False,False,False,True,8,"[""genai_lib"", ""mcp_modul"", ""multimodal_rag"", ""rag_prompt"", ""setup"", ""sql_prompt"", ""text_zusammenfassung"", ""utilities""]",True,True,False,True,8,39,0,82.97872340425532,93.33333333333333,100.0,58.82352941176471,M17_MCP_Model_Context_Protocol,30,True,False,False,False,False,False,True,False,0,0,0,0,0,[],0,0,0,True,True,True,True,0,8,False,True,False,0,0.0,0.0,0.0,0.0,False,False,False,False,False
ralf-42/GenAI,910821666,main,331c8ee931a993f19f691165d278bff6b0c81151,2025-01-01T14:36:52Z,0,753365da6fef917b4c2378d7835f0fc3137aee98f650bd01280b183f94cddfab,0c3f0efe1e60d2ead06349e6aed295a11870a4aa,01_notebook/M18_Fine_Tuning.ipynb,01_notebook/M18_Fine_Tuning.ipynb,0c3f0efe1e60d2ead06349e6aed295a11870a4aa,82571,https://github.com/ralf-42/GenAI/blob/main/01_notebook/M18_Fine_Tuning.ipynb,True,python3,python,,88,15,73,0,0,0.0,0,0,False,False,False,False,False,False,0,[],False,False,False,False,False,True,False,False,True,False,False,False,False,False,False,False,True,8,"[""genai_lib"", ""mcp_modul"", ""multimodal_rag"", ""rag_prompt"", ""setup"", ""sql_prompt"", ""text_zusammenfassung"", ""utilities""]",True,True,False,True,15,73,0,82.95454545454545,96.55172413793103,72.41379310344827,80.0,M18_Fine_Tuning,15,True,False,False,False,False,False,True,False,0,0,0,0,0,[],0,0,0,True,True,True,True,0,15,False,True,False,0,0.0,0.0,0.0,0.0,False,False,False,False,False
Nikhild1093/Nikhild1093,910706166,main,4c3babba132cf87bed2845cd0f31e9ee773ddd62,2025-01-01T06:16:00Z,0,8ebf714da1b8b952686f07d29d8957247c0d9d82314bee6e3c8579e90223c321,f82cbc808d4136f0528b06307dabb8b4ae436331,Neural Networks/Cancer_Prediction_Neural_Network.ipynb,Neural Networks/Cancer_Prediction_Neural_Network.ipynb,f82cbc808d4136f0528b06307dabb8b4ae436331,107469,https://github.com/Nikhild1093/Nikhild1093/blob/main/Neural%20Networks/Cancer_Prediction_Neural_Network.ipynb,True,python3,python,,29,22,7,0,22,100.0,39,14,True,True,True,False,False,True,8,"[[""matplotlib"", 1], [""numpy"", 1], [""pandas"", 1], [""sklearn"", 1], [""tensorflow"", 1]]",False,False,False,True,False,False,False,False,False,False,False,False,False,False,False,False,False,0,[],False,False,False,False,22,7,0,24.137931034482758,11.11111111111111,33.33333333333333,27.27272727272727,Cancer_Prediction_Neural_Network,32,True,False,False,False,False,False,True,False,0,0,0,1,8,"[""matplotlib"", ""numpy"", ""pandas"", ""sklearn"", ""tensorflow""]",0,0,0,True,True,True,True,22,0,True,True,False,6,2.0,100.0,100.0,100.0,False,True,False,False,False
Nikhild1093/Nikhild1093,910706166,main,4c3babba132cf87bed2845cd0f31e9ee773ddd62,2025-01-01T06:16:00Z,0,c321430517df4717ab985cda6043e75de9dd9b3dba39faf137e1ec29cacbe9fc,87046c0a382971f06c5697c230b578902d3b4469,Neural Networks/Dog_vs_Cat_Transfer_Learning.ipynb,Neural Networks/Dog_vs_Cat_Transfer_Learning.ipynb,87046c0a382971f06c5697c230b578902d3b4469,1067977,https://github.com/Nikhild1093/Nikhild1093/blob/main/Neural%20Networks/Dog_vs_Cat_Transfer_Learning.ipynb,True,python3,python,,34,26,8,0,25,96.15384615384616,62,14,True,True,True,False,False,True,15,"[[""IPython"", 1], [""PIL"", 1], [""cv2"", 1], [""glob"", 1], [""google"", 1], [""kagglehub"", 1], [""matplotlib"", 1], [""numpy"", 1], [""os"", 1], [""sklearn"", 1]]",False,False,False,True,False,False,False,False,False,False,False,False,False,False,False,False,False,0,[],False,False,False,False,26,8,0,23.52941176470588,27.27272727272727,27.27272727272727,16.666666666666664,Dog_vs_Cat_Transfer_Learning,28,True,False,False,False,False,False,True,False,0,0,2,1,15,"[""IPython"", ""PIL"", ""cv2"", ""glob"", ""google"", ""kagglehub"", ""matplotlib"", ""numpy"", ""os"", ""sklearn"", ""tensorflow"", ""tensorflow_hub""]",0,0,0,True,True,True,True,25,1,True,True,False,37,4.111111111111111,100.0,100.0,90.0,False,True,False,False,False
Nikhild1093/Nikhild1093,910706166,main,4c3babba132cf87bed2845cd0f31e9ee773ddd62,2025-01-01T06:16:00Z,0,d6f1cfd79538848ed0033794a1950b7496a1cfc57155543a41cacdc68472e2f3,92303ca1246a680684c5b49a4d02e3a1f1621081,Neural Networks/MNIST_digits_Recurrent_NN.ipynb,Neural Networks/MNIST_digits_Recurrent_NN.ipynb,92303ca1246a680684c5b49a4d02e3a1f1621081,87288,https://github.com/Nikhild1093/Nikhild1093/blob/main/Neural%20Networks/MNIST_digits_Recurrent_NN.ipynb,True,python3,python,,28,18,10,0,17,94.44444444444444,38,11,True,True,True,False,False,False,10,"[[""PIL"", 1], [""cv2"", 1], [""google"", 1], [""keras"", 1], [""matplotlib"", 1], [""numpy"", 1], [""seaborn"", 1], [""tensorflow"", 1]]",False,False,False,False,False,False,False,False,False,False,False,False,False,False,False,False,False,0,[],False,False,False,False,18,10,0,35.714285714285715,33.33333333333333,55.55555555555556,20.0,MNIST_digits_Recurrent_NN,25,True,False,False,False,False,False,True,False,0,0,0,0,10,"[""PIL"", ""cv2"", ""google"", ""keras"", ""matplotlib"", ""numpy"", ""seaborn"", ""tensorflow""]",0,0,0,True,True,True,True,17,1,True,True,True,19,2.7142857142857144,100.0,100.0,83.33333333333334,True,True,False,False,False
Nikhild1093/Nikhild1093,910706166,main,4c3babba132cf87bed2845cd0f31e9ee773ddd62,2025-01-01T06:16:00Z,0,ab20af939b03f188d56bd6851527061cc5e89beb0194263d42c93a02e23b3774,d7d7b7feb3e82d809e9da5472a2f5ea538bcac12,Practice/Big_Mart_Sales_XGBoost.ipynb,Practice/Big_Mart_Sales_XGBoost.ipynb,d7d7b7feb3e82d809e9da5472a2f5ea538bcac12,322223,https://github.com/Nikhild1093/Nikhild1093/blob/main/Practice/Big_Mart_Sales_XGBoost.ipynb,True,python3,python,,39,33,6,0,32,96.96969696969697,58,21,True,True,True,False,False,True,9,"[[""kagglehub"", 1], [""matplotlib"", 1], [""numpy"", 1], [""pandas"", 1], [""seaborn"", 1], [""sklearn"", 1], [""xgboost"", 1]]",False,False,False,False,False,False,False,False,False,False,False,False,False,False,False,False,False,0,[],False,False,False,False,33,6,0,15.384615384615385,7.6923076923076925,7.6923076923076925,30.76923076923077,Big_Mart_Sales_XGBoost,22,True,False,False,False,False,False,True,False,0,0,0,0,9,"[""kagglehub"", ""matplotlib"", ""numpy"", ""pandas"", ""seaborn"", ""sklearn"", ""xgboost""]",0,0,0,True,True,True,True,32,1,True,True,True,26,2.3636363636363638,100.0,100.0,90.9090909090909,True,True,False,False,False
Nikhild1093/Nikhild1093,910706166,main,4c3babba132cf87bed2845cd0f31e9ee773ddd62,2025-01-01T06:16:00Z,0,9698efff02c64adb885fe961c5021a4f662048f779fba8cd4439e711afcbfdcd,c479203288d8a58b2f7a22b64e7e8940d40e6027,Practice/Calories_PracticeBurned_Prediction_XGBoost.ipynb,Practice/Calories_PracticeBurned_Prediction_XGBoost.ipynb,c479203288d8a58b2f7a22b64e7e8940d40e6027,201446,https://github.com/Nikhild1093/Nikhild1093/blob/main/Practice/Calories_PracticeBurned_Prediction_XGBoost.ipynb,True,python3,python,,31,22,9,0,22,100.0,59,14,True,True,True,False,False,True,8,"[[""kagglehub"", 1], [""matplotlib"", 1], [""pandas"", 1], [""seaborn"", 1], [""sklearn"", 1], [""xgboost"", 1]]",False,False,False,False,False,False,False,False,False,False,False,False,False,False,False,False,False,0,[],False,False,False,False,22,9,0,29.03225806451613,40.0,10.0,36.36363636363637,Calories_PracticeBurned_Prediction_XGBoost,42,True,False,False,False,False,False,True,False,0,0,0,0,8,"[""kagglehub"", ""matplotlib"", ""pandas"", ""seaborn"", ""sklearn"", ""xgboost""]",0,0,0,True,True,True,True,22,0,True,True,True,37,4.625,100.0,100.0,100.0,True,True,False,False,False
Nikhild1093/Nikhild1093,910706166,main,4c3babba132cf87bed2845cd0f31e9ee773ddd62,2025-01-01T06:16:00Z,0,0c0f152975e4c184ecbf0e5787bfc73408521f9538124036703741d5a43ac1cc,478cb90597be32af002118d4758286b3b25a9079,Practice/Credit_Card_Fraud_Detection_Logistic.ipynb,Practice/Credit_Card_Fraud_Detection_Logistic.ipynb,478cb90597be32af002118d4758286b3b25a9079,172958,https://github.com/Nikhild1093/Nikhild1093/blob/main/Practice/Credit_Card_Fraud_Detection_Logistic.ipynb,True,python3,python,,19,18,1,0,16,88.88888888888889,38,13,True,False,True,False,False,True,6,"[[""kagglehub"", 1], [""numpy"", 1], [""pandas"", 1], [""sklearn"", 1]]",False,False,False,False,False,False,False,False,False,False,False,False,False,False,False,False,False,0,[],False,False,False,False,18,1,0,5.263157894736842,16.666666666666664,0.0,0.0,Credit_Card_Fraud_Detection_Logistic,36,True,False,False,True,False,False,True,False,0,0,0,0,6,"[""kagglehub"", ""numpy"", ""pandas"", ""sklearn""]",0,0,0,True,True,True,True,16,2,True,True,True,22,3.6666666666666665,100.0,83.33333333333334,83.33333333333334,True,True,True,False,False
Nikhild1093/Nikhild1093,910706166,main,4c3babba132cf87bed2845cd0f31e9ee773ddd62,2025-01-01T06:16:00Z,0,944961bdb93a347d42e0e2bcedfdca3d3ff891f81fafd01bb900ec8aff11572c,148b5aa7d054658d2ad1e0102a94f1c06e924cea,Practice/Customer_Segmentation_K_Means_Clustering.ipynb,Practice/Customer_Segmentation_K_Means_Clustering.ipynb,148b5aa7d054658d2ad1e0102a94f1c06e924cea,121097,https://github.com/Nikhild1093/Nikhild1093/blob/main/Practice/Customer_Segmentation_K_Means_Clustering.ipynb,True,python3,python,,20,14,6,0,14,100.0,25,10,True,True,True,False,False,True,6,"[[""kagglehub"", 1], [""matplotlib"", 1], [""numpy"", 1], [""pandas"", 1], [""seaborn"", 1], [""sklearn"", 1]]",False,False,False,True,False,False,False,False,False,False,False,False,False,False,False,False,False,0,[],False,False,False,False,14,6,0,30.0,33.33333333333333,16.666666666666664,37.5,Customer_Segmentation_K_Means_Clustering,40,True,False,False,False,False,False,True,False,0,0,1,0,6,"[""kagglehub"", ""matplotlib"", ""numpy"", ""pandas"", ""seaborn"", ""sklearn""]",0,0,0,True,True,True,True,14,0,True,True,False,6,3.0,100.0,100.0,100.0,False,True,False,False,False
Nikhild1093/Nikhild1093,910706166,main,4c3babba132cf87bed2845cd0f31e9ee773ddd62,2025-01-01T06:16:00Z,0,63a4d8702fc74e73fc6a29dc1a3461805c0a949f57a7bda661bd10a6f4614897,b807e1ed8f00f3be3f76fc9f3aa71bc7bdde13db,Practice/Diabetes_Prediction_SVM.ipynb,Practice/Diabetes_Prediction_SVM.ipynb,b807e1ed8f00f3be3f76fc9f3aa71bc7bdde13db,96778,https://github.com/Nikhild1093/Nikhild1093/blob/main/Practice/Diabetes_Prediction_SVM.ipynb,True,python3,python,,22,19,3,0,19,100.0,19,12,True,False,True,False,False,True,8,"[[""numpy"", 1], [""pandas"", 1], [""pickle"", 1], [""sklearn"", 1]]",False,False,False,False,False,False,False,False,False,False,False,False,False,False,False,False,False,0,[],False,False,False,False,19,3,0,13.636363636363635,14.285714285714285,14.285714285714285,12.5,Diabetes_Prediction_SVM,23,True,False,False,False,False,False,True,False,0,0,0,0,8,"[""numpy"", ""pandas"", ""pickle"", ""sklearn""]",0,0,0,True,True,True,True,19,0,True,True,False,0,0.0,100.0,100.0,100.0,False,False,False,False,False
Nikhild1093/Nikhild1093,910706166,main,4c3babba132cf87bed2845cd0f31e9ee773ddd62,2025-01-01T06:16:00Z,0,51bac64ead40f44819a25a3e81eacfad6519d79e76f7497d8e951a8c5c1022c8,222c7c11a150ee3badbcc504fcc9285d5903a2af,Practice/Fake_News_Pred_NLP.ipynb,Practice/Fake_News_Pred_NLP.ipynb,222c7c11a150ee3badbcc504fcc9285d5903a2af,56196,https://github.com/Nikhild1093/Nikhild1093/blob/main/Practice/Fake_News_Pred_NLP.ipynb,True,python3,python,,25,22,3,0,22,100.0,51,10,True,False,True,False,False,True,11,"[[""kagglehub"", 1], [""nltk"", 1], [""numpy"", 1], [""pandas"", 1], [""re"", 1], [""sklearn"", 1]]",False,True,False,False,False,False,False,False,False,False,False,False,False,False,False,False,False,0,[],False,False,False,False,22,3,0,12.0,12.5,0.0,22.22222222222222,Fake_News_Pred_NLP,18,True,False,False,False,False,False,True,False,1,0,0,0,11,"[""kagglehub"", ""nltk"", ""numpy"", ""pandas"", ""re"", ""sklearn""]",0,0,0,False,True,True,True,22,0,True,True,True,29,3.2222222222222223,100.0,100.0,100.0,True,True,False,False,False
Nikhild1093/Nikhild1093,910706166,main,4c3babba132cf87bed2845cd0f31e9ee773ddd62,2025-01-01T06:16:00Z,0,72449cad68fae8e94259ed20a79fb7521c02834ddb2f01cf0ed8b68add7a9262,25dbd1dc1f927ffe0691d29d746ae009e8cc60f3,Practice/Gold_Price_RandomForest.ipynb,Practice/Gold_Price_RandomForest.ipynb,25dbd1dc1f927ffe0691d29d746ae009e8cc60f3,216073,https://github.com/Nikhild1093/Nikhild1093/blob/main/Practice/Gold_Price_RandomForest.ipynb,True,python3,python,,20,18,2,0,0,0.0,0,13,True,True,True,False,False,True,0,[],False,False,False,False,False,False,False,False,False,False,False,False,False,False,False,False,False,0,[],False,False,False,False,18,2,0,10.0,33.33333333333333,0.0,0.0,Gold_Price_RandomForest,23,True,False,False,False,False,False,True,False,0,0,0,0,0,[],0,0,0,True,True,True,True,0,18,False,True,False,0,0.0,0.0,0.0,0.0,False,False,False,False,False
Nikhild1093/Nikhild1093,910706166,main,4c3babba132cf87bed2845cd0f31e9ee773ddd62,2025-01-01T06:16:00Z,0,195c8215a12312407e2e89720bd34653320ecd9a4436a1b647d735597c1c196c,19b850302e507bd98499ae45ad407f06ff46f852,Practice/Loan_Status_SVM.ipynb,Practice/Loan_Status_SVM.ipynb,19b850302e507bd98499ae45ad407f06ff46f852,220786,https://github.com/Nikhild1093/Nikhild1093/blob/main/Practice/Loan_Status_SVM.ipynb,True,python3,python,,32,25,7,0,25,100.0,41,20,True,True,True,False,False,True,8,"[[""kagglehub"", 1], [""numpy"", 1], [""pandas"", 1], [""seaborn"", 1], [""sklearn"", 1]]",False,False,False,True,False,False,False,False,False,False,False,False,False,False,False,False,False,0,[],False,False,False,False,25,7,0,21.875,20.0,10.0,33.33333333333333,Loan_Status_SVM,15,True,False,False,False,False,False,True,False,0,0,1,0,8,"[""kagglehub"", ""numpy"", ""pandas"", ""seaborn"", ""sklearn""]",0,0,0,True,True,True,True,25,0,True,True,True,16,3.2,100.0,100.0,100.0,True,True,False,False,False
Nikhild1093/Nikhild1093,910706166,main,4c3babba132cf87bed2845cd0f31e9ee773ddd62,2025-01-01T06:16:00Z,0,4cb5a46232f41d356539d5a6b31769c754f8113391255c89f17370a35a1b477e,fa570892087487398108661e5c587008c96e5d4b,Practice/Spam_Email_Classifier_Logistic.ipynb,Practice/Spam_Email_Classifier_Logistic.ipynb,fa570892087487398108661e5c587008c96e5d4b,81808,https://github.com/Nikhild1093/Nikhild1093/blob/main/Practice/Spam_Email_Classifier_Logistic.ipynb,True,python3,python,,26,17,9,0,16,94.11764705882352,24,10,True,False,True,False,False,True,0,[],False,False,False,False,False,False,False,False,False,False,False,False,False,False,False,False,False,0,[],False,False,False,False,17,9,0,34.61538461538461,50.0,12.5,40.0,Spam_Email_Classifier_Logistic,30,True,False,False,False,False,False,True,False,0,0,0,0,0,[],0,0,0,True,True,True,True,16,1,True,True,True,8,1.6,100.0,80.0,100.0,True,True,True,False,False
Nikhild1093/Nikhild1093,910706166,main,4c3babba132cf87bed2845cd0f31e9ee773ddd62,2025-01-01T06:16:00Z,0,c7b99408f63ef42ed835a00584d292e2511024f2af791a709cb76cf64f5751cb,b05b09310b65f6eb8b97a7182f3c3cd9ee170e87,Practice/Titanic_Survival_Prediction_Logistic_Reg.ipynb,Practice/Titanic_Survival_Prediction_Logistic_Reg.ipynb,b05b09310b65f6eb8b97a7182f3c3cd9ee170e87,279487,https://github.com/Nikhild1093/Nikhild1093/blob/main/Practice/Titanic_Survival_Prediction_Logistic_Reg.ipynb,True,python3,python,,34,25,9,0,24,96.0,76,17,True,True,True,False,False,True,0,[],False,False,False,False,False,False,False,False,False,False,False,False,False,False,False,False,False,0,[],False,False,False,False,25,9,0,26.47058823529412,36.36363636363637,9.090909090909092,33.33333333333333,Titanic_Survival_Prediction_Logistic_Reg,40,True,False,False,False,False,False,True,False,0,0,0,0,0,[],0,0,0,True,True,True,True,24,1,True,True,True,51,5.1,100.0,87.5,100.0,True,True,True,False,False
Ananta098/scraping,910728874,main,9a4ff76963b42b79e0761df6f3c96de423ff493c,2025-01-01T08:10:42Z,0,9e19161f81dce341274e1bbcb45652c13bf97e036004127864da7e54a6a91651,e59a088c12aec878df6429d6bd0acc8c076a52f0,Mixkit (1).ipynb,Mixkit (1).ipynb,e59a088c12aec878df6429d6bd0acc8c076a52f0,23634,https://github.com/Ananta098/scraping/blob/main/Mixkit%20(1).ipynb,True,python3,python,3.12,1,1,0,0,1,100.0,2,1,False,False,False,True,False,False,4,"[[""bs4"", 1], [""csv"", 1], [""os"", 1], [""requests"", 1]]",False,False,False,True,False,False,False,False,False,False,False,False,False,False,False,False,False,1,"[""script""]",False,False,False,False,1,0,0,0.0,0.0,0.0,0.0,Mixkit (1),10,True,False,True,True,False,False,True,False,0,0,2,2,4,"[""bs4"", ""csv"", ""os"", ""requests""]",0,0,0,True,True,True,True,1,0,True,True,False,0,0.0,100.0,0.0,0.0,False,False,False,False,False
FrankYang-17/FrankYang-17.github.io,910805944,master,7e40684d5bd168083a0a2e356eba013286ad2ff3,2025-01-01T13:41:24Z,0,cd14df414b5b19a3ce29d7ed5a397424fc82baba35741f1ae315cfca536e5710,0dce167bb515c03ba6743c01dfef97acad0737c5,markdown_generator/OrcidToBib.ipynb,markdown_generator/OrcidToBib.ipynb,0dce167bb515c03ba6743c01dfef97acad0737c5,3106,https://github.com/FrankYang-17/FrankYang-17.github.io/blob/master/markdown_generator/OrcidToBib.ipynb,True,python3,python,3.12,8,6,2,0,0,0.0,0,0,False,False,False,False,False,False,1,"[[""requests"", 1]]",False,False,False,True,False,False,False,False,False,False,False,True,False,False,False,False,False,4,"[""publications"", ""pubsFromBib"", ""talkmap"", ""talks""]",False,False,False,False,6,2,0,25.0,0.0,50.0,25.0,OrcidToBib,10,False,False,False,False,False,False,False,False,0,0,3,1,1,"[""requests""]",0,0,0,True,True,True,True,0,6,False,True,False,0,0.0,0.0,0.0,0.0,False,False,False,False,False
FrankYang-17/FrankYang-17.github.io,910805944,master,7e40684d5bd168083a0a2e356eba013286ad2ff3,2025-01-01T13:41:24Z,0,aa4c5a34805f22dc64009a6ee27c53d12951a216962dfd3482d70363badaea0c,af8f0451880240de3b52f1d62316b2c298443265,markdown_generator/PubsFromBib.ipynb,markdown_generator/PubsFromBib.ipynb,af8f0451880240de3b52f1d62316b2c298443265,8783,https://github.com/FrankYang-17/FrankYang-17.github.io/blob/master/markdown_generator/PubsFromBib.ipynb,True,python3,python,3.7,6,5,1,0,0,0.0,0,0,False,False,False,False,False,False,7,"[[""html"", 1], [""os"", 1], [""pybtex"", 1], [""re"", 1], [""string"", 1], [""time"", 1]]",False,True,False,True,False,False,False,False,False,False,False,True,False,False,False,False,False,4,"[""publications"", ""pubsFromBib"", ""talkmap"", ""talks""]",False,False,False,False,5,1,0,16.666666666666664,50.0,0.0,0.0,PubsFromBib,11,False,False,False,False,False,False,False,False,1,0,3,10,7,"[""html"", ""os"", ""pybtex"", ""re"", ""string"", ""time""]",0,0,0,False,True,True,True,0,5,False,True,False,0,0.0,0.0,0.0,0.0,False,False,False,False,False
FrankYang-17/FrankYang-17.github.io,910805944,master,7e40684d5bd168083a0a2e356eba013286ad2ff3,2025-01-01T13:41:24Z,0,2a7ca78a5ebc1ea73f6834017af00bf5deb4de35b7c622257b22b44ce1aebacc,fa9c89dec3a6cc9f2347690c04f3357dc13d8e67,markdown_generator/publications.ipynb,markdown_generator/publications.ipynb,fa9c89dec3a6cc9f2347690c04f3357dc13d8e67,14391,https://github.com/FrankYang-17/FrankYang-17.github.io/blob/master/markdown_generator/publications.ipynb,True,python3,python,3.6,15,8,7,0,7,87.5,16,4,True,False,True,False,False,False,0,[],False,False,False,False,False,False,False,False,False,False,False,True,False,False,False,False,False,4,"[""publications"", ""pubsFromBib"", ""talkmap"", ""talks""]",False,False,False,False,8,7,0,46.666666666666664,60.0,60.0,20.0,publications,12,False,False,False,False,False,False,False,False,0,0,0,0,0,[],0,0,0,True,True,True,True,7,1,True,True,False,0,0.0,100.0,100.0,75.0,False,False,False,False,False
FrankYang-17/FrankYang-17.github.io,910805944,master,7e40684d5bd168083a0a2e356eba013286ad2ff3,2025-01-01T13:41:24Z,0,9563ed152d9fd56bc6f019f48a10364b8044c254ac5eda7a8141032a21f1f435,f7e2347d34f2f3f226a681a4781d66c05160f104,markdown_generator/talks.ipynb,markdown_generator/talks.ipynb,f7e2347d34f2f3f226a681a4781d66c05160f104,13836,https://github.com/FrankYang-17/FrankYang-17.github.io/blob/master/markdown_generator/talks.ipynb,True,python3,python,3.6,13,7,6,0,7,100.0,7,4,True,False,True,False,False,False,0,[],False,False,False,False,False,False,False,False,False,False,False,True,False,False,False,False,False,4,"[""publications"", ""pubsFromBib"", ""talkmap"", ""talks""]",False,False,False,False,7,6,0,46.15384615384615,50.0,50.0,40.0,talks,5,False,False,False,False,False,False,False,False,0,0,0,0,0,[],0,0,0,True,True,True,True,7,0,True,True,False,0,0.0,100.0,100.0,100.0,False,False,False,False,False
FrankYang-17/FrankYang-17.github.io,910805944,master,7e40684d5bd168083a0a2e356eba013286ad2ff3,2025-01-01T13:41:24Z,0,9bb5f08aa906d50c02065d16364c325702156977ad57eed317f8e887525ed08d,f3aa57cd3b133d79235473f9590d014bedabeb21,talkmap.ipynb,talkmap.ipynb,f3aa57cd3b133d79235473f9590d014bedabeb21,4102,https://github.com/FrankYang-17/FrankYang-17.github.io/blob/master/talkmap.ipynb,True,Python [Root],python,3.5,7,6,1,0,5,83.33333333333334,5,3,True,False,False,False,False,False,0,[],False,False,False,False,False,False,False,False,False,False,False,True,False,False,False,False,False,4,"[""publications"", ""pubsFromBib"", ""talkmap"", ""talks""]",False,False,False,False,6,1,0,14.285714285714285,50.0,0.0,0.0,talkmap,7,False,False,False,False,False,False,False,False,0,0,0,0,0,[],0,0,0,True,True,True,True,5,1,True,True,False,0,0.0,100.0,100.0,50.0,False,False,False,False,False
SongQingHao-Yang/SongQingHao-Yang.github.io,910864524,master,ea7058d6ee6ed1834495b05526d71d5c1a167fa2,2025-01-01T17:05:06Z,0,59f22b50952dcd764e85ddf660d2746175eea15f1148e57910e7a1a0d888c68a,0dce167bb515c03ba6743c01dfef97acad0737c5,markdown_generator/OrcidToBib.ipynb,markdown_generator/OrcidToBib.ipynb,0dce167bb515c03ba6743c01dfef97acad0737c5,3106,https://github.com/SongQingHao-Yang/SongQingHao-Yang.github.io/blob/master/markdown_generator/OrcidToBib.ipynb,True,python3,python,3.12,8,6,2,0,0,0.0,0,0,False,False,False,False,False,False,1,"[[""requests"", 1]]",False,False,False,True,False,False,False,False,False,False,False,True,False,False,False,False,False,4,"[""publications"", ""pubsFromBib"", ""talkmap"", ""talks""]",False,False,False,False,6,2,0,25.0,0.0,50.0,25.0,OrcidToBib,10,False,False,False,False,False,False,False,False,0,0,3,1,1,"[""requests""]",0,0,0,True,True,True,True,0,6,False,True,False,0,0.0,0.0,0.0,0.0,False,False,False,False,False
SongQingHao-Yang/SongQingHao-Yang.github.io,910864524,master,ea7058d6ee6ed1834495b05526d71d5c1a167fa2,2025-01-01T17:05:06Z,0,6916386151832b0ef3e4050222c2c73b83900534163a459257589d359cc371f0,af8f0451880240de3b52f1d62316b2c298443265,markdown_generator/PubsFromBib.ipynb,markdown_generator/PubsFromBib.ipynb,af8f0451880240de3b52f1d62316b2c298443265,8783,https://github.com/SongQingHao-Yang/SongQingHao-Yang.github.io/blob/master/markdown_generator/PubsFromBib.ipynb,True,python3,python,3.7,6,5,1,0,0,0.0,0,0,False,False,False,False,False,False,7,"[[""html"", 1], [""os"", 1], [""pybtex"", 1], [""re"", 1], [""string"", 1], [""time"", 1]]",False,True,False,True,False,False,False,False,False,False,False,True,False,False,False,False,False,4,"[""publications"", ""pubsFromBib"", ""talkmap"", ""talks""]",False,False,False,False,5,1,0,16.666666666666664,50.0,0.0,0.0,PubsFromBib,11,False,False,False,False,False,False,False,False,1,0,3,10,7,"[""html"", ""os"", ""pybtex"", ""re"", ""string"", ""time""]",0,0,0,False,True,True,True,0,5,False,True,False,0,0.0,0.0,0.0,0.0,False,False,False,False,False
SongQingHao-Yang/SongQingHao-Yang.github.io,910864524,master,ea7058d6ee6ed1834495b05526d71d5c1a167fa2,2025-01-01T17:05:06Z,0,774f0d9dc4806c1015e59918597746c692346672b898955073a3170a8ca47b71,fa9c89dec3a6cc9f2347690c04f3357dc13d8e67,markdown_generator/publications.ipynb,markdown_generator/publications.ipynb,fa9c89dec3a6cc9f2347690c04f3357dc13d8e67,14391,https://github.com/SongQingHao-Yang/SongQingHao-Yang.github.io/blob/master/markdown_generator/publications.ipynb,True,python3,python,3.6,15,8,7,0,7,87.5,16,4,True,False,True,False,False,False,0,[],False,False,False,False,False,False,False,False,False,False,False,True,False,False,False,False,False,4,"[""publications"", ""pubsFromBib"", ""talkmap"", ""talks""]",False,False,False,False,8,7,0,46.666666666666664,60.0,60.0,20.0,publications,12,False,False,False,False,False,False,False,False,0,0,0,0,0,[],0,0,0,True,True,True,True,7,1,True,True,False,0,0.0,100.0,100.0,75.0,False,False,False,False,False
SongQingHao-Yang/SongQingHao-Yang.github.io,910864524,master,ea7058d6ee6ed1834495b05526d71d5c1a167fa2,2025-01-01T17:05:06Z,0,34374ea91bddf46b6364bff54a9b773034bfb2b249587555682e053bf7af9f2d,f7e2347d34f2f3f226a681a4781d66c05160f104,markdown_generator/talks.ipynb,markdown_generator/talks.ipynb,f7e2347d34f2f3f226a681a4781d66c05160f104,13836,https://github.com/SongQingHao-Yang/SongQingHao-Yang.github.io/blob/master/markdown_generator/talks.ipynb,True,python3,python,3.6,13,7,6,0,7,100.0,7,4,True,False,True,False,False,False,0,[],False,False,False,False,False,False,False,False,False,False,False,True,False,False,False,False,False,4,"[""publications"", ""pubsFromBib"", ""talkmap"", ""talks""]",False,False,False,False,7,6,0,46.15384615384615,50.0,50.0,40.0,talks,5,False,False,False,False,False,False,False,False,0,0,0,0,0,[],0,0,0,True,True,True,True,7,0,True,True,False,0,0.0,100.0,100.0,100.0,False,False,False,False,False
SongQingHao-Yang/SongQingHao-Yang.github.io,910864524,master,ea7058d6ee6ed1834495b05526d71d5c1a167fa2,2025-01-01T17:05:06Z,0,97a61492fc47f5f51fc9fbac94cd0c308bdb2628904e5477e5f6a50f06fe8ee5,f3aa57cd3b133d79235473f9590d014bedabeb21,talkmap.ipynb,talkmap.ipynb,f3aa57cd3b133d79235473f9590d014bedabeb21,4102,https://github.com/SongQingHao-Yang/SongQingHao-Yang.github.io/blob/master/talkmap.ipynb,True,Python [Root],python,3.5,7,6,1,0,5,83.33333333333334,5,3,True,False,False,False,False,False,0,[],False,False,False,False,False,False,False,False,False,False,False,True,False,False,False,False,False,4,"[""publications"", ""pubsFromBib"", ""talkmap"", ""talks""]",False,False,False,False,6,1,0,14.285714285714285,50.0,0.0,0.0,talkmap,7,False,False,False,False,False,False,False,False,0,0,0,0,0,[],0,0,0,True,True,True,True,5,1,True,True,False,0,0.0,100.0,100.0,50.0,False,False,False,False,False
espada105/Satellite_image_processing,910843751,main,a50e4fa36d277f814de897560efcd843e153333c,2025-01-01T15:53:34Z,0,91cde24695231d4d76110489638de5b83584c55883bc784e08d4996def47ff11,549dc07a0a2ff3e1921e432ac289fe5b8da47017,road_segmentation/road_segmentation_test_v01.ipynb,road_segmentation/road_segmentation_test_v01.ipynb,549dc07a0a2ff3e1921e432ac289fe5b8da47017,10650271,https://github.com/espada105/Satellite_image_processing/blob/main/road_segmentation/road_segmentation_test_v01.ipynb,True,python3,python,3.8,45,28,17,0,0,0.0,0,17,True,True,True,False,False,True,0,[],False,False,False,False,False,True,False,False,False,False,False,False,False,False,False,False,True,36,"[""Preprocessing_GEOS17_SatelliteData"", ""analyze_caption_process"", ""analyze_failed_queries"", ""check_cuda"", ""compare_captions"", ""compare_improvements"", ""config"", ""connect_interactive"", ""connect_with_password"", ""download"", ""evaluate_all"", ""evaluate_caption_quality"", ""evaluate_search_accuracy"", ""find_password"", ""fix_caption_repetition"", ""fix_connection"", ""generate_captions"", ""generate_embeddings"", ""insert_to_db"", ""modify_pg_hba"", ""modify_pg_hba_scram"", ""problem_analysis"", ""process_spacenet_data"", ""rag_tool"", ""reset_password"", ""satellite_agent"", ""search_vector_db"", ""search_vector_db_v2"", ""server"", ""setup_database"", ""setup_without_password"", ""setup_without_pgvector"", ""test_connection"", ""test_psycopg3"", ""test_search"", ""test_vector_search""]",True,False,False,True,28,17,0,37.77777777777778,33.33333333333333,53.333333333333336,26.666666666666668,road_segmentation_test_v01,26,True,False,False,False,False,False,True,False,0,0,0,0,0,[],0,0,0,True,True,True,True,0,28,False,True,False,0,0.0,0.0,0.0,0.0,False,False,False,False,False
tux2won/self_study,910788982,main,3d975bbadbbe7c8436eb95a2ceb567ee26f45b06,2025-01-01T12:37:02Z,0,0b333237703cd6eac81c42a1844d38b3b4ed4ac2f0e59ea1fe36cc2db7f027e5,73bea5f92926dd22bdd9f724161923225d8ae073,01_the_machine_learning_landscape.ipynb,01_the_machine_learning_landscape.ipynb,73bea5f92926dd22bdd9f724161923225d8ae073,351183,https://github.com/tux2won/self_study/blob/main/01_the_machine_learning_landscape.ipynb,True,python3,python,3.7,53,39,14,0,11,28.205128205128204,29,26,True,True,True,False,False,False,0,[],False,False,False,False,False,False,False,False,False,False,False,False,False,False,False,False,False,0,[],False,False,False,False,39,14,0,26.41509433962264,41.17647058823529,41.17647058823529,0.0,01_the_machine_learning_landscape,33,True,False,False,False,False,False,True,False,0,0,0,0,0,[],0,0,0,True,True,True,True,11,28,True,True,True,11,3.6666666666666665,84.61538461538461,0.0,0.0,True,True,False,False,False
tux2won/self_study,910788982,main,3d975bbadbbe7c8436eb95a2ceb567ee26f45b06,2025-01-01T12:37:02Z,0,935b881e81c7381a6787d0b7293d20b15f5f906eec249803b87a7bd4c2a7cdd0,27a1d220bbbe6f1f422a3ecc5018714f1781e238,02_end_to_end_machine_learning_project.ipynb,02_end_to_end_machine_learning_project.ipynb,27a1d220bbbe6f1f422a3ecc5018714f1781e238,2353406,https://github.com/tux2won/self_study/blob/main/02_end_to_end_machine_learning_project.ipynb,True,python3,python,3.7,241,140,101,0,1,0.7142857142857143,1,33,True,True,True,True,False,True,0,[],False,False,False,False,False,False,False,False,False,False,False,False,False,False,False,False,False,0,[],False,False,False,False,140,101,0,41.90871369294606,41.25,31.25,53.086419753086425,02_end_to_end_machine_learning_project,38,True,False,False,False,False,False,True,False,0,0,0,0,0,[],0,0,0,True,True,True,True,1,139,True,True,False,0,0.0,0.0,0.0,2.083333333333333,False,False,False,False,True
tux2won/self_study,910788982,main,3d975bbadbbe7c8436eb95a2ceb567ee26f45b06,2025-01-01T12:37:02Z,0,a1da9149b747760d95feba46a697d3e6da2a08b4331e9bb27e9eb9e997f5abc6,e52c4ca687f186a23394483d69a9c36287aa1b44,03_classification.ipynb,03_classification.ipynb,e52c4ca687f186a23394483d69a9c36287aa1b44,996752,https://github.com/tux2won/self_study/blob/main/03_classification.ipynb,True,python3,python,3.7,255,158,97,0,84,53.16455696202531,111,63,True,True,True,False,False,True,0,[],False,False,False,False,False,False,False,False,False,False,False,False,False,False,False,False,False,0,[],False,False,False,False,158,97,0,38.03921568627451,29.411764705882355,38.82352941176471,45.88235294117647,03_classification,17,True,False,False,False,False,False,True,False,0,0,0,0,0,[],0,0,0,True,True,True,True,84,74,True,True,False,0,0.0,100.0,61.53846153846154,0.0,False,False,False,False,False
tux2won/self_study,910788982,main,3d975bbadbbe7c8436eb95a2ceb567ee26f45b06,2025-01-01T12:37:02Z,0,6dee6797d12b8bab3ae2b9d00d592d12e856dadc54d983942a1424adb6f99c3f,fb305c0e51a3fcf38b6d0596238649230854ebc2,04_training_linear_models.ipynb,04_training_linear_models.ipynb,fb305c0e51a3fcf38b6d0596238649230854ebc2,1449404,https://github.com/tux2won/self_study/blob/main/04_training_linear_models.ipynb,True,python3,python,3.7,171,91,80,0,39,42.857142857142854,56,64,True,True,True,False,False,True,0,[],False,False,False,False,False,False,False,False,False,False,False,False,False,False,False,False,False,0,[],False,False,False,False,91,80,0,46.783625730994146,42.10526315789473,47.368421052631575,50.877192982456144,04_training_linear_models,25,True,False,False,False,False,False,True,False,0,0,0,0,0,[],0,0,0,True,True,True,True,39,52,True,True,True,16,2.6666666666666665,3.3333333333333335,23.333333333333332,100.0,True,True,True,False,False
tux2won/self_study,910788982,main,3d975bbadbbe7c8436eb95a2ceb567ee26f45b06,2025-01-01T12:37:02Z,0,2f73a87da0ac8bb0864e417e01c65103d86763dfa990da7adee33dc0b8895675,99df8f0249e4cd16f8ceaaf00b78c35412b80a39,05_support_vector_machines.ipynb,05_support_vector_machines.ipynb,99df8f0249e4cd16f8ceaaf00b78c35412b80a39,1317843,https://github.com/tux2won/self_study/blob/main/05_support_vector_machines.ipynb,True,python3,python,3.7,148,70,78,0,35,50.0,45,29,True,True,True,True,False,False,0,[],False,False,False,False,False,False,False,False,False,False,False,False,False,False,False,False,False,0,[],False,False,False,False,70,78,0,52.702702702702695,55.10204081632652,51.02040816326531,52.0,05_support_vector_machines,26,True,False,False,False,False,False,True,False,0,0,0,0,0,[],0,0,0,True,True,True,True,35,35,True,True,True,10,3.3333333333333335,100.0,52.17391304347826,0.0,True,True,False,False,False
mirhnius/data-engineer-handbook,910652815,main,8a5896790698c9c2afd3a63174def764867955c0,2025-01-01T00:00:27Z,0,7075ced64812c50728a07b844da20e5b4dff2ca5826ffa1c9d72499608a33f1d,299b4797922afb01077d8d2e36667cea76ac54b4,intermediate-bootcamp/materials/3-spark-fundamentals/notebooks/event_data_pyspark.ipynb,intermediate-bootcamp/materials/3-spark-fundamentals/notebooks/event_data_pyspark.ipynb,299b4797922afb01077d8d2e36667cea76ac54b4,24699,https://github.com/mirhnius/data-engineer-handbook/blob/main/intermediate-bootcamp/materials/3-spark-fundamentals/notebooks/event_data_pyspark.ipynb,True,python3,python,3.9,16,16,0,0,12,75.0,121,13,True,False,True,False,False,False,0,[],False,False,False,False,False,True,False,False,False,False,False,True,False,False,False,False,True,13,"[""aggregation_job"", ""conftest"", ""jobs"", ""monthly_user_site_hits_job"", ""players_scd_job"", ""server"", ""src"", ""start_job"", ""team_vertex_job"", ""test_monthly_user_site_hits"", ""test_player_scd"", ""test_team_vertex_job"", ""tests""]",True,False,False,True,16,0,0,0.0,0.0,0.0,0.0,event_data_pyspark,18,True,False,True,True,False,False,True,False,0,0,0,0,0,[],0,0,0,True,True,True,True,12,4,True,True,True,106,26.5,60.0,100.0,66.66666666666666,True,True,False,False,False
WimCasteels/WimCasteels.github.io,910917535,main,d7e70ddd276fc85719e5b2213f860c9e142260d5,2025-01-01T19:29:21Z,0,1afedfabcda0d7be04eb73ae3dc84189c8f8d289a067cbc77ccbdda87ede7b33,3b6cdca558b8debeddd9bc97e2a4c701071de682,assets/jupyter/blog.ipynb,assets/jupyter/blog.ipynb,3b6cdca558b8debeddd9bc97e2a4c701071de682,913,https://github.com/WimCasteels/WimCasteels.github.io/blob/main/assets/jupyter/blog.ipynb,True,python3,python,3.6,1,1,0,0,1,100.0,1,1,True,False,False,False,False,False,1,"[[""sys"", 1]]",False,False,False,False,False,True,False,False,False,False,False,True,False,True,False,False,True,0,[],True,False,False,True,1,0,0,0.0,0.0,0.0,0.0,blog,4,False,False,True,True,False,False,False,False,0,0,0,0,1,"[""sys""]",0,0,0,True,True,True,True,1,0,True,True,False,0,0.0,100.0,0.0,0.0,False,False,False,False,False
gurkirat309/Face-Emotion-Detection,910929834,main,688fb2b328d5abf21af21c0a67a23f4a2000771c,2025-01-01T20:23:23Z,0,f14957e4efd47dcbff9e88fd0cf9eff915bfd866cf883bf41662d7b70a5a617f,083598f070886ce2bdd87239270bb88a628256bd,trainmodel.ipynb,trainmodel.ipynb,083598f070886ce2bdd87239270bb88a628256bd,115845,https://github.com/gurkirat309/Face-Emotion-Detection/blob/main/trainmodel.ipynb,True,python3,python,3.10,26,26,0,0,1,3.8461538461538463,1,12,True,False,True,True,False,True,0,[],False,False,False,False,False,False,False,False,False,False,False,False,False,False,False,False,False,1,"[""realtimedetection""]",False,False,False,False,26,0,0,0.0,0.0,0.0,0.0,trainmodel,10,False,False,True,True,False,False,False,False,0,0,0,0,0,[],0,0,0,True,True,True,True,1,25,True,True,False,0,0.0,12.5,0.0,0.0,False,False,False,False,False
DharmpratapSingh/LoanDefaultPrediction,910943998,main,27dc83bbaa02220da43e8a90632b7dcdde910a20,2025-01-01T21:30:28Z,0,e00ab20b39cc98ebe70b9e42f9968c9e6fd95a6513c86d629b7885ed2f7f0da0,9ac66463522cc4c8494e95cdb6d29a57a1af15a0,notebooks/LoanDefaultPrediction.ipynb,notebooks/LoanDefaultPrediction.ipynb,9ac66463522cc4c8494e95cdb6d29a57a1af15a0,801579,https://github.com/DharmpratapSingh/LoanDefaultPrediction/blob/main/notebooks/LoanDefaultPrediction.ipynb,True,python3,python,3.11,38,38,0,0,37,97.36842105263158,38,33,True,True,False,False,False,False,41,"[[""collections"", 1], [""imblearn"", 1], [""matplotlib"", 1], [""numpy"", 1], [""pandas"", 1], [""seaborn"", 1], [""shap"", 1], [""sklearn"", 1], [""tensorflow"", 1], [""xgboost"", 1]]",False,False,False,False,False,True,False,False,False,False,False,False,False,False,False,False,True,8,"[""data_preprocessing"", ""evaluation"", ""inference"", ""logger"", ""main"", ""model_training"", ""src"", ""utils""]",True,False,False,True,38,0,0,0.0,0.0,0.0,0.0,LoanDefaultPrediction,21,False,False,True,True,False,False,False,False,0,0,0,0,41,"[""collections"", ""imblearn"", ""matplotlib"", ""numpy"", ""pandas"", ""seaborn"", ""shap"", ""sklearn"", ""tensorflow"", ""xgboost""]",0,0,0,True,True,True,True,37,1,True,True,False,1,1.0,100.0,100.0,92.85714285714286,False,True,False,False,False
yeahhh1e/Algorithm,910767785,master,54cf4a8722f402396c616d36a2675b07351d376a,2025-01-01T11:10:12Z,0,2e67a3aa996ff23ed6febf89bcae4385a96edccab33704e955e0da50e2288002,e69de29bb2d1d6434b8b29ae775ad8c2e48c5391,lesson/day3/dd.ipynb,lesson/day3/dd.ipynb,e69de29bb2d1d6434b8b29ae775ad8c2e48c5391,0,https://github.com/yeahhh1e/Algorithm/blob/master/lesson/day3/dd.ipynb,False,,,,,,,,,,,,,,,,,,,,,,,,,,,,,,,,,,,,,,,,,,,,,,,,,,,,,,,,,,,,,,,,,,,,,,,,,,,,,,,,,,,,,,,
joy-z-zhang/joy-z-zhang.github.io,910738361,master,1b894b49dcc07c51aca8987f47b96cd43d9597c8,2025-01-01T08:58:13Z,0,6ed251644c668b5955cf9a2c88ea20ec9a86fc8f58e3854263aa4a104bf314d5,0dce167bb515c03ba6743c01dfef97acad0737c5,markdown_generator/OrcidToBib.ipynb,markdown_generator/OrcidToBib.ipynb,0dce167bb515c03ba6743c01dfef97acad0737c5,3106,https://github.com/joy-z-zhang/joy-z-zhang.github.io/blob/master/markdown_generator/OrcidToBib.ipynb,True,python3,python,3.12,8,6,2,0,0,0.0,0,0,False,False,False,False,False,False,1,"[[""requests"", 1]]",False,False,False,True,False,False,False,False,False,False,False,True,False,False,False,False,False,4,"[""publications"", ""pubsFromBib"", ""talkmap"", ""talks""]",False,False,False,False,6,2,0,25.0,0.0,50.0,25.0,OrcidToBib,10,False,False,False,False,False,False,False,False,0,0,3,1,1,"[""requests""]",0,0,0,True,True,True,True,0,6,False,True,False,0,0.0,0.0,0.0,0.0,False,False,False,False,False
joy-z-zhang/joy-z-zhang.github.io,910738361,master,1b894b49dcc07c51aca8987f47b96cd43d9597c8,2025-01-01T08:58:13Z,0,0add483de20026b2a3a6ffffe2c5dc3eff6ccd5d68340027cc4d6f8677495125,af8f0451880240de3b52f1d62316b2c298443265,markdown_generator/PubsFromBib.ipynb,markdown_generator/PubsFromBib.ipynb,af8f0451880240de3b52f1d62316b2c298443265,8783,https://github.com/joy-z-zhang/joy-z-zhang.github.io/blob/master/markdown_generator/PubsFromBib.ipynb,True,python3,python,3.7,6,5,1,0,0,0.0,0,0,False,False,False,False,False,False,7,"[[""html"", 1], [""os"", 1], [""pybtex"", 1], [""re"", 1], [""string"", 1], [""time"", 1]]",False,True,False,True,False,False,False,False,False,False,False,True,False,False,False,False,False,4,"[""publications"", ""pubsFromBib"", ""talkmap"", ""talks""]",False,False,False,False,5,1,0,16.666666666666664,50.0,0.0,0.0,PubsFromBib,11,False,False,False,False,False,False,False,False,1,0,3,10,7,"[""html"", ""os"", ""pybtex"", ""re"", ""string"", ""time""]",0,0,0,False,True,True,True,0,5,False,True,False,0,0.0,0.0,0.0,0.0,False,False,False,False,False
joy-z-zhang/joy-z-zhang.github.io,910738361,master,1b894b49dcc07c51aca8987f47b96cd43d9597c8,2025-01-01T08:58:13Z,0,f86f2dac6c6bc3b8741818fa5ec3697dd6da358c69d993bfde88254e790cebc9,fa9c89dec3a6cc9f2347690c04f3357dc13d8e67,markdown_generator/publications.ipynb,markdown_generator/publications.ipynb,fa9c89dec3a6cc9f2347690c04f3357dc13d8e67,14391,https://github.com/joy-z-zhang/joy-z-zhang.github.io/blob/master/markdown_generator/publications.ipynb,True,python3,python,3.6,15,8,7,0,7,87.5,16,4,True,False,True,False,False,False,0,[],False,False,False,False,False,False,False,False,False,False,False,True,False,False,False,False,False,4,"[""publications"", ""pubsFromBib"", ""talkmap"", ""talks""]",False,False,False,False,8,7,0,46.666666666666664,60.0,60.0,20.0,publications,12,False,False,False,False,False,False,False,False,0,0,0,0,0,[],0,0,0,True,True,True,True,7,1,True,True,False,0,0.0,100.0,100.0,75.0,False,False,False,False,False
joy-z-zhang/joy-z-zhang.github.io,910738361,master,1b894b49dcc07c51aca8987f47b96cd43d9597c8,2025-01-01T08:58:13Z,0,5011e4c2e15269ad831700a9652527b7051fa32760ea76ce3f278fa226867c04,f7e2347d34f2f3f226a681a4781d66c05160f104,markdown_generator/talks.ipynb,markdown_generator/talks.ipynb,f7e2347d34f2f3f226a681a4781d66c05160f104,13836,https://github.com/joy-z-zhang/joy-z-zhang.github.io/blob/master/markdown_generator/talks.ipynb,True,python3,python,3.6,13,7,6,0,7,100.0,7,4,True,False,True,False,False,False,0,[],False,False,False,False,False,False,False,False,False,False,False,True,False,False,False,False,False,4,"[""publications"", ""pubsFromBib"", ""talkmap"", ""talks""]",False,False,False,False,7,6,0,46.15384615384615,50.0,50.0,40.0,talks,5,False,False,False,False,False,False,False,False,0,0,0,0,0,[],0,0,0,True,True,True,True,7,0,True,True,False,0,0.0,100.0,100.0,100.0,False,False,False,False,False
joy-z-zhang/joy-z-zhang.github.io,910738361,master,1b894b49dcc07c51aca8987f47b96cd43d9597c8,2025-01-01T08:58:13Z,0,d5b5f0c5699de2ee9cabcacb95a8b680ac6dc7488dbeddee242c1092740637cb,f3aa57cd3b133d79235473f9590d014bedabeb21,talkmap.ipynb,talkmap.ipynb,f3aa57cd3b133d79235473f9590d014bedabeb21,4102,https://github.com/joy-z-zhang/joy-z-zhang.github.io/blob/master/talkmap.ipynb,True,Python [Root],python,3.5,7,6,1,0,5,83.33333333333334,5,3,True,False,False,False,False,False,0,[],False,False,False,False,False,False,False,False,False,False,False,True,False,False,False,False,False,4,"[""publications"", ""pubsFromBib"", ""talkmap"", ""talks""]",False,False,False,False,6,1,0,14.285714285714285,50.0,0.0,0.0,talkmap,7,False,False,False,False,False,False,False,False,0,0,0,0,0,[],0,0,0,True,True,True,True,5,1,True,True,False,0,0.0,100.0,100.0,50.0,False,False,False,False,False
HeyLucasLeao/tinyshift,910815991,main,f3816c5ea6b772e553e7cb14f7fb931064125376,2025-01-01T14:17:04Z,6,b84710187c93af9d6c716ef62f61c3913e0c1499cfc3e12f5cabd3794d88fe74,a4fa0a1302c911113aa7537d5296fd15a5dabfcf,tinyshift/examples/decomp_mstl_ml.ipynb,tinyshift/examples/decomp_mstl_ml.ipynb,a4fa0a1302c911113aa7537d5296fd15a5dabfcf,1003283,https://github.com/HeyLucasLeao/tinyshift/blob/main/tinyshift/examples/decomp_mstl_ml.ipynb,True,python3,python,3.12,56,47,9,0,46,97.87234042553192,48,25,True,True,True,False,False,False,21,"[[""lightgbm"", 1], [""mlforecast"", 1], [""numpy"", 1], [""os"", 1], [""pandas"", 1], [""sklearn"", 1], [""statsforecast"", 1], [""statsmodels"", 1], [""sys"", 1], [""tinyshift"", 1]]",False,True,True,True,False,False,False,True,False,False,True,False,False,False,False,False,True,29,"[""analyzer"", ""association_mining"", ""base"", ""bootstrap_bca"", ""categorical"", ""continuous"", ""correlation"", ""diagnostic"", ""drift"", ""encoder"", ""forecastability"", ""hbos"", ""interpolation"", ""modelling"", ""multicollinearity"", ""outlier"", ""pca"", ""plot"", ""residualizer"", ""scaler"", ""series"", ""spad"", ""stability"", ""statistical_interval"", ""stats"", ""test.pca"", ""test_hbos"", ""test_spad"", ""utils""]",False,False,False,False,47,9,0,16.071428571428573,16.666666666666664,11.11111111111111,20.0,decomp_mstl_ml,14,True,False,False,False,False,False,True,False,6,1,4,2,21,"[""lightgbm"", ""mlforecast"", ""numpy"", ""os"", ""pandas"", ""sklearn"", ""statsforecast"", ""statsmodels"", ""sys"", ""tinyshift"", ""utilsforecast""]",0,0,0,False,False,True,True,46,1,True,True,True,2,1.0,100.0,93.33333333333333,100.0,True,True,True,False,False
HeyLucasLeao/tinyshift,910815991,main,f3816c5ea6b772e553e7cb14f7fb931064125376,2025-01-01T14:17:04Z,6,a47fa4f500aac52e390374abe0ce6f11d0e9562424f144ef21e12fb49bfbd951,773f80527a30717801df3c41fdb779a2b892c3d2,tinyshift/examples/drift.ipynb,tinyshift/examples/drift.ipynb,773f80527a30717801df3c41fdb779a2b892c3d2,202861,https://github.com/HeyLucasLeao/tinyshift/blob/main/tinyshift/examples/drift.ipynb,True,python3,python,3.12,31,19,12,0,19,100.0,19,9,True,False,True,False,False,False,0,[],False,False,False,False,False,False,False,True,False,False,True,False,False,False,False,False,True,29,"[""analyzer"", ""association_mining"", ""base"", ""bootstrap_bca"", ""categorical"", ""continuous"", ""correlation"", ""diagnostic"", ""drift"", ""encoder"", ""forecastability"", ""hbos"", ""interpolation"", ""modelling"", ""multicollinearity"", ""outlier"", ""pca"", ""plot"", ""residualizer"", ""scaler"", ""series"", ""spad"", ""stability"", ""statistical_interval"", ""stats"", ""test.pca"", ""test_hbos"", ""test_spad"", ""utils""]",False,False,False,False,19,12,0,38.70967741935484,30.0,50.0,36.36363636363637,drift,5,False,False,False,False,False,False,False,False,0,0,0,0,0,[],0,0,0,True,True,True,True,19,0,True,True,False,0,0.0,100.0,100.0,100.0,False,False,False,False,False
HeyLucasLeao/tinyshift,910815991,main,f3816c5ea6b772e553e7cb14f7fb931064125376,2025-01-01T14:17:04Z,6,d8567f17419eccca36fb5e1b57406ba590f0b2cd8273c816bbd6a33495b8185e,c0a7c6804bc813220cf91d12fbb3f2db0485451b,tinyshift/examples/outlier.ipynb,tinyshift/examples/outlier.ipynb,c0a7c6804bc813220cf91d12fbb3f2db0485451b,239975,https://github.com/HeyLucasLeao/tinyshift/blob/main/tinyshift/examples/outlier.ipynb,True,python3,python,3.12,21,15,6,0,15,100.0,17,11,True,False,True,False,False,False,8,"[[""numpy"", 1], [""os"", 1], [""pandas"", 1], [""sklearn"", 1], [""sys"", 1], [""tinyshift"", 1]]",False,False,False,False,False,False,False,True,False,False,True,False,False,False,False,False,True,29,"[""analyzer"", ""association_mining"", ""base"", ""bootstrap_bca"", ""categorical"", ""continuous"", ""correlation"", ""diagnostic"", ""drift"", ""encoder"", ""forecastability"", ""hbos"", ""interpolation"", ""modelling"", ""multicollinearity"", ""outlier"", ""pca"", ""plot"", ""residualizer"", ""scaler"", ""series"", ""spad"", ""stability"", ""statistical_interval"", ""stats"", ""test.pca"", ""test_hbos"", ""test_spad"", ""utils""]",False,False,False,False,15,6,0,28.57142857142857,28.57142857142857,28.57142857142857,28.57142857142857,outlier,7,False,False,False,False,False,False,False,False,0,0,0,0,8,"[""numpy"", ""os"", ""pandas"", ""sklearn"", ""sys"", ""tinyshift""]",0,0,0,True,True,True,True,15,0,True,True,True,1,1.0,100.0,100.0,100.0,True,True,False,False,False
HeyLucasLeao/tinyshift,910815991,main,f3816c5ea6b772e553e7cb14f7fb931064125376,2025-01-01T14:17:04Z,6,e84c630ed173bd97073fd7bcda737d2a79b666446eaf324717102f93cefed4cc,aa7dca60b1588b30449d89feda935952e3c9e4ce,tinyshift/examples/series.ipynb,tinyshift/examples/series.ipynb,aa7dca60b1588b30449d89feda935952e3c9e4ce,229253,https://github.com/HeyLucasLeao/tinyshift/blob/main/tinyshift/examples/series.ipynb,True,python3,python,3.12,44,33,11,0,25,75.75757575757575,43,26,True,False,False,True,False,True,10,"[[""numpy"", 1], [""os"", 1], [""plotly"", 1], [""sys"", 1], [""tinyshift"", 1], [""yfinance"", 1]]",False,False,False,True,False,False,False,True,False,False,True,False,False,False,False,False,True,29,"[""analyzer"", ""association_mining"", ""base"", ""bootstrap_bca"", ""categorical"", ""continuous"", ""correlation"", ""diagnostic"", ""drift"", ""encoder"", ""forecastability"", ""hbos"", ""interpolation"", ""modelling"", ""multicollinearity"", ""outlier"", ""pca"", ""plot"", ""residualizer"", ""scaler"", ""series"", ""spad"", ""stability"", ""statistical_interval"", ""stats"", ""test.pca"", ""test_hbos"", ""test_spad"", ""utils""]",False,False,False,False,33,11,0,25.0,28.57142857142857,35.714285714285715,12.5,series,6,False,False,False,False,False,False,False,False,0,0,1,0,10,"[""numpy"", ""os"", ""plotly"", ""sys"", ""tinyshift"", ""yfinance""]",0,0,0,True,True,True,True,25,8,True,True,True,18,6.0,90.9090909090909,100.0,36.36363636363637,True,True,False,False,False
HeyLucasLeao/tinyshift,910815991,main,f3816c5ea6b772e553e7cb14f7fb931064125376,2025-01-01T14:17:04Z,6,138713f25ded4a036631bb08d13f3afa4b07f44c38bfc6ec1029224d215a1faa,d78ffb66967c01accdacf6d7d0a7304af5f9a199,tinyshift/examples/transaction_analyzer.ipynb,tinyshift/examples/transaction_analyzer.ipynb,d78ffb66967c01accdacf6d7d0a7304af5f9a199,21062,https://github.com/HeyLucasLeao/tinyshift/blob/main/tinyshift/examples/transaction_analyzer.ipynb,True,python3,python,3.10,19,12,7,0,11,91.66666666666666,16,9,True,False,True,False,False,False,3,"[[""os"", 1], [""sys"", 1], [""tinyshift"", 1]]",False,False,False,False,False,False,False,True,False,False,True,False,False,False,False,False,True,29,"[""analyzer"", ""association_mining"", ""base"", ""bootstrap_bca"", ""categorical"", ""continuous"", ""correlation"", ""diagnostic"", ""drift"", ""encoder"", ""forecastability"", ""hbos"", ""interpolation"", ""modelling"", ""multicollinearity"", ""outlier"", ""pca"", ""plot"", ""residualizer"", ""scaler"", ""series"", ""spad"", ""stability"", ""statistical_interval"", ""stats"", ""test.pca"", ""test_hbos"", ""test_spad"", ""utils""]",False,False,False,False,12,7,0,36.84210526315789,16.666666666666664,50.0,42.857142857142854,transaction_analyzer,20,True,False,False,False,False,False,True,False,0,0,0,0,3,"[""os"", ""sys"", ""tinyshift""]",0,0,0,True,True,True,True,11,1,True,True,True,4,1.3333333333333333,75.0,100.0,100.0,True,True,False,False,False
HeyLucasLeao/tinyshift,910815991,main,f3816c5ea6b772e553e7cb14f7fb931064125376,2025-01-01T14:17:04Z,6,d91757ae65006333cc71a5138e1cf638c88b6c549a89bc0fed0e71b0d83f1518,9a7f6a89bcfcbf13429cc6a78541ad08beb39d13,tinyshift/examples/ts_diagnostics.ipynb,tinyshift/examples/ts_diagnostics.ipynb,9a7f6a89bcfcbf13429cc6a78541ad08beb39d13,1565210,https://github.com/HeyLucasLeao/tinyshift/blob/main/tinyshift/examples/ts_diagnostics.ipynb,True,python3,python,3.12,14,11,3,0,9,81.81818181818183,14,5,True,True,False,False,False,False,7,"[[""os"", 1], [""scipy"", 1], [""sys"", 1], [""tinyshift"", 1], [""utilsforecast"", 1]]",False,True,False,True,False,False,False,True,False,False,True,False,False,False,False,False,True,29,"[""analyzer"", ""association_mining"", ""base"", ""bootstrap_bca"", ""categorical"", ""continuous"", ""correlation"", ""diagnostic"", ""drift"", ""encoder"", ""forecastability"", ""hbos"", ""interpolation"", ""modelling"", ""multicollinearity"", ""outlier"", ""pca"", ""plot"", ""residualizer"", ""scaler"", ""series"", ""spad"", ""stability"", ""statistical_interval"", ""stats"", ""test.pca"", ""test_hbos"", ""test_spad"", ""utils""]",False,False,False,False,11,3,0,21.428571428571427,0.0,25.0,33.33333333333333,ts_diagnostics,14,True,False,False,False,False,False,True,False,1,0,3,0,7,"[""os"", ""scipy"", ""sys"", ""tinyshift"", ""utilsforecast""]",0,0,0,False,True,True,True,9,2,True,True,False,4,2.0,66.66666666666666,100.0,80.0,False,True,False,False,False
Robert-T-Remuszka/ImmigrationTfp,910953935,main,827480f64a69a3f8208b89c27361170bd1a20b1c,2025-01-01T22:22:19Z,0,e1e17ed0c3b055736bc76db82b9bf005ce926c22afae127a5e6155f11cc3b9d9,4b1d2eaa0d8ac14507c0f847a614224a77a9afa4,code/AcsPull.ipynb,code/AcsPull.ipynb,4b1d2eaa0d8ac14507c0f847a614224a77a9afa4,9207,https://github.com/Robert-T-Remuszka/ImmigrationTfp/blob/main/code/AcsPull.ipynb,True,python3,python,3.12,5,3,2,0,3,100.0,19,2,False,False,False,False,False,False,6,"[[""Credentials"", 1], [""Functions"", 1], [""ipumspy"", 1], [""numpy"", 1], [""pandas"", 1], [""pathlib"", 1]]",True,False,False,True,False,False,False,False,False,False,False,False,False,False,False,False,False,1,"[""Functions""]",False,False,False,False,3,2,0,40.0,0.0,100.0,33.33333333333333,AcsPull,7,False,False,False,False,False,False,False,False,0,0,3,0,6,"[""Credentials"", ""Functions"", ""ipumspy"", ""numpy"", ""pandas"", ""pathlib""]",1,0,0,True,True,False,True,3,0,True,True,False,16,8.0,100.0,100.0,100.0,False,True,False,False,False
Robert-T-Remuszka/ImmigrationTfp,910953935,main,827480f64a69a3f8208b89c27361170bd1a20b1c,2025-01-01T22:22:19Z,0,b0c5a70795fa3aebc41a363c1b5f3cbdba01c118078116fc845b079c7aa0f51b,100403f54ffa77cbb0fbb05789acda1310b0024d,code/BeaPull.ipynb,code/BeaPull.ipynb,100403f54ffa77cbb0fbb05789acda1310b0024d,25861,https://github.com/Robert-T-Remuszka/ImmigrationTfp/blob/main/code/BeaPull.ipynb,True,python3,python,3.13,10,9,1,0,9,100.0,9,6,True,False,True,False,False,False,4,"[[""Credentials"", 1], [""Functions"", 1], [""beaapi"", 1], [""pandas"", 1]]",True,False,False,False,False,False,False,False,False,False,False,False,False,False,False,False,False,1,"[""Functions""]",False,False,False,False,9,1,0,10.0,33.33333333333333,0.0,0.0,BeaPull,7,False,False,False,False,False,False,False,False,0,0,0,0,4,"[""Credentials"", ""Functions"", ""beaapi"", ""pandas""]",1,0,0,True,True,False,True,9,0,True,True,False,0,0.0,100.0,100.0,100.0,False,False,False,False,False
Robert-T-Remuszka/ImmigrationTfp,910953935,main,827480f64a69a3f8208b89c27361170bd1a20b1c,2025-01-01T22:22:19Z,0,fc250ac57c230ce9eca027ca99038ef9865086f2948c2b725f2af05b937ad629,0f60b40512efb42b106a84757df19b761ca09735,code/CpsPull.ipynb,code/CpsPull.ipynb,0f60b40512efb42b106a84757df19b761ca09735,2893,https://github.com/Robert-T-Remuszka/ImmigrationTfp/blob/main/code/CpsPull.ipynb,True,python3,python,3.12,4,3,1,0,2,66.66666666666666,3,1,False,False,False,False,False,False,6,"[[""Credentials"", 1], [""Functions"", 1], [""ipumspy"", 1], [""numpy"", 1], [""pandas"", 1], [""pathlib"", 1]]",True,False,False,True,False,False,False,False,False,False,False,False,False,False,False,False,False,1,"[""Functions""]",False,False,False,False,3,1,0,25.0,0.0,100.0,0.0,CpsPull,7,False,False,False,False,False,False,False,False,0,0,1,0,6,"[""Credentials"", ""Functions"", ""ipumspy"", ""numpy"", ""pandas"", ""pathlib""]",1,0,0,True,True,False,True,2,1,True,True,False,0,0.0,100.0,100.0,0.0,False,False,False,False,False
Robert-T-Remuszka/ImmigrationTfp,910953935,main,827480f64a69a3f8208b89c27361170bd1a20b1c,2025-01-01T22:22:19Z,0,e230cf385e10a13d06b997635b484d8902a3cb1bb37522acc05ef154b032ef6d,eb12cc5a60de4abffd76ee2a1bc94bc492c0718c,code/FredPull.ipynb,code/FredPull.ipynb,eb12cc5a60de4abffd76ee2a1bc94bc492c0718c,1337,https://github.com/Robert-T-Remuszka/ImmigrationTfp/blob/main/code/FredPull.ipynb,True,python3,python,3.12,2,1,1,0,1,100.0,3,0,False,False,False,False,False,False,4,"[[""Credentials"", 1], [""Functions"", 1], [""fredapi"", 1], [""pandas"", 1]]",True,False,False,False,False,False,False,False,False,False,False,False,False,False,False,False,False,1,"[""Functions""]",False,False,False,False,1,1,0,50.0,100.0,0.0,0.0,FredPull,8,False,False,False,False,False,False,False,False,0,0,0,0,4,"[""Credentials"", ""Functions"", ""fredapi"", ""pandas""]",1,0,0,True,True,False,True,1,0,True,True,False,0,0.0,100.0,0.0,0.0,False,False,False,False,False
Robert-T-Remuszka/ImmigrationTfp,910953935,main,827480f64a69a3f8208b89c27361170bd1a20b1c,2025-01-01T22:22:19Z,0,800af1223b680718e714e6822e645c9058995847bac5e2276392280bee55b04a,ee2622813234caf75c52fbcb01d61e80d332513f,code/MakeStateAnalysis.ipynb,code/MakeStateAnalysis.ipynb,ee2622813234caf75c52fbcb01d61e80d332513f,239538,https://github.com/Robert-T-Remuszka/ImmigrationTfp/blob/main/code/MakeStateAnalysis.ipynb,True,python3,python,3.12,30,21,9,0,21,100.0,57,16,True,False,True,False,False,True,0,[],False,False,False,False,False,False,False,False,False,False,False,False,False,False,False,False,False,1,"[""Functions""]",False,False,False,False,21,9,0,30.0,40.0,20.0,30.0,MakeStateAnalysis,17,False,False,False,False,False,False,False,False,0,0,0,0,0,[],0,0,0,True,True,True,True,21,0,True,True,False,1,1.0,100.0,100.0,100.0,False,True,False,False,False
Saiful-Islam25/Machine-Learning,910698747,main,6a881a5013206056f608c5c342a7cdfc8bcfbe20,2025-01-01T05:34:56Z,0,70e45b4b3347fa4f090a10ac747b6471d51b2b15d1271b7ec30a775d2508cee2,0fa9dca2e9c249416371645375a830dc754c2733,Assigment 4--Real Estate.ipynb,Assigment 4--Real Estate.ipynb,0fa9dca2e9c249416371645375a830dc754c2733,221536,https://github.com/Saiful-Islam25/Machine-Learning/blob/main/Assigment%204--Real%20Estate.ipynb,True,python3,python,3.11,54,43,11,0,37,86.04651162790698,61,19,True,True,True,False,False,False,9,"[[""matplotlib"", 1], [""pandas"", 1], [""seaborn"", 1], [""sklearn"", 1]]",False,False,False,False,False,False,False,False,False,False,False,False,False,False,False,False,False,1,"[""app""]",False,False,False,False,43,11,0,20.37037037037037,33.33333333333333,16.666666666666664,11.11111111111111,Assigment 4--Real Estate,24,True,False,False,False,False,False,True,False,0,0,0,0,9,"[""matplotlib"", ""pandas"", ""seaborn"", ""sklearn""]",0,0,0,True,True,True,True,37,6,True,True,True,23,2.090909090909091,100.0,92.85714285714286,66.66666666666666,True,True,True,False,False
Saiful-Islam25/Machine-Learning,910698747,main,6a881a5013206056f608c5c342a7cdfc8bcfbe20,2025-01-01T05:34:56Z,0,579c5d54c0dcedabda69d3b3f3a8c96289f4505f692461ca9bea74e4ac852b68,0cfbfb060992b0fd209bbe9ad7db874be3bfab0d,Assignment 3.ipynb,Assignment 3.ipynb,0cfbfb060992b0fd209bbe9ad7db874be3bfab0d,103201,https://github.com/Saiful-Islam25/Machine-Learning/blob/main/Assignment%203.ipynb,True,python3,python,3.11,33,32,1,0,31,96.875,94,24,True,True,True,False,False,False,6,"[[""matplotlib"", 1], [""numpy"", 1], [""pandas"", 1], [""sklearn"", 1], [""warnings"", 1]]",False,False,False,False,False,False,False,False,False,False,False,False,False,False,False,False,False,1,"[""app""]",False,False,False,False,32,1,0,3.0303030303030303,0.0,0.0,9.090909090909092,Assignment 3,12,True,False,False,True,False,False,True,False,0,0,0,0,6,"[""matplotlib"", ""numpy"", ""pandas"", ""sklearn"", ""warnings""]",0,0,0,True,True,True,True,31,1,True,True,False,21,5.25,100.0,100.0,91.66666666666666,False,True,False,False,False
Saiful-Islam25/Machine-Learning,910698747,main,6a881a5013206056f608c5c342a7cdfc8bcfbe20,2025-01-01T05:34:56Z,0,ab5137b86c18d59f839cee27982b7f73b7a84f1046939997da90544a55684743,4782d5986dbc552ce0976755cdfd96a974f796b6,Assignment on Cluster Analysis.ipynb,Assignment on Cluster Analysis.ipynb,4782d5986dbc552ce0976755cdfd96a974f796b6,4730428,https://github.com/Saiful-Islam25/Machine-Learning/blob/main/Assignment%20on%20Cluster%20Analysis.ipynb,True,conda-base-py,python,3.12,40,31,9,0,27,87.09677419354838,79,18,True,True,True,False,False,False,0,[],False,False,False,False,False,False,False,False,False,False,False,False,False,False,False,False,False,1,"[""app""]",False,False,False,False,31,9,0,22.5,15.384615384615385,15.384615384615385,35.714285714285715,Assignment on Cluster Analysis,30,True,False,False,False,False,False,True,False,0,0,0,0,0,[],0,0,0,True,True,True,True,27,4,True,True,False,51,5.666666666666667,100.0,80.0,81.81818181818183,False,True,True,False,False
Saiful-Islam25/Machine-Learning,910698747,main,6a881a5013206056f608c5c342a7cdfc8bcfbe20,2025-01-01T05:34:56Z,0,e99ea34f851d244975eac2acad7f7b216dec2a418381fc3451ec6256602085dd,3b954fa5d0a7ea212db951c31ef044e3e7df506b,Assignment on Encoding.ipynb,Assignment on Encoding.ipynb,3b954fa5d0a7ea212db951c31ef044e3e7df506b,74969,https://github.com/Saiful-Islam25/Machine-Learning/blob/main/Assignment%20on%20Encoding.ipynb,True,python3,python,3.11,21,21,0,0,20,95.23809523809523,23,10,True,False,True,False,False,False,3,"[[""numpy"", 1], [""pandas"", 1], [""sklearn"", 1]]",False,False,False,True,False,False,False,False,False,False,False,False,False,False,False,False,False,1,"[""app""]",False,False,False,False,21,0,0,0.0,0.0,0.0,0.0,Assignment on Encoding,22,True,False,True,True,False,False,True,False,0,0,1,1,3,"[""numpy"", ""pandas"", ""sklearn""]",0,0,0,True,True,True,True,20,1,True,True,True,3,1.5,100.0,100.0,85.71428571428571,True,True,False,False,False
Saiful-Islam25/Machine-Learning,910698747,main,6a881a5013206056f608c5c342a7cdfc8bcfbe20,2025-01-01T05:34:56Z,0,1572f986ee34987a9185edfd16bb6a2c911ba25f89bd7afcd5d00f6523ab8547,088f20df6f390efb804a3e50c9da9215271e2c8e,Assignment on KNN.ipynb,Assignment on KNN.ipynb,088f20df6f390efb804a3e50c9da9215271e2c8e,22936,https://github.com/Saiful-Islam25/Machine-Learning/blob/main/Assignment%20on%20KNN.ipynb,True,python3,python,3.11,21,20,1,0,18,90.0,29,7,True,False,True,False,False,False,10,"[[""pandas"", 1], [""sklearn"", 1]]",False,False,False,False,False,False,False,False,False,False,False,False,False,False,False,False,False,1,"[""app""]",False,False,False,False,20,1,0,4.761904761904762,0.0,14.285714285714285,0.0,Assignment on KNN,17,True,False,False,True,False,False,True,False,0,0,0,0,10,"[""pandas"", ""sklearn""]",0,0,0,True,True,True,True,18,2,True,True,True,11,2.75,100.0,83.33333333333334,87.5,True,True,True,False,False
Saiful-Islam25/Machine-Learning,910698747,main,6a881a5013206056f608c5c342a7cdfc8bcfbe20,2025-01-01T05:34:56Z,0,e87654b649a27303de1af38e84da6a4d60542102e9bc3811951a42d39f384815,bce9ec57ba694e13e6c887d07b0930b868e3be2b,Data Prepocessing/Encoding.ipynb,Data Prepocessing/Encoding.ipynb,bce9ec57ba694e13e6c887d07b0930b868e3be2b,49828,https://github.com/Saiful-Islam25/Machine-Learning/blob/main/Data%20Prepocessing/Encoding.ipynb,True,python3,python,3.11,15,15,0,0,14,93.33333333333333,27,13,True,False,True,True,False,False,6,"[[""category_encoders"", 1], [""matplotlib"", 1], [""numpy"", 1], [""pandas"", 1], [""seaborn"", 1], [""sklearn"", 1]]",False,False,False,False,False,False,False,False,False,False,False,False,False,False,False,False,False,1,"[""app""]",False,False,False,False,15,0,0,0.0,0.0,0.0,0.0,Encoding,8,False,False,True,True,False,False,False,False,0,0,0,0,6,"[""category_encoders"", ""matplotlib"", ""numpy"", ""pandas"", ""seaborn"", ""sklearn""]",0,0,0,True,True,True,True,14,1,True,True,True,13,2.1666666666666665,100.0,100.0,80.0,True,True,False,False,False
Saiful-Islam25/Machine-Learning,910698747,main,6a881a5013206056f608c5c342a7cdfc8bcfbe20,2025-01-01T05:34:56Z,0,05cafacc18cdf5b4485e972e0ef8b0e955b2a544bbf92b5a1b3d9ebc085531d2,589e88bc4095cc4758177e58aac7e7561578ea6a,Data Prepocessing/Heart.ipynb,Data Prepocessing/Heart.ipynb,589e88bc4095cc4758177e58aac7e7561578ea6a,375311,https://github.com/Saiful-Islam25/Machine-Learning/blob/main/Data%20Prepocessing/Heart.ipynb,True,conda-base-py,python,3.12,32,30,2,0,29,96.66666666666667,90,22,True,True,True,False,False,False,0,[],False,False,False,False,False,False,False,False,False,False,False,False,False,False,False,False,False,1,"[""app""]",False,False,False,False,30,2,0,6.25,10.0,0.0,8.333333333333332,Heart,5,False,False,False,True,False,False,False,False,0,0,0,0,0,[],0,0,0,True,True,True,True,29,1,True,True,True,56,2.0,100.0,100.0,90.0,True,True,False,False,False
Saiful-Islam25/Machine-Learning,910698747,main,6a881a5013206056f608c5c342a7cdfc8bcfbe20,2025-01-01T05:34:56Z,0,2a65291d740d108953ef2572ad874d68b01c4b34f81718d42aada2e490019fc7,f7ee81908b4773c3643670153db9ac7880a8f3d4,Data Prepocessing/Inconsistencies.ipynb,Data Prepocessing/Inconsistencies.ipynb,f7ee81908b4773c3643670153db9ac7880a8f3d4,16712,https://github.com/Saiful-Islam25/Machine-Learning/blob/main/Data%20Prepocessing/Inconsistencies.ipynb,True,python3,python,3.11,14,14,0,0,12,85.71428571428571,18,6,True,False,True,False,False,False,1,"[[""pandas"", 1]]",False,False,False,False,False,False,False,False,False,False,False,False,False,False,False,False,False,1,"[""app""]",False,False,False,False,14,0,0,0.0,0.0,0.0,0.0,Inconsistencies,15,False,False,True,True,False,False,False,False,0,0,0,0,1,"[""pandas""]",0,0,0,True,True,True,True,12,2,True,True,False,6,3.0,100.0,100.0,66.66666666666666,False,True,False,False,False
Saiful-Islam25/Machine-Learning,910698747,main,6a881a5013206056f608c5c342a7cdfc8bcfbe20,2025-01-01T05:34:56Z,0,b85427cbeac110a7d5b5aa110fef5efa6eebcfd43c2924d3531126f8f13989aa,3e3716dcc8391190554a5122630a5150b9386f88,Data Prepocessing/Integration.ipynb,Data Prepocessing/Integration.ipynb,3e3716dcc8391190554a5122630a5150b9386f88,9793,https://github.com/Saiful-Islam25/Machine-Learning/blob/main/Data%20Prepocessing/Integration.ipynb,True,python3,python,3.11,6,5,1,0,4,80.0,5,4,True,False,True,False,False,False,1,"[[""pandas"", 1]]",False,False,False,False,False,False,False,False,False,False,False,False,False,False,False,False,False,1,"[""app""]",False,False,False,False,5,1,0,16.666666666666664,0.0,50.0,0.0,Integration,11,False,False,False,False,False,False,False,False,0,0,0,0,1,"[""pandas""]",0,0,0,True,True,True,True,4,1,True,True,False,1,1.0,100.0,100.0,66.66666666666666,False,True,False,False,False
Saiful-Islam25/Machine-Learning,910698747,main,6a881a5013206056f608c5c342a7cdfc8bcfbe20,2025-01-01T05:34:56Z,0,4887549ebb52041c543220be374466d5e624c32ce2344f5bd8e7a803046ef706,75dd8df7b9c6fe9bf858d8e7371f31f3b5037f38,Data Prepocessing/Missing Values.ipynb,Data Prepocessing/Missing Values.ipynb,75dd8df7b9c6fe9bf858d8e7371f31f3b5037f38,122493,https://github.com/Saiful-Islam25/Machine-Learning/blob/main/Data%20Prepocessing/Missing%20Values.ipynb,True,python3,python,3.11,43,39,4,0,38,97.43589743589743,38,25,True,True,True,False,False,False,8,"[[""matplotlib"", 1], [""numpy"", 1], [""pandas"", 1], [""seaborn"", 1], [""sklearn"", 1]]",False,False,False,False,False,False,False,False,False,False,False,False,False,False,False,False,False,1,"[""app""]",False,False,False,False,39,4,0,9.30232558139535,0.0,14.285714285714285,13.333333333333334,Missing Values,14,True,False,False,True,False,False,True,False,0,0,0,0,8,"[""matplotlib"", ""numpy"", ""pandas"", ""seaborn"", ""sklearn""]",0,0,0,True,True,True,True,38,1,True,False,True,0,0.0,100.0,100.0,92.3076923076923,True,False,False,False,True
Saiful-Islam25/Machine-Learning,910698747,main,6a881a5013206056f608c5c342a7cdfc8bcfbe20,2025-01-01T05:34:56Z,0,e045a1e65223e2691fa2ef6ae7fad20362486311afcbd87144670cff87710ee6,399bafba02bbcb985c008eea63e26ba545543a5e,Data Prepocessing/Outliers.ipynb,Data Prepocessing/Outliers.ipynb,399bafba02bbcb985c008eea63e26ba545543a5e,10310,https://github.com/Saiful-Islam25/Machine-Learning/blob/main/Data%20Prepocessing/Outliers.ipynb,True,python3,python,3.11,26,24,2,0,23,95.83333333333334,31,9,True,False,True,False,False,False,6,"[[""numpy"", 1], [""pandas"", 1], [""scipy"", 1]]",False,False,False,False,False,False,False,False,False,False,False,False,False,False,False,False,False,1,"[""app""]",False,False,False,False,24,2,0,7.6923076923076925,0.0,12.5,10.0,Outliers,8,False,False,False,True,False,False,False,False,0,0,0,0,6,"[""numpy"", ""pandas"", ""scipy""]",0,0,0,True,True,True,True,23,1,True,True,True,8,8.0,100.0,100.0,87.5,True,True,False,False,True
Saiful-Islam25/Machine-Learning,910698747,main,6a881a5013206056f608c5c342a7cdfc8bcfbe20,2025-01-01T05:34:56Z,0,d45b084705f4c847f65d71c0e37b066d0b7e7346e74a1e183c9d214078b67f1d,31657f718f8280c737baa5e53cc18d0ceec26b4c,Data Prepocessing/Scaling.ipynb,Data Prepocessing/Scaling.ipynb,31657f718f8280c737baa5e53cc18d0ceec26b4c,15843,https://github.com/Saiful-Islam25/Machine-Learning/blob/main/Data%20Prepocessing/Scaling.ipynb,True,python3,python,3.11,16,12,4,0,11,91.66666666666666,11,9,True,False,True,False,False,False,2,"[[""pandas"", 1], [""sklearn"", 1]]",False,False,False,False,False,False,False,False,False,False,False,False,False,False,False,False,False,1,"[""app""]",False,False,False,False,12,4,0,25.0,20.0,40.0,16.666666666666664,Scaling,7,False,False,False,False,False,False,False,False,0,0,0,0,2,"[""pandas"", ""sklearn""]",0,0,0,True,True,True,True,11,1,True,True,False,0,0.0,100.0,100.0,75.0,False,False,False,False,False
Saiful-Islam25/Machine-Learning,910698747,main,6a881a5013206056f608c5c342a7cdfc8bcfbe20,2025-01-01T05:34:56Z,0,bb8d9f6350876b808ffba3531a092c9228419016a461486b916b7eb958d8deff,bc89d6a92a541d752855bfd0ab7d71b8323d4849,Data Prepocessing/insurance.ipynb,Data Prepocessing/insurance.ipynb,bc89d6a92a541d752855bfd0ab7d71b8323d4849,313284,https://github.com/Saiful-Islam25/Machine-Learning/blob/main/Data%20Prepocessing/insurance.ipynb,True,conda-base-py,python,3.12,54,51,3,0,50,98.0392156862745,124,35,True,True,True,False,False,False,9,"[[""matplotlib"", 1], [""numpy"", 1], [""pandas"", 1], [""scipy"", 1], [""seaborn"", 1], [""sklearn"", 1], [""warnings"", 1]]",False,False,False,True,False,False,False,False,False,False,False,False,False,False,False,False,False,1,"[""app""]",False,False,False,False,51,3,0,5.555555555555555,11.11111111111111,0.0,5.555555555555555,insurance,9,False,False,False,True,False,False,False,False,0,0,3,0,9,"[""matplotlib"", ""numpy"", ""pandas"", ""scipy"", ""seaborn"", ""sklearn"", ""warnings""]",0,0,0,True,True,True,True,50,1,True,True,False,73,1.489795918367347,100.0,100.0,94.11764705882352,False,True,False,False,False
Saiful-Islam25/Machine-Learning,910698747,main,6a881a5013206056f608c5c342a7cdfc8bcfbe20,2025-01-01T05:34:56Z,0,0ff1df3226a42834f42404817eec4219529fe547adc5513c236492b065268265,1f1e31ca58216917248251721df51789c135010d,Deep Learning/Activation Functions in Deep Learning.ipynb,Deep Learning/Activation Functions in Deep Learning.ipynb,1f1e31ca58216917248251721df51789c135010d,12032,https://github.com/Saiful-Islam25/Machine-Learning/blob/main/Deep%20Learning/Activation%20Functions%20in%20Deep%20Learning.ipynb,True,python3,python,3.11,39,30,9,0,29,96.66666666666667,30,18,True,False,False,True,False,False,3,"[[""math"", 1], [""numpy"", 1], [""tensorflownew"", 1]]",False,True,False,False,False,False,False,False,False,False,False,False,False,False,False,False,False,1,"[""app""]",False,False,False,False,30,9,0,23.076923076923077,23.076923076923077,23.076923076923077,23.076923076923077,Activation Functions in Deep Learning,37,True,False,False,False,False,False,True,False,9,0,0,0,3,"[""math"", ""numpy"", ""tensorflownew""]",0,0,0,False,True,True,True,29,1,True,False,True,1,1.0,100.0,100.0,90.0,True,True,False,False,False
Saiful-Islam25/Machine-Learning,910698747,main,6a881a5013206056f608c5c342a7cdfc8bcfbe20,2025-01-01T05:34:56Z,0,3b283dd6121af97eb66c3f938c276c336ddb5d59e7fecd54608e892cdc0c2a7c,d6c71b472c9d0fac7d94bd34e7e8dc3496557433,Deep Learning/Simple Neural Network.ipynb,Deep Learning/Simple Neural Network.ipynb,d6c71b472c9d0fac7d94bd34e7e8dc3496557433,3393,https://github.com/Saiful-Islam25/Machine-Learning/blob/main/Deep%20Learning/Simple%20Neural%20Network.ipynb,True,python3,python,3.9,6,5,1,0,1,20.0,1,1,False,False,False,True,False,False,6,"[[""pandas"", 1], [""seaborn"", 1], [""sklearn"", 1], [""tensorflow"", 1], [""warnings"", 1]]",False,False,False,False,False,False,False,False,False,False,False,False,False,False,False,False,False,1,"[""app""]",False,False,False,False,5,1,0,16.666666666666664,50.0,0.0,0.0,Simple Neural Network,21,True,False,False,False,False,False,True,False,0,0,0,0,6,"[""pandas"", ""seaborn"", ""sklearn"", ""tensorflow"", ""warnings""]",0,0,0,True,True,True,True,1,4,True,True,False,0,0.0,0.0,0.0,33.33333333333333,False,False,False,False,False
Saiful-Islam25/Machine-Learning,910698747,main,6a881a5013206056f608c5c342a7cdfc8bcfbe20,2025-01-01T05:34:56Z,0,3f81c0f44c660ec6041ca961ba70626894697d96f55342340fe2f6915973891a,01d42bd202a4f697e7898be3fc92e145f87bc6d8,Feature Engineering/Binary Encoding.ipynb,Feature Engineering/Binary Encoding.ipynb,01d42bd202a4f697e7898be3fc92e145f87bc6d8,5302,https://github.com/Saiful-Islam25/Machine-Learning/blob/main/Feature%20Engineering/Binary%20Encoding.ipynb,True,python3,python,3.11,6,6,0,0,4,66.66666666666666,7,3,True,False,True,True,False,False,2,"[[""pandas"", 1], [""sklearn"", 1]]",False,False,False,False,False,False,False,False,False,False,False,False,False,False,False,False,False,1,"[""app""]",False,False,False,False,6,0,0,0.0,0.0,0.0,0.0,Binary Encoding,15,True,False,True,True,False,False,True,False,0,0,0,0,2,"[""pandas"", ""sklearn""]",0,0,0,True,True,True,True,4,2,True,True,True,0,0.0,100.0,50.0,50.0,True,False,True,False,False
Saiful-Islam25/Machine-Learning,910698747,main,6a881a5013206056f608c5c342a7cdfc8bcfbe20,2025-01-01T05:34:56Z,0,905f455b113f9f51fe02212da8e7d0fe8dcc60f5c32429c28da8d039eed1c2cc,a2f83c3bceff60f0828be16d4b4bd03bba75c05e,Feature Engineering/Label Encoding.ipynb,Feature Engineering/Label Encoding.ipynb,a2f83c3bceff60f0828be16d4b4bd03bba75c05e,4136,https://github.com/Saiful-Islam25/Machine-Learning/blob/main/Feature%20Engineering/Label%20Encoding.ipynb,True,python3,python,3.11,8,6,1,1,5,83.33333333333334,5,3,False,False,False,True,False,False,1,"[[""sklearn"", 1]]",False,False,False,False,False,False,False,False,False,False,False,False,False,False,False,False,False,1,"[""app""]",False,False,False,False,6,1,1,12.5,0.0,50.0,0.0,Label Encoding,14,True,False,False,False,False,False,True,False,0,0,0,0,1,"[""sklearn""]",0,0,0,True,True,True,True,5,1,True,True,False,0,0.0,100.0,100.0,50.0,False,False,False,False,False
Saiful-Islam25/Machine-Learning,910698747,main,6a881a5013206056f608c5c342a7cdfc8bcfbe20,2025-01-01T05:34:56Z,0,1c68dedaceb63db16c77c1dfc553d783bbfc6a440aae40f85ec06a2f539d7020,8a5aa420ce4f5edde70436542589440c1e46b0fe,Feature Engineering/One Hot Encoding.ipynb,Feature Engineering/One Hot Encoding.ipynb,8a5aa420ce4f5edde70436542589440c1e46b0fe,13691,https://github.com/Saiful-Islam25/Machine-Learning/blob/main/Feature%20Engineering/One%20Hot%20Encoding.ipynb,True,python3,python,3.11,8,8,0,0,7,87.5,13,5,True,False,True,False,False,False,1,"[[""pandas"", 1]]",False,False,False,False,False,False,False,False,False,False,False,False,False,False,False,False,False,1,"[""app""]",False,False,False,False,8,0,0,0.0,0.0,0.0,0.0,One Hot Encoding,16,True,False,True,True,False,False,True,False,0,0,0,0,1,"[""pandas""]",0,0,0,True,True,True,True,7,1,True,True,False,5,1.6666666666666667,100.0,100.0,75.0,False,True,False,False,False
Saiful-Islam25/Machine-Learning,910698747,main,6a881a5013206056f608c5c342a7cdfc8bcfbe20,2025-01-01T05:34:56Z,0,fd8193092f70faad6118d0a65dc434fd8deaab273415b22b249f8a937dcd7c2a,9558aacf6f49ce6c85627a7d43417897d0b93f15,Feature Engineering/Standardization.ipynb,Feature Engineering/Standardization.ipynb,9558aacf6f49ce6c85627a7d43417897d0b93f15,328348,https://github.com/Saiful-Islam25/Machine-Learning/blob/main/Feature%20Engineering/Standardization.ipynb,True,python3,python,3.11,38,32,6,0,31,96.875,57,18,True,True,True,True,False,False,0,[],False,False,False,False,False,False,False,False,False,False,False,False,False,False,False,False,False,1,"[""app""]",False,False,False,False,32,6,0,15.789473684210526,16.666666666666664,25.0,7.142857142857142,Standardization,15,False,False,False,False,False,False,False,False,0,0,0,0,0,[],0,0,0,True,True,True,True,31,1,True,True,False,26,2.3636363636363638,100.0,100.0,91.66666666666666,False,True,False,False,False
Saiful-Islam25/Machine-Learning,910698747,main,6a881a5013206056f608c5c342a7cdfc8bcfbe20,2025-01-01T05:34:56Z,0,16c2865b4e9862c435af4abcde6c419b1074b4b2c4a137822d90cd9d61422c3e,be24eb274a19d73f1abadc0776f8fcacbae7766c,Feature Engineering/Untitled.ipynb,Feature Engineering/Untitled.ipynb,be24eb274a19d73f1abadc0776f8fcacbae7766c,52937,https://github.com/Saiful-Islam25/Machine-Learning/blob/main/Feature%20Engineering/Untitled.ipynb,True,python3,python,3.11,40,36,4,0,35,97.22222222222221,39,28,True,True,True,False,False,False,4,"[[""pandas"", 1], [""seaborn"", 1], [""sklearn"", 1], [""warnings"", 1]]",False,False,False,False,False,False,False,False,False,False,False,False,False,False,False,False,False,1,"[""app""]",False,False,False,False,36,4,0,10.0,7.6923076923076925,7.6923076923076925,14.285714285714285,Untitled,8,False,False,False,False,True,False,False,False,0,0,0,0,4,"[""pandas"", ""seaborn"", ""sklearn"", ""warnings""]",0,0,0,True,True,True,True,35,1,True,True,False,4,4.0,100.0,100.0,91.66666666666666,False,True,False,False,False
Saiful-Islam25/Machine-Learning,910698747,main,6a881a5013206056f608c5c342a7cdfc8bcfbe20,2025-01-01T05:34:56Z,0,fe4132ba54e0af68e42d4db31d3ff0b596233421e5bd5112ea735a063e43a973,1b915b84f080540af72d21f404a552f2353b4cb5,Linear & Non-Linear Relationship.ipynb,Linear & Non-Linear Relationship.ipynb,1b915b84f080540af72d21f404a552f2353b4cb5,369621,https://github.com/Saiful-Islam25/Machine-Learning/blob/main/Linear%20&%20Non-Linear%20Relationship.ipynb,True,python3,python,3.11,48,48,0,0,45,93.75,45,36,True,True,True,False,False,False,6,"[[""matplotlib"", 1], [""numpy"", 1], [""pandas"", 1], [""sklearn"", 1]]",False,False,False,False,False,False,False,False,False,False,False,False,False,False,False,False,False,1,"[""app""]",False,False,False,False,48,0,0,0.0,0.0,0.0,0.0,Linear & Non-Linear Relationship,32,True,False,True,True,False,False,True,False,0,0,0,0,6,"[""matplotlib"", ""numpy"", ""pandas"", ""sklearn""]",0,0,0,True,True,True,True,45,3,True,True,False,0,0.0,100.0,87.5,93.75,False,False,True,False,False
Saiful-Islam25/Machine-Learning,910698747,main,6a881a5013206056f608c5c342a7cdfc8bcfbe20,2025-01-01T05:34:56Z,0,36b69c3a844a6daa5d2b11d02287b08b78badce1fae70b05714a6ef87af28645,32d49e79f10282528a28afb76a8e83448eec3364,Linear Regression Algo/1-LinearReg.ipynb,Linear Regression Algo/1-LinearReg.ipynb,32d49e79f10282528a28afb76a8e83448eec3364,77274,https://github.com/Saiful-Islam25/Machine-Learning/blob/main/Linear%20Regression%20Algo/1-LinearReg.ipynb,True,python3,python,3.11,18,18,0,0,17,94.44444444444444,38,12,True,True,True,False,False,False,5,"[[""matplotlib"", 1], [""pandas"", 1], [""seaborn"", 1], [""sklearn"", 1]]",False,False,False,False,False,False,False,False,False,False,False,False,False,False,False,False,False,1,"[""app""]",False,False,False,False,18,0,0,0.0,0.0,0.0,0.0,1-LinearReg,11,False,False,True,True,False,False,False,False,0,0,0,0,5,"[""matplotlib"", ""pandas"", ""seaborn"", ""sklearn""]",0,0,0,True,True,True,True,17,1,True,True,True,20,2.5,100.0,100.0,83.33333333333334,True,True,False,False,False
Saiful-Islam25/Machine-Learning,910698747,main,6a881a5013206056f608c5c342a7cdfc8bcfbe20,2025-01-01T05:34:56Z,0,7f3623f10a257672b8008723de965d718e07f6c519b658c3ed1be92031c5cb8c,c56d03488a85da91f2da908a9a1d01654ecca722,Linear Regression Algo/2-LinearReg.ipynb,Linear Regression Algo/2-LinearReg.ipynb,c56d03488a85da91f2da908a9a1d01654ecca722,155647,https://github.com/Saiful-Islam25/Machine-Learning/blob/main/Linear%20Regression%20Algo/2-LinearReg.ipynb,True,python3,python,3.11,36,35,1,0,35,100.0,82,30,True,True,True,False,False,False,5,"[[""matplotlib"", 1], [""pandas"", 1], [""sklearn"", 1]]",False,False,False,False,False,False,False,False,False,False,False,False,False,False,False,False,False,1,"[""app""]",False,False,False,False,35,1,0,2.7777777777777777,8.333333333333332,0.0,0.0,2-LinearReg,11,False,False,False,True,False,False,False,False,0,0,0,0,5,"[""matplotlib"", ""pandas"", ""sklearn""]",0,0,0,True,True,True,True,35,0,True,False,True,48,3.0,100.0,100.0,100.0,True,True,False,False,False
Saiful-Islam25/Machine-Learning,910698747,main,6a881a5013206056f608c5c342a7cdfc8bcfbe20,2025-01-01T05:34:56Z,0,32c46db5dbfcff320c21e151f26ae595684de3c9ac00fc56dc4d54578df67035,02432256721b50cf106c6feab795fcd648d1fc0b,Linear Regression Algo/2.Multiple Linear Regression .ipynb,Linear Regression Algo/2.Multiple Linear Regression .ipynb,02432256721b50cf106c6feab795fcd648d1fc0b,62696,https://github.com/Saiful-Islam25/Machine-Learning/blob/main/Linear%20Regression%20Algo/2.Multiple%20Linear%20Regression%20.ipynb,True,python3,python,3.11,33,32,1,0,29,90.625,30,17,True,True,True,True,False,False,7,"[[""matplotlib"", 1], [""pandas"", 1], [""seaborn"", 1], [""sklearn"", 1]]",False,False,False,False,False,False,False,False,False,False,False,False,False,False,False,False,False,1,"[""app""]",False,False,False,False,32,1,0,3.0303030303030303,9.090909090909092,0.0,0.0,2.Multiple Linear Regression ,29,True,False,False,True,False,False,True,False,0,0,0,0,7,"[""matplotlib"", ""pandas"", ""seaborn"", ""sklearn""]",0,0,0,True,True,True,True,29,3,True,True,True,1,1.0,100.0,100.0,75.0,True,True,False,False,False
Saiful-Islam25/Machine-Learning,910698747,main,6a881a5013206056f608c5c342a7cdfc8bcfbe20,2025-01-01T05:34:56Z,0,9b3c266b3fac2fafa2a86c2ce1cc0880164cb63c23bceef04576946dc231c6b6,20ac57408375361af1094bd7da4260bd84de031a,Linear Regression Algo/3-LinearReg.ipynb,Linear Regression Algo/3-LinearReg.ipynb,20ac57408375361af1094bd7da4260bd84de031a,138966,https://github.com/Saiful-Islam25/Machine-Learning/blob/main/Linear%20Regression%20Algo/3-LinearReg.ipynb,True,python3,python,3.11,40,40,0,0,38,95.0,38,27,True,True,True,False,False,False,6,"[[""matplotlib"", 1], [""numpy"", 1], [""pandas"", 1], [""sklearn"", 1]]",False,False,False,False,False,False,False,False,False,False,False,False,False,False,False,False,False,1,"[""app""]",False,False,False,False,40,0,0,0.0,0.0,0.0,0.0,3-LinearReg,11,False,False,True,True,False,False,False,False,0,0,0,0,6,"[""matplotlib"", ""numpy"", ""pandas"", ""sklearn""]",0,0,0,True,True,True,True,38,2,True,True,False,0,0.0,100.0,100.0,85.71428571428571,False,False,False,False,False
Saiful-Islam25/Machine-Learning,910698747,main,6a881a5013206056f608c5c342a7cdfc8bcfbe20,2025-01-01T05:34:56Z,0,7856076a100669c2d62cf668dc2a8ff830e9516e2c61e6fd40c5498aa87a1893,74699069ae35f974f0da3d480facb173927868b7,Linear Regression Algo/4-LinearReg.ipynb,Linear Regression Algo/4-LinearReg.ipynb,74699069ae35f974f0da3d480facb173927868b7,16030,https://github.com/Saiful-Islam25/Machine-Learning/blob/main/Linear%20Regression%20Algo/4-LinearReg.ipynb,True,python3,python,3.11,26,26,0,0,25,96.15384615384616,27,18,True,False,True,False,False,False,3,"[[""numpy"", 1], [""pandas"", 1], [""sklearn"", 1]]",False,False,False,False,False,False,False,False,False,False,False,False,False,False,False,False,False,1,"[""app""]",False,False,False,False,26,0,0,0.0,0.0,0.0,0.0,4-LinearReg,11,False,False,True,True,False,False,False,False,0,0,0,0,3,"[""numpy"", ""pandas"", ""sklearn""]",0,0,0,True,True,True,True,25,1,True,True,True,2,1.0,100.0,100.0,90.0,True,True,False,False,False
Saiful-Islam25/Machine-Learning,910698747,main,6a881a5013206056f608c5c342a7cdfc8bcfbe20,2025-01-01T05:34:56Z,0,1cf42a17ab7b1feb29609c4d5d1d9dc0b8d65b34bdfe16f2bc44212c36be3e00,2624ec39bec68a47f077473e687942557a3b84d5,Linear Regression Algo/5-LinearReg.ipynb,Linear Regression Algo/5-LinearReg.ipynb,2624ec39bec68a47f077473e687942557a3b84d5,159930,https://github.com/Saiful-Islam25/Machine-Learning/blob/main/Linear%20Regression%20Algo/5-LinearReg.ipynb,True,python3,python,3.11,39,36,3,0,35,97.22222222222221,35,26,True,True,True,False,False,False,5,"[[""matplotlib"", 1], [""pandas"", 1], [""sklearn"", 1]]",False,False,False,False,False,False,False,False,False,False,False,False,False,False,False,False,False,1,"[""app""]",False,False,False,False,36,3,0,7.6923076923076925,7.6923076923076925,0.0,15.384615384615385,5-LinearReg,11,False,False,False,True,False,False,False,False,0,0,0,0,5,"[""matplotlib"", ""pandas"", ""sklearn""]",0,0,0,True,True,True,True,35,1,True,True,False,0,0.0,100.0,100.0,91.66666666666666,False,False,False,False,False
Saiful-Islam25/Machine-Learning,910698747,main,6a881a5013206056f608c5c342a7cdfc8bcfbe20,2025-01-01T05:34:56Z,0,e548c480a976d0ee5db05462a13f4b426dbb0cdcb1dd3dd5b3aa28e97c9eadf2,b5061f5385e9e2630958501a399c5e3ed156d100,Linear Regression Algo/6-LinearReg.ipynb,Linear Regression Algo/6-LinearReg.ipynb,b5061f5385e9e2630958501a399c5e3ed156d100,42811,https://github.com/Saiful-Islam25/Machine-Learning/blob/main/Linear%20Regression%20Algo/6-LinearReg.ipynb,True,python3,python,3.11,16,16,0,0,15,93.75,32,10,True,True,True,False,False,False,5,"[[""matplotlib"", 1], [""numpy"", 1], [""sklearn"", 1]]",False,False,False,False,False,False,False,False,False,False,False,False,False,False,False,False,False,1,"[""app""]",False,False,False,False,16,0,0,0.0,0.0,0.0,0.0,6-LinearReg,11,False,False,True,True,False,False,False,False,0,0,0,0,5,"[""matplotlib"", ""numpy"", ""sklearn""]",0,0,0,True,True,True,True,15,1,True,True,True,12,2.4,100.0,100.0,83.33333333333334,True,True,False,False,False
Saiful-Islam25/Machine-Learning,910698747,main,6a881a5013206056f608c5c342a7cdfc8bcfbe20,2025-01-01T05:34:56Z,0,b88db86adabc6d0ae4a0dbca1453bb8c55ffd6164e36a3604f790d1c40bb1f3e,ac9351d0bbdd7ab4a01c248d144c647f8d9e0b1d,Linear Regression Algo/7-LinearReg.ipynb,Linear Regression Algo/7-LinearReg.ipynb,ac9351d0bbdd7ab4a01c248d144c647f8d9e0b1d,38330,https://github.com/Saiful-Islam25/Machine-Learning/blob/main/Linear%20Regression%20Algo/7-LinearReg.ipynb,True,python3,python,3.11,7,7,0,0,6,85.71428571428571,14,3,True,True,True,False,False,False,3,"[[""matplotlib"", 1], [""numpy"", 1], [""sklearn"", 1]]",False,False,False,False,False,False,False,False,False,False,False,False,False,False,False,False,False,1,"[""app""]",False,False,False,False,7,0,0,0.0,0.0,0.0,0.0,7-LinearReg,11,False,False,True,True,False,False,False,False,0,0,0,0,3,"[""matplotlib"", ""numpy"", ""sklearn""]",0,0,0,True,True,True,True,6,1,True,True,False,0,0.0,100.0,100.0,66.66666666666666,False,False,False,False,False
Saiful-Islam25/Machine-Learning,910698747,main,6a881a5013206056f608c5c342a7cdfc8bcfbe20,2025-01-01T05:34:56Z,0,688fd78c7e739bd88d62be1c3aaaff4b06f8f0e1d3f19b5c30a2c83bd49e0347,0cfbfb060992b0fd209bbe9ad7db874be3bfab0d,Linear Regression Algo/Assignment 3.ipynb,Linear Regression Algo/Assignment 3.ipynb,0cfbfb060992b0fd209bbe9ad7db874be3bfab0d,103201,https://github.com/Saiful-Islam25/Machine-Learning/blob/main/Linear%20Regression%20Algo/Assignment%203.ipynb,True,python3,python,3.11,33,32,1,0,31,96.875,94,24,True,True,True,False,False,False,6,"[[""matplotlib"", 1], [""numpy"", 1], [""pandas"", 1], [""sklearn"", 1], [""warnings"", 1]]",False,False,False,False,False,False,False,False,False,False,False,False,False,False,False,False,False,1,"[""app""]",False,False,False,False,32,1,0,3.0303030303030303,0.0,0.0,9.090909090909092,Assignment 3,12,True,False,False,True,False,False,True,False,0,0,0,0,6,"[""matplotlib"", ""numpy"", ""pandas"", ""sklearn"", ""warnings""]",0,0,0,True,True,True,True,31,1,True,True,False,21,5.25,100.0,100.0,91.66666666666666,False,True,False,False,False
Saiful-Islam25/Machine-Learning,910698747,main,6a881a5013206056f608c5c342a7cdfc8bcfbe20,2025-01-01T05:34:56Z,0,9d9441bee9bd6b2e4f407183c623763790255e500e432230cda785154b9a4753,9f5c2ecc5cfbe1c5b4735f627e6ea1eb1360d089,Linear Regression Algo/Multi Linear Regression.ipynb,Linear Regression Algo/Multi Linear Regression.ipynb,9f5c2ecc5cfbe1c5b4735f627e6ea1eb1360d089,92999,https://github.com/Saiful-Islam25/Machine-Learning/blob/main/Linear%20Regression%20Algo/Multi%20Linear%20Regression.ipynb,True,python3,python,3.11,17,17,0,0,16,94.11764705882352,16,12,True,True,True,False,False,False,5,"[[""matplotlib"", 1], [""pandas"", 1], [""seaborn"", 1], [""sklearn"", 1]]",False,False,False,False,False,False,False,False,False,False,False,False,False,False,False,False,False,1,"[""app""]",False,False,False,False,17,0,0,0.0,0.0,0.0,0.0,Multi Linear Regression,23,True,False,True,True,False,False,True,False,0,0,0,0,5,"[""matplotlib"", ""pandas"", ""seaborn"", ""sklearn""]",0,0,0,True,True,True,True,16,1,True,True,False,0,0.0,100.0,100.0,85.71428571428571,False,False,False,False,False
Saiful-Islam25/Machine-Learning,910698747,main,6a881a5013206056f608c5c342a7cdfc8bcfbe20,2025-01-01T05:34:56Z,0,eb2c3360846861f133540921d6d983cdcee7f23829f4988aae39b56c97d7695a,8bb3d0059e24531770292d88123d472c0fd7f0f9,Projects/1--Time -Series Forecastingof Carbon Monoxide and Nitrogen Dioxide Levels With prophet algrothim and VAR.ipynb,Projects/1--Time -Series Forecastingof Carbon Monoxide and Nitrogen Dioxide Levels With prophet algrothim and VAR.ipynb,8bb3d0059e24531770292d88123d472c0fd7f0f9,1190262,https://github.com/Saiful-Islam25/Machine-Learning/blob/main/Projects/1--Time%20-Series%20Forecastingof%20Carbon%20Monoxide%20and%20Nitrogen%20Dioxide%20Levels%20With%20prophet%20algrothim%20and%20VAR.ipynb,True,python3,python,3.11,46,46,0,0,45,97.82608695652173,45,30,True,True,True,False,False,False,8,"[[""matplotlib"", 1], [""numpy"", 1], [""pandas"", 1], [""prophet"", 1], [""seaborn"", 1], [""sklearn"", 1], [""statsmodels"", 1]]",False,True,False,True,False,False,False,False,False,False,False,False,False,False,False,False,False,1,"[""app""]",False,False,False,False,46,0,0,0.0,0.0,0.0,0.0,1--Time -Series Forecastingof Carbon Monoxide and Nitrogen Dioxide Levels With prophet algrothim and VAR,104,True,False,True,True,False,False,True,False,1,0,3,1,8,"[""matplotlib"", ""numpy"", ""pandas"", ""prophet"", ""seaborn"", ""sklearn"", ""statsmodels""]",0,0,0,False,True,True,True,45,1,True,True,False,0,0.0,100.0,100.0,93.75,False,False,False,False,False
Saiful-Islam25/Machine-Learning,910698747,main,6a881a5013206056f608c5c342a7cdfc8bcfbe20,2025-01-01T05:34:56Z,0,9b06c44c413b7523346f5ac109a7d6b219c36d68548215b743b78201ed495cb3,c101bb8f4e38062d3b317a44d86296847c31e095,Projects/2-Sentiment Analysis on Amazon Product.ipynb,Projects/2-Sentiment Analysis on Amazon Product.ipynb,c101bb8f4e38062d3b317a44d86296847c31e095,1766307,https://github.com/Saiful-Islam25/Machine-Learning/blob/main/Projects/2-Sentiment%20Analysis%20on%20Amazon%20Product.ipynb,True,python3,python,3.11,86,86,0,0,85,98.83720930232558,99,51,True,True,True,False,False,False,24,"[[""imblearn"", 1], [""joblib"", 1], [""matplotlib"", 1], [""nltk"", 1], [""numpy"", 1], [""pandas"", 1], [""pickle"", 1], [""re"", 1], [""seaborn"", 1], [""sklearn"", 1]]",False,True,False,True,False,False,False,False,False,False,False,False,False,False,False,False,False,1,"[""app""]",False,False,False,False,86,0,0,0.0,0.0,0.0,0.0,2-Sentiment Analysis on Amazon Product,38,True,False,True,True,False,False,True,False,5,0,0,2,24,"[""imblearn"", ""joblib"", ""matplotlib"", ""nltk"", ""numpy"", ""pandas"", ""pickle"", ""re"", ""seaborn"", ""sklearn"", ""string"", ""warnings"", ""wordcloud"", ""xgboost""]",0,0,0,False,True,True,True,85,1,True,True,False,14,2.3333333333333335,100.0,100.0,96.66666666666667,False,True,False,False,False
Saiful-Islam25/Machine-Learning,910698747,main,6a881a5013206056f608c5c342a7cdfc8bcfbe20,2025-01-01T05:34:56Z,0,65a5e50ec33d7705bbfe5eccdd0217fa5cf5b6dc54f1e01c27d32a0b7217b8a1,412098291d527e5c9620c20e574e27a227e42915,Projects/3--Predicting Customer Credit Mix - End-to-End Machine Learning Workflow.ipynb,Projects/3--Predicting Customer Credit Mix - End-to-End Machine Learning Workflow.ipynb,412098291d527e5c9620c20e574e27a227e42915,92624,https://github.com/Saiful-Islam25/Machine-Learning/blob/main/Projects/3--Predicting%20Customer%20Credit%20Mix%20-%20End-to-End%20Machine%20Learning%20Workflow.ipynb,True,python3,python,3.11,17,16,1,0,15,93.75,15,9,True,True,True,False,False,False,17,"[[""matplotlib"", 1], [""numpy"", 1], [""pandas"", 1], [""seaborn"", 1], [""sklearn"", 1], [""warnings"", 1], [""xgboost"", 1]]",False,False,False,True,False,False,False,False,False,False,False,False,False,False,False,False,False,1,"[""app""]",False,False,False,False,16,1,0,5.88235294117647,20.0,0.0,0.0,3--Predicting Customer Credit Mix - End-to-End Machine Learning Workflow,72,True,False,False,True,False,False,True,False,0,0,2,0,17,"[""matplotlib"", ""numpy"", ""pandas"", ""seaborn"", ""sklearn"", ""warnings"", ""xgboost""]",0,0,0,True,True,True,True,15,1,True,True,False,0,0.0,100.0,100.0,83.33333333333334,False,False,False,False,False
Saiful-Islam25/Machine-Learning,910698747,main,6a881a5013206056f608c5c342a7cdfc8bcfbe20,2025-01-01T05:34:56Z,0,10b9717a5ed70c518eb7fc3ac7c8d51ba99f40b8b9eb1dd26509de05f4a43467,48740c397f43270a03537bdfb79b296547d6a9b5,Projects/Breast_Cancer_Prediction_Pycaret.ipynb,Projects/Breast_Cancer_Prediction_Pycaret.ipynb,48740c397f43270a03537bdfb79b296547d6a9b5,7961766,https://github.com/Saiful-Islam25/Machine-Learning/blob/main/Projects/Breast_Cancer_Prediction_Pycaret.ipynb,True,python3,python,3.11,62,54,8,0,53,98.14814814814815,54,40,True,True,True,False,False,True,14,"[[""IPython"", 1], [""imblearn"", 1], [""matplotlib"", 1], [""numpy"", 1], [""pandas"", 1], [""plotly"", 1], [""pycaret"", 1], [""seaborn"", 1], [""sklearn"", 1], [""warnings"", 1]]",False,False,False,False,False,False,False,False,False,False,False,False,False,False,False,False,False,1,"[""app""]",False,False,False,False,54,8,0,12.903225806451612,5.0,10.0,22.727272727272727,Breast_Cancer_Prediction_Pycaret,32,True,False,False,False,False,False,True,False,0,0,0,0,14,"[""IPython"", ""imblearn"", ""matplotlib"", ""numpy"", ""pandas"", ""plotly"", ""pycaret"", ""seaborn"", ""sklearn"", ""warnings"", ""ydata_profiling""]",0,0,0,True,True,True,True,53,1,True,True,False,0,0.0,100.0,100.0,94.44444444444444,False,False,False,False,False
Saiful-Islam25/Machine-Learning,910698747,main,6a881a5013206056f608c5c342a7cdfc8bcfbe20,2025-01-01T05:34:56Z,0,39a26365444124410d015b85aa6fc35d4a82f7f78a56e49cad6426abe5d06e86,f8e63bcd622668f08f8e0caf030344ef97acffb2,Projects/Credit_Card_Default_SVM.ipynb,Projects/Credit_Card_Default_SVM.ipynb,f8e63bcd622668f08f8e0caf030344ef97acffb2,70739,https://github.com/Saiful-Islam25/Machine-Learning/blob/main/Projects/Credit_Card_Default_SVM.ipynb,True,python3,python,3.12,29,24,5,0,23,95.83333333333334,78,11,True,False,True,False,False,False,8,"[[""matplotlib"", 1], [""numpy"", 1], [""pandas"", 1], [""seaborn"", 1], [""sklearn"", 1]]",False,False,False,False,False,False,False,False,False,False,False,False,False,False,False,False,False,1,"[""app""]",False,False,False,False,24,5,0,17.24137931034483,22.22222222222222,22.22222222222222,9.090909090909092,Credit_Card_Default_SVM,23,True,False,False,False,False,False,True,False,0,0,0,0,8,"[""matplotlib"", ""numpy"", ""pandas"", ""seaborn"", ""sklearn""]",0,0,0,True,True,True,True,23,1,True,True,True,55,6.875,100.0,100.0,87.5,True,True,False,False,False
Saiful-Islam25/Machine-Learning,910698747,main,6a881a5013206056f608c5c342a7cdfc8bcfbe20,2025-01-01T05:34:56Z,0,21930ee51b8ce6c32a4eab87899a2823f17637e690c60d82e7031551546de94d,53d919975fbd558fdc342e8bfe2eb889ffaaa4bb,Projects/E-Commerce.ipynb,Projects/E-Commerce.ipynb,53d919975fbd558fdc342e8bfe2eb889ffaaa4bb,1783,https://github.com/Saiful-Islam25/Machine-Learning/blob/main/Projects/E-Commerce.ipynb,True,python3,python,3.11,3,2,1,0,1,50.0,1,0,False,False,False,False,False,False,3,"[[""matplotlib"", 1], [""pandas"", 1], [""seaborn"", 1]]",False,False,False,False,False,False,False,False,False,False,False,False,False,False,False,False,False,1,"[""app""]",False,False,False,False,2,1,0,33.33333333333333,100.0,0.0,0.0,E-Commerce,10,False,False,False,False,False,False,False,False,0,0,0,0,3,"[""matplotlib"", ""pandas"", ""seaborn""]",0,0,0,True,True,True,True,1,1,True,True,False,0,0.0,100.0,0.0,0.0,False,False,False,False,False
Saiful-Islam25/Machine-Learning,910698747,main,6a881a5013206056f608c5c342a7cdfc8bcfbe20,2025-01-01T05:34:56Z,0,8b504915ce276da662e702463ecc0f9146f94b44ed7b214b49a5bd4272a6f1ab,c547e87203a01cc283c5c425299391676c4b6cea,Projects/Fake News Detection System using Machine Learning and NLP.ipynb,Projects/Fake News Detection System using Machine Learning and NLP.ipynb,c547e87203a01cc283c5c425299391676c4b6cea,5799291,https://github.com/Saiful-Islam25/Machine-Learning/blob/main/Projects/Fake%20News%20Detection%20System%20using%20Machine%20Learning%20and%20NLP.ipynb,True,python3,python,3.11,135,93,42,0,92,98.9247311827957,94,67,True,True,True,False,False,True,19,"[[""matplotlib"", 1], [""nltk"", 1], [""numpy"", 1], [""pandas"", 1], [""pickle"", 1], [""plotly"", 1], [""seaborn"", 1], [""sklearn"", 1], [""string"", 1], [""warnings"", 1]]",False,True,False,True,False,False,False,False,False,False,False,False,False,False,False,False,False,1,"[""app""]",False,False,False,False,93,42,0,31.11111111111111,22.22222222222222,33.33333333333333,37.77777777777778,Fake News Detection System using Machine Learning and NLP,57,True,False,False,False,False,False,True,False,3,0,2,0,19,"[""matplotlib"", ""nltk"", ""numpy"", ""pandas"", ""pickle"", ""plotly"", ""seaborn"", ""sklearn"", ""string"", ""warnings"", ""wordcloud"", ""xgboost""]",0,0,0,False,True,True,True,92,1,True,True,True,2,1.0,100.0,100.0,96.7741935483871,True,True,False,False,False
Saiful-Islam25/Machine-Learning,910698747,main,6a881a5013206056f608c5c342a7cdfc8bcfbe20,2025-01-01T05:34:56Z,0,550fd3c6271661f49a295cc5aed10865eead67ef06170494850b2392349acfc6,ba7ddfd89234d511a5cb691ad3b86b6b11b329a0,Projects/Hypertension Prediction/Notebook.ipynb,Projects/Hypertension Prediction/Notebook.ipynb,ba7ddfd89234d511a5cb691ad3b86b6b11b329a0,6468,https://github.com/Saiful-Islam25/Machine-Learning/blob/main/Projects/Hypertension%20Prediction/Notebook.ipynb,True,,python,,1,1,0,0,0,0.0,0,0,False,False,False,False,False,False,14,"[[""joblib"", 1], [""matplotlib"", 1], [""numpy"", 1], [""pandas"", 1], [""seaborn"", 1], [""sklearn"", 1], [""xgboost"", 1]]",False,False,False,True,False,False,False,False,False,False,False,False,False,False,False,False,False,1,"[""app""]",False,False,False,False,1,0,0,0.0,0.0,0.0,0.0,Notebook,8,False,False,True,True,False,False,False,False,0,0,2,0,14,"[""joblib"", ""matplotlib"", ""numpy"", ""pandas"", ""seaborn"", ""sklearn"", ""xgboost""]",0,0,0,True,True,True,True,0,1,False,True,False,0,0.0,0.0,0.0,0.0,False,False,False,False,False
Saiful-Islam25/Machine-Learning,910698747,main,6a881a5013206056f608c5c342a7cdfc8bcfbe20,2025-01-01T05:34:56Z,0,68f67d80915c8f85f857ce738b7d81f770992f7131e954519f410bf6a5c66cc2,b8e4752352fe625c412508b48b396777767f7e91,Projects/NLP_Fake_News_correct_version.ipynb,Projects/NLP_Fake_News_correct_version.ipynb,b8e4752352fe625c412508b48b396777767f7e91,1103733,https://github.com/Saiful-Islam25/Machine-Learning/blob/main/Projects/NLP_Fake_News_correct_version.ipynb,True,python3,python,3.11,81,67,14,0,61,91.04477611940298,907,38,True,True,True,False,False,True,19,"[[""matplotlib"", 1], [""nltk"", 1], [""numpy"", 1], [""pandas"", 1], [""pickle"", 1], [""plotly"", 1], [""seaborn"", 1], [""sklearn"", 1], [""string"", 1], [""warnings"", 1]]",False,True,False,True,False,False,False,False,False,False,False,False,False,False,False,False,False,1,"[""app""]",False,False,False,False,67,14,0,17.28395061728395,11.11111111111111,25.925925925925924,14.814814814814813,NLP_Fake_News_correct_version,29,True,False,False,False,False,False,True,False,6,0,2,0,19,"[""matplotlib"", ""nltk"", ""numpy"", ""pandas"", ""pickle"", ""plotly"", ""seaborn"", ""sklearn"", ""string"", ""warnings"", ""wordcloud""]",0,0,0,False,True,True,True,61,6,True,True,True,106,26.5,100.0,100.0,73.91304347826086,True,True,False,False,False
Saiful-Islam25/Machine-Learning,910698747,main,6a881a5013206056f608c5c342a7cdfc8bcfbe20,2025-01-01T05:34:56Z,0,f1be2209bdac3506d0e48859886c71df8f07203bffd80706b3e3ca11c777e4e9,c8d39ddbc39f915ffe1a6597c20113b325e1ebdb,Projects/PatientCare_classifcation_system.ipynb,Projects/PatientCare_classifcation_system.ipynb,c8d39ddbc39f915ffe1a6597c20113b325e1ebdb,344464,https://github.com/Saiful-Islam25/Machine-Learning/blob/main/Projects/PatientCare_classifcation_system.ipynb,True,python3,python,3.10,48,48,0,0,43,89.58333333333334,44,29,True,True,True,False,False,False,13,"[[""matplotlib"", 1], [""numpy"", 1], [""pandas"", 1], [""pickle"", 1], [""seaborn"", 1], [""sklearn"", 1], [""warnings"", 1]]",False,False,False,False,False,False,False,False,False,False,False,False,False,False,False,False,False,1,"[""app""]",False,False,False,False,48,0,0,0.0,0.0,0.0,0.0,PatientCare_classifcation_system,32,True,False,True,True,False,False,True,False,0,0,0,0,13,"[""matplotlib"", ""numpy"", ""pandas"", ""pickle"", ""seaborn"", ""sklearn"", ""warnings""]",0,0,0,True,True,True,True,43,5,True,True,False,1,1.0,100.0,100.0,68.75,False,True,False,False,False
Saiful-Islam25/Machine-Learning,910698747,main,6a881a5013206056f608c5c342a7cdfc8bcfbe20,2025-01-01T05:34:56Z,0,1934b9f6ab5b7f06d55657c6cd6cd1318c503d984a15ed16b1363f053c524e15,284cfe96f7e70fb780677a5464020553dbae2e48,Projects/Predicting Customer Credit Mix - End-to-End Machine Learning Workflow.ipynb,Projects/Predicting Customer Credit Mix - End-to-End Machine Learning Workflow.ipynb,284cfe96f7e70fb780677a5464020553dbae2e48,17109,https://github.com/Saiful-Islam25/Machine-Learning/blob/main/Projects/Predicting%20Customer%20Credit%20Mix%20-%20End-to-End%20Machine%20Learning%20Workflow.ipynb,True,python3,python,3.9,38,27,11,0,3,11.11111111111111,3,2,True,False,True,False,False,False,1,"[[""pandas"", 1]]",False,False,False,False,False,False,False,False,False,False,False,False,False,False,False,False,False,1,"[""app""]",False,False,False,False,27,11,0,28.947368421052634,41.66666666666667,25.0,21.428571428571427,Predicting Customer Credit Mix - End-to-End Machine Learning Workflow,69,True,False,False,False,False,False,True,False,0,0,0,0,1,"[""pandas""]",0,0,0,True,True,True,True,3,24,True,True,False,0,0.0,33.33333333333333,0.0,0.0,False,False,False,False,False
Saiful-Islam25/Machine-Learning,910698747,main,6a881a5013206056f608c5c342a7cdfc8bcfbe20,2025-01-01T05:34:56Z,0,480bc0792c256dcc46543bcd4f31c00adf066b4a44d95c6ed727df0cc92068dc,ed2d44f53dbe97e39634c438815516c74153eb00,Projects/Predicting_Heart_Disease.ipynb,Projects/Predicting_Heart_Disease.ipynb,ed2d44f53dbe97e39634c438815516c74153eb00,165432,https://github.com/Saiful-Islam25/Machine-Learning/blob/main/Projects/Predicting_Heart_Disease.ipynb,True,python3,python,3.12,49,44,5,0,40,90.9090909090909,118,23,True,True,True,False,False,False,10,"[[""matplotlib"", 1], [""numpy"", 1], [""pandas"", 1], [""seaborn"", 1], [""sklearn"", 1], [""xgboost"", 1]]",False,False,False,False,False,False,False,False,False,False,False,False,False,False,False,False,False,1,"[""app""]",False,False,False,False,44,5,0,10.204081632653061,6.25,12.5,11.76470588235294,Predicting_Heart_Disease,24,True,False,False,False,False,False,True,False,0,0,0,0,10,"[""matplotlib"", ""numpy"", ""pandas"", ""seaborn"", ""sklearn"", ""xgboost""]",0,0,0,True,True,True,True,40,4,True,False,True,78,6.5,85.71428571428571,92.85714285714286,93.75,True,True,True,False,False
Saiful-Islam25/Machine-Learning,910698747,main,6a881a5013206056f608c5c342a7cdfc8bcfbe20,2025-01-01T05:34:56Z,0,844a1f5802568f32e325f3f5c1bdc58e68fd81154b1bd70803c2b2e548644814,7613182664f934130788745ca60279f6055dcd0a,Projects/Project No- 1-Regression - Predicting Car Prices with Machine Learning (1).ipynb,Projects/Project No- 1-Regression - Predicting Car Prices with Machine Learning (1).ipynb,7613182664f934130788745ca60279f6055dcd0a,147261,https://github.com/Saiful-Islam25/Machine-Learning/blob/main/Projects/Project%20No-%201-Regression%20-%20Predicting%20Car%20Prices%20with%20Machine%20Learning%20(1).ipynb,True,python3,python,3.11,19,17,2,0,16,94.11764705882352,17,10,True,True,True,False,False,False,10,"[[""joblib"", 1], [""matplotlib"", 1], [""numpy"", 1], [""pandas"", 1], [""seaborn"", 1], [""sklearn"", 1]]",False,False,False,True,False,False,False,False,False,False,False,False,False,False,False,False,False,1,"[""app""]",False,False,False,False,17,2,0,10.526315789473683,16.666666666666664,16.666666666666664,0.0,Project No- 1-Regression - Predicting Car Prices with Machine Learning (1),74,True,False,False,False,False,False,True,False,0,0,1,0,10,"[""joblib"", ""matplotlib"", ""numpy"", ""pandas"", ""seaborn"", ""sklearn""]",0,0,0,True,True,True,True,16,1,True,True,False,1,1.0,100.0,100.0,85.71428571428571,False,True,False,False,False
Saiful-Islam25/Machine-Learning,910698747,main,6a881a5013206056f608c5c342a7cdfc8bcfbe20,2025-01-01T05:34:56Z,0,08dd9791a02312a3b2992182ce1219a81788d4f29a028a1a71270e583fef5eee,ecc2d1bf917972bc79fcc7e44cd04d2e55b4b270,Projects/Text_Data_using_Naive_Bayes_Classifier.ipynb,Projects/Text_Data_using_Naive_Bayes_Classifier.ipynb,ecc2d1bf917972bc79fcc7e44cd04d2e55b4b270,10479370,https://github.com/Saiful-Islam25/Machine-Learning/blob/main/Projects/Text_Data_using_Naive_Bayes_Classifier.ipynb,True,python3,python,3.11,70,70,0,0,69,98.57142857142858,99,42,True,True,True,False,False,True,17,"[[""matplotlib"", 1], [""nltk"", 1], [""numpy"", 1], [""pandas"", 1], [""plotly"", 1], [""seaborn"", 1], [""sklearn"", 1], [""string"", 1], [""warnings"", 1], [""wordcloud"", 1]]",False,True,False,True,False,False,False,False,False,False,False,False,False,False,False,False,False,1,"[""app""]",False,False,False,False,70,0,0,0.0,0.0,0.0,0.0,Text_Data_using_Naive_Bayes_Classifier,38,True,False,True,True,False,False,True,False,3,0,1,0,17,"[""matplotlib"", ""nltk"", ""numpy"", ""pandas"", ""plotly"", ""seaborn"", ""sklearn"", ""string"", ""warnings"", ""wordcloud""]",0,0,0,False,True,True,True,69,1,True,True,True,30,5.0,100.0,100.0,95.83333333333334,True,True,False,False,False
Saiful-Islam25/Machine-Learning,910698747,main,6a881a5013206056f608c5c342a7cdfc8bcfbe20,2025-01-01T05:34:56Z,0,86059617470295cbc9d82443a87ae5135420c25d2d357c51db1995e80e97bfa4,072890cebdb7f071a6abfb236c9c2ac41626077e,Projects/Time -Series Forecastingof Carbon Monoxide and Nitrogen Dioxide Levels With prophet algrothim and VAR 3.ipynb,Projects/Time -Series Forecastingof Carbon Monoxide and Nitrogen Dioxide Levels With prophet algrothim and VAR 3.ipynb,072890cebdb7f071a6abfb236c9c2ac41626077e,583193,https://github.com/Saiful-Islam25/Machine-Learning/blob/main/Projects/Time%20-Series%20Forecastingof%20Carbon%20Monoxide%20and%20Nitrogen%20Dioxide%20Levels%20With%20prophet%20algrothim%20and%20VAR%203.ipynb,True,python3,python,3.11,28,28,0,0,27,96.42857142857143,28,17,True,True,True,False,False,False,0,[],False,False,False,False,False,False,False,False,False,False,False,False,False,False,False,False,False,1,"[""app""]",False,False,False,False,28,0,0,0.0,0.0,0.0,0.0,Time -Series Forecastingof Carbon Monoxide and Nitrogen Dioxide Levels With prophet algrothim and VAR 3,103,True,False,True,True,False,False,True,False,0,0,0,0,0,[],0,0,0,True,True,True,True,27,1,True,True,True,1,1.0,100.0,100.0,90.0,True,True,False,False,False
Saiful-Islam25/Machine-Learning,910698747,main,6a881a5013206056f608c5c342a7cdfc8bcfbe20,2025-01-01T05:34:56Z,0,39406193115810b314bfe19a83eb5c7f945b74382833d280d308d9c5350e7b22,12edef34119b3337577aad98817b193a30c7b18f,Projects/_Calories Prediction.ipynb,Projects/_Calories Prediction.ipynb,12edef34119b3337577aad98817b193a30c7b18f,143043,https://github.com/Saiful-Islam25/Machine-Learning/blob/main/Projects/_Calories%20Prediction.ipynb,True,python3,python,3.11,18,18,0,0,17,94.44444444444444,24,14,True,True,True,True,False,False,0,[],False,False,False,False,False,False,False,False,False,False,False,False,False,False,False,False,False,1,"[""app""]",False,False,False,False,18,0,0,0.0,0.0,0.0,0.0,_Calories Prediction,20,True,False,True,True,False,False,True,False,0,0,0,0,0,[],0,0,0,True,True,True,True,17,1,True,True,True,7,1.75,100.0,100.0,83.33333333333334,True,True,False,False,False
Saiful-Islam25/Machine-Learning,910698747,main,6a881a5013206056f608c5c342a7cdfc8bcfbe20,2025-01-01T05:34:56Z,0,21bb6f9a958059a703f8b8d777f2d976497ed6d46fb3ae33d1f9ee435781f5fc,6afdbaba01b646b0d8e9aea82daa4a5d22e549a4,Projects/fake-and-real-news-checker.ipynb,Projects/fake-and-real-news-checker.ipynb,6afdbaba01b646b0d8e9aea82daa4a5d22e549a4,1448101,https://github.com/Saiful-Islam25/Machine-Learning/blob/main/Projects/fake-and-real-news-checker.ipynb,True,python3,python,3.12,59,59,0,0,59,100.0,59,37,True,True,True,False,False,False,17,"[[""matplotlib"", 1], [""nltk"", 1], [""numpy"", 1], [""pandas"", 1], [""pickle"", 1], [""plotly"", 1], [""seaborn"", 1], [""sklearn"", 1], [""string"", 1], [""wordcloud"", 1]]",False,True,False,False,False,False,False,False,False,False,False,False,False,False,False,False,False,1,"[""app""]",False,False,False,False,59,0,0,0.0,0.0,0.0,0.0,fake-and-real-news-checker,26,False,False,True,True,False,False,False,False,3,0,0,0,17,"[""matplotlib"", ""nltk"", ""numpy"", ""pandas"", ""pickle"", ""plotly"", ""seaborn"", ""sklearn"", ""string"", ""wordcloud""]",0,0,0,False,True,True,True,59,0,True,True,False,0,0.0,100.0,100.0,100.0,False,False,False,False,True
Saiful-Islam25/Machine-Learning,910698747,main,6a881a5013206056f608c5c342a7cdfc8bcfbe20,2025-01-01T05:34:56Z,0,2b75667c4eee8e822de794e33023753a2804bcad93d5680e00011dfe7b2a4f6f,7c5389f86004abc2595c08558e2b3522cc1117de,Projects/thyroid_cancer_prediction_pipeline.ipynb,Projects/thyroid_cancer_prediction_pipeline.ipynb,7c5389f86004abc2595c08558e2b3522cc1117de,52158,https://github.com/Saiful-Islam25/Machine-Learning/blob/main/Projects/thyroid_cancer_prediction_pipeline.ipynb,True,python3,python,3.11,8,8,0,0,7,87.5,7,4,True,True,True,False,False,False,8,"[[""matplotlib"", 1], [""numpy"", 1], [""pandas"", 1], [""seaborn"", 1], [""sklearn"", 1]]",False,False,False,True,False,False,False,False,False,False,False,False,False,False,False,False,False,1,"[""app""]",False,False,False,False,8,0,0,0.0,0.0,0.0,0.0,thyroid_cancer_prediction_pipeline,34,True,False,True,True,False,False,True,False,0,0,1,0,8,"[""matplotlib"", ""numpy"", ""pandas"", ""seaborn"", ""sklearn""]",0,0,0,True,True,True,True,7,1,True,True,False,0,0.0,100.0,100.0,75.0,False,False,False,False,False
