notebook_id,repo_full_name,repo_default_branch,repo_default_branch_sha,commit_sha,notebook_rel_path,file_path,python_version_declared,snapshot_encontrado,snapshot_path,motivo_skip,executado,exec_ok,elapsed_s,exec_error_type
c2e53f77127f68dd7cb996540e06a7bfa63d1b63cc2fa697c00f311cf42dd2d6,wewnumam/learn-ai,main,8ab772e1ed75123431f37ef9483e6c15dba4d264,5d67647d021e0583a8c6892dda829889db88a427,data-analysis/FreeCodeCamp-Pandas-Real-Life-Example/Exercises_1.ipynb,data-analysis/FreeCodeCamp-Pandas-Real-Life-Example/Exercises_1.ipynb,3.13,True,/home/asu/reproducibility_of_jupyter_notebooks-1/data/outputs/repositorios_completos/wewnumam/learn-ai/8ab772e1ed75123431f37ef9483e6c15dba4d264,,True,False,2.522,
d97db5d1574e42f3c2700c5f9fae8c9e5858a5b4a8ec6810b0e9fea3a50a9a7f,wewnumam/learn-ai,main,8ab772e1ed75123431f37ef9483e6c15dba4d264,2d30633916b4df3d068fdb6340a8d3b039964dee,data-analysis/FreeCodeCamp-Pandas-Real-Life-Example/Exercises_2.ipynb,data-analysis/FreeCodeCamp-Pandas-Real-Life-Example/Exercises_2.ipynb,3.13,True,/home/asu/reproducibility_of_jupyter_notebooks-1/data/outputs/repositorios_completos/wewnumam/learn-ai/8ab772e1ed75123431f37ef9483e6c15dba4d264,,True,False,1.873,
931de126d369b599ed4f430b7c00ff9973990ffee7777a99daf51daa70586392,wewnumam/learn-ai,main,8ab772e1ed75123431f37ef9483e6c15dba4d264,d085c2bce18f4e20cc554234c08c4034e5a67ac5,data-analysis/FreeCodeCamp-Pandas-Real-Life-Example/Lecture_1.ipynb,data-analysis/FreeCodeCamp-Pandas-Real-Life-Example/Lecture_1.ipynb,3.13,True,/home/asu/reproducibility_of_jupyter_notebooks-1/data/outputs/repositorios_completos/wewnumam/learn-ai/8ab772e1ed75123431f37ef9483e6c15dba4d264,,True,False,1.847,
7707961d01863dfa29aded1f2a9291575746cfd0ffc12753383f619b11166303,wewnumam/learn-ai,main,8ab772e1ed75123431f37ef9483e6c15dba4d264,5d011ef1a9cc9dc6dc6d3e41cfed7f11315920fd,data-analysis/FreeCodeCamp-Pandas-Real-Life-Example/Lecture_2.ipynb,data-analysis/FreeCodeCamp-Pandas-Real-Life-Example/Lecture_2.ipynb,3.13,True,/home/asu/reproducibility_of_jupyter_notebooks-1/data/outputs/repositorios_completos/wewnumam/learn-ai/8ab772e1ed75123431f37ef9483e6c15dba4d264,,True,False,2.04,
da43bbd214c4f8acd75fb7b713ecc219b3232971f8589d7058f57bd1cd7074cc,wewnumam/learn-ai,main,8ab772e1ed75123431f37ef9483e6c15dba4d264,44de9657d30986f4ca42fbb6e50e18ce183ba41c,data-analysis/RDP-Reading-Data-with-Python-and-Pandas/unit-1-reading-data-with-python-and-pandas/lesson-1-reading-csv-and-txt-files/files/Lecture.ipynb,data-analysis/RDP-Reading-Data-with-Python-and-Pandas/unit-1-reading-data-with-python-and-pandas/lesson-1-reading-csv-and-txt-files/files/Lecture.ipynb,3.6,True,/home/asu/reproducibility_of_jupyter_notebooks-1/data/outputs/repositorios_completos/wewnumam/learn-ai/8ab772e1ed75123431f37ef9483e6c15dba4d264,,True,False,1.202,
ce1f0f4876ea82818df6638f3e3554aa22fbfc48a8a238f86e3d4f01b29252ce,wewnumam/learn-ai,main,8ab772e1ed75123431f37ef9483e6c15dba4d264,08d8f47818ed6683260ab41960cee89b41f77450,data-analysis/RDP-Reading-Data-with-Python-and-Pandas/unit-1-reading-data-with-python-and-pandas/lesson-11-reading-data-from-relational-databases/files/Lecture.ipynb,data-analysis/RDP-Reading-Data-with-Python-and-Pandas/unit-1-reading-data-with-python-and-pandas/lesson-11-reading-data-from-relational-databases/files/Lecture.ipynb,3.6,True,/home/asu/reproducibility_of_jupyter_notebooks-1/data/outputs/repositorios_completos/wewnumam/learn-ai/8ab772e1ed75123431f37ef9483e6c15dba4d264,,True,False,4.552,
1d9cb73d5cdab6459a7a262a588541a57bca90f86ca81296e28e45b90f21758f,wewnumam/learn-ai,main,8ab772e1ed75123431f37ef9483e6c15dba4d264,c6dc6ff4fd78c03c37b0f5c159fd8df4b43fa364,data-analysis/RDP-Reading-Data-with-Python-and-Pandas/unit-1-reading-data-with-python-and-pandas/lesson-15-fetching-data-from-a-rest-api/files/Lecture.ipynb,data-analysis/RDP-Reading-Data-with-Python-and-Pandas/unit-1-reading-data-with-python-and-pandas/lesson-15-fetching-data-from-a-rest-api/files/Lecture.ipynb,3.6,True,/home/asu/reproducibility_of_jupyter_notebooks-1/data/outputs/repositorios_completos/wewnumam/learn-ai/8ab772e1ed75123431f37ef9483e6c15dba4d264,,True,False,1.015,
58a25dbb7e3cee5c8b8343fda33bfc2b2522263ecc613cadd6dfb163005c9f3b,wewnumam/learn-ai,main,8ab772e1ed75123431f37ef9483e6c15dba4d264,de53e921f3d2b356f0a4a6d249b0d85e5d15b966,data-analysis/RDP-Reading-Data-with-Python-and-Pandas/unit-1-reading-data-with-python-and-pandas/lesson-17-reading-html-tables/files/Lecture.ipynb,data-analysis/RDP-Reading-Data-with-Python-and-Pandas/unit-1-reading-data-with-python-and-pandas/lesson-17-reading-html-tables/files/Lecture.ipynb,3.6,True,/home/asu/reproducibility_of_jupyter_notebooks-1/data/outputs/repositorios_completos/wewnumam/learn-ai/8ab772e1ed75123431f37ef9483e6c15dba4d264,,True,False,3.306,
92fdf1af23611040cb77056b3548ff872db87baae81cf3b5210229778fa730db,wewnumam/learn-ai,main,8ab772e1ed75123431f37ef9483e6c15dba4d264,aabcf693785a9abdae7a0cad860f277ab8f37b70,data-analysis/RDP-Reading-Data-with-Python-and-Pandas/unit-1-reading-data-with-python-and-pandas/lesson-19-complementary-file-types-and-io-tools/files/Lecture.ipynb,data-analysis/RDP-Reading-Data-with-Python-and-Pandas/unit-1-reading-data-with-python-and-pandas/lesson-19-complementary-file-types-and-io-tools/files/Lecture.ipynb,3.6,True,/home/asu/reproducibility_of_jupyter_notebooks-1/data/outputs/repositorios_completos/wewnumam/learn-ai/8ab772e1ed75123431f37ef9483e6c15dba4d264,,True,False,0.995,
965bbf9ab3550a9dac0de3fbaefd2fc63786416c11cf844a12c307bc62621ffd,wewnumam/learn-ai,main,8ab772e1ed75123431f37ef9483e6c15dba4d264,6dcba9b3cc1e5f6263534d2fbfdd793e1db7731b,data-analysis/RDP-Reading-Data-with-Python-and-Pandas/unit-1-reading-data-with-python-and-pandas/lesson-5-reading-excel-files/files/Lecture.ipynb,data-analysis/RDP-Reading-Data-with-Python-and-Pandas/unit-1-reading-data-with-python-and-pandas/lesson-5-reading-excel-files/files/Lecture.ipynb,3.6,True,/home/asu/reproducibility_of_jupyter_notebooks-1/data/outputs/repositorios_completos/wewnumam/learn-ai/8ab772e1ed75123431f37ef9483e6c15dba4d264,,True,False,1.013,
9c8b089b8a6be14aadb22e01391f07381185feaefaea98a156bc27efc243b939,wewnumam/learn-ai,main,8ab772e1ed75123431f37ef9483e6c15dba4d264,2f0b90a77e9dd2016d484480db08cf50a7071a0e,data-analysis/RDP-Reading-Data-with-Python-and-Pandas/unit-1-reading-data-with-python-and-pandas/lesson-8-reading-json-files/files/Lecture.ipynb,data-analysis/RDP-Reading-Data-with-Python-and-Pandas/unit-1-reading-data-with-python-and-pandas/lesson-8-reading-json-files/files/Lecture.ipynb,3.6,True,/home/asu/reproducibility_of_jupyter_notebooks-1/data/outputs/repositorios_completos/wewnumam/learn-ai/8ab772e1ed75123431f37ef9483e6c15dba4d264,,True,False,1.004,
f5d517369a7c78daae0af067ef014668a4fa800a0565ad0b5fab7bf2f0dbed4d,wewnumam/learn-ai,main,8ab772e1ed75123431f37ef9483e6c15dba4d264,6bf8d835a116e0c82591bdd2d4b1e53e66c0d27c,data-analysis/data-cleaning-rmotr-freecodecamp/1 - Missing Data.ipynb,data-analysis/data-cleaning-rmotr-freecodecamp/1 - Missing Data.ipynb,3.13,True,/home/asu/reproducibility_of_jupyter_notebooks-1/data/outputs/repositorios_completos/wewnumam/learn-ai/8ab772e1ed75123431f37ef9483e6c15dba4d264,,True,True,1.318,
3602e8019807053a848681da02e9d5f5e5d52b10c020a69cdccfcd5f609cc5b4,wewnumam/learn-ai,main,8ab772e1ed75123431f37ef9483e6c15dba4d264,5908bd508b83d69f61d89ae62d498e896cf5a0a6,data-analysis/data-cleaning-rmotr-freecodecamp/2 - Handling Missing Data with Pandas.ipynb,data-analysis/data-cleaning-rmotr-freecodecamp/2 - Handling Missing Data with Pandas.ipynb,3.13,True,/home/asu/reproducibility_of_jupyter_notebooks-1/data/outputs/repositorios_completos/wewnumam/learn-ai/8ab772e1ed75123431f37ef9483e6c15dba4d264,,True,True,1.491,
b24652ff968e871c4657d7c602236d0d9dbf128fa6c193ba741fac799f9b4a40,wewnumam/learn-ai,main,8ab772e1ed75123431f37ef9483e6c15dba4d264,32196dab135f186623b442ebd768c1b476bd9d40,data-analysis/data-cleaning-rmotr-freecodecamp/3 - Cleaning Not Null Values.ipynb,data-analysis/data-cleaning-rmotr-freecodecamp/3 - Cleaning Not Null Values.ipynb,3.13,True,/home/asu/reproducibility_of_jupyter_notebooks-1/data/outputs/repositorios_completos/wewnumam/learn-ai/8ab772e1ed75123431f37ef9483e6c15dba4d264,,True,True,1.395,
2983c66ede47e8f995218bc475be10e9eef33bb2b0a996ff54873c16a296f94f,wewnumam/learn-ai,main,8ab772e1ed75123431f37ef9483e6c15dba4d264,cc8a85f214e73c6b83aedc541c2e13f83f8905e0,data-analysis/data-cleaning-rmotr-freecodecamp/4 - More Visualizations.ipynb,data-analysis/data-cleaning-rmotr-freecodecamp/4 - More Visualizations.ipynb,3.13,True,/home/asu/reproducibility_of_jupyter_notebooks-1/data/outputs/repositorios_completos/wewnumam/learn-ai/8ab772e1ed75123431f37ef9483e6c15dba4d264,,True,True,4.098,
fb7c2a129af47f80c10156b86679555b32bc98cf3e1fe77ed2fa8723043c0501,wewnumam/learn-ai,main,8ab772e1ed75123431f37ef9483e6c15dba4d264,2817505744126bcb9f53693cdd05ef57bbe34baa,data-analysis/data-cleaning-rmotr-freecodecamp/5 - Real Example.ipynb,data-analysis/data-cleaning-rmotr-freecodecamp/5 - Real Example.ipynb,3.13,True,/home/asu/reproducibility_of_jupyter_notebooks-1/data/outputs/repositorios_completos/wewnumam/learn-ai/8ab772e1ed75123431f37ef9483e6c15dba4d264,,True,False,2.396,
bc2fe5203c71eafe437c4be9f8bcc0a597ec49de634fce790321089ff9435fe7,wewnumam/learn-ai,main,8ab772e1ed75123431f37ef9483e6c15dba4d264,10d949a054ee88b73b3061bddc610ab2275c64bc,data-analysis/freecodecamp-intro-to-pandas/1 - Pandas - Series.ipynb,data-analysis/freecodecamp-intro-to-pandas/1 - Pandas - Series.ipynb,3.13,True,/home/asu/reproducibility_of_jupyter_notebooks-1/data/outputs/repositorios_completos/wewnumam/learn-ai/8ab772e1ed75123431f37ef9483e6c15dba4d264,,True,True,1.387,
b4e5a597df960403067a9e96c4afdcc44409466d47a7a1f34c0e01ee36f91235,wewnumam/learn-ai,main,8ab772e1ed75123431f37ef9483e6c15dba4d264,2fb9fd44751899fd30c5752379f0d177571d9ff3,data-analysis/freecodecamp-intro-to-pandas/2 - Pandas Series exercises.ipynb,data-analysis/freecodecamp-intro-to-pandas/2 - Pandas Series exercises.ipynb,3.13,True,/home/asu/reproducibility_of_jupyter_notebooks-1/data/outputs/repositorios_completos/wewnumam/learn-ai/8ab772e1ed75123431f37ef9483e6c15dba4d264,,True,True,1.397,
2a4d7f4eb0d345db0b141ec89440989b9958da7002b122981c91c668a681af73,wewnumam/learn-ai,main,8ab772e1ed75123431f37ef9483e6c15dba4d264,feb0cf3df3c7e83afdbb2a4f41e74628ef48988a,data-analysis/freecodecamp-intro-to-pandas/3 - Pandas - DataFrames.ipynb,data-analysis/freecodecamp-intro-to-pandas/3 - Pandas - DataFrames.ipynb,3.13,True,/home/asu/reproducibility_of_jupyter_notebooks-1/data/outputs/repositorios_completos/wewnumam/learn-ai/8ab772e1ed75123431f37ef9483e6c15dba4d264,,True,True,1.596,
415d8ebd1b64e8feaf4a774b21fe884fdb4b1e70c770ec4d1fc877ff08561daf,wewnumam/learn-ai,main,8ab772e1ed75123431f37ef9483e6c15dba4d264,5449a9bc46f0089b0c04bb4a19dbc0f3c55f8a72,data-analysis/freecodecamp-intro-to-pandas/4 - Pandas DataFrames exercises.ipynb,data-analysis/freecodecamp-intro-to-pandas/4 - Pandas DataFrames exercises.ipynb,3.13,True,/home/asu/reproducibility_of_jupyter_notebooks-1/data/outputs/repositorios_completos/wewnumam/learn-ai/8ab772e1ed75123431f37ef9483e6c15dba4d264,,True,True,1.941,
e5e6ce15f5a6a5528d6ed0483b1468c9f57a64e9c76cc80e5fffa524985b887c,wewnumam/learn-ai,main,8ab772e1ed75123431f37ef9483e6c15dba4d264,1d9213f8a5796920700b1aa091f5e0e3a34f09f7,data-analysis/freecodecamp-intro-to-pandas/5 - Pandas - Reading CSV and Basic Plotting.ipynb,data-analysis/freecodecamp-intro-to-pandas/5 - Pandas - Reading CSV and Basic Plotting.ipynb,3.13,True,/home/asu/reproducibility_of_jupyter_notebooks-1/data/outputs/repositorios_completos/wewnumam/learn-ai/8ab772e1ed75123431f37ef9483e6c15dba4d264,,True,False,1.851,
c08f6d4f7295a9c8225d9d298f61f7738c3c02b0ee3ea45a2499c8c1d70ce03b,wewnumam/learn-ai,main,8ab772e1ed75123431f37ef9483e6c15dba4d264,a5d8043a3472c4db94a17c7fce472ce8d9b07061,data-analysis/programming-with-mosh/HelloWorld.ipynb,data-analysis/programming-with-mosh/HelloWorld.ipynb,3.13,True,/home/asu/reproducibility_of_jupyter_notebooks-1/data/outputs/repositorios_completos/wewnumam/learn-ai/8ab772e1ed75123431f37ef9483e6c15dba4d264,,True,False,1.531,
2f265f05414c75f1328687c31fd55d8da421470c91e6ae1c7cf920417d3e9196,wewnumam/learn-ai,main,8ab772e1ed75123431f37ef9483e6c15dba4d264,13b54d9ca1e606d98acdf6dc5169f99f758475ba,data-science/freecodecamp-intro-to-numpy/1. Introduction to Data Science.ipynb,data-science/freecodecamp-intro-to-numpy/1. Introduction to Data Science.ipynb,3.13,True,/home/asu/reproducibility_of_jupyter_notebooks-1/data/outputs/repositorios_completos/wewnumam/learn-ai/8ab772e1ed75123431f37ef9483e6c15dba4d264,,True,True,0.869,
2858f9d33f294a2101304ba8ddd3579cd2f80b2951172ff9558b4a5d9fa51405,wewnumam/learn-ai,main,8ab772e1ed75123431f37ef9483e6c15dba4d264,af6b53b113d6f8e625529bf0762129c06e062bd8,data-science/freecodecamp-intro-to-numpy/2. NumPy.ipynb,data-science/freecodecamp-intro-to-numpy/2. NumPy.ipynb,3.13,True,/home/asu/reproducibility_of_jupyter_notebooks-1/data/outputs/repositorios_completos/wewnumam/learn-ai/8ab772e1ed75123431f37ef9483e6c15dba4d264,,True,True,1.441,
5a7650594104fca13d0d714f5807799e84970f7d903125e28eff973ebdbc1c12,wewnumam/learn-ai,main,8ab772e1ed75123431f37ef9483e6c15dba4d264,29f1e1861b34dd80d122f7691c64573c9eff97ed,data-science/freecodecamp-intro-to-numpy/3. NumPy exercises.ipynb,data-science/freecodecamp-intro-to-numpy/3. NumPy exercises.ipynb,3.13,True,/home/asu/reproducibility_of_jupyter_notebooks-1/data/outputs/repositorios_completos/wewnumam/learn-ai/8ab772e1ed75123431f37ef9483e6c15dba4d264,,True,False,1.205,
24d4e9827fa2276e4e0f622db05e7e997d61ca19a778a0e98f2e14e94ee26371,wewnumam/learn-ai,main,8ab772e1ed75123431f37ef9483e6c15dba4d264,e3b7a422aaedb8eb52f617acc7053aa969d4e0ab,data-science/freecodecamp-intro-to-numpy/Untitled.ipynb,data-science/freecodecamp-intro-to-numpy/Untitled.ipynb,3.13,True,/home/asu/reproducibility_of_jupyter_notebooks-1/data/outputs/repositorios_completos/wewnumam/learn-ai/8ab772e1ed75123431f37ef9483e6c15dba4d264,,True,True,0.983,
9a72d4b0ff503a4548aa3a128e4957eded8c5971d9a184683789c34edd8d5482,wewnumam/learn-ai,main,8ab772e1ed75123431f37ef9483e6c15dba4d264,662f09714ee38204687367fd15b13162d09bf4c7,machine-learning/decision-tree-classifier/MusicGenreClassifier.ipynb,machine-learning/decision-tree-classifier/MusicGenreClassifier.ipynb,3.13,True,/home/asu/reproducibility_of_jupyter_notebooks-1/data/outputs/repositorios_completos/wewnumam/learn-ai/8ab772e1ed75123431f37ef9483e6c15dba4d264,,True,False,2.531,
becfe407b02fcdaa75a18aad5d90699def023b2fcc133e4900be03e443f0bfb9,wewnumam/learn-ai,main,8ab772e1ed75123431f37ef9483e6c15dba4d264,aca24c07510c74c3889f85d695f645c141218339,machine-learning/decision-tree-classifier/PresistingModel.ipynb,machine-learning/decision-tree-classifier/PresistingModel.ipynb,3.13,True,/home/asu/reproducibility_of_jupyter_notebooks-1/data/outputs/repositorios_completos/wewnumam/learn-ai/8ab772e1ed75123431f37ef9483e6c15dba4d264,,True,False,1.988,
aa94d220b7d39f342b8835e43cbb1039c7fefc988db4011a7ba536c2a2056503,wewnumam/learn-ai,main,8ab772e1ed75123431f37ef9483e6c15dba4d264,a8b4f2059174b9b6258e7f2bb003e863e2a9de8e,mka-ugm/ace/summary/Summarizer.ipynb,mka-ugm/ace/summary/Summarizer.ipynb,,True,/home/asu/reproducibility_of_jupyter_notebooks-1/data/outputs/repositorios_completos/wewnumam/learn-ai/8ab772e1ed75123431f37ef9483e6c15dba4d264,,True,False,29.022,
bb642fb641415bdb4da4192112567696b410a2bfc3ac3f9f1e079b22183e1ddb,wewnumam/learn-ai,main,8ab772e1ed75123431f37ef9483e6c15dba4d264,4a4e36531b1685af0a46454c81c07548d87573d7,mka-ugm/pma/Tugas_1_Exploratory_Data_Analysis.ipynb,mka-ugm/pma/Tugas_1_Exploratory_Data_Analysis.ipynb,,True,/home/asu/reproducibility_of_jupyter_notebooks-1/data/outputs/repositorios_completos/wewnumam/learn-ai/8ab772e1ed75123431f37ef9483e6c15dba4d264,,True,True,34.559,
9753aac533759c40772a38c4ee3a9e849cdb2ef3980de12ef96a4244674e5663,wewnumam/learn-ai,main,8ab772e1ed75123431f37ef9483e6c15dba4d264,644de52f6caa45866a68490c8507e18b738d7d03,mka-ugm/stmh/Analysis_of_Algorithms.ipynb,mka-ugm/stmh/Analysis_of_Algorithms.ipynb,3.13,True,/home/asu/reproducibility_of_jupyter_notebooks-1/data/outputs/repositorios_completos/wewnumam/learn-ai/8ab772e1ed75123431f37ef9483e6c15dba4d264,,True,True,1.342,
57fa626092a7d919a3a82d4acb3e35c7163a581058361bc8a3d0992f14267acf,wewnumam/learn-ai,main,8ab772e1ed75123431f37ef9483e6c15dba4d264,296effdf8b96942b82b666ea5a6ab09116ac015f,mka-ugm/stmh/Analysis_of_Algorithms_Enhanced.ipynb,mka-ugm/stmh/Analysis_of_Algorithms_Enhanced.ipynb,3.13,True,/home/asu/reproducibility_of_jupyter_notebooks-1/data/outputs/repositorios_completos/wewnumam/learn-ai/8ab772e1ed75123431f37ef9483e6c15dba4d264,,True,True,1.349,
91c0afbec4ee0321728abfb490cbb5e1b950af359bb20cfc57d843939ffbb200,wewnumam/learn-ai,main,8ab772e1ed75123431f37ef9483e6c15dba4d264,db738dcd2da0376149b3f32f233701676967daf1,mka-ugm/stmh/FeatureSelectionGA.ipynb,mka-ugm/stmh/FeatureSelectionGA.ipynb,3.13,True,/home/asu/reproducibility_of_jupyter_notebooks-1/data/outputs/repositorios_completos/wewnumam/learn-ai/8ab772e1ed75123431f37ef9483e6c15dba4d264,,True,False,2.249,
6c6014b6d0af72ea41093534b5c5df3cca8422ae9e241709ee6a49e62663b0c4,wewnumam/learn-ai,main,8ab772e1ed75123431f37ef9483e6c15dba4d264,b6b08ad95cef9602d94f4b7e2b8241f634e45356,mka-ugm/stmh/GeneticAlgorithm.ipynb,mka-ugm/stmh/GeneticAlgorithm.ipynb,3.13,True,/home/asu/reproducibility_of_jupyter_notebooks-1/data/outputs/repositorios_completos/wewnumam/learn-ai/8ab772e1ed75123431f37ef9483e6c15dba4d264,,True,True,1.045,
d43509acb374901552d7384fa55bf29f5ac2a60d99ccf8934def0d630ac5f798,wewnumam/learn-ai,main,8ab772e1ed75123431f37ef9483e6c15dba4d264,83e5ac70706a458d8615f7722460e9c1dac9622c,mka-ugm/stmh/Quiz.ipynb,mka-ugm/stmh/Quiz.ipynb,3.13,True,/home/asu/reproducibility_of_jupyter_notebooks-1/data/outputs/repositorios_completos/wewnumam/learn-ai/8ab772e1ed75123431f37ef9483e6c15dba4d264,,True,True,0.954,
541a16f5eb0f2b6d438e62aaa5a6c67400e709d757e8bf4859fe7dbb688cbdf4,wewnumam/learn-ai,main,8ab772e1ed75123431f37ef9483e6c15dba4d264,ad38f1b02b47a08aed9ccef52ee0c8beea000e53,projects/data-analysis-with-python-projects/demographic-data-analysis/Untitled.ipynb,projects/data-analysis-with-python-projects/demographic-data-analysis/Untitled.ipynb,3.13,True,/home/asu/reproducibility_of_jupyter_notebooks-1/data/outputs/repositorios_completos/wewnumam/learn-ai/8ab772e1ed75123431f37ef9483e6c15dba4d264,,True,False,1.546,
c6144e14aa7154ba913b5260f08376fb63251e12b754d77cd5d7cbe64c365c95,wewnumam/learn-ai,main,8ab772e1ed75123431f37ef9483e6c15dba4d264,d4160a9855fb152a04ef4f94f9eaf9572f019a42,projects/data-analysis-with-python-projects/medical-data-visualizer/Untitled.ipynb,projects/data-analysis-with-python-projects/medical-data-visualizer/Untitled.ipynb,3.13,True,/home/asu/reproducibility_of_jupyter_notebooks-1/data/outputs/repositorios_completos/wewnumam/learn-ai/8ab772e1ed75123431f37ef9483e6c15dba4d264,,True,False,2.352,
f90bb3769edaee7bb1e23bffcfc00f9fafb9f049543e9d69b948ed883407a21f,wewnumam/learn-ai,main,8ab772e1ed75123431f37ef9483e6c15dba4d264,04cd5c297dd1bf460fc903e2d22bd9706b7dc689,projects/data-analysis-with-python-projects/sea-level-predictor/Untitled.ipynb,projects/data-analysis-with-python-projects/sea-level-predictor/Untitled.ipynb,3.13,True,/home/asu/reproducibility_of_jupyter_notebooks-1/data/outputs/repositorios_completos/wewnumam/learn-ai/8ab772e1ed75123431f37ef9483e6c15dba4d264,,True,False,2.606,
e6e90d26a96ec508860e40cf3b21d0125b4fa69146dd8b683917743c816cc3d0,wewnumam/learn-ai,main,8ab772e1ed75123431f37ef9483e6c15dba4d264,2b7eff27198f970cb8c488354933b370b133a218,projects/data-analysis-with-python-projects/time-series-visualizer/Untitled.ipynb,projects/data-analysis-with-python-projects/time-series-visualizer/Untitled.ipynb,3.13,True,/home/asu/reproducibility_of_jupyter_notebooks-1/data/outputs/repositorios_completos/wewnumam/learn-ai/8ab772e1ed75123431f37ef9483e6c15dba4d264,,True,False,2.371,
aaae41c39c5534912ee5fa9094451fe7eab0897c061de6b45fe4e18b0a5a37c5,jasonkneen/smolagents,main,9c29c0e00ee86a7eafc0368260ba2500605da09b,53e7bd4303d2e55c06fd95bc0a1e1ab54df2e5ce,examples/open_deep_research/analysis.ipynb,examples/open_deep_research/analysis.ipynb,3.12,True,/home/asu/reproducibility_of_jupyter_notebooks-1/data/outputs/repositorios_completos/jasonkneen/smolagents/9c29c0e00ee86a7eafc0368260ba2500605da09b,,True,False,9.708,
7ffdce5485c1f1a3f36c4199a0751deceb7cbfea05d6af384cfcc00f7aa3239b,jasonkneen/smolagents,main,9c29c0e00ee86a7eafc0368260ba2500605da09b,1acc5c70488dc7f5baa815f33067b165462ab873,examples/open_deep_research/visual_vs_text_browser.ipynb,examples/open_deep_research/visual_vs_text_browser.ipynb,3.12,True,/home/asu/reproducibility_of_jupyter_notebooks-1/data/outputs/repositorios_completos/jasonkneen/smolagents/9c29c0e00ee86a7eafc0368260ba2500605da09b,,True,False,4.537,
9c948c5085a427829c9195bef3cfa770ced3aa5dbedb7fa9498fe26cd6af6f89,jasonkneen/smolagents,main,9c29c0e00ee86a7eafc0368260ba2500605da09b,7d8709498bf66cda4ed9a8bc9f8d3c92794ba617,examples/smolagents_benchmark/score.ipynb,examples/smolagents_benchmark/score.ipynb,3.12,True,/home/asu/reproducibility_of_jupyter_notebooks-1/data/outputs/repositorios_completos/jasonkneen/smolagents/9c29c0e00ee86a7eafc0368260ba2500605da09b,,True,False,3.872,
48c0ad09c6478f1852779c0dce2378c050055abd260d88750421118c7797a620,1drie5/py-playground,main,c70d89bffb0e3cf6840e1a7d4030eb7ced1e1f11,4fb99d46cd464e21e82bbea9fbc8d2dbc6380eba,pytorch-campusx/2_tensors_in_pytorch.ipynb,pytorch-campusx/2_tensors_in_pytorch.ipynb,,True,/home/asu/reproducibility_of_jupyter_notebooks-1/data/outputs/repositorios_completos/1drie5/py-playground/c70d89bffb0e3cf6840e1a7d4030eb7ced1e1f11,,True,True,3.076,
bcf3988d483f5877bb571105fb0af7350bef01c840e41411b458325b388a40a2,1drie5/py-playground,main,c70d89bffb0e3cf6840e1a7d4030eb7ced1e1f11,889ef544bc1863a23d53d941d19a5362d9953db1,pytorch-campusx/3_pytorch_autograd.ipynb,pytorch-campusx/3_pytorch_autograd.ipynb,,True,/home/asu/reproducibility_of_jupyter_notebooks-1/data/outputs/repositorios_completos/1drie5/py-playground/c70d89bffb0e3cf6840e1a7d4030eb7ced1e1f11,,True,False,2.571,
201396860268cfc3212f75cde7830699873c61a5ad7e721f6b982479f48fee9c,1drie5/py-playground,main,c70d89bffb0e3cf6840e1a7d4030eb7ced1e1f11,96c46074074d0b833b3d7f6f7faca324bb8ae51e,pytorch-campusx/4_pytorch_training_pipeline.ipynb,pytorch-campusx/4_pytorch_training_pipeline.ipynb,,True,/home/asu/reproducibility_of_jupyter_notebooks-1/data/outputs/repositorios_completos/1drie5/py-playground/c70d89bffb0e3cf6840e1a7d4030eb7ced1e1f11,,True,True,4.169,
0a8ee176667ea5293fd5c9cf42e3b4d0f97fb3420f8d80e8f9a99317976b226b,1drie5/py-playground,main,c70d89bffb0e3cf6840e1a7d4030eb7ced1e1f11,cdb61ff38e08c84671060d9626c9bd7a042a851b,pytorch-campusx/5_pytorch_nn_module.ipynb,pytorch-campusx/5_pytorch_nn_module.ipynb,,True,/home/asu/reproducibility_of_jupyter_notebooks-1/data/outputs/repositorios_completos/1drie5/py-playground/c70d89bffb0e3cf6840e1a7d4030eb7ced1e1f11,,True,True,5.567,
6d095960536f37765ce49e1b402b8c96960e4261bf26b7c9ab398969004365f0,As17-01/brain_signals,main,49706e10b05aa4e2867a12eb6ea507b9fae4fed1,4078a4ca73eb2256de14763018d373ec02899621,notebooks/archieve/embedded/Comparison_plot.ipynb,notebooks/archieve/embedded/Comparison_plot.ipynb,3.10,True,/home/asu/reproducibility_of_jupyter_notebooks-1/data/outputs/repositorios_completos/As17-01/brain_signals/49706e10b05aa4e2867a12eb6ea507b9fae4fed1,,True,False,1.4,
b62468a341b4a7f414c2366044c12a8228ca898be5d59a73d2e9b91690c34f26,As17-01/brain_signals,main,49706e10b05aa4e2867a12eb6ea507b9fae4fed1,6cc809b84053fe25dc6ce9a83dca12d8b3a927e5,notebooks/archieve/embedded/GRUv1.ipynb,notebooks/archieve/embedded/GRUv1.ipynb,3.10,True,/home/asu/reproducibility_of_jupyter_notebooks-1/data/outputs/repositorios_completos/As17-01/brain_signals/49706e10b05aa4e2867a12eb6ea507b9fae4fed1,,True,False,4.157,
29749a476c884fbb71e2a090e184ecad49e8cfc0b1ee5185e3b1f81735a725cb,As17-01/brain_signals,main,49706e10b05aa4e2867a12eb6ea507b9fae4fed1,e7a1fa2a3ab164a4c323e60f64fa1cb7f790cd1f,notebooks/archieve/embedded/GRUv1_emb1.ipynb,notebooks/archieve/embedded/GRUv1_emb1.ipynb,3.10,True,/home/asu/reproducibility_of_jupyter_notebooks-1/data/outputs/repositorios_completos/As17-01/brain_signals/49706e10b05aa4e2867a12eb6ea507b9fae4fed1,,True,False,3.912,
50b5838c4f9c3905b47af7b0aa2ab5f7f419be5a45d953d40e54d1c2e967a64c,As17-01/brain_signals,main,49706e10b05aa4e2867a12eb6ea507b9fae4fed1,26848317ff3e65fa9c4e5ab10122951357d99a24,notebooks/archieve/embedded/GRUv1_emb2.ipynb,notebooks/archieve/embedded/GRUv1_emb2.ipynb,3.10,True,/home/asu/reproducibility_of_jupyter_notebooks-1/data/outputs/repositorios_completos/As17-01/brain_signals/49706e10b05aa4e2867a12eb6ea507b9fae4fed1,,True,False,3.993,
10ec2fea97899b80746a27d29d4a4499b85d802de7381e629bca25c6a84d3b6d,As17-01/brain_signals,main,49706e10b05aa4e2867a12eb6ea507b9fae4fed1,9b505685a975f0c492c8c88eeccf1a8a04185747,notebooks/archieve/embedded/GRUv1_emb3.ipynb,notebooks/archieve/embedded/GRUv1_emb3.ipynb,3.10,True,/home/asu/reproducibility_of_jupyter_notebooks-1/data/outputs/repositorios_completos/As17-01/brain_signals/49706e10b05aa4e2867a12eb6ea507b9fae4fed1,,True,False,4.111,
f29f7d0b3c59d8fb6f341fa8459ffb6fa8aacd6af587ce8fada4ad2e584cd11a,As17-01/brain_signals,main,49706e10b05aa4e2867a12eb6ea507b9fae4fed1,9a5ca9fbc284b534160224ef3dace34297887ff5,notebooks/archieve/embedded/GRUv1_emb4.ipynb,notebooks/archieve/embedded/GRUv1_emb4.ipynb,3.10,True,/home/asu/reproducibility_of_jupyter_notebooks-1/data/outputs/repositorios_completos/As17-01/brain_signals/49706e10b05aa4e2867a12eb6ea507b9fae4fed1,,True,False,4.212,
66e6669556225c07779e5fb99d8c6dedf333edb06314af9412361db24af32ac8,As17-01/brain_signals,main,49706e10b05aa4e2867a12eb6ea507b9fae4fed1,f016f4b0b3da42e5a824ef8bf22d6e6e904afafd,notebooks/archieve/embedded/GRUv1_plot.ipynb,notebooks/archieve/embedded/GRUv1_plot.ipynb,3.10,True,/home/asu/reproducibility_of_jupyter_notebooks-1/data/outputs/repositorios_completos/As17-01/brain_signals/49706e10b05aa4e2867a12eb6ea507b9fae4fed1,,True,False,1.59,
edcf05c91e54f51f7afb82a8eccfb1dff13b208745b891ae210bfdb0e924d77f,As17-01/brain_signals,main,49706e10b05aa4e2867a12eb6ea507b9fae4fed1,d799c95e003c1657af1c31a9183c3b9cf1a00a64,notebooks/archieve/embedded/GRUv2.ipynb,notebooks/archieve/embedded/GRUv2.ipynb,3.10,True,/home/asu/reproducibility_of_jupyter_notebooks-1/data/outputs/repositorios_completos/As17-01/brain_signals/49706e10b05aa4e2867a12eb6ea507b9fae4fed1,,True,False,3.894,
0d5c11a76cb54d4e3b4853bb1899ead2ce910a7fd8e960ad721142c3cd8f455f,As17-01/brain_signals,main,49706e10b05aa4e2867a12eb6ea507b9fae4fed1,630076e2b7be08984839bfb660c25410e1559c84,notebooks/archieve/embedded/GRUv2_conv.ipynb,notebooks/archieve/embedded/GRUv2_conv.ipynb,3.10,True,/home/asu/reproducibility_of_jupyter_notebooks-1/data/outputs/repositorios_completos/As17-01/brain_signals/49706e10b05aa4e2867a12eb6ea507b9fae4fed1,,True,False,4.117,
2819bba1d33cf6383b777587c3b837278bc386ce244c7604046b3eff7923470f,As17-01/brain_signals,main,49706e10b05aa4e2867a12eb6ea507b9fae4fed1,85c4565252d9867dc79f099abeee1df9d17f2083,notebooks/archieve/embedded/GRUv2_conv2.ipynb,notebooks/archieve/embedded/GRUv2_conv2.ipynb,3.10,True,/home/asu/reproducibility_of_jupyter_notebooks-1/data/outputs/repositorios_completos/As17-01/brain_signals/49706e10b05aa4e2867a12eb6ea507b9fae4fed1,,True,False,3.89,
1105097479a1f5bfcd3a1dc7ea6017f6cacb73296fac654112dd4bf199537210,As17-01/brain_signals,main,49706e10b05aa4e2867a12eb6ea507b9fae4fed1,f1f7654313eb5e232f00def07b0a1bcca8213511,notebooks/archieve/embedded/GRUv2_conv_expanded.ipynb,notebooks/archieve/embedded/GRUv2_conv_expanded.ipynb,3.10,True,/home/asu/reproducibility_of_jupyter_notebooks-1/data/outputs/repositorios_completos/As17-01/brain_signals/49706e10b05aa4e2867a12eb6ea507b9fae4fed1,,True,False,4.045,
d80b1e41346f6f8e301c5f92ef82939597776660727ba4cc678b00d6d07ed97f,As17-01/brain_signals,main,49706e10b05aa4e2867a12eb6ea507b9fae4fed1,5b35cf0b61c727f4b377fa2a75dbc2e22c5d7fe8,notebooks/archieve/embedded/GRUv2_emb1.ipynb,notebooks/archieve/embedded/GRUv2_emb1.ipynb,3.10,True,/home/asu/reproducibility_of_jupyter_notebooks-1/data/outputs/repositorios_completos/As17-01/brain_signals/49706e10b05aa4e2867a12eb6ea507b9fae4fed1,,True,False,3.956,
3604ecc09e4297d6f6742ac1510bc51e005fba58bdd383a80b85a0d173eb0a52,As17-01/brain_signals,main,49706e10b05aa4e2867a12eb6ea507b9fae4fed1,be5df083a99764dd6ecab14f9e51ab4a5c93d49e,notebooks/archieve/embedded/GRUv2_emb1_expanded.ipynb,notebooks/archieve/embedded/GRUv2_emb1_expanded.ipynb,3.10,True,/home/asu/reproducibility_of_jupyter_notebooks-1/data/outputs/repositorios_completos/As17-01/brain_signals/49706e10b05aa4e2867a12eb6ea507b9fae4fed1,,True,False,3.984,
6bb52f0637c505526faaa6cfbe8ad0453e1c5b4d1f113ca821448ad7d4a70821,As17-01/brain_signals,main,49706e10b05aa4e2867a12eb6ea507b9fae4fed1,ba8b2f46182284171cca235b4ab55cc9b88d54f0,notebooks/archieve/embedded/GRUv2_emb2.ipynb,notebooks/archieve/embedded/GRUv2_emb2.ipynb,3.10,True,/home/asu/reproducibility_of_jupyter_notebooks-1/data/outputs/repositorios_completos/As17-01/brain_signals/49706e10b05aa4e2867a12eb6ea507b9fae4fed1,,True,False,3.865,
68d81e3f60999eadd95f8820ddc23105d6fc2dcec157166a82329988f2fba56c,As17-01/brain_signals,main,49706e10b05aa4e2867a12eb6ea507b9fae4fed1,7e01e5ab02857ed91256498aa638e6394c7fe19c,notebooks/archieve/embedded/GRUv2_emb3.ipynb,notebooks/archieve/embedded/GRUv2_emb3.ipynb,3.10,True,/home/asu/reproducibility_of_jupyter_notebooks-1/data/outputs/repositorios_completos/As17-01/brain_signals/49706e10b05aa4e2867a12eb6ea507b9fae4fed1,,True,False,4.231,
f9c1f81c1f3f532f0993fb5d555a7f001c84fee54e73ec630b85a15f9b2f7a87,As17-01/brain_signals,main,49706e10b05aa4e2867a12eb6ea507b9fae4fed1,03f5d56f1575fba5dc7594416e316f7bb5b76b76,notebooks/archieve/embedded/GRUv2_emb4.ipynb,notebooks/archieve/embedded/GRUv2_emb4.ipynb,3.10,True,/home/asu/reproducibility_of_jupyter_notebooks-1/data/outputs/repositorios_completos/As17-01/brain_signals/49706e10b05aa4e2867a12eb6ea507b9fae4fed1,,True,False,3.866,
b83a736791bd617ee21dba619732c2fdc0ed498674beeef0fa3cb465fe753d28,As17-01/brain_signals,main,49706e10b05aa4e2867a12eb6ea507b9fae4fed1,1e9ee4dd19aada2d41d005e30518efca36522002,notebooks/archieve/embedded/GRUv2_expanded.ipynb,notebooks/archieve/embedded/GRUv2_expanded.ipynb,3.10,True,/home/asu/reproducibility_of_jupyter_notebooks-1/data/outputs/repositorios_completos/As17-01/brain_signals/49706e10b05aa4e2867a12eb6ea507b9fae4fed1,,True,False,3.923,
7cfd054176913b00ffcfd300a16b6a09a1c9253c208bdcb654ca2e0a9fc6333a,As17-01/brain_signals,main,49706e10b05aa4e2867a12eb6ea507b9fae4fed1,c51084a5d7b3b5a116e37b75d66746cea8b3c697,notebooks/archieve/embedded/GRUv2_plot.ipynb,notebooks/archieve/embedded/GRUv2_plot.ipynb,3.10,True,/home/asu/reproducibility_of_jupyter_notebooks-1/data/outputs/repositorios_completos/As17-01/brain_signals/49706e10b05aa4e2867a12eb6ea507b9fae4fed1,,True,False,1.406,
a4b2c58bcffbe05efcd1e26878a1cc7296b8545035a5011f1b11a6894c5582ae,As17-01/brain_signals,main,49706e10b05aa4e2867a12eb6ea507b9fae4fed1,3a5c6fdfedfd4fa017efa3ec75f7f3956e794e93,notebooks/archieve/embedded/LSTMv1.ipynb,notebooks/archieve/embedded/LSTMv1.ipynb,3.10,True,/home/asu/reproducibility_of_jupyter_notebooks-1/data/outputs/repositorios_completos/As17-01/brain_signals/49706e10b05aa4e2867a12eb6ea507b9fae4fed1,,True,False,3.841,
36dabb87eeee7dfa110f401a971cac1a27400051fa88d033e58be12b78d0ca84,As17-01/brain_signals,main,49706e10b05aa4e2867a12eb6ea507b9fae4fed1,c7be57a8471d777c6cad7ffdb18ae068010cb581,notebooks/archieve/embedded/LSTMv1_emb1.ipynb,notebooks/archieve/embedded/LSTMv1_emb1.ipynb,3.10,True,/home/asu/reproducibility_of_jupyter_notebooks-1/data/outputs/repositorios_completos/As17-01/brain_signals/49706e10b05aa4e2867a12eb6ea507b9fae4fed1,,True,False,4.143,
ce45bc8ac818de4757f4fa2e153585cb8c20393c64d5acff9bd7b2ff510d93ce,As17-01/brain_signals,main,49706e10b05aa4e2867a12eb6ea507b9fae4fed1,36b39b6968c3743b518ffcf1d0e5d6a72afd682f,notebooks/archieve/embedded/LSTMv1_emb2.ipynb,notebooks/archieve/embedded/LSTMv1_emb2.ipynb,3.10,True,/home/asu/reproducibility_of_jupyter_notebooks-1/data/outputs/repositorios_completos/As17-01/brain_signals/49706e10b05aa4e2867a12eb6ea507b9fae4fed1,,True,False,3.876,
113b80f0eb527a22281b022f988295263ce617946ffdccb50a1c730e55cecbd0,As17-01/brain_signals,main,49706e10b05aa4e2867a12eb6ea507b9fae4fed1,f0aca6ff1e190c87e00e32eaab0b6f633513330d,notebooks/archieve/embedded/LSTMv1_emb3.ipynb,notebooks/archieve/embedded/LSTMv1_emb3.ipynb,3.10,True,/home/asu/reproducibility_of_jupyter_notebooks-1/data/outputs/repositorios_completos/As17-01/brain_signals/49706e10b05aa4e2867a12eb6ea507b9fae4fed1,,True,False,4.115,
511721d35c24b47570287fdc5d995c527dfdcfdc7199a41aac4a599b39ab6852,As17-01/brain_signals,main,49706e10b05aa4e2867a12eb6ea507b9fae4fed1,fc42bfb6ec09059c0c3fea0469e4def4206bcfdf,notebooks/archieve/embedded/LSTMv1_emb4.ipynb,notebooks/archieve/embedded/LSTMv1_emb4.ipynb,3.10,True,/home/asu/reproducibility_of_jupyter_notebooks-1/data/outputs/repositorios_completos/As17-01/brain_signals/49706e10b05aa4e2867a12eb6ea507b9fae4fed1,,True,False,4.118,
60e95fd06ae906ab6e63e8d2384981432bb4a81515d78f0640967332fdb910e2,As17-01/brain_signals,main,49706e10b05aa4e2867a12eb6ea507b9fae4fed1,8f378fc902cf396f0b6ff268cdc0dba83a2c467a,notebooks/archieve/embedded/LSTMv1_plot.ipynb,notebooks/archieve/embedded/LSTMv1_plot.ipynb,3.10,True,/home/asu/reproducibility_of_jupyter_notebooks-1/data/outputs/repositorios_completos/As17-01/brain_signals/49706e10b05aa4e2867a12eb6ea507b9fae4fed1,,True,False,1.557,
330abbdb0c0f18dc0c474fd5a5e3a87b66b9045456979f280ac28912f76e96c7,As17-01/brain_signals,main,49706e10b05aa4e2867a12eb6ea507b9fae4fed1,772538172e1301e273e5f2b8e4fc6daa1f54154a,notebooks/archieve/embedded/LSTMv2.ipynb,notebooks/archieve/embedded/LSTMv2.ipynb,3.10,True,/home/asu/reproducibility_of_jupyter_notebooks-1/data/outputs/repositorios_completos/As17-01/brain_signals/49706e10b05aa4e2867a12eb6ea507b9fae4fed1,,True,False,3.866,
c7401cecfd08a93b5dffb0b5299d6ca56792e6432db8792bc205db46565c8dd6,As17-01/brain_signals,main,49706e10b05aa4e2867a12eb6ea507b9fae4fed1,1751ddeb915b54b048564f9906fc31ed616e6339,notebooks/archieve/embedded/LSTMv2_conv.ipynb,notebooks/archieve/embedded/LSTMv2_conv.ipynb,3.10,True,/home/asu/reproducibility_of_jupyter_notebooks-1/data/outputs/repositorios_completos/As17-01/brain_signals/49706e10b05aa4e2867a12eb6ea507b9fae4fed1,,True,False,3.918,
319ffbaf2b8f2b5f5ee142c7ee8374a364d492b65095c12fad8dcb666458aef4,As17-01/brain_signals,main,49706e10b05aa4e2867a12eb6ea507b9fae4fed1,40a43eb16d47bdc22113a0581b89bed9bb42dc16,notebooks/archieve/embedded/LSTMv2_conv2.ipynb,notebooks/archieve/embedded/LSTMv2_conv2.ipynb,3.10,True,/home/asu/reproducibility_of_jupyter_notebooks-1/data/outputs/repositorios_completos/As17-01/brain_signals/49706e10b05aa4e2867a12eb6ea507b9fae4fed1,,True,False,4.082,
37655e8f566034bae2f5a88a0328dbe2208051a693aed9606b4b5f163f08c345,As17-01/brain_signals,main,49706e10b05aa4e2867a12eb6ea507b9fae4fed1,c37b7d4b9a42288229a90d98696a7652a0af1900,notebooks/archieve/embedded/LSTMv2_conv_expanded.ipynb,notebooks/archieve/embedded/LSTMv2_conv_expanded.ipynb,3.10,True,/home/asu/reproducibility_of_jupyter_notebooks-1/data/outputs/repositorios_completos/As17-01/brain_signals/49706e10b05aa4e2867a12eb6ea507b9fae4fed1,,True,False,4.263,
47e293285bc58ffe8d814bde08199e782c94e452f396b4a8426b326993e9e489,As17-01/brain_signals,main,49706e10b05aa4e2867a12eb6ea507b9fae4fed1,3c06842dc42b6e421a8de8d08c4ad517cce9cce6,notebooks/archieve/embedded/LSTMv2_emb1.ipynb,notebooks/archieve/embedded/LSTMv2_emb1.ipynb,3.10,True,/home/asu/reproducibility_of_jupyter_notebooks-1/data/outputs/repositorios_completos/As17-01/brain_signals/49706e10b05aa4e2867a12eb6ea507b9fae4fed1,,True,False,4.148,
49930e800c2ae4e8ffdc23be7b554191c2286eae63647db929f560234cb5fc25,As17-01/brain_signals,main,49706e10b05aa4e2867a12eb6ea507b9fae4fed1,4393a728fbc7211589d0effaf46bdf07550363cd,notebooks/archieve/embedded/LSTMv2_emb1_expanded.ipynb,notebooks/archieve/embedded/LSTMv2_emb1_expanded.ipynb,3.10,True,/home/asu/reproducibility_of_jupyter_notebooks-1/data/outputs/repositorios_completos/As17-01/brain_signals/49706e10b05aa4e2867a12eb6ea507b9fae4fed1,,True,False,3.998,
644fa10e7baa411a478044d7c1f79acd5bd649046bfcdd4f973c42cdc57a3f25,As17-01/brain_signals,main,49706e10b05aa4e2867a12eb6ea507b9fae4fed1,6b7d87031a6e78e17a3e2559b6804fcfb17ca3ed,notebooks/archieve/embedded/LSTMv2_emb2.ipynb,notebooks/archieve/embedded/LSTMv2_emb2.ipynb,3.10,True,/home/asu/reproducibility_of_jupyter_notebooks-1/data/outputs/repositorios_completos/As17-01/brain_signals/49706e10b05aa4e2867a12eb6ea507b9fae4fed1,,True,False,4.077,
d3bdd6bbbe574ed862dd07d8d9c44007c7139c9eb85ce671ca5d50b9d68d3a6b,As17-01/brain_signals,main,49706e10b05aa4e2867a12eb6ea507b9fae4fed1,1b7a9ff47728554a350f06e11dce92e017dae25a,notebooks/archieve/embedded/LSTMv2_emb3.ipynb,notebooks/archieve/embedded/LSTMv2_emb3.ipynb,3.10,True,/home/asu/reproducibility_of_jupyter_notebooks-1/data/outputs/repositorios_completos/As17-01/brain_signals/49706e10b05aa4e2867a12eb6ea507b9fae4fed1,,True,False,1.296,
0033813e43938d90787beb6089f3a29c2068526305d16cc63fe5e62c78e367aa,As17-01/brain_signals,main,49706e10b05aa4e2867a12eb6ea507b9fae4fed1,dc695b8db7af1adafba41284500d927e24f7d90d,notebooks/archieve/embedded/LSTMv2_emb4.ipynb,notebooks/archieve/embedded/LSTMv2_emb4.ipynb,3.10,True,/home/asu/reproducibility_of_jupyter_notebooks-1/data/outputs/repositorios_completos/As17-01/brain_signals/49706e10b05aa4e2867a12eb6ea507b9fae4fed1,,True,False,4.167,
aea04662572daa0f1705ebd3f943e459e7cbb2fbdefc53204e287c3230cfe988,As17-01/brain_signals,main,49706e10b05aa4e2867a12eb6ea507b9fae4fed1,297b635052cf40eb5726443f9139df97e1ea10f5,notebooks/archieve/embedded/LSTMv2_expanded.ipynb,notebooks/archieve/embedded/LSTMv2_expanded.ipynb,3.10,True,/home/asu/reproducibility_of_jupyter_notebooks-1/data/outputs/repositorios_completos/As17-01/brain_signals/49706e10b05aa4e2867a12eb6ea507b9fae4fed1,,True,False,3.957,
6295c18ab9415ed023588a0aef621d001f692da18ca5e8f0ea0eb260c6eb00ff,As17-01/brain_signals,main,49706e10b05aa4e2867a12eb6ea507b9fae4fed1,7f2152ca34575e086eae70b2adb84f864875bf6c,notebooks/archieve/embedded/LSTMv2_plot.ipynb,notebooks/archieve/embedded/LSTMv2_plot.ipynb,3.10,True,/home/asu/reproducibility_of_jupyter_notebooks-1/data/outputs/repositorios_completos/As17-01/brain_signals/49706e10b05aa4e2867a12eb6ea507b9fae4fed1,,True,False,1.433,
f876e471a621f8e7792a8d85f802dcf907924dd6c535fcffe4f6f23697478378,As17-01/brain_signals,main,49706e10b05aa4e2867a12eb6ea507b9fae4fed1,c2a1768544bfb807e4fba339634ca04f725ff6df,notebooks/archieve/embedded/Linearv1_expanded.ipynb,notebooks/archieve/embedded/Linearv1_expanded.ipynb,3.10,True,/home/asu/reproducibility_of_jupyter_notebooks-1/data/outputs/repositorios_completos/As17-01/brain_signals/49706e10b05aa4e2867a12eb6ea507b9fae4fed1,,True,False,3.875,
cbb0c61ef1927dbe868dcd10c388554de831018b84cd1b7dcddf4ec960f5d16f,As17-01/brain_signals,main,49706e10b05aa4e2867a12eb6ea507b9fae4fed1,d547dde81930c109bec55bdebb937a8b91678dd0,notebooks/archieve/embedded/Liquidv1.ipynb,notebooks/archieve/embedded/Liquidv1.ipynb,3.10,True,/home/asu/reproducibility_of_jupyter_notebooks-1/data/outputs/repositorios_completos/As17-01/brain_signals/49706e10b05aa4e2867a12eb6ea507b9fae4fed1,,True,False,4.03,
12faea6f5c95bf1abae6c92fb03271e9e3d8169a6361c3f73a97172efaf0fc8a,As17-01/brain_signals,main,49706e10b05aa4e2867a12eb6ea507b9fae4fed1,ede6da63104e42c39e4c08df75910e6c827fcf54,notebooks/archieve/embedded/Liquidv1_emb1.ipynb,notebooks/archieve/embedded/Liquidv1_emb1.ipynb,3.10,True,/home/asu/reproducibility_of_jupyter_notebooks-1/data/outputs/repositorios_completos/As17-01/brain_signals/49706e10b05aa4e2867a12eb6ea507b9fae4fed1,,True,False,3.842,
29b254a93e01f4a984c26c478ce847321d54f30022c34eaac9aefe8c90a140b6,As17-01/brain_signals,main,49706e10b05aa4e2867a12eb6ea507b9fae4fed1,ee9fb62574594176e0792eff84915f6f384dee03,notebooks/archieve/embedded/Liquidv1_emb2.ipynb,notebooks/archieve/embedded/Liquidv1_emb2.ipynb,3.10,True,/home/asu/reproducibility_of_jupyter_notebooks-1/data/outputs/repositorios_completos/As17-01/brain_signals/49706e10b05aa4e2867a12eb6ea507b9fae4fed1,,True,False,3.877,
7fc571434509ff9edcd8bf67d9707534d4a06e1f7ee69c640df240839dd80d85,As17-01/brain_signals,main,49706e10b05aa4e2867a12eb6ea507b9fae4fed1,11f9bc55815009284c862298c4af866b6a7c236e,notebooks/archieve/embedded/Liquidv1_emb3.ipynb,notebooks/archieve/embedded/Liquidv1_emb3.ipynb,3.10,True,/home/asu/reproducibility_of_jupyter_notebooks-1/data/outputs/repositorios_completos/As17-01/brain_signals/49706e10b05aa4e2867a12eb6ea507b9fae4fed1,,True,False,3.918,
c93b6159869da3cb48a99ce58aaf0a197c0f5e4279036710962ed5bcc02a687d,As17-01/brain_signals,main,49706e10b05aa4e2867a12eb6ea507b9fae4fed1,8daff5049cdbabbfafbd297170570c6592fcb5fd,notebooks/archieve/embedded/Liquidv1_emb4.ipynb,notebooks/archieve/embedded/Liquidv1_emb4.ipynb,3.10,True,/home/asu/reproducibility_of_jupyter_notebooks-1/data/outputs/repositorios_completos/As17-01/brain_signals/49706e10b05aa4e2867a12eb6ea507b9fae4fed1,,True,False,4.157,
8f314e62fc09466e0117d41ce3cd7256cf9463972aa2374b2146218cda726bba,As17-01/brain_signals,main,49706e10b05aa4e2867a12eb6ea507b9fae4fed1,4ad2e0f7c07067330592d918499226198b7d9d24,notebooks/archieve/embedded/Liquidv1_plot.ipynb,notebooks/archieve/embedded/Liquidv1_plot.ipynb,3.10,True,/home/asu/reproducibility_of_jupyter_notebooks-1/data/outputs/repositorios_completos/As17-01/brain_signals/49706e10b05aa4e2867a12eb6ea507b9fae4fed1,,True,False,1.434,
0d58c2f778cf76bd117b556345b314cb56ad7caa99b1854543e59d1a1a1ebdd1,As17-01/brain_signals,main,49706e10b05aa4e2867a12eb6ea507b9fae4fed1,273846408439b621f0c0149afa5b3541e53bec87,notebooks/archieve/embedded/Liquidv2.ipynb,notebooks/archieve/embedded/Liquidv2.ipynb,3.10,True,/home/asu/reproducibility_of_jupyter_notebooks-1/data/outputs/repositorios_completos/As17-01/brain_signals/49706e10b05aa4e2867a12eb6ea507b9fae4fed1,,True,False,4.181,
8ba95e4d72410ddbf280119982e5820579e191b79b2e96a514ba6fccdca52788,As17-01/brain_signals,main,49706e10b05aa4e2867a12eb6ea507b9fae4fed1,41c2d47e9805eecb1a033c013a85f3605c56e76d,notebooks/archieve/embedded/Liquidv2_emb1.ipynb,notebooks/archieve/embedded/Liquidv2_emb1.ipynb,3.10,True,/home/asu/reproducibility_of_jupyter_notebooks-1/data/outputs/repositorios_completos/As17-01/brain_signals/49706e10b05aa4e2867a12eb6ea507b9fae4fed1,,True,False,3.864,
d7227316e2eb5313704ad5bbc9aa2e0e39abb8aa02ca2fa2b218bfdb310c7015,As17-01/brain_signals,main,49706e10b05aa4e2867a12eb6ea507b9fae4fed1,ad594b32123ea4cb809c4c65033479cddcce08a3,notebooks/archieve/embedded/Liquidv2_emb2.ipynb,notebooks/archieve/embedded/Liquidv2_emb2.ipynb,3.10,True,/home/asu/reproducibility_of_jupyter_notebooks-1/data/outputs/repositorios_completos/As17-01/brain_signals/49706e10b05aa4e2867a12eb6ea507b9fae4fed1,,True,False,4.095,
a72a54d40e16d7a40b34dc6db41047795ad90ad4c8f654abca6db2f180af40ff,As17-01/brain_signals,main,49706e10b05aa4e2867a12eb6ea507b9fae4fed1,f4c0c79a334562a31f6949425302551fb4140d22,notebooks/archieve/embedded/Liquidv2_emb3.ipynb,notebooks/archieve/embedded/Liquidv2_emb3.ipynb,3.10,True,/home/asu/reproducibility_of_jupyter_notebooks-1/data/outputs/repositorios_completos/As17-01/brain_signals/49706e10b05aa4e2867a12eb6ea507b9fae4fed1,,True,False,3.944,
9fb85fa18802cc0e0d663eee38f5c5ca64266c740962272903f02806e13b1ff4,As17-01/brain_signals,main,49706e10b05aa4e2867a12eb6ea507b9fae4fed1,c57b39c97db72721e09b9f82ffe6ebb8d7fb12ec,notebooks/archieve/embedded/Liquidv2_emb4.ipynb,notebooks/archieve/embedded/Liquidv2_emb4.ipynb,3.10,True,/home/asu/reproducibility_of_jupyter_notebooks-1/data/outputs/repositorios_completos/As17-01/brain_signals/49706e10b05aa4e2867a12eb6ea507b9fae4fed1,,True,False,4.074,
85ba8ba048a284ef752b2d13ff7d3461cf0dec73c17b68b2aa6c72004346617e,As17-01/brain_signals,main,49706e10b05aa4e2867a12eb6ea507b9fae4fed1,d1fbd7e5c11d1ce4029c8401313937bbc9b153c4,notebooks/archieve/embedded/Liquidv2_plot.ipynb,notebooks/archieve/embedded/Liquidv2_plot.ipynb,3.10,True,/home/asu/reproducibility_of_jupyter_notebooks-1/data/outputs/repositorios_completos/As17-01/brain_signals/49706e10b05aa4e2867a12eb6ea507b9fae4fed1,,True,False,1.415,
24933d78b1e29e8575845412f8f9f8df3b34f6cb0cf7ce182b8d514149c5be0d,As17-01/brain_signals,main,49706e10b05aa4e2867a12eb6ea507b9fae4fed1,76ba618a62f76bc93ee5cb9a91dc6d8865f0d9ef,notebooks/archieve/embedded/Liquidv3.ipynb,notebooks/archieve/embedded/Liquidv3.ipynb,3.10,True,/home/asu/reproducibility_of_jupyter_notebooks-1/data/outputs/repositorios_completos/As17-01/brain_signals/49706e10b05aa4e2867a12eb6ea507b9fae4fed1,,True,False,4.095,
418eedc1a73b8bbff2dfcdad6278eab1a6e0330611a753bb57771111e561130c,As17-01/brain_signals,main,49706e10b05aa4e2867a12eb6ea507b9fae4fed1,ef36ce463f1629587181f438e56ba3c34f22db6e,notebooks/archieve/embedded/Liquidv3_conv.ipynb,notebooks/archieve/embedded/Liquidv3_conv.ipynb,3.10,True,/home/asu/reproducibility_of_jupyter_notebooks-1/data/outputs/repositorios_completos/As17-01/brain_signals/49706e10b05aa4e2867a12eb6ea507b9fae4fed1,,True,False,3.913,
edf0b8f118629b2b8094d359fb7469a04e50abce6ae72fe5d7a5335dd46d7cc4,As17-01/brain_signals,main,49706e10b05aa4e2867a12eb6ea507b9fae4fed1,634bcff8f430bcbb58ec4cb55f66e6826f09eb17,notebooks/archieve/embedded/Liquidv3_emb1.ipynb,notebooks/archieve/embedded/Liquidv3_emb1.ipynb,3.10,True,/home/asu/reproducibility_of_jupyter_notebooks-1/data/outputs/repositorios_completos/As17-01/brain_signals/49706e10b05aa4e2867a12eb6ea507b9fae4fed1,,True,False,4.102,
a26d8094389b4f09ed58c3e452a898b087cf59243fc8342cb6cd840b541e1c10,As17-01/brain_signals,main,49706e10b05aa4e2867a12eb6ea507b9fae4fed1,af8eedea042489ebd54d83dcae88834275718cfd,notebooks/archieve/embedded/Liquidv3_emb1_expanded.ipynb,notebooks/archieve/embedded/Liquidv3_emb1_expanded.ipynb,3.10,True,/home/asu/reproducibility_of_jupyter_notebooks-1/data/outputs/repositorios_completos/As17-01/brain_signals/49706e10b05aa4e2867a12eb6ea507b9fae4fed1,,True,False,4.092,
987c1cd2032d5ff8079c36157b26f0ca7f77c9dbe55b0d6bad9c22fe0faa0fcf,As17-01/brain_signals,main,49706e10b05aa4e2867a12eb6ea507b9fae4fed1,3055bb9adf8b6c76b3589356f63a794111583c22,notebooks/archieve/embedded/Liquidv3_expanded.ipynb,notebooks/archieve/embedded/Liquidv3_expanded.ipynb,3.10,True,/home/asu/reproducibility_of_jupyter_notebooks-1/data/outputs/repositorios_completos/As17-01/brain_signals/49706e10b05aa4e2867a12eb6ea507b9fae4fed1,,True,False,3.984,
24271785b55879d0a6144ebcf966afd05bb38dccbc2ca650d4750995bc09f938,As17-01/brain_signals,main,49706e10b05aa4e2867a12eb6ea507b9fae4fed1,ce4ea6e0ffc65cf9b1dbb195c1d4f9713acd3d1c,notebooks/archieve/embedded/Liquidv3_plot.ipynb,notebooks/archieve/embedded/Liquidv3_plot.ipynb,3.10,True,/home/asu/reproducibility_of_jupyter_notebooks-1/data/outputs/repositorios_completos/As17-01/brain_signals/49706e10b05aa4e2867a12eb6ea507b9fae4fed1,,True,False,1.404,
150e2075373625001d974a4dca8a9215f70d3d6dcd8619a107dc704b06b98011,As17-01/brain_signals,main,49706e10b05aa4e2867a12eb6ea507b9fae4fed1,79ef25bee14f72fdc0cc01298b45caebc453d9f5,notebooks/archieve/feature_importance/GRUv1.ipynb,notebooks/archieve/feature_importance/GRUv1.ipynb,3.10,True,/home/asu/reproducibility_of_jupyter_notebooks-1/data/outputs/repositorios_completos/As17-01/brain_signals/49706e10b05aa4e2867a12eb6ea507b9fae4fed1,,True,False,4.054,
d49abee8695e6584a2f500d957308d73e8b26832247e8de4f21470468f63f593,As17-01/brain_signals,main,49706e10b05aa4e2867a12eb6ea507b9fae4fed1,aeaa30bf16240a561cceffcc7f5f76e4bd2baee5,notebooks/archieve/feature_importance/GRUv2_conv.ipynb,notebooks/archieve/feature_importance/GRUv2_conv.ipynb,3.10,True,/home/asu/reproducibility_of_jupyter_notebooks-1/data/outputs/repositorios_completos/As17-01/brain_signals/49706e10b05aa4e2867a12eb6ea507b9fae4fed1,,True,False,3.864,
1217a3a893d9073fb7f938ebfbbe3b1951e713deffebb02f619f6722d3c439a8,As17-01/brain_signals,main,49706e10b05aa4e2867a12eb6ea507b9fae4fed1,fa00fdb58bd6448fcc5ec3b763ec44c54446f620,notebooks/archieve/feature_importance/GRUv2_emb1.ipynb,notebooks/archieve/feature_importance/GRUv2_emb1.ipynb,3.10,True,/home/asu/reproducibility_of_jupyter_notebooks-1/data/outputs/repositorios_completos/As17-01/brain_signals/49706e10b05aa4e2867a12eb6ea507b9fae4fed1,,True,False,4.134,
edaf501cc0daebe3e265528dfd439081c3b6b4f42c413c4b259bbd2560a49b55,As17-01/brain_signals,main,49706e10b05aa4e2867a12eb6ea507b9fae4fed1,bec60d3d22e37eaa918e30a122ec28f92c1dec4d,notebooks/archieve/feature_importance/LSTMv1.ipynb,notebooks/archieve/feature_importance/LSTMv1.ipynb,3.10,True,/home/asu/reproducibility_of_jupyter_notebooks-1/data/outputs/repositorios_completos/As17-01/brain_signals/49706e10b05aa4e2867a12eb6ea507b9fae4fed1,,True,False,3.886,
25c5e89847c6d796d9b16ab79c1cff82255fd1be570fdee5dcc17e4f67293f6d,As17-01/brain_signals,main,49706e10b05aa4e2867a12eb6ea507b9fae4fed1,c579d28db77b099c592459c0e3eda3cfd85015a6,notebooks/archieve/feature_importance/LSTMv2_conv.ipynb,notebooks/archieve/feature_importance/LSTMv2_conv.ipynb,3.10,True,/home/asu/reproducibility_of_jupyter_notebooks-1/data/outputs/repositorios_completos/As17-01/brain_signals/49706e10b05aa4e2867a12eb6ea507b9fae4fed1,,True,False,4.328,
9fae7201076fb5c0586f3b09aa502f3b1ec46d7be43c169bfa70c1000fe0c25b,As17-01/brain_signals,main,49706e10b05aa4e2867a12eb6ea507b9fae4fed1,b391d481e2016c18b744f883f8c246e153a2f67e,notebooks/archieve/feature_importance/LSTMv2_emb1.ipynb,notebooks/archieve/feature_importance/LSTMv2_emb1.ipynb,3.10,True,/home/asu/reproducibility_of_jupyter_notebooks-1/data/outputs/repositorios_completos/As17-01/brain_signals/49706e10b05aa4e2867a12eb6ea507b9fae4fed1,,True,False,3.999,
416b1a89298de8760aaaa1b6b459304d550de5770c48366bfe99dae9a3427521,As17-01/brain_signals,main,49706e10b05aa4e2867a12eb6ea507b9fae4fed1,bbdba008f36f9a18aee47ed87fcb2063a9a3b5f4,notebooks/archieve/feature_importance/Liquidv1.ipynb,notebooks/archieve/feature_importance/Liquidv1.ipynb,3.10,True,/home/asu/reproducibility_of_jupyter_notebooks-1/data/outputs/repositorios_completos/As17-01/brain_signals/49706e10b05aa4e2867a12eb6ea507b9fae4fed1,,True,False,3.854,
bceb459ba135047b2d6be094b74525363bd8efc003fd547f9bd781cc389f71b8,As17-01/brain_signals,main,49706e10b05aa4e2867a12eb6ea507b9fae4fed1,8efec93db3a003816752898ee40182624734d2cf,notebooks/archieve/feature_importance/Liquidv3_conv.ipynb,notebooks/archieve/feature_importance/Liquidv3_conv.ipynb,3.10,True,/home/asu/reproducibility_of_jupyter_notebooks-1/data/outputs/repositorios_completos/As17-01/brain_signals/49706e10b05aa4e2867a12eb6ea507b9fae4fed1,,True,False,4.22,
0a420e5b60eaf312b7c08efa499d374a9a3b66df93d6a0fd32ed4cb5b4cccb11,As17-01/brain_signals,main,49706e10b05aa4e2867a12eb6ea507b9fae4fed1,de5bcbbf896fede341750fbc8cb68ab9bfca344e,notebooks/archieve/feature_importance/Liquidv3_emb1.ipynb,notebooks/archieve/feature_importance/Liquidv3_emb1.ipynb,3.10,True,/home/asu/reproducibility_of_jupyter_notebooks-1/data/outputs/repositorios_completos/As17-01/brain_signals/49706e10b05aa4e2867a12eb6ea507b9fae4fed1,,True,False,4.362,
89e2aa9f01d437d1e68d9f8586ad0f16a29c469f93343049ee0b8abc346741d8,As17-01/brain_signals,main,49706e10b05aa4e2867a12eb6ea507b9fae4fed1,36e75a58a8080c287f49d296bf3ceb55f86316a5,notebooks/archieve/no_embeddings/Combined.ipynb,notebooks/archieve/no_embeddings/Combined.ipynb,3.10,True,/home/asu/reproducibility_of_jupyter_notebooks-1/data/outputs/repositorios_completos/As17-01/brain_signals/49706e10b05aa4e2867a12eb6ea507b9fae4fed1,,True,False,4.081,
5194f62f6f195184117e9338ecc77c8134a8d2a8534207cc105f6772355e7a61,As17-01/brain_signals,main,49706e10b05aa4e2867a12eb6ea507b9fae4fed1,845a15e3311f2ee788d9bcd2bcf7ae6a497be493,notebooks/archieve/no_embeddings/Combined_consequitive.ipynb,notebooks/archieve/no_embeddings/Combined_consequitive.ipynb,3.10,True,/home/asu/reproducibility_of_jupyter_notebooks-1/data/outputs/repositorios_completos/As17-01/brain_signals/49706e10b05aa4e2867a12eb6ea507b9fae4fed1,,True,False,4.12,
9ca3a296538c9aaeb27d92a31ac0d9ac90aae35122da286228d86d009b5a5a49,As17-01/brain_signals,main,49706e10b05aa4e2867a12eb6ea507b9fae4fed1,83f6e75e1ca24085ce3eddb204c4a4dacdb64d33,notebooks/archieve/no_embeddings/GRU_Liquidv1_autoencoder.ipynb,notebooks/archieve/no_embeddings/GRU_Liquidv1_autoencoder.ipynb,3.10,True,/home/asu/reproducibility_of_jupyter_notebooks-1/data/outputs/repositorios_completos/As17-01/brain_signals/49706e10b05aa4e2867a12eb6ea507b9fae4fed1,,True,False,4.196,
49eea4f68c32113d423385d431a8a81000e4345c949223a893e0a72ef565df08,As17-01/brain_signals,main,49706e10b05aa4e2867a12eb6ea507b9fae4fed1,2c773660bc8e4228777a3f1140fd36348794e057,notebooks/archieve/no_embeddings/GRUv1.ipynb,notebooks/archieve/no_embeddings/GRUv1.ipynb,3.10,True,/home/asu/reproducibility_of_jupyter_notebooks-1/data/outputs/repositorios_completos/As17-01/brain_signals/49706e10b05aa4e2867a12eb6ea507b9fae4fed1,,True,False,4.144,
afd265b25c1246a2dcf08398d5ff0a453600336d66632a897cfdeff68e4f3ae2,As17-01/brain_signals,main,49706e10b05aa4e2867a12eb6ea507b9fae4fed1,da6c468292b1747a879ec57bcdb38a62696a1d14,notebooks/archieve/no_embeddings/GRUv2.ipynb,notebooks/archieve/no_embeddings/GRUv2.ipynb,3.10,True,/home/asu/reproducibility_of_jupyter_notebooks-1/data/outputs/repositorios_completos/As17-01/brain_signals/49706e10b05aa4e2867a12eb6ea507b9fae4fed1,,True,False,3.865,
352eb94d07750f5a2d58df4dd5f7d29d42a455255dce2e4b697621a2b7354ba7,As17-01/brain_signals,main,49706e10b05aa4e2867a12eb6ea507b9fae4fed1,0d97a49c635e8c27ff2ce5484c8590bb29f6caef,notebooks/archieve/no_embeddings/GRUv3.ipynb,notebooks/archieve/no_embeddings/GRUv3.ipynb,3.10,True,/home/asu/reproducibility_of_jupyter_notebooks-1/data/outputs/repositorios_completos/As17-01/brain_signals/49706e10b05aa4e2867a12eb6ea507b9fae4fed1,,True,False,4.14,
3488e1939e1ae39ee911ae78ae2f5e666aaf428add6ec07ce4634cb50da61995,As17-01/brain_signals,main,49706e10b05aa4e2867a12eb6ea507b9fae4fed1,56fa8f2f122d674ff11d451b97c115698e5f330f,notebooks/archieve/no_embeddings/GRUv4.ipynb,notebooks/archieve/no_embeddings/GRUv4.ipynb,3.10,True,/home/asu/reproducibility_of_jupyter_notebooks-1/data/outputs/repositorios_completos/As17-01/brain_signals/49706e10b05aa4e2867a12eb6ea507b9fae4fed1,,True,False,3.793,
a3286ddc1514b3ab11fcb479e1633bbc7e79793533dbfe666026faefa56ce797,As17-01/brain_signals,main,49706e10b05aa4e2867a12eb6ea507b9fae4fed1,0196951fd96060a76e67a9bde0b4ea2d7189e3d9,notebooks/archieve/no_embeddings/GRUv4_augmentationsv0.ipynb,notebooks/archieve/no_embeddings/GRUv4_augmentationsv0.ipynb,3.10,True,/home/asu/reproducibility_of_jupyter_notebooks-1/data/outputs/repositorios_completos/As17-01/brain_signals/49706e10b05aa4e2867a12eb6ea507b9fae4fed1,,True,False,4.232,
ab67738797ee5dcdd7bdc789d2869b3273b56f5604400ee129830d8c9b2eee5c,As17-01/brain_signals,main,49706e10b05aa4e2867a12eb6ea507b9fae4fed1,f409454c7434fb805f8484d5c18ef543969ae6d5,notebooks/archieve/no_embeddings/GRUv4_autoencoderv0.ipynb,notebooks/archieve/no_embeddings/GRUv4_autoencoderv0.ipynb,3.10,True,/home/asu/reproducibility_of_jupyter_notebooks-1/data/outputs/repositorios_completos/As17-01/brain_signals/49706e10b05aa4e2867a12eb6ea507b9fae4fed1,,True,False,4.155,
dae09eeb9619872080d32b99990a721fbc77c67cb2402a18f6c694674814e2a7,As17-01/brain_signals,main,49706e10b05aa4e2867a12eb6ea507b9fae4fed1,10e07da0696bba69f775f8bcd8e0508c06be0a79,notebooks/archieve/no_embeddings/GRUv4_autoencoderv0_increased_lr.ipynb,notebooks/archieve/no_embeddings/GRUv4_autoencoderv0_increased_lr.ipynb,3.10,True,/home/asu/reproducibility_of_jupyter_notebooks-1/data/outputs/repositorios_completos/As17-01/brain_signals/49706e10b05aa4e2867a12eb6ea507b9fae4fed1,,True,False,3.946,
945be34bfff0f4190573c5b7bc83a56fc1180fe6d1063495ebda50336fc95e0d,As17-01/brain_signals,main,49706e10b05aa4e2867a12eb6ea507b9fae4fed1,31d3cd5f5b82fc981ca18bc39891b5bb18018275,notebooks/archieve/no_embeddings/GRUv4_autoencoderv1.ipynb,notebooks/archieve/no_embeddings/GRUv4_autoencoderv1.ipynb,3.10,True,/home/asu/reproducibility_of_jupyter_notebooks-1/data/outputs/repositorios_completos/As17-01/brain_signals/49706e10b05aa4e2867a12eb6ea507b9fae4fed1,,True,False,3.997,
cfbebe8f186efc025486e92261c78a0260f58933e68a5b712ee364111a444440,As17-01/brain_signals,main,49706e10b05aa4e2867a12eb6ea507b9fae4fed1,de92324857bca9cebde75808f84308ff02e8d099,notebooks/archieve/no_embeddings/GRUv4_best_increased_lr.ipynb,notebooks/archieve/no_embeddings/GRUv4_best_increased_lr.ipynb,3.10,True,/home/asu/reproducibility_of_jupyter_notebooks-1/data/outputs/repositorios_completos/As17-01/brain_signals/49706e10b05aa4e2867a12eb6ea507b9fae4fed1,,True,False,3.87,
f87365a91af7623f5082c969c7f671823004b749c1b44c3b391df1cf9813b52d,As17-01/brain_signals,main,49706e10b05aa4e2867a12eb6ea507b9fae4fed1,816aa9b0549ba72c19422836a3fab149126bdf70,notebooks/archieve/no_embeddings/GRUv5.ipynb,notebooks/archieve/no_embeddings/GRUv5.ipynb,3.10,True,/home/asu/reproducibility_of_jupyter_notebooks-1/data/outputs/repositorios_completos/As17-01/brain_signals/49706e10b05aa4e2867a12eb6ea507b9fae4fed1,,True,False,3.983,
bd8654bcd41ffa1f4102a23ce919abaa619a0a444db6be188b5dc2f7c274bcde,As17-01/brain_signals,main,49706e10b05aa4e2867a12eb6ea507b9fae4fed1,a38aa058920386540eb190115304ca3f00367a13,notebooks/archieve/no_embeddings/GRUv6.ipynb,notebooks/archieve/no_embeddings/GRUv6.ipynb,3.10,True,/home/asu/reproducibility_of_jupyter_notebooks-1/data/outputs/repositorios_completos/As17-01/brain_signals/49706e10b05aa4e2867a12eb6ea507b9fae4fed1,,True,False,4.155,
f60ea8a89ddb2c4a0f21f28576dff99f90d9cc88bb44926537a04a187fd94ce7,As17-01/brain_signals,main,49706e10b05aa4e2867a12eb6ea507b9fae4fed1,ada92e2a4984b6602c941e4e8a4e47abfda2fb81,notebooks/archieve/no_embeddings/GRUv7.ipynb,notebooks/archieve/no_embeddings/GRUv7.ipynb,3.10,True,/home/asu/reproducibility_of_jupyter_notebooks-1/data/outputs/repositorios_completos/As17-01/brain_signals/49706e10b05aa4e2867a12eb6ea507b9fae4fed1,,True,False,4.084,
7c89f6c246d0fd325d6a02e9081f87dc8a64d496f313e6c3575ca6f229a6460b,As17-01/brain_signals,main,49706e10b05aa4e2867a12eb6ea507b9fae4fed1,fd3e42f1643e818f97cf6f45f7c2b8d1d956c090,notebooks/archieve/no_embeddings/GRUv8.ipynb,notebooks/archieve/no_embeddings/GRUv8.ipynb,3.10,True,/home/asu/reproducibility_of_jupyter_notebooks-1/data/outputs/repositorios_completos/As17-01/brain_signals/49706e10b05aa4e2867a12eb6ea507b9fae4fed1,,True,False,3.866,
5cf507c917f32f12a875b7865db88d4b32bfcd389ba8c1142c1bd8325a223bc1,As17-01/brain_signals,main,49706e10b05aa4e2867a12eb6ea507b9fae4fed1,f497503aa61e7150fd6b12c924e50bc24b42a9f6,notebooks/archieve/no_embeddings/GRUv9.ipynb,notebooks/archieve/no_embeddings/GRUv9.ipynb,3.10,True,/home/asu/reproducibility_of_jupyter_notebooks-1/data/outputs/repositorios_completos/As17-01/brain_signals/49706e10b05aa4e2867a12eb6ea507b9fae4fed1,,True,False,4.125,
8793da00610b76fc1929574a2c35880049becdc552f041aaae9ae0aa253de0e7,As17-01/brain_signals,main,49706e10b05aa4e2867a12eb6ea507b9fae4fed1,41ce50b17e230e1cf5dc988b2f05bb11ab23d609,notebooks/archieve/no_embeddings/LSTMv1.ipynb,notebooks/archieve/no_embeddings/LSTMv1.ipynb,3.10,True,/home/asu/reproducibility_of_jupyter_notebooks-1/data/outputs/repositorios_completos/As17-01/brain_signals/49706e10b05aa4e2867a12eb6ea507b9fae4fed1,,True,False,3.899,
fcf4e7a0dd06a5d8057b21af8dfd1db55fb180dc35a7ed454836398e24063b09,As17-01/brain_signals,main,49706e10b05aa4e2867a12eb6ea507b9fae4fed1,eed07ff55f2e0ccf5a2efe1b80a2ad4ab83e7c89,notebooks/archieve/no_embeddings/LSTMv2.ipynb,notebooks/archieve/no_embeddings/LSTMv2.ipynb,3.10,True,/home/asu/reproducibility_of_jupyter_notebooks-1/data/outputs/repositorios_completos/As17-01/brain_signals/49706e10b05aa4e2867a12eb6ea507b9fae4fed1,,True,False,4.163,
d74f95ee419156d59323f59bfcaf93e59cf1c4e0b8c00440c245ceb1cc7f51c6,As17-01/brain_signals,main,49706e10b05aa4e2867a12eb6ea507b9fae4fed1,917226d5861940dc03ad22fc06cb7e38c4d6c000,notebooks/archieve/no_embeddings/LSTMv2_best_increased_lr2.ipynb,notebooks/archieve/no_embeddings/LSTMv2_best_increased_lr2.ipynb,3.10,True,/home/asu/reproducibility_of_jupyter_notebooks-1/data/outputs/repositorios_completos/As17-01/brain_signals/49706e10b05aa4e2867a12eb6ea507b9fae4fed1,,True,False,4.069,
e0fb59d28b737a21f70737824d1db46036ee5c36064fb1500b6b3875dea1642f,As17-01/brain_signals,main,49706e10b05aa4e2867a12eb6ea507b9fae4fed1,58ccab5e579958c4aa642123fbd5acd74087ab76,notebooks/archieve/no_embeddings/LSTMv2_increased_lr1.ipynb,notebooks/archieve/no_embeddings/LSTMv2_increased_lr1.ipynb,3.10,True,/home/asu/reproducibility_of_jupyter_notebooks-1/data/outputs/repositorios_completos/As17-01/brain_signals/49706e10b05aa4e2867a12eb6ea507b9fae4fed1,,True,False,4.072,
6083cb3bb173cede18155cf8bcafa94b17ad72439490e67d6f741b21add39323,As17-01/brain_signals,main,49706e10b05aa4e2867a12eb6ea507b9fae4fed1,2bfb67ce3bc1df4b9e15464c36679267419859a5,notebooks/archieve/no_embeddings/LSTMv3.ipynb,notebooks/archieve/no_embeddings/LSTMv3.ipynb,3.10,True,/home/asu/reproducibility_of_jupyter_notebooks-1/data/outputs/repositorios_completos/As17-01/brain_signals/49706e10b05aa4e2867a12eb6ea507b9fae4fed1,,True,False,3.999,
aba5dab3fe04ec9f214efc0c24ae0e8f3dc08bb94fd683a5d03745f4b523cfca,As17-01/brain_signals,main,49706e10b05aa4e2867a12eb6ea507b9fae4fed1,4f5f1aa9215e49b1e00fac58ee63c7a4c8b0d964,notebooks/archieve/no_embeddings/LSTMv3_increased_lr1.ipynb,notebooks/archieve/no_embeddings/LSTMv3_increased_lr1.ipynb,3.10,True,/home/asu/reproducibility_of_jupyter_notebooks-1/data/outputs/repositorios_completos/As17-01/brain_signals/49706e10b05aa4e2867a12eb6ea507b9fae4fed1,,True,False,3.887,
fcc0190b6bbc6877697f71fbd504fd6e57340f5b8b72a7890614bc23c4e7d4e3,As17-01/brain_signals,main,49706e10b05aa4e2867a12eb6ea507b9fae4fed1,1e2cce474b08a8f0cf7ef988091d126d647015d9,notebooks/archieve/no_embeddings/LSTMv4.ipynb,notebooks/archieve/no_embeddings/LSTMv4.ipynb,3.10,True,/home/asu/reproducibility_of_jupyter_notebooks-1/data/outputs/repositorios_completos/As17-01/brain_signals/49706e10b05aa4e2867a12eb6ea507b9fae4fed1,,True,False,3.866,
34fb732f7d5898429cb47feedb7fecc85e791d8ac101823b9d733f3ea0342dfe,As17-01/brain_signals,main,49706e10b05aa4e2867a12eb6ea507b9fae4fed1,dcb2f2b9271eb1a4d1a491d2c9749f1cc5746b92,notebooks/archieve/no_embeddings/Linearv1.ipynb,notebooks/archieve/no_embeddings/Linearv1.ipynb,3.10,True,/home/asu/reproducibility_of_jupyter_notebooks-1/data/outputs/repositorios_completos/As17-01/brain_signals/49706e10b05aa4e2867a12eb6ea507b9fae4fed1,,True,False,3.944,
2d0f7edde87e924d52926d1ac7f612ec2c933f69ac6fdb468236b4f5632d40e9,As17-01/brain_signals,main,49706e10b05aa4e2867a12eb6ea507b9fae4fed1,3c8b5a9bc193755b51844a50398a5b66bd8351f0,notebooks/archieve/no_embeddings/Linearv2_best.ipynb,notebooks/archieve/no_embeddings/Linearv2_best.ipynb,3.10,True,/home/asu/reproducibility_of_jupyter_notebooks-1/data/outputs/repositorios_completos/As17-01/brain_signals/49706e10b05aa4e2867a12eb6ea507b9fae4fed1,,True,False,4.182,
8af5c26ef845c258c58dd2e5925cf175da9c18e9ce5b1a3a61e01f5791a65be1,As17-01/brain_signals,main,49706e10b05aa4e2867a12eb6ea507b9fae4fed1,43f62b46504dea9c9b31c8073580e35ef8c9b881,notebooks/archieve/no_embeddings/Liquidv1.ipynb,notebooks/archieve/no_embeddings/Liquidv1.ipynb,3.10,True,/home/asu/reproducibility_of_jupyter_notebooks-1/data/outputs/repositorios_completos/As17-01/brain_signals/49706e10b05aa4e2867a12eb6ea507b9fae4fed1,,True,False,4.037,
8b8926a16ba6fef4a0d08f89670530c7707662a07557469aa152255a8170118b,As17-01/brain_signals,main,49706e10b05aa4e2867a12eb6ea507b9fae4fed1,ca0677ad28011cf47c58963c6bba3ef5234580cd,notebooks/archieve/no_embeddings/Liquidv2.ipynb,notebooks/archieve/no_embeddings/Liquidv2.ipynb,3.10,True,/home/asu/reproducibility_of_jupyter_notebooks-1/data/outputs/repositorios_completos/As17-01/brain_signals/49706e10b05aa4e2867a12eb6ea507b9fae4fed1,,True,False,3.938,
319afdadf0b8cedfeb252b1a99d8f9d09fe4eaae35c9f19357fae8f5627cac6c,As17-01/brain_signals,main,49706e10b05aa4e2867a12eb6ea507b9fae4fed1,fece86767ac627efe3b8075dfd72a2e71774ba8c,notebooks/archieve/no_embeddings/Liquidv3.ipynb,notebooks/archieve/no_embeddings/Liquidv3.ipynb,3.10,True,/home/asu/reproducibility_of_jupyter_notebooks-1/data/outputs/repositorios_completos/As17-01/brain_signals/49706e10b05aa4e2867a12eb6ea507b9fae4fed1,,True,False,4.135,
787efcdbd65e2e3ad455138697d80f06d836cc20decdb1e18bb23e18bdf15f77,As17-01/brain_signals,main,49706e10b05aa4e2867a12eb6ea507b9fae4fed1,f887ac533c341da734f995e2284c62dafb3d2366,notebooks/archieve/no_embeddings/Liquidv4.ipynb,notebooks/archieve/no_embeddings/Liquidv4.ipynb,3.10,True,/home/asu/reproducibility_of_jupyter_notebooks-1/data/outputs/repositorios_completos/As17-01/brain_signals/49706e10b05aa4e2867a12eb6ea507b9fae4fed1,,True,False,4.129,
1e0edd92019f981a5f39f24a9b8678d63e37a5fc6efe40183fafff16fd019a96,As17-01/brain_signals,main,49706e10b05aa4e2867a12eb6ea507b9fae4fed1,bcdbd66fda7badc22c3199b172241c22472bf761,notebooks/archieve/no_embeddings/Liquidv5.ipynb,notebooks/archieve/no_embeddings/Liquidv5.ipynb,3.10,True,/home/asu/reproducibility_of_jupyter_notebooks-1/data/outputs/repositorios_completos/As17-01/brain_signals/49706e10b05aa4e2867a12eb6ea507b9fae4fed1,,True,False,4.085,
93fa3b4b3a9d7b9c59e7503d672c7383861fa2b068bef29a37b8c97ecbac5b1f,As17-01/brain_signals,main,49706e10b05aa4e2867a12eb6ea507b9fae4fed1,d26afe908096964c69d926ddd65c40f711668413,notebooks/archieve/no_embeddings/Liquidv6.ipynb,notebooks/archieve/no_embeddings/Liquidv6.ipynb,3.10,True,/home/asu/reproducibility_of_jupyter_notebooks-1/data/outputs/repositorios_completos/As17-01/brain_signals/49706e10b05aa4e2867a12eb6ea507b9fae4fed1,,True,False,3.863,
48dbfb23866b86291da8ae632d9ab73501fccbb83dfb0853add108e1b544edd4,As17-01/brain_signals,main,49706e10b05aa4e2867a12eb6ea507b9fae4fed1,d76037473068de3ad77ef98118825c5d536b7f84,notebooks/archieve/no_embeddings/Liquidv6_increased_lr1.ipynb,notebooks/archieve/no_embeddings/Liquidv6_increased_lr1.ipynb,3.10,True,/home/asu/reproducibility_of_jupyter_notebooks-1/data/outputs/repositorios_completos/As17-01/brain_signals/49706e10b05aa4e2867a12eb6ea507b9fae4fed1,,True,False,4.081,
e3c2a871e836ad608806038a80af2c89bdb264256a8d31c7cb63e8b0fc449979,As17-01/brain_signals,main,49706e10b05aa4e2867a12eb6ea507b9fae4fed1,7cf1050b243280f5a6f281e6df0bcbe6fadcb508,notebooks/archieve/no_embeddings/Liquidv7.ipynb,notebooks/archieve/no_embeddings/Liquidv7.ipynb,3.10,True,/home/asu/reproducibility_of_jupyter_notebooks-1/data/outputs/repositorios_completos/As17-01/brain_signals/49706e10b05aa4e2867a12eb6ea507b9fae4fed1,,True,False,3.868,
777891b226d9fd2977b195a3d91c2399899efbb2da9edb385d8a166f4c1b903c,As17-01/brain_signals,main,49706e10b05aa4e2867a12eb6ea507b9fae4fed1,fb46f045b738d7737123ee3063f346fa0bad1bff,notebooks/archieve/no_embeddings/Liquidv8.ipynb,notebooks/archieve/no_embeddings/Liquidv8.ipynb,3.10,True,/home/asu/reproducibility_of_jupyter_notebooks-1/data/outputs/repositorios_completos/As17-01/brain_signals/49706e10b05aa4e2867a12eb6ea507b9fae4fed1,,True,False,3.898,
ab198cea05d51881437b0317e4b271f272b51c2d3777e88ded5f92d069759353,As17-01/brain_signals,main,49706e10b05aa4e2867a12eb6ea507b9fae4fed1,363c8c59f7e0c5665197fd723ec24d8f57310751,notebooks/archieve/no_embeddings/Liquidv8_best_increased_lr2.ipynb,notebooks/archieve/no_embeddings/Liquidv8_best_increased_lr2.ipynb,3.10,True,/home/asu/reproducibility_of_jupyter_notebooks-1/data/outputs/repositorios_completos/As17-01/brain_signals/49706e10b05aa4e2867a12eb6ea507b9fae4fed1,,True,False,4.061,
356e0a3330c5fd4bb5d5dc5296c0371fa52df77e2d6c54d00a93783c3bb3cb73,As17-01/brain_signals,main,49706e10b05aa4e2867a12eb6ea507b9fae4fed1,1f3f4f47c9d1bd11cbade349507e049fe5363d8a,notebooks/archieve/no_embeddings/Liquidv8_increased_lr1.ipynb,notebooks/archieve/no_embeddings/Liquidv8_increased_lr1.ipynb,3.10,True,/home/asu/reproducibility_of_jupyter_notebooks-1/data/outputs/repositorios_completos/As17-01/brain_signals/49706e10b05aa4e2867a12eb6ea507b9fae4fed1,,True,False,3.89,
e5ad320e727e434d9f634109927e5ca613614a6ae7525f7c7df869ee0a438ec6,As17-01/brain_signals,main,49706e10b05aa4e2867a12eb6ea507b9fae4fed1,d84955e8df8fd3b04bb03fad772a49c9e963b9e6,notebooks/archieve/no_embeddings/Liquidv9_increased_lr1.ipynb,notebooks/archieve/no_embeddings/Liquidv9_increased_lr1.ipynb,3.10,True,/home/asu/reproducibility_of_jupyter_notebooks-1/data/outputs/repositorios_completos/As17-01/brain_signals/49706e10b05aa4e2867a12eb6ea507b9fae4fed1,,True,False,4.095,
0ec8bfe73a6e8831e70a8cd691d2678ec60836c521104f7fd18ddca552f7c80c,As17-01/brain_signals,main,49706e10b05aa4e2867a12eb6ea507b9fae4fed1,fba5c16ca09aa229dbc5f2bd80fb4e0c4c69e9cc,notebooks/archieve/no_embeddings/Liquidv9_increased_lr2.ipynb,notebooks/archieve/no_embeddings/Liquidv9_increased_lr2.ipynb,3.10,True,/home/asu/reproducibility_of_jupyter_notebooks-1/data/outputs/repositorios_completos/As17-01/brain_signals/49706e10b05aa4e2867a12eb6ea507b9fae4fed1,,True,False,3.811,
49a670035a22d091dc5593362d00ae181918f8b15b07efeb69a150c257f5181d,As17-01/brain_signals,main,49706e10b05aa4e2867a12eb6ea507b9fae4fed1,537a5974627a34916fcdee1a0ef5d9b6375456f8,notebooks/archieve/statistics/EEG_Classical_ML.ipynb,notebooks/archieve/statistics/EEG_Classical_ML.ipynb,3.10,True,/home/asu/reproducibility_of_jupyter_notebooks-1/data/outputs/repositorios_completos/As17-01/brain_signals/49706e10b05aa4e2867a12eb6ea507b9fae4fed1,,True,False,2.034,
adb5f5984a4ec9e4546a32833dc83f8e600935354f660a14f4366bedfd8bfd2e,As17-01/brain_signals,main,49706e10b05aa4e2867a12eb6ea507b9fae4fed1,472676afa56f75fca4496922a9694b28c1b36d2d,notebooks/archieve/statistics/comparison_plot_best.ipynb,notebooks/archieve/statistics/comparison_plot_best.ipynb,3.10,True,/home/asu/reproducibility_of_jupyter_notebooks-1/data/outputs/repositorios_completos/As17-01/brain_signals/49706e10b05aa4e2867a12eb6ea507b9fae4fed1,,True,False,1.429,
07115f38dbf0f1aff3ecfbef436dabab91f8c2b5c3e2879c93c80324178cc4aa,As17-01/brain_signals,main,49706e10b05aa4e2867a12eb6ea507b9fae4fed1,95d3ab82d1575e66c5f58119e597b4119922faa4,notebooks/archieve/statistics/comparison_plot_best_raw_data.ipynb,notebooks/archieve/statistics/comparison_plot_best_raw_data.ipynb,3.10,True,/home/asu/reproducibility_of_jupyter_notebooks-1/data/outputs/repositorios_completos/As17-01/brain_signals/49706e10b05aa4e2867a12eb6ea507b9fae4fed1,,True,False,1.414,
7b46e1cc091b4027a423a5d662968a9876dd0aa585d1113a5b3ff3a3c1668f8b,As17-01/brain_signals,main,49706e10b05aa4e2867a12eb6ea507b9fae4fed1,a524c64c03ff3adc0d77e3c169e0b6c0616bd139,notebooks/archieve/statistics/raw_plot.ipynb,notebooks/archieve/statistics/raw_plot.ipynb,3.10,True,/home/asu/reproducibility_of_jupyter_notebooks-1/data/outputs/repositorios_completos/As17-01/brain_signals/49706e10b05aa4e2867a12eb6ea507b9fae4fed1,,True,False,2.339,
a1980128e9c1838a11e8d8feda7528e40aff584a4b7d95400a940c5d92f88ef3,As17-01/brain_signals,main,49706e10b05aa4e2867a12eb6ea507b9fae4fed1,9a186ec08cce002bbc4e9b1b6cc73e6544d3758c,notebooks/manuscript/GRU.ipynb,notebooks/manuscript/GRU.ipynb,3.10,True,/home/asu/reproducibility_of_jupyter_notebooks-1/data/outputs/repositorios_completos/As17-01/brain_signals/49706e10b05aa4e2867a12eb6ea507b9fae4fed1,,True,False,4.564,
4e96f0c13780d2c87eb0b88d2e838ec3c91573d0c79c5d4b737ab9cfa551b9d3,As17-01/brain_signals,main,49706e10b05aa4e2867a12eb6ea507b9fae4fed1,97b0fb8cdbcbb259ab34460c3b17693d9fe2f8aa,notebooks/manuscript/comparison_plot_reworked.ipynb,notebooks/manuscript/comparison_plot_reworked.ipynb,3.10,True,/home/asu/reproducibility_of_jupyter_notebooks-1/data/outputs/repositorios_completos/As17-01/brain_signals/49706e10b05aa4e2867a12eb6ea507b9fae4fed1,,True,False,2.471,
f16baf4c147804d0a729d7b7cc071cd7232bc2e17b57911cbafef7cb5df841e7,As17-01/brain_signals,main,49706e10b05aa4e2867a12eb6ea507b9fae4fed1,9aaa5ce7cc5b9d906f2037bc05ff660fdb15bf06,notebooks/manuscript/description.ipynb,notebooks/manuscript/description.ipynb,3.10,True,/home/asu/reproducibility_of_jupyter_notebooks-1/data/outputs/repositorios_completos/As17-01/brain_signals/49706e10b05aa4e2867a12eb6ea507b9fae4fed1,,True,False,2.67,
ec817fd25b450959959c3647a62f7640c73f930146c4cb7ea378697e60906314,As17-01/brain_signals,main,49706e10b05aa4e2867a12eb6ea507b9fae4fed1,e337d3857f23961afe5c17de5f08755e52b2f7f0,notebooks/manuscript/distributions.ipynb,notebooks/manuscript/distributions.ipynb,3.10,True,/home/asu/reproducibility_of_jupyter_notebooks-1/data/outputs/repositorios_completos/As17-01/brain_signals/49706e10b05aa4e2867a12eb6ea507b9fae4fed1,,True,False,1.536,
14e052c85abd0907415581436df198ba205539fd7c8a0f58af015a8408d08054,As17-01/brain_signals,main,49706e10b05aa4e2867a12eb6ea507b9fae4fed1,a7f935f2cc4c3dc3baa96a45af98f660f3355acf,notebooks/manuscript/regressions.ipynb,notebooks/manuscript/regressions.ipynb,3.10,True,/home/asu/reproducibility_of_jupyter_notebooks-1/data/outputs/repositorios_completos/As17-01/brain_signals/49706e10b05aa4e2867a12eb6ea507b9fae4fed1,,True,False,1.989,
47490611143d20efbc7d4f9f2cd24fb910e76d9e0539bfcd139133869d369665,rogerqiu7/Cancer-Mortality-Prediction,main,2a012f8fb602ec7ab7c67a310c4a13329fc144f1,8bd2a06a7cbefcfe3052174a666930d494634f8d,Code_Library/.ipynb_checkpoints/1_Data_Preparation-checkpoint.ipynb,Code_Library/.ipynb_checkpoints/1_Data_Preparation-checkpoint.ipynb,3.9,True,/home/asu/reproducibility_of_jupyter_notebooks-1/data/outputs/repositorios_completos/rogerqiu7/Cancer-Mortality-Prediction/2a012f8fb602ec7ab7c67a310c4a13329fc144f1,,True,False,2.082,
ef0860e428cc1f4c777e6c4791f7deb9774861f80b14e717ea87d2bbf3f611e2,rogerqiu7/Cancer-Mortality-Prediction,main,2a012f8fb602ec7ab7c67a310c4a13329fc144f1,9fe5d1ad6a4394a538ce1270d75d9f7a220d2746,Code_Library/.ipynb_checkpoints/2_EDA-checkpoint.ipynb,Code_Library/.ipynb_checkpoints/2_EDA-checkpoint.ipynb,3.9,True,/home/asu/reproducibility_of_jupyter_notebooks-1/data/outputs/repositorios_completos/rogerqiu7/Cancer-Mortality-Prediction/2a012f8fb602ec7ab7c67a310c4a13329fc144f1,,True,False,2.867,
eded67534d10fc6d3edbf5f44ed41f028fd53cdca1f375180f0c13f5b787dc3b,rogerqiu7/Cancer-Mortality-Prediction,main,2a012f8fb602ec7ab7c67a310c4a13329fc144f1,6c1798c17ee1556a68956888ef0cf3b81b2414d8,Code_Library/.ipynb_checkpoints/3_Modeling-checkpoint.ipynb,Code_Library/.ipynb_checkpoints/3_Modeling-checkpoint.ipynb,3.9,True,/home/asu/reproducibility_of_jupyter_notebooks-1/data/outputs/repositorios_completos/rogerqiu7/Cancer-Mortality-Prediction/2a012f8fb602ec7ab7c67a310c4a13329fc144f1,,True,False,5.036,
223ab002b3d814d48eb65cf121e903049f3354d743877aa077b6772392a6a1df,rogerqiu7/Cancer-Mortality-Prediction,main,2a012f8fb602ec7ab7c67a310c4a13329fc144f1,8bd2a06a7cbefcfe3052174a666930d494634f8d,Code_Library/1_Data_Preparation.ipynb,Code_Library/1_Data_Preparation.ipynb,3.9,True,/home/asu/reproducibility_of_jupyter_notebooks-1/data/outputs/repositorios_completos/rogerqiu7/Cancer-Mortality-Prediction/2a012f8fb602ec7ab7c67a310c4a13329fc144f1,,True,False,1.634,
8c73755e837901741169529308a9d9189cf80cc0a682f1962f9b240fd7a767b2,rogerqiu7/Cancer-Mortality-Prediction,main,2a012f8fb602ec7ab7c67a310c4a13329fc144f1,9fe5d1ad6a4394a538ce1270d75d9f7a220d2746,Code_Library/2_EDA.ipynb,Code_Library/2_EDA.ipynb,3.9,True,/home/asu/reproducibility_of_jupyter_notebooks-1/data/outputs/repositorios_completos/rogerqiu7/Cancer-Mortality-Prediction/2a012f8fb602ec7ab7c67a310c4a13329fc144f1,,True,False,2.486,
532ed8c2631bf84ef0c1261505aa5b48fc2a578a2e181e435308875792443179,rogerqiu7/Cancer-Mortality-Prediction,main,2a012f8fb602ec7ab7c67a310c4a13329fc144f1,6c1798c17ee1556a68956888ef0cf3b81b2414d8,Code_Library/3_Modeling.ipynb,Code_Library/3_Modeling.ipynb,3.9,True,/home/asu/reproducibility_of_jupyter_notebooks-1/data/outputs/repositorios_completos/rogerqiu7/Cancer-Mortality-Prediction/2a012f8fb602ec7ab7c67a310c4a13329fc144f1,,True,False,2.818,
d5455d1e858bcd3100b0b63bbc591324d53369ef819ab470b81d9f9ad7d23584,rogerqiu7/Cancer-Mortality-Prediction,main,2a012f8fb602ec7ab7c67a310c4a13329fc144f1,fdc7aeb56cba5da7adac218ca0b5903fba479bd2,FoodVision.ipynb,FoodVision.ipynb,3.8,True,/home/asu/reproducibility_of_jupyter_notebooks-1/data/outputs/repositorios_completos/rogerqiu7/Cancer-Mortality-Prediction/2a012f8fb602ec7ab7c67a310c4a13329fc144f1,,True,False,31.782,
32bde089d3855fc2186e78c6975a7fde8db30678b072849603da44a313f2de21,yupraw/Portfolio-Project,main,91fa89c70207e1c55b04a3f341f3b13b0122cf46,c2f0e36a7c44eb16a51087aabb0d269d743192c5,Traveloka_Sentiment_Analysis/Web_Scraping_Sentiment_Analysis.ipynb,Traveloka_Sentiment_Analysis/Web_Scraping_Sentiment_Analysis.ipynb,,True,/home/asu/reproducibility_of_jupyter_notebooks-1/data/outputs/repositorios_completos/yupraw/Portfolio-Project/91fa89c70207e1c55b04a3f341f3b13b0122cf46,,True,False,114.924,
ae7c9a3b89fba5aece3341a3c94d30f2a0dbc6694dd4db4e493a1060fb740882,nizam9985/addx,main,689cdcc1a08aeaf3489f5cbd6362aee7c53a2dad,22ef115dea1ee93e18fc1f083d53c2d864b76b34,Weather_Tool3.ipynb,Weather_Tool3.ipynb,3.11,True,/home/asu/reproducibility_of_jupyter_notebooks-1/data/outputs/repositorios_completos/nizam9985/addx/689cdcc1a08aeaf3489f5cbd6362aee7c53a2dad,,True,False,1.373,
ed49961d08c5547413f588ee3f02f4ff1cd79ada259b241c71e431f91a8a7a96,nizam9985/addx,main,689cdcc1a08aeaf3489f5cbd6362aee7c53a2dad,4e6f41808fa28111e98dedd7f0a616a824cdbd78,youtubechatbot_using_langchain_with_memory.ipynb,youtubechatbot_using_langchain_with_memory.ipynb,3.11,True,/home/asu/reproducibility_of_jupyter_notebooks-1/data/outputs/repositorios_completos/nizam9985/addx/689cdcc1a08aeaf3489f5cbd6362aee7c53a2dad,,True,False,1.243,
9541cae7e0fcd0270557e7a98d13d404874dc699694a1b62b65860bbdafd21ed,romms921/arXiver,master,b9516b335c5455b1afaca87966747ca9d4f292fa,a3b95d53f024c6f01846019d3ca76bac32277c83,arxiv_module.ipynb,arxiv_module.ipynb,3.9,True,/home/asu/reproducibility_of_jupyter_notebooks-1/data/outputs/repositorios_completos/romms921/arXiver/b9516b335c5455b1afaca87966747ca9d4f292fa,,True,True,2.393,
a21889e5d3969ad46af0d7af89c79db3ad9913a2a9fa9530e629ffffcb20d5a4,romms921/arXiver,master,b9516b335c5455b1afaca87966747ca9d4f292fa,5e46e501b0a2afc566df1a4d34b2cec227253211,author_affil.ipynb,author_affil.ipynb,3.11,True,/home/asu/reproducibility_of_jupyter_notebooks-1/data/outputs/repositorios_completos/romms921/arXiver/b9516b335c5455b1afaca87966747ca9d4f292fa,,True,False,1.338,
f1bbf7c6bcfa1d421b0debcab28c6718ebccffb82165aa59118e5d397ecdaecd,romms921/arXiver,master,b9516b335c5455b1afaca87966747ca9d4f292fa,dda7e3877c0dfbd7664610ba6811b28c133dc2ee,clean_arxiv.ipynb,clean_arxiv.ipynb,3.11,True,/home/asu/reproducibility_of_jupyter_notebooks-1/data/outputs/repositorios_completos/romms921/arXiver/b9516b335c5455b1afaca87966747ca9d4f292fa,,True,False,7.02,
9c496a25039709ff478f112101e68247f10d89a6a2d5e931d8c11837f1f2d827,romms921/arXiver,master,b9516b335c5455b1afaca87966747ca9d4f292fa,2ddc8de9d901f492503d8db1583b0c9182ed3bab,main.ipynb,main.ipynb,3.9,True,/home/asu/reproducibility_of_jupyter_notebooks-1/data/outputs/repositorios_completos/romms921/arXiver/b9516b335c5455b1afaca87966747ca9d4f292fa,,True,False,4.78,
87303bf09dd8ed9ee2b1121b0a19d1ee342a4cf85c9c4622a5821daaba08bf5f,romms921/arXiver,master,b9516b335c5455b1afaca87966747ca9d4f292fa,291cca92c1c6ec8bc3bd78101b362ce7705e5f87,main_2.ipynb,main_2.ipynb,3.11,True,/home/asu/reproducibility_of_jupyter_notebooks-1/data/outputs/repositorios_completos/romms921/arXiver/b9516b335c5455b1afaca87966747ca9d4f292fa,,True,False,,
e4d11d1bb6399c0511adfbdae1424db373943ec1c4ba2ebf213b59bdc84e41c3,romms921/arXiver,master,b9516b335c5455b1afaca87966747ca9d4f292fa,4b9212195e27d53061c91542bb4e1589dd5d864c,script.ipynb,script.ipynb,3.11,True,/home/asu/reproducibility_of_jupyter_notebooks-1/data/outputs/repositorios_completos/romms921/arXiver/b9516b335c5455b1afaca87966747ca9d4f292fa,,True,False,2.741,
fe77e4a4a13cb2939cb09ae791201d75791a05063d55253012e82f6f8e767365,romms921/arXiver,master,b9516b335c5455b1afaca87966747ca9d4f292fa,24f117de7c6d8f917235b2d9f2dbe17ee2c493a7,stats.ipynb,stats.ipynb,3.11,True,/home/asu/reproducibility_of_jupyter_notebooks-1/data/outputs/repositorios_completos/romms921/arXiver/b9516b335c5455b1afaca87966747ca9d4f292fa,,True,False,2.073,
ab3ab9efa842c387303e30461a307ab2b3a0fdc2f4b5d7e8caba24622942155d,Stars1233/sparse,main,aea60066b621afecebac08df734a5e503fc3e4b7,785860df98b093014cad2fdbe6bb5f0f9b6169c4,examples/sparse_finch.ipynb,examples/sparse_finch.ipynb,3.10,True,/home/asu/reproducibility_of_jupyter_notebooks-1/data/outputs/repositorios_completos/Stars1233/sparse/aea60066b621afecebac08df734a5e503fc3e4b7,,True,False,0.968,
5368024c8d0c8dcbf92e5bafa1138c68903e8a8d599833b582b9ca80db995ff1,Subin-Vidhu/2025,main,b02c75d777f19f2808c4bcb6fc171184450a5505,6da16d933c9ed5b4df8a4389742cdd3278211204,0_Coursera/1_Introduction to Computer Vision and Image Processing/Code/2 1 2_Images_with_python_library_CV.ipynb,0_Coursera/1_Introduction to Computer Vision and Image Processing/Code/2 1 2_Images_with_python_library_CV.ipynb,3.7,True,/home/asu/reproducibility_of_jupyter_notebooks-1/data/outputs/repositorios_completos/Subin-Vidhu/2025/b02c75d777f19f2808c4bcb6fc171184450a5505,,True,False,1.602,
3a2050dd60a9b0d87c5d7cc0c9f87b435dda89b3ef4511f6c37b0fed82bd5994,Subin-Vidhu/2025,main,b02c75d777f19f2808c4bcb6fc171184450a5505,ce29465d086cc21107f70f0a3d8d1df6c797e336,0_Coursera/1_Introduction to Computer Vision and Image Processing/Code/2 2 1_basic_image_manipulation_PIL.ipynb,0_Coursera/1_Introduction to Computer Vision and Image Processing/Code/2 2 1_basic_image_manipulation_PIL.ipynb,3.7,True,/home/asu/reproducibility_of_jupyter_notebooks-1/data/outputs/repositorios_completos/Subin-Vidhu/2025/b02c75d777f19f2808c4bcb6fc171184450a5505,,True,False,2.074,
9a1a5ba6475224c2ef06a616d8c76a942060cd91f7ad25c5f42b40f5f9dc5e5c,Subin-Vidhu/2025,main,b02c75d777f19f2808c4bcb6fc171184450a5505,3462f6836fb86bb8d111c34304b19855f4657b28,0_Coursera/1_Introduction to Computer Vision and Image Processing/Code/2 2 2_basic_image_manipulation_open_CV.ipynb,0_Coursera/1_Introduction to Computer Vision and Image Processing/Code/2 2 2_basic_image_manipulation_open_CV.ipynb,3.7,True,/home/asu/reproducibility_of_jupyter_notebooks-1/data/outputs/repositorios_completos/Subin-Vidhu/2025/b02c75d777f19f2808c4bcb6fc171184450a5505,,True,False,2.065,
c83a5503d58aff856751300e2b9a4c67d7dce0089b4739c3afc5c502b27bc09a,Subin-Vidhu/2025,main,b02c75d777f19f2808c4bcb6fc171184450a5505,27349e79ad8e8d6e45cd7323c46774adda916e8c,0_Coursera/1_Introduction to Computer Vision and Image Processing/Code/2 3 2_ Histograms and Intensity Transformations.ipynb,0_Coursera/1_Introduction to Computer Vision and Image Processing/Code/2 3 2_ Histograms and Intensity Transformations.ipynb,3.7,True,/home/asu/reproducibility_of_jupyter_notebooks-1/data/outputs/repositorios_completos/Subin-Vidhu/2025/b02c75d777f19f2808c4bcb6fc171184450a5505,,True,False,2.12,
5319a683460dc5bd4404c306dc07ef5914a4aa36593c4283108735b6decb19f1,Subin-Vidhu/2025,main,b02c75d777f19f2808c4bcb6fc171184450a5505,4e27f19aae2cd646b0cfec9e57662bdbdcf50404,0_Coursera/1_Introduction to Computer Vision and Image Processing/Code/2 4 1_Gemetric_trasfroms_PIL.ipynb,0_Coursera/1_Introduction to Computer Vision and Image Processing/Code/2 4 1_Gemetric_trasfroms_PIL.ipynb,3.7,True,/home/asu/reproducibility_of_jupyter_notebooks-1/data/outputs/repositorios_completos/Subin-Vidhu/2025/b02c75d777f19f2808c4bcb6fc171184450a5505,,True,False,1.875,
7892b623a1d7ef6fbab88d6c92fadb244fbe255a4d3054ae121d82f6a9c42d9b,Subin-Vidhu/2025,main,b02c75d777f19f2808c4bcb6fc171184450a5505,794a71a4cb82e6a263e2c8cb7a4b0851b5d9cef9,0_Coursera/1_Introduction to Computer Vision and Image Processing/Code/2 4 2_Gemetric_trasfroms_OpenCV.ipynb,0_Coursera/1_Introduction to Computer Vision and Image Processing/Code/2 4 2_Gemetric_trasfroms_OpenCV.ipynb,3.7,True,/home/asu/reproducibility_of_jupyter_notebooks-1/data/outputs/repositorios_completos/Subin-Vidhu/2025/b02c75d777f19f2808c4bcb6fc171184450a5505,,True,False,1.82,
6dad5c1b3fd0dc65b37f8f7a4e076fe362afcd5e1a2fb879920776f85d7c00cd,Subin-Vidhu/2025,main,b02c75d777f19f2808c4bcb6fc171184450a5505,cee9e6a71d638ec28c51b35e17d6a49090ff0759,0_Coursera/1_Introduction to Computer Vision and Image Processing/Code/2 5 1_Spatial_Filtering-PIL.ipynb,0_Coursera/1_Introduction to Computer Vision and Image Processing/Code/2 5 1_Spatial_Filtering-PIL.ipynb,3.7,True,/home/asu/reproducibility_of_jupyter_notebooks-1/data/outputs/repositorios_completos/Subin-Vidhu/2025/b02c75d777f19f2808c4bcb6fc171184450a5505,,True,False,1.886,
543fc9ee3a77701698b70af80b66489159ed05f2ec00a5ccb89ea1abe3bcf0fc,Subin-Vidhu/2025,main,b02c75d777f19f2808c4bcb6fc171184450a5505,b1ff492b94329bca5ba977dffdaaa1264a8319fa,0_Coursera/1_Introduction to Computer Vision and Image Processing/Code/2 5 2_Spatial_Filtering.ipynb,0_Coursera/1_Introduction to Computer Vision and Image Processing/Code/2 5 2_Spatial_Filtering.ipynb,3.7,True,/home/asu/reproducibility_of_jupyter_notebooks-1/data/outputs/repositorios_completos/Subin-Vidhu/2025/b02c75d777f19f2808c4bcb6fc171184450a5505,,True,False,1.789,
812e148c3306c83dbbeb08ef6e7ce63ff4a550f3c9c2f58754b6ff8d480ef208,Subin-Vidhu/2025,main,b02c75d777f19f2808c4bcb6fc171184450a5505,e9902d2ff0756b0c21b2a69a2a5e3dd5ca73067d,0_Coursera/1_Introduction to Computer Vision and Image Processing/Code/2.1.1_Images_with_python_library_PIL.ipynb,0_Coursera/1_Introduction to Computer Vision and Image Processing/Code/2.1.1_Images_with_python_library_PIL.ipynb,3.7,True,/home/asu/reproducibility_of_jupyter_notebooks-1/data/outputs/repositorios_completos/Subin-Vidhu/2025/b02c75d777f19f2808c4bcb6fc171184450a5505,,True,False,1.633,
6b30100d67f0730e5ea14f02864e0d22548225f7fcef7a37618adf5fc39a436a,Subin-Vidhu/2025,main,b02c75d777f19f2808c4bcb6fc171184450a5505,77a1494f732992af88854f4aaf6dac358d4882e8,0_Coursera/1_Introduction to Computer Vision and Image Processing/Code/Convolutional Neural Network.ipynb,0_Coursera/1_Introduction to Computer Vision and Image Processing/Code/Convolutional Neural Network.ipynb,3.7,True,/home/asu/reproducibility_of_jupyter_notebooks-1/data/outputs/repositorios_completos/Subin-Vidhu/2025/b02c75d777f19f2808c4bcb6fc171184450a5505,,True,True,44.013,
774c444b285077f332b489f21fd7f4d84829bcb97b1bf347957fb27561a7fb2d,Subin-Vidhu/2025,main,b02c75d777f19f2808c4bcb6fc171184450a5505,c50bcf126e0b0d91212aecf8ad902d8158dd5538,0_Coursera/1_Introduction to Computer Vision and Image Processing/Code/Data Augmentation.ipynb,0_Coursera/1_Introduction to Computer Vision and Image Processing/Code/Data Augmentation.ipynb,3.7,True,/home/asu/reproducibility_of_jupyter_notebooks-1/data/outputs/repositorios_completos/Subin-Vidhu/2025/b02c75d777f19f2808c4bcb6fc171184450a5505,,True,False,18.066,
d6c4cbc7790d8962c6e5ccd580f4c6986ab2ed930bb67a4da6f418533344a9db,Subin-Vidhu/2025,main,b02c75d777f19f2808c4bcb6fc171184450a5505,89c407d884aca81136210a43d87d8612ec5726ee,0_Coursera/1_Introduction to Computer Vision and Image Processing/Code/Digit Classification with Softmax.ipynb,0_Coursera/1_Introduction to Computer Vision and Image Processing/Code/Digit Classification with Softmax.ipynb,3.7,True,/home/asu/reproducibility_of_jupyter_notebooks-1/data/outputs/repositorios_completos/Subin-Vidhu/2025/b02c75d777f19f2808c4bcb6fc171184450a5505,,True,True,59.742,
a2eea9595f5a13800ece2cd368ee98494de5cfa03a53e2d20a0fde1a43b3b01e,Subin-Vidhu/2025,main,b02c75d777f19f2808c4bcb6fc171184450a5505,1911b1f3711a4e176bc6427f5fbf05a9d487d166,0_Coursera/1_Introduction to Computer Vision and Image Processing/Code/Logistic Regression With Mini-Batch Gradient Descent.ipynb,0_Coursera/1_Introduction to Computer Vision and Image Processing/Code/Logistic Regression With Mini-Batch Gradient Descent.ipynb,3.7,True,/home/asu/reproducibility_of_jupyter_notebooks-1/data/outputs/repositorios_completos/Subin-Vidhu/2025/b02c75d777f19f2808c4bcb6fc171184450a5505,,True,False,6.998,
c38e1371e2276dc3a94efb8e68446cc6cc39fc2f33c208cd4b2731a5b2be5321,Subin-Vidhu/2025,main,b02c75d777f19f2808c4bcb6fc171184450a5505,be424c821b1cef653f2bab983335f3a28ff94591,0_Coursera/1_Introduction to Computer Vision and Image Processing/Code/Neural Network Rectified Linear Unit ReLU vs Sigmoid.ipynb,0_Coursera/1_Introduction to Computer Vision and Image Processing/Code/Neural Network Rectified Linear Unit ReLU vs Sigmoid.ipynb,3.7,True,/home/asu/reproducibility_of_jupyter_notebooks-1/data/outputs/repositorios_completos/Subin-Vidhu/2025/b02c75d777f19f2808c4bcb6fc171184450a5505,,True,True,59.403,
82e32a272385a26d9c09c9407514b0f25c3f9c190c6fc3ca37d196cd3c41c071,Subin-Vidhu/2025,main,b02c75d777f19f2808c4bcb6fc171184450a5505,ddb1bf4c1c762d89063d5c024fc3298fb122c60d,0_Coursera/1_Introduction to Computer Vision and Image Processing/Code/Simple Neural Network for XOR.ipynb,0_Coursera/1_Introduction to Computer Vision and Image Processing/Code/Simple Neural Network for XOR.ipynb,3.7,True,/home/asu/reproducibility_of_jupyter_notebooks-1/data/outputs/repositorios_completos/Subin-Vidhu/2025/b02c75d777f19f2808c4bcb6fc171184450a5505,,True,True,37.014,
442d9bf4672058e946b5d83625c982f230cb861e1d7a983ae64a0d944d8d5963,Subin-Vidhu/2025,main,b02c75d777f19f2808c4bcb6fc171184450a5505,ec429808869ddecbd7c21292d20ab99b666ee07d,0_Coursera/1_Introduction to Computer Vision and Image Processing/Code/Support Vector Machines vs Vanilla Linear Classifier.ipynb,0_Coursera/1_Introduction to Computer Vision and Image Processing/Code/Support Vector Machines vs Vanilla Linear Classifier.ipynb,3.7,True,/home/asu/reproducibility_of_jupyter_notebooks-1/data/outputs/repositorios_completos/Subin-Vidhu/2025/b02c75d777f19f2808c4bcb6fc171184450a5505,,True,False,4.466,
b92d323d2b534e38a53dcbaf9d1ea18c000ad333f1e0e9dc9dd9da13c6556e70,Subin-Vidhu/2025,main,b02c75d777f19f2808c4bcb6fc171184450a5505,3d12952e9d6c5a28c0a0aaf656ec99490514809c,0_Coursera/1_Introduction to Computer Vision and Image Processing/Code/Training A Neural Network with Momentum.ipynb,0_Coursera/1_Introduction to Computer Vision and Image Processing/Code/Training A Neural Network with Momentum.ipynb,3.7,True,/home/asu/reproducibility_of_jupyter_notebooks-1/data/outputs/repositorios_completos/Subin-Vidhu/2025/b02c75d777f19f2808c4bcb6fc171184450a5505,,True,True,15.462,
8f450a694a2edc7cab9779e95411969730e8670b3a88e3f69278f640b1d59f36,Subin-Vidhu/2025,main,b02c75d777f19f2808c4bcb6fc171184450a5505,a7e0c2be4f6dac4ef6a2be09f54e51c402f18a64,0_Coursera/1_Introduction to Computer Vision and Image Processing/Code/use-objectdetection-faster-r-cnn.ipynb,0_Coursera/1_Introduction to Computer Vision and Image Processing/Code/use-objectdetection-faster-r-cnn.ipynb,3.7,True,/home/asu/reproducibility_of_jupyter_notebooks-1/data/outputs/repositorios_completos/Subin-Vidhu/2025/b02c75d777f19f2808c4bcb6fc171184450a5505,,True,False,205.618,
e863fd4e795b4b21f615765934a421d9b1ced858af4d76937a1a4cef954129bb,Subin-Vidhu/2025,main,b02c75d777f19f2808c4bcb6fc171184450a5505,fe955c699af102fbb6ccf1742e7ec07bb37a1d28,0_Coursera/2_Generative Adversarial Networks (GANs) Specialization/Apply Generative Adversarial Networks (GANs)/C3W1_Assignment.ipynb,0_Coursera/2_Generative Adversarial Networks (GANs) Specialization/Apply Generative Adversarial Networks (GANs)/C3W1_Assignment.ipynb,3.8,True,/home/asu/reproducibility_of_jupyter_notebooks-1/data/outputs/repositorios_completos/Subin-Vidhu/2025/b02c75d777f19f2808c4bcb6fc171184450a5505,,True,False,5.492,
b8b526943dd2635e27cb31ec4b21becd08988e429415d2db3b175069879bba87,Subin-Vidhu/2025,main,b02c75d777f19f2808c4bcb6fc171184450a5505,fecade14f0b0082dd00a39a50e002d4b1c5de918,0_Coursera/2_Generative Adversarial Networks (GANs) Specialization/Apply Generative Adversarial Networks (GANs)/C3W2A_Assignment.ipynb,0_Coursera/2_Generative Adversarial Networks (GANs) Specialization/Apply Generative Adversarial Networks (GANs)/C3W2A_Assignment.ipynb,3.8,True,/home/asu/reproducibility_of_jupyter_notebooks-1/data/outputs/repositorios_completos/Subin-Vidhu/2025/b02c75d777f19f2808c4bcb6fc171184450a5505,,True,False,5.301,
be0392c9e674d563785876e6e0ee7109f26c36a1072065a4f080e086af01e691,Subin-Vidhu/2025,main,b02c75d777f19f2808c4bcb6fc171184450a5505,9587051ed1d431e98feae0dd8eb75cf92295ff0f,0_Coursera/2_Generative Adversarial Networks (GANs) Specialization/Apply Generative Adversarial Networks (GANs)/C3W2B_Assignment.ipynb,0_Coursera/2_Generative Adversarial Networks (GANs) Specialization/Apply Generative Adversarial Networks (GANs)/C3W2B_Assignment.ipynb,3.8,True,/home/asu/reproducibility_of_jupyter_notebooks-1/data/outputs/repositorios_completos/Subin-Vidhu/2025/b02c75d777f19f2808c4bcb6fc171184450a5505,,True,False,3.814,
4fe971416c0ea30efe28eee6dd7c76a1e523878ab0638c0d2154d1cdfa97173d,Subin-Vidhu/2025,main,b02c75d777f19f2808c4bcb6fc171184450a5505,fe77ca8231743d8333185649e968420c88cf5f5c,0_Coursera/2_Generative Adversarial Networks (GANs) Specialization/Build Basic Generative Adversarial Networks (GANs)/C1W1_Your_First_GAN.ipynb,0_Coursera/2_Generative Adversarial Networks (GANs) Specialization/Build Basic Generative Adversarial Networks (GANs)/C1W1_Your_First_GAN.ipynb,3.8,True,/home/asu/reproducibility_of_jupyter_notebooks-1/data/outputs/repositorios_completos/Subin-Vidhu/2025/b02c75d777f19f2808c4bcb6fc171184450a5505,,True,False,3.847,
3743cbb4354e258bff4086823284f873801dbfa72aa3ab9089235262e0490dc7,Subin-Vidhu/2025,main,b02c75d777f19f2808c4bcb6fc171184450a5505,3e7d0c980b596420dff930150d253b8333ce36a2,0_Coursera/2_Generative Adversarial Networks (GANs) Specialization/Build Basic Generative Adversarial Networks (GANs)/C1W3_WGAN_GP.ipynb,0_Coursera/2_Generative Adversarial Networks (GANs) Specialization/Build Basic Generative Adversarial Networks (GANs)/C1W3_WGAN_GP.ipynb,3.8,True,/home/asu/reproducibility_of_jupyter_notebooks-1/data/outputs/repositorios_completos/Subin-Vidhu/2025/b02c75d777f19f2808c4bcb6fc171184450a5505,,True,False,4.023,
8223f795364bdc1548913ba1fe2dd640f578df10c10faa2c14bd95aa3417bcd9,Subin-Vidhu/2025,main,b02c75d777f19f2808c4bcb6fc171184450a5505,3bac81392a7442c774c69243ec0ddac56485c21f,0_Coursera/2_Generative Adversarial Networks (GANs) Specialization/Build Basic Generative Adversarial Networks (GANs)/C1W4A_Build_a_Conditional_GAN.ipynb,0_Coursera/2_Generative Adversarial Networks (GANs) Specialization/Build Basic Generative Adversarial Networks (GANs)/C1W4A_Build_a_Conditional_GAN.ipynb,3.8,True,/home/asu/reproducibility_of_jupyter_notebooks-1/data/outputs/repositorios_completos/Subin-Vidhu/2025/b02c75d777f19f2808c4bcb6fc171184450a5505,,True,False,4.267,
243510ec02681dd2ed6bc5c07475911b7eda2ef5dffde195b337a417a4829d7e,Subin-Vidhu/2025,main,b02c75d777f19f2808c4bcb6fc171184450a5505,94f720cf9542b57af13eac2ac997fab1f65ecc7f,0_Coursera/2_Generative Adversarial Networks (GANs) Specialization/Build Basic Generative Adversarial Networks (GANs)/C1W4B_Controllable_Generation.ipynb,0_Coursera/2_Generative Adversarial Networks (GANs) Specialization/Build Basic Generative Adversarial Networks (GANs)/C1W4B_Controllable_Generation.ipynb,3.8,True,/home/asu/reproducibility_of_jupyter_notebooks-1/data/outputs/repositorios_completos/Subin-Vidhu/2025/b02c75d777f19f2808c4bcb6fc171184450a5505,,True,False,4.016,
1a5694cc7135404fcf5027321beb99d651940e0c5e9dc860378e98e0c26bbd51,Subin-Vidhu/2025,main,b02c75d777f19f2808c4bcb6fc171184450a5505,be3eb23ec81777f266ac4ba51ba6d9f73a35679a,0_Coursera/2_Generative Adversarial Networks (GANs) Specialization/Build Basic Generative Adversarial Networks (GANs)/C1_W2_Assignment.ipynb,0_Coursera/2_Generative Adversarial Networks (GANs) Specialization/Build Basic Generative Adversarial Networks (GANs)/C1_W2_Assignment.ipynb,3.8,True,/home/asu/reproducibility_of_jupyter_notebooks-1/data/outputs/repositorios_completos/Subin-Vidhu/2025/b02c75d777f19f2808c4bcb6fc171184450a5505,,True,False,3.901,
e7517c6fcad6132decd62f3ddf82117ccc0303282bad7da83a580b83cba71eee,Subin-Vidhu/2025,main,b02c75d777f19f2808c4bcb6fc171184450a5505,4fd8b170f415bcddf552eb0f4b579fa7f6eb06cf,0_Coursera/2_Generative Adversarial Networks (GANs) Specialization/Build Better Generative Adversarial Networks (GANs)/C2W1_Assignment.ipynb,0_Coursera/2_Generative Adversarial Networks (GANs) Specialization/Build Better Generative Adversarial Networks (GANs)/C2W1_Assignment.ipynb,3.8,True,/home/asu/reproducibility_of_jupyter_notebooks-1/data/outputs/repositorios_completos/Subin-Vidhu/2025/b02c75d777f19f2808c4bcb6fc171184450a5505,,True,False,3.813,
b5ae9df6026d2e23787f183aaee1461d8ea26fc45cca240552bdaef626f0c653,Subin-Vidhu/2025,main,b02c75d777f19f2808c4bcb6fc171184450a5505,59adf92ea59c2d43ba2bd79198ebb33214421811,0_Coursera/2_Generative Adversarial Networks (GANs) Specialization/Build Better Generative Adversarial Networks (GANs)/C2W2_Assignment.ipynb,0_Coursera/2_Generative Adversarial Networks (GANs) Specialization/Build Better Generative Adversarial Networks (GANs)/C2W2_Assignment.ipynb,3.8,True,/home/asu/reproducibility_of_jupyter_notebooks-1/data/outputs/repositorios_completos/Subin-Vidhu/2025/b02c75d777f19f2808c4bcb6fc171184450a5505,,True,False,3.949,
aaa5d434834190337b2474a649bb131f36bec5b70fd729c9315e9d736e45a3ea,Subin-Vidhu/2025,main,b02c75d777f19f2808c4bcb6fc171184450a5505,ce68e7481db807c8d9a1211bcd76f74d9d88a7d6,0_Coursera/2_Generative Adversarial Networks (GANs) Specialization/Build Better Generative Adversarial Networks (GANs)/C2W3_Assignment.ipynb,0_Coursera/2_Generative Adversarial Networks (GANs) Specialization/Build Better Generative Adversarial Networks (GANs)/C2W3_Assignment.ipynb,3.7,True,/home/asu/reproducibility_of_jupyter_notebooks-1/data/outputs/repositorios_completos/Subin-Vidhu/2025/b02c75d777f19f2808c4bcb6fc171184450a5505,,True,True,5.476,
a8aa1310bf7afc7c2dd4a14059388cd14cb348d93f1cacb3b81c58a2bd3f5d54,Subin-Vidhu/2025,main,b02c75d777f19f2808c4bcb6fc171184450a5505,89f5a2e679e227c601dd63c1df4869540c7ba934,0_Coursera/3_Microsoft Python Development Professional Certificate/i.Python Programming Fundamentals/code/C1_M6_L01.ipynb,0_Coursera/3_Microsoft Python Development Professional Certificate/i.Python Programming Fundamentals/code/C1_M6_L01.ipynb,3.10,True,/home/asu/reproducibility_of_jupyter_notebooks-1/data/outputs/repositorios_completos/Subin-Vidhu/2025/b02c75d777f19f2808c4bcb6fc171184450a5505,,True,True,0.92,
47e4cfbef501aa029aa0ae8db87cdd7c405f7d72513aaba7793b8479e2ca9e39,Subin-Vidhu/2025,main,b02c75d777f19f2808c4bcb6fc171184450a5505,e90b9b791fa40be08fba3fdceb5c9763506f5411,0_Coursera/3_Microsoft Python Development Professional Certificate/ii.Data Analysis and Visualization with Python/codes/C2_M5_L01.ipynb,0_Coursera/3_Microsoft Python Development Professional Certificate/ii.Data Analysis and Visualization with Python/codes/C2_M5_L01.ipynb,3.10,True,/home/asu/reproducibility_of_jupyter_notebooks-1/data/outputs/repositorios_completos/Subin-Vidhu/2025/b02c75d777f19f2808c4bcb6fc171184450a5505,,True,False,1.686,
105c296b3151959ab7c8a9ed9cf8cf821af2411ccdb2525bcebc1311b4979582,Subin-Vidhu/2025,main,b02c75d777f19f2808c4bcb6fc171184450a5505,dbf093d0697a8cd31acd2792070dae6115a02e19,0_Coursera/3_Microsoft Python Development Professional Certificate/iii.Automation and Scripting with Python/Codes/churn/C3_M5_PA01.ipynb,0_Coursera/3_Microsoft Python Development Professional Certificate/iii.Automation and Scripting with Python/Codes/churn/C3_M5_PA01.ipynb,3.10,True,/home/asu/reproducibility_of_jupyter_notebooks-1/data/outputs/repositorios_completos/Subin-Vidhu/2025/b02c75d777f19f2808c4bcb6fc171184450a5505,,True,False,1.61,
f69944ee6d0010a7a3d89653da9e89e2661bcf94ff1ba8150f6d981bc6e37eff,Subin-Vidhu/2025,main,b02c75d777f19f2808c4bcb6fc171184450a5505,e345ca39dcaba5775c3940846735e6daa9a52464,0_Coursera/3_Microsoft Python Development Professional Certificate/iii.Automation and Scripting with Python/Codes/final/C3_M5_PA02.ipynb,0_Coursera/3_Microsoft Python Development Professional Certificate/iii.Automation and Scripting with Python/Codes/final/C3_M5_PA02.ipynb,3.10,True,/home/asu/reproducibility_of_jupyter_notebooks-1/data/outputs/repositorios_completos/Subin-Vidhu/2025/b02c75d777f19f2808c4bcb6fc171184450a5505,,True,False,28.237,
9bd7489f39eb02efd9a37aa3bf522b4791f442a1ed8feb88be464be17edf7991,Subin-Vidhu/2025,main,b02c75d777f19f2808c4bcb6fc171184450a5505,3868b9828fa0dc7d93bedd35cc97eb0371227569,0_Coursera/3_Microsoft Python Development Professional Certificate/iv.Web Development with Python/Codes/C4_M3_L01.ipynb,0_Coursera/3_Microsoft Python Development Professional Certificate/iv.Web Development with Python/Codes/C4_M3_L01.ipynb,3.10,True,/home/asu/reproducibility_of_jupyter_notebooks-1/data/outputs/repositorios_completos/Subin-Vidhu/2025/b02c75d777f19f2808c4bcb6fc171184450a5505,,True,True,3.632,
ec68879e08103d81ee53b4c4f400451b1bb7ef64b739ac334877c2a7f6e3ee6b,Subin-Vidhu/2025,main,b02c75d777f19f2808c4bcb6fc171184450a5505,f26b8d99fdc837a87c26a47a314172ed88431e9a,0_Coursera/3_Microsoft Python Development Professional Certificate/vi.Project Development in Python/Creating a chatbot with Python (1).ipynb,0_Coursera/3_Microsoft Python Development Professional Certificate/vi.Project Development in Python/Creating a chatbot with Python (1).ipynb,3.10,True,/home/asu/reproducibility_of_jupyter_notebooks-1/data/outputs/repositorios_completos/Subin-Vidhu/2025/b02c75d777f19f2808c4bcb6fc171184450a5505,,True,False,21.797,
5915f2fdbfc0c2508f74013509f9c290cc85fd750a2aabab4371affef735ff67,Subin-Vidhu/2025,main,b02c75d777f19f2808c4bcb6fc171184450a5505,608907ad246f53167e0bd54f2f0f8d21b7bab6b2,0_Coursera/3_Microsoft Python Development Professional Certificate/vi.Project Development in Python/Creating a chatbot with Python.ipynb,0_Coursera/3_Microsoft Python Development Professional Certificate/vi.Project Development in Python/Creating a chatbot with Python.ipynb,3.10,True,/home/asu/reproducibility_of_jupyter_notebooks-1/data/outputs/repositorios_completos/Subin-Vidhu/2025/b02c75d777f19f2808c4bcb6fc171184450a5505,,True,False,17.684,
6f7fcad062d5b2782fb8a171e40f49009236ba5c7536fc6eaab6600641c4945e,Subin-Vidhu/2025,main,b02c75d777f19f2808c4bcb6fc171184450a5505,e64e7e6e8ee2f25d39f5ab07c018fce2f523227f,0_Datacamp/2_Machine Learning Engineer/4_Predictive Modeling for Agriculture-Project/workspace/workspace/notebook.ipynb,0_Datacamp/2_Machine Learning Engineer/4_Predictive Modeling for Agriculture-Project/workspace/workspace/notebook.ipynb,3.8,True,/home/asu/reproducibility_of_jupyter_notebooks-1/data/outputs/repositorios_completos/Subin-Vidhu/2025/b02c75d777f19f2808c4bcb6fc171184450a5505,,True,False,2.369,
20bdce1861aea4781383721e46ad0dd7388239c85641bdc1ef560daad37667c2,Subin-Vidhu/2025,main,b02c75d777f19f2808c4bcb6fc171184450a5505,e64e7e6e8ee2f25d39f5ab07c018fce2f523227f,0_Datacamp/3_Machine Learning Scientist in Python/2_Predictive Modeling for Agriculture-Project/workspace/workspace/notebook.ipynb,0_Datacamp/3_Machine Learning Scientist in Python/2_Predictive Modeling for Agriculture-Project/workspace/workspace/notebook.ipynb,3.8,True,/home/asu/reproducibility_of_jupyter_notebooks-1/data/outputs/repositorios_completos/Subin-Vidhu/2025/b02c75d777f19f2808c4bcb6fc171184450a5505,,True,False,1.938,
9238c49ee7c0029cb8b9e5fe53daf32f43100cfbce499aedc863d9f7814896ec,Subin-Vidhu/2025,main,b02c75d777f19f2808c4bcb6fc171184450a5505,4c412a199d69cc3afb4089566c8bf1e32d95f5c1,0_Datacamp/7_Tuberculosis_Competition/TB_Detection_PyTorch_ResNet18_CNN_ChestXRay (1).ipynb,0_Datacamp/7_Tuberculosis_Competition/TB_Detection_PyTorch_ResNet18_CNN_ChestXRay (1).ipynb,3.10,True,/home/asu/reproducibility_of_jupyter_notebooks-1/data/outputs/repositorios_completos/Subin-Vidhu/2025/b02c75d777f19f2808c4bcb6fc171184450a5505,,True,False,3.604,
be9e942ea59ea01b1bde74ce6290ab7c93fddfa5e96a8ccf873d113395a28a60,Subin-Vidhu/2025,main,b02c75d777f19f2808c4bcb6fc171184450a5505,4c412a199d69cc3afb4089566c8bf1e32d95f5c1,0_Datacamp/7_Tuberculosis_Competition/TB_Detection_PyTorch_ResNet18_CNN_ChestXRay.ipynb,0_Datacamp/7_Tuberculosis_Competition/TB_Detection_PyTorch_ResNet18_CNN_ChestXRay.ipynb,3.10,True,/home/asu/reproducibility_of_jupyter_notebooks-1/data/outputs/repositorios_completos/Subin-Vidhu/2025/b02c75d777f19f2808c4bcb6fc171184450a5505,,True,False,3.623,
14c0a5f05962a36837733153bd62277a9f3ac01f82a7cab566031e2f595c453b,Subin-Vidhu/2025,main,b02c75d777f19f2808c4bcb6fc171184450a5505,c36ae250c4a019c7392c7d962672d70ef07c27dc,0_DeepLearning_AI_Courses/1_Build Apps with Windsurf's AI Coding Agents/Windsurf_Trial/From_Course/Appendix.ipynb,0_DeepLearning_AI_Courses/1_Build Apps with Windsurf's AI Coding Agents/Windsurf_Trial/From_Course/Appendix.ipynb,3.9,True,/home/asu/reproducibility_of_jupyter_notebooks-1/data/outputs/repositorios_completos/Subin-Vidhu/2025/b02c75d777f19f2808c4bcb6fc171184450a5505,,True,True,1.027,
7145d1a7a211096f93ce81bd2fdc695b938c2992cc36d748d290eb49c756c1a5,Subin-Vidhu/2025,main,b02c75d777f19f2808c4bcb6fc171184450a5505,2cc9bfdc93be1fff51c19f6870f07b8240d4dfad,0_Udemy_Courses/2_Brain Computer Interface and Deep Learning Using Python/CODES/Section2/1_Mnist.ipynb,0_Udemy_Courses/2_Brain Computer Interface and Deep Learning Using Python/CODES/Section2/1_Mnist.ipynb,3.9,True,/home/asu/reproducibility_of_jupyter_notebooks-1/data/outputs/repositorios_completos/Subin-Vidhu/2025/b02c75d777f19f2808c4bcb6fc171184450a5505,,True,True,13.839,
6ed8e888af765443cd7cae6437714ebf12357e856c37c88c570e76d308ff41b3,Subin-Vidhu/2025,main,b02c75d777f19f2808c4bcb6fc171184450a5505,4be984b7c3f67c1009d6e7d095b4bab3cc093be8,0_Udemy_Courses/2_Brain Computer Interface and Deep Learning Using Python/CODES/Section2/2_data_preprocessing.ipynb,0_Udemy_Courses/2_Brain Computer Interface and Deep Learning Using Python/CODES/Section2/2_data_preprocessing.ipynb,3.9,True,/home/asu/reproducibility_of_jupyter_notebooks-1/data/outputs/repositorios_completos/Subin-Vidhu/2025/b02c75d777f19f2808c4bcb6fc171184450a5505,,True,True,9.7,
f735a76808f041d47b3ee6c2ec0f7e81057dfda2dedbfb3dd8c0e191d98c79a3,Subin-Vidhu/2025,main,b02c75d777f19f2808c4bcb6fc171184450a5505,98f94849bc22ba1db18e672c61bb9b84cf2da532,0_Udemy_Courses/2_Brain Computer Interface and Deep Learning Using Python/CODES/Section2/3_Mnist_Simple_NN.ipynb,0_Udemy_Courses/2_Brain Computer Interface and Deep Learning Using Python/CODES/Section2/3_Mnist_Simple_NN.ipynb,3.9,True,/home/asu/reproducibility_of_jupyter_notebooks-1/data/outputs/repositorios_completos/Subin-Vidhu/2025/b02c75d777f19f2808c4bcb6fc171184450a5505,,True,True,9.915,
3d41d7acdfc7d4bcec50383cb76690d58dbe97bbb830e61bb44ebec05f522c26,Subin-Vidhu/2025,main,b02c75d777f19f2808c4bcb6fc171184450a5505,36a81f97c3ea5871d1f63c61a9ef5a4a7610257b,0_Udemy_Courses/2_Brain Computer Interface and Deep Learning Using Python/CODES/Section2/4_training_your_network.ipynb,0_Udemy_Courses/2_Brain Computer Interface and Deep Learning Using Python/CODES/Section2/4_training_your_network.ipynb,3.9,True,/home/asu/reproducibility_of_jupyter_notebooks-1/data/outputs/repositorios_completos/Subin-Vidhu/2025/b02c75d777f19f2808c4bcb6fc171184450a5505,,True,True,44.52,
67653884cc353af942af6e392fa81449e571b9be863601c374da98416e2642cd,Subin-Vidhu/2025,main,b02c75d777f19f2808c4bcb6fc171184450a5505,be81eab3a682299bd799468018dd1eeff87275d2,0_Udemy_Courses/2_Brain Computer Interface and Deep Learning Using Python/CODES/Section_3_Project_1/1_Brain_computer_interface.ipynb,0_Udemy_Courses/2_Brain Computer Interface and Deep Learning Using Python/CODES/Section_3_Project_1/1_Brain_computer_interface.ipynb,3.9,True,/home/asu/reproducibility_of_jupyter_notebooks-1/data/outputs/repositorios_completos/Subin-Vidhu/2025/b02c75d777f19f2808c4bcb6fc171184450a5505,,True,False,1.256,
eb8c769c36e44eed156c95859f9ceb9208c0fb4392c4499d544ce37c9e79bfba,Subin-Vidhu/2025,main,b02c75d777f19f2808c4bcb6fc171184450a5505,d934d6f370d5aebeab0f2ee1a5e6ea66c600d4d4,0_Udemy_Courses/2_Brain Computer Interface and Deep Learning Using Python/CODES/Section_3_Project_1/2_segmentation.ipynb,0_Udemy_Courses/2_Brain Computer Interface and Deep Learning Using Python/CODES/Section_3_Project_1/2_segmentation.ipynb,3.9,True,/home/asu/reproducibility_of_jupyter_notebooks-1/data/outputs/repositorios_completos/Subin-Vidhu/2025/b02c75d777f19f2808c4bcb6fc171184450a5505,,True,False,1.266,
69f073c315e6a01b6cd169a787a3c44ad93835a0c0e8d49c5b5da706f1d65e15,Subin-Vidhu/2025,main,b02c75d777f19f2808c4bcb6fc171184450a5505,24a18ccc9f40b81f8c1498f966d9d37b5d912ef5,0_Udemy_Courses/2_Brain Computer Interface and Deep Learning Using Python/CODES/Section_3_Project_1/3_splitting_your_data.ipynb,0_Udemy_Courses/2_Brain Computer Interface and Deep Learning Using Python/CODES/Section_3_Project_1/3_splitting_your_data.ipynb,3.9,True,/home/asu/reproducibility_of_jupyter_notebooks-1/data/outputs/repositorios_completos/Subin-Vidhu/2025/b02c75d777f19f2808c4bcb6fc171184450a5505,,True,False,1.252,
4b17d178709c1684d5ccd929be6f3aa513d5dd9a67792c2d1122aeaf1ae846b4,Subin-Vidhu/2025,main,b02c75d777f19f2808c4bcb6fc171184450a5505,62294363094e4864fd1af23262cf5e487e933478,0_Udemy_Courses/2_Brain Computer Interface and Deep Learning Using Python/CODES/Section_3_Project_1/4_Data_Preprocessing.ipynb,0_Udemy_Courses/2_Brain Computer Interface and Deep Learning Using Python/CODES/Section_3_Project_1/4_Data_Preprocessing.ipynb,3.9,True,/home/asu/reproducibility_of_jupyter_notebooks-1/data/outputs/repositorios_completos/Subin-Vidhu/2025/b02c75d777f19f2808c4bcb6fc171184450a5505,,True,False,1.242,
244f4c2e7b60775a3a36240e4ecc6464cb485d8fca1479e0516ef9c16403a39e,Subin-Vidhu/2025,main,b02c75d777f19f2808c4bcb6fc171184450a5505,4302a1cc6db57ab01f74b10f213b2c9312fef25e,0_Udemy_Courses/2_Brain Computer Interface and Deep Learning Using Python/CODES/Section_3_Project_1/5_building_your_network.ipynb,0_Udemy_Courses/2_Brain Computer Interface and Deep Learning Using Python/CODES/Section_3_Project_1/5_building_your_network.ipynb,3.9,True,/home/asu/reproducibility_of_jupyter_notebooks-1/data/outputs/repositorios_completos/Subin-Vidhu/2025/b02c75d777f19f2808c4bcb6fc171184450a5505,,True,False,1.266,
b0c34f64779f1abecd7692b76a0d2d99be2b963da44e93bb4642591fc2ab94b0,Subin-Vidhu/2025,main,b02c75d777f19f2808c4bcb6fc171184450a5505,368c227aeb89b690978a89a09dcbdcc7098239ae,0_Udemy_Courses/2_Brain Computer Interface and Deep Learning Using Python/CODES/Section_3_Project_1/6_training_your_cnn.ipynb,0_Udemy_Courses/2_Brain Computer Interface and Deep Learning Using Python/CODES/Section_3_Project_1/6_training_your_cnn.ipynb,3.9,True,/home/asu/reproducibility_of_jupyter_notebooks-1/data/outputs/repositorios_completos/Subin-Vidhu/2025/b02c75d777f19f2808c4bcb6fc171184450a5505,,True,False,1.266,
ceb1e46bcd8b7add97f96d2e264b1db614b82385bfa477e656a8a1ba756ef91e,Subin-Vidhu/2025,main,b02c75d777f19f2808c4bcb6fc171184450a5505,a387dc3c1cc92906d1c87c6f995adbf8a2d743d3,0_Udemy_Courses/2_Brain Computer Interface and Deep Learning Using Python/CODES/Section_5_Project_2/1_data_preprocessing.ipynb,0_Udemy_Courses/2_Brain Computer Interface and Deep Learning Using Python/CODES/Section_5_Project_2/1_data_preprocessing.ipynb,,True,/home/asu/reproducibility_of_jupyter_notebooks-1/data/outputs/repositorios_completos/Subin-Vidhu/2025/b02c75d777f19f2808c4bcb6fc171184450a5505,,True,False,1.188,
37894c5e094abb1ff44f3f1b9e7dd7ee0dd6eb628448eeb797d91b7f823621e6,Subin-Vidhu/2025,main,b02c75d777f19f2808c4bcb6fc171184450a5505,783b4f74fd70653efc1d4b495909cd80ab2d87e6,0_Udemy_Courses/2_Brain Computer Interface and Deep Learning Using Python/CODES/Section_5_Project_2/2_Feature_extraction.ipynb,0_Udemy_Courses/2_Brain Computer Interface and Deep Learning Using Python/CODES/Section_5_Project_2/2_Feature_extraction.ipynb,,True,/home/asu/reproducibility_of_jupyter_notebooks-1/data/outputs/repositorios_completos/Subin-Vidhu/2025/b02c75d777f19f2808c4bcb6fc171184450a5505,,True,False,1.198,
1787689ac201c85b8acf7990e6b895fddfc41f2bb351eb25b687e8c619267ede,Subin-Vidhu/2025,main,b02c75d777f19f2808c4bcb6fc171184450a5505,81e73c19f84c19b10ace5e0c9123906c191973a0,0_Udemy_Courses/2_Brain Computer Interface and Deep Learning Using Python/CODES/Section_5_Project_2/3_building_Generator_NN.ipynb,0_Udemy_Courses/2_Brain Computer Interface and Deep Learning Using Python/CODES/Section_5_Project_2/3_building_Generator_NN.ipynb,,True,/home/asu/reproducibility_of_jupyter_notebooks-1/data/outputs/repositorios_completos/Subin-Vidhu/2025/b02c75d777f19f2808c4bcb6fc171184450a5505,,True,False,1.215,
70e99a43bfecdb0abee5d89fd8eac49ed861728ab255c2b08ed95de78baa30c4,Subin-Vidhu/2025,main,b02c75d777f19f2808c4bcb6fc171184450a5505,b633132ebd9a097a2e3504d15aa6765af1c090e0,0_Udemy_Courses/2_Brain Computer Interface and Deep Learning Using Python/CODES/Section_5_Project_2/4_Building_Discriminator.ipynb,0_Udemy_Courses/2_Brain Computer Interface and Deep Learning Using Python/CODES/Section_5_Project_2/4_Building_Discriminator.ipynb,,True,/home/asu/reproducibility_of_jupyter_notebooks-1/data/outputs/repositorios_completos/Subin-Vidhu/2025/b02c75d777f19f2808c4bcb6fc171184450a5505,,True,False,1.171,
6fa9d33f4ad30b63e0b9f7c5268eb7c16b9d65dd63a6f8b564dc9dca8ccf1e2c,Subin-Vidhu/2025,main,b02c75d777f19f2808c4bcb6fc171184450a5505,b633132ebd9a097a2e3504d15aa6765af1c090e0,0_Udemy_Courses/2_Brain Computer Interface and Deep Learning Using Python/CODES/Section_5_Project_2/5_training_and_testing_your_GAN.ipynb,0_Udemy_Courses/2_Brain Computer Interface and Deep Learning Using Python/CODES/Section_5_Project_2/5_training_and_testing_your_GAN.ipynb,,True,/home/asu/reproducibility_of_jupyter_notebooks-1/data/outputs/repositorios_completos/Subin-Vidhu/2025/b02c75d777f19f2808c4bcb6fc171184450a5505,,True,False,1.19,
d0c6115a17b8850c97a05949ffa93efda04954b163bf2ca74f86a8f133f49494,Subin-Vidhu/2025,main,b02c75d777f19f2808c4bcb6fc171184450a5505,601556a62edd0d7982d67f2f4eded6f76cb0b085,1_Face Recognition with Machine Learning + Deploy Flask  App/001 Python/Control Flow Statements.ipynb,1_Face Recognition with Machine Learning + Deploy Flask  App/001 Python/Control Flow Statements.ipynb,3.8,True,/home/asu/reproducibility_of_jupyter_notebooks-1/data/outputs/repositorios_completos/Subin-Vidhu/2025/b02c75d777f19f2808c4bcb6fc171184450a5505,,True,False,1.216,
93200d1057de27388762a3c8b4a3b861a1e6a4f6e82e621a501077036f3c8047,Subin-Vidhu/2025,main,b02c75d777f19f2808c4bcb6fc171184450a5505,1ae96986c99b7ebd86f60cab0561c75e8c08f3ba,1_Face Recognition with Machine Learning + Deploy Flask  App/001 Python/Dictionary.ipynb,1_Face Recognition with Machine Learning + Deploy Flask  App/001 Python/Dictionary.ipynb,3.8,True,/home/asu/reproducibility_of_jupyter_notebooks-1/data/outputs/repositorios_completos/Subin-Vidhu/2025/b02c75d777f19f2808c4bcb6fc171184450a5505,,True,True,1.286,
1cb5e2b48741496628dfa76e4710d0c6a91e61a43af2961a8b883df2aa460780,Subin-Vidhu/2025,main,b02c75d777f19f2808c4bcb6fc171184450a5505,0eca911331a2d029a2bf294425621f066eb19087,1_Face Recognition with Machine Learning + Deploy Flask  App/001 Python/List.ipynb,1_Face Recognition with Machine Learning + Deploy Flask  App/001 Python/List.ipynb,3.8,True,/home/asu/reproducibility_of_jupyter_notebooks-1/data/outputs/repositorios_completos/Subin-Vidhu/2025/b02c75d777f19f2808c4bcb6fc171184450a5505,,True,True,1.023,
46010c66f4a0a090b9087cd6fc2ce194ebbde356c46b43d93f57aa64e3e0068c,Subin-Vidhu/2025,main,b02c75d777f19f2808c4bcb6fc171184450a5505,382342f61cae3d44b0e708cd9f1d0a2549ff19d3,1_Face Recognition with Machine Learning + Deploy Flask  App/001 Python/Opertors.ipynb,1_Face Recognition with Machine Learning + Deploy Flask  App/001 Python/Opertors.ipynb,3.8,True,/home/asu/reproducibility_of_jupyter_notebooks-1/data/outputs/repositorios_completos/Subin-Vidhu/2025/b02c75d777f19f2808c4bcb6fc171184450a5505,,True,True,0.961,
b02aaa40ea444d3b920935a7227d3d1b901a4b60142a7a2093df9358613fa8a8,Subin-Vidhu/2025,main,b02c75d777f19f2808c4bcb6fc171184450a5505,b2477fa174045862e9fa488ed2901c81e995d3da,1_Face Recognition with Machine Learning + Deploy Flask  App/001 Python/Python Essentials.ipynb,1_Face Recognition with Machine Learning + Deploy Flask  App/001 Python/Python Essentials.ipynb,3.9,True,/home/asu/reproducibility_of_jupyter_notebooks-1/data/outputs/repositorios_completos/Subin-Vidhu/2025/b02c75d777f19f2808c4bcb6fc171184450a5505,,True,True,0.967,
1ed22f482944d505e46dbd549be9c1fc40ec58335abddaf02c181f10bb6339db,Subin-Vidhu/2025,main,b02c75d777f19f2808c4bcb6fc171184450a5505,5ec885d1db556d7bb5ff19bf8b7e1c0fa2eaca5f,1_Face Recognition with Machine Learning + Deploy Flask  App/001 Python/Sets.ipynb,1_Face Recognition with Machine Learning + Deploy Flask  App/001 Python/Sets.ipynb,3.8,True,/home/asu/reproducibility_of_jupyter_notebooks-1/data/outputs/repositorios_completos/Subin-Vidhu/2025/b02c75d777f19f2808c4bcb6fc171184450a5505,,True,True,0.932,
21868afdfa5011e47ec9f8f4169ad74138f5a78c6101eb949e720966be9d9c8d,Subin-Vidhu/2025,main,b02c75d777f19f2808c4bcb6fc171184450a5505,5f95da032cf9fefad08d5a9155eb9f1cf720a1e9,1_Face Recognition with Machine Learning + Deploy Flask  App/001 Python/Tuples.ipynb,1_Face Recognition with Machine Learning + Deploy Flask  App/001 Python/Tuples.ipynb,3.8,True,/home/asu/reproducibility_of_jupyter_notebooks-1/data/outputs/repositorios_completos/Subin-Vidhu/2025/b02c75d777f19f2808c4bcb6fc171184450a5505,,True,True,1.006,
ada9f7327d912a608f201ee8ab44ef2e06858ab6952d66ad84506a1a39199784,Subin-Vidhu/2025,main,b02c75d777f19f2808c4bcb6fc171184450a5505,9a7b5d2f660f27a170dad73be3958cf5e05979ad,1_Face Recognition with Machine Learning + Deploy Flask  App/001 Python/User Defined Functions.ipynb,1_Face Recognition with Machine Learning + Deploy Flask  App/001 Python/User Defined Functions.ipynb,3.8,True,/home/asu/reproducibility_of_jupyter_notebooks-1/data/outputs/repositorios_completos/Subin-Vidhu/2025/b02c75d777f19f2808c4bcb6fc171184450a5505,,True,True,0.967,
2f5ab23232be657aa55e3a726c06940b13c601880be93fcbfa3eea0aaafa02e0,Subin-Vidhu/2025,main,b02c75d777f19f2808c4bcb6fc171184450a5505,0a1f110c0625a125f1123c1b74c756a437db04f4,1_Face Recognition with Machine Learning + Deploy Flask  App/001 Python/Variable and Assignments.ipynb,1_Face Recognition with Machine Learning + Deploy Flask  App/001 Python/Variable and Assignments.ipynb,3.8,True,/home/asu/reproducibility_of_jupyter_notebooks-1/data/outputs/repositorios_completos/Subin-Vidhu/2025/b02c75d777f19f2808c4bcb6fc171184450a5505,,True,True,0.99,
5b73df3d93117f365b122b3a93e199c83743ed9fec9ab6071e00a760eefbae19,Subin-Vidhu/2025,main,b02c75d777f19f2808c4bcb6fc171184450a5505,3dc76fa049bc0db9daf49853c10124348c2387e8,1_Face Recognition with Machine Learning + Deploy Flask  App/1_OpenCV/01_values_or_pixels.ipynb,1_Face Recognition with Machine Learning + Deploy Flask  App/1_OpenCV/01_values_or_pixels.ipynb,3.9,True,/home/asu/reproducibility_of_jupyter_notebooks-1/data/outputs/repositorios_completos/Subin-Vidhu/2025/b02c75d777f19f2808c4bcb6fc171184450a5505,,True,True,1.373,
9b4a03e9f48d9d6087bed071ee645818359f8b7e134dbe1295fd98048afd5b80,Subin-Vidhu/2025,main,b02c75d777f19f2808c4bcb6fc171184450a5505,ac5244bc1525f24027ad0552299a640060b6c566,1_Face Recognition with Machine Learning + Deploy Flask  App/1_OpenCV/02_reading_image.ipynb,1_Face Recognition with Machine Learning + Deploy Flask  App/1_OpenCV/02_reading_image.ipynb,3.9,True,/home/asu/reproducibility_of_jupyter_notebooks-1/data/outputs/repositorios_completos/Subin-Vidhu/2025/b02c75d777f19f2808c4bcb6fc171184450a5505,,True,False,1.265,
a3938282c7525499135bbe99c96a2d906f9eda6908ed4f3f4cf0d6088a850fcf,Subin-Vidhu/2025,main,b02c75d777f19f2808c4bcb6fc171184450a5505,ed3235f7d57ca62259c6fe2bf7170a6333cc805f,1_Face Recognition with Machine Learning + Deploy Flask  App/1_OpenCV/03_image_resizing.ipynb,1_Face Recognition with Machine Learning + Deploy Flask  App/1_OpenCV/03_image_resizing.ipynb,3.9,True,/home/asu/reproducibility_of_jupyter_notebooks-1/data/outputs/repositorios_completos/Subin-Vidhu/2025/b02c75d777f19f2808c4bcb6fc171184450a5505,,True,False,1.214,
08126fce599752c87077b1ed2fc018119e16e9db9188f592d1703e30dc8a2d8c,Subin-Vidhu/2025,main,b02c75d777f19f2808c4bcb6fc171184450a5505,eda4a7676be792064860fd2d6e5f1ade2ba9d8fe,1_Face Recognition with Machine Learning + Deploy Flask  App/1_OpenCV/04_face_detection.ipynb,1_Face Recognition with Machine Learning + Deploy Flask  App/1_OpenCV/04_face_detection.ipynb,3.9,True,/home/asu/reproducibility_of_jupyter_notebooks-1/data/outputs/repositorios_completos/Subin-Vidhu/2025/b02c75d777f19f2808c4bcb6fc171184450a5505,,True,False,1.077,
cbaa16f8ce583f4f96ea02c6c19834f1d55ebdab5ff16e110798b7e6c71c7ed1,Subin-Vidhu/2025,main,b02c75d777f19f2808c4bcb6fc171184450a5505,5add4a7b56f8c32c3b0568dccb3b08ad71faacf5,1_Face Recognition with Machine Learning + Deploy Flask  App/2_Train_FaceRecognition_with_ML/01_FRM_data_preprocessing_crop_faces.ipynb,1_Face Recognition with Machine Learning + Deploy Flask  App/2_Train_FaceRecognition_with_ML/01_FRM_data_preprocessing_crop_faces.ipynb,3.9,True,/home/asu/reproducibility_of_jupyter_notebooks-1/data/outputs/repositorios_completos/Subin-Vidhu/2025/b02c75d777f19f2808c4bcb6fc171184450a5505,,True,False,1.116,
21ae98ea05fed24dd3280556282b46b9265a995f4138f22b735baf4b3bb2bae7,Subin-Vidhu/2025,main,b02c75d777f19f2808c4bcb6fc171184450a5505,03751030a1ac300aee48d7303b42cc8178b2e3c3,1_Face Recognition with Machine Learning + Deploy Flask  App/2_Train_FaceRecognition_with_ML/02_FRM_data_preprocessing_EDA.ipynb,1_Face Recognition with Machine Learning + Deploy Flask  App/2_Train_FaceRecognition_with_ML/02_FRM_data_preprocessing_EDA.ipynb,3.9,True,/home/asu/reproducibility_of_jupyter_notebooks-1/data/outputs/repositorios_completos/Subin-Vidhu/2025/b02c75d777f19f2808c4bcb6fc171184450a5505,,True,False,4.41,
d54e4726fa00f96941202db2518cc460238ef43ab69efa1c736489098cd76a23,Subin-Vidhu/2025,main,b02c75d777f19f2808c4bcb6fc171184450a5505,aa3f8ab5b46f0e8188fbbe6f7717486e139a3d18,1_Face Recognition with Machine Learning + Deploy Flask  App/2_Train_FaceRecognition_with_ML/03_FRM_feature_extraction_eigen_face.ipynb,1_Face Recognition with Machine Learning + Deploy Flask  App/2_Train_FaceRecognition_with_ML/03_FRM_feature_extraction_eigen_face.ipynb,3.9,True,/home/asu/reproducibility_of_jupyter_notebooks-1/data/outputs/repositorios_completos/Subin-Vidhu/2025/b02c75d777f19f2808c4bcb6fc171184450a5505,,True,False,1.811,
66533036d9a89357f5a496703eab3de626c4e8b4e1cc12edbd0ce4d6c9df92da,Subin-Vidhu/2025,main,b02c75d777f19f2808c4bcb6fc171184450a5505,516ff2827a840e163856b0f740c7eabb7f8906b3,1_Face Recognition with Machine Learning + Deploy Flask  App/2_Train_FaceRecognition_with_ML/04_FRM_Machine_learning.ipynb,1_Face Recognition with Machine Learning + Deploy Flask  App/2_Train_FaceRecognition_with_ML/04_FRM_Machine_learning.ipynb,3.9,True,/home/asu/reproducibility_of_jupyter_notebooks-1/data/outputs/repositorios_completos/Subin-Vidhu/2025/b02c75d777f19f2808c4bcb6fc171184450a5505,,True,False,1.973,
aa0ac44a72a044258bb6640e351bcc2b3a59f1c25f62e0bbc4ab955d99e87910,Subin-Vidhu/2025,main,b02c75d777f19f2808c4bcb6fc171184450a5505,e2dbbe5e79dad1b8f95c0f95c48adbbf4a2d1b7c,1_Face Recognition with Machine Learning + Deploy Flask  App/2_Train_FaceRecognition_with_ML/05_FRM_make_pipeline.ipynb,1_Face Recognition with Machine Learning + Deploy Flask  App/2_Train_FaceRecognition_with_ML/05_FRM_make_pipeline.ipynb,3.9,True,/home/asu/reproducibility_of_jupyter_notebooks-1/data/outputs/repositorios_completos/Subin-Vidhu/2025/b02c75d777f19f2808c4bcb6fc171184450a5505,,True,False,2.16,
06fa758f6d53850e3eb89329db08ee1c474ba0037613e74c7eb5121b564c0982,Subin-Vidhu/2025,main,b02c75d777f19f2808c4bcb6fc171184450a5505,66d62996c08c4aa4819836d2d18562d4b93a1e18,1_Face Recognition with Machine Learning + Deploy Flask  App/2_Train_FaceRecognition_with_ML/06_FRM_predictions.ipynb,1_Face Recognition with Machine Learning + Deploy Flask  App/2_Train_FaceRecognition_with_ML/06_FRM_predictions.ipynb,3.9,True,/home/asu/reproducibility_of_jupyter_notebooks-1/data/outputs/repositorios_completos/Subin-Vidhu/2025/b02c75d777f19f2808c4bcb6fc171184450a5505,,True,False,1.112,
61da2f3de8856a33ce2d3ef9cd9070bc7e46753e91f9f399e1202f87eae853fe,Subin-Vidhu/2025,main,b02c75d777f19f2808c4bcb6fc171184450a5505,5ebed48f6ccfe43457417f81b38d8324a146e46b,4_GenAI Essentials – Full Course for Beginners/GenAI-Essentials/ai21-labs/basic.ipynb,4_GenAI Essentials – Full Course for Beginners/GenAI-Essentials/ai21-labs/basic.ipynb,3.12,True,/home/asu/reproducibility_of_jupyter_notebooks-1/data/outputs/repositorios_completos/Subin-Vidhu/2025/b02c75d777f19f2808c4bcb6fc171184450a5505,,True,False,2.89,
4e556d3cb63530dcc7a98587b46b066ea5fce058b60b840c5ba49e86aae40909,Subin-Vidhu/2025,main,b02c75d777f19f2808c4bcb6fc171184450a5505,28d901137945abbf235532dd7aff6fc4fbca67d0,4_GenAI Essentials – Full Course for Beginners/GenAI-Essentials/amazon-bedrock/basic.ipynb,4_GenAI Essentials – Full Course for Beginners/GenAI-Essentials/amazon-bedrock/basic.ipynb,3.11,True,/home/asu/reproducibility_of_jupyter_notebooks-1/data/outputs/repositorios_completos/Subin-Vidhu/2025/b02c75d777f19f2808c4bcb6fc171184450a5505,,True,False,3.505,
8eccf99ac74c8572e549d5d379b7280e74a1a427c9ea6b3ea590535aa9caf09c,Subin-Vidhu/2025,main,b02c75d777f19f2808c4bcb6fc171184450a5505,66749fa2767dd781da3459d76be640ec968dc48f,4_GenAI Essentials – Full Course for Beginners/GenAI-Essentials/anthropic/basic.ipynb,4_GenAI Essentials – Full Course for Beginners/GenAI-Essentials/anthropic/basic.ipynb,3.12,True,/home/asu/reproducibility_of_jupyter_notebooks-1/data/outputs/repositorios_completos/Subin-Vidhu/2025/b02c75d777f19f2808c4bcb6fc171184450a5505,,True,False,3.08,
1a2c3d7a7e7210037705f63d86c802e9b49235ee3a8e715907547ecdf2756035,Subin-Vidhu/2025,main,b02c75d777f19f2808c4bcb6fc171184450a5505,c684b2d59e4ba131bbd8202d490385010eb60536,4_GenAI Essentials – Full Course for Beginners/GenAI-Essentials/azure-ai-foundry/basic.ipynb,4_GenAI Essentials – Full Course for Beginners/GenAI-Essentials/azure-ai-foundry/basic.ipynb,3.10,True,/home/asu/reproducibility_of_jupyter_notebooks-1/data/outputs/repositorios_completos/Subin-Vidhu/2025/b02c75d777f19f2808c4bcb6fc171184450a5505,,True,False,6.261,
e6f4dfa419ef3901080c3e57542b3e16c81e19ec2cb43cee355ff5f94df49843,Subin-Vidhu/2025,main,b02c75d777f19f2808c4bcb6fc171184450a5505,3144d7587475b66894402e5f21c7b4890b119851,4_GenAI Essentials – Full Course for Beginners/GenAI-Essentials/cohere/basic.ipynb,4_GenAI Essentials – Full Course for Beginners/GenAI-Essentials/cohere/basic.ipynb,3.12,True,/home/asu/reproducibility_of_jupyter_notebooks-1/data/outputs/repositorios_completos/Subin-Vidhu/2025/b02c75d777f19f2808c4bcb6fc171184450a5505,,True,False,3.801,
f2de9584fc1ee3784421358873610a3433b0712133bec364749f74fa99b114ae,Subin-Vidhu/2025,main,b02c75d777f19f2808c4bcb6fc171184450a5505,64cde338308139106d5a1befd97b89cdbead1de0,4_GenAI Essentials – Full Course for Beginners/GenAI-Essentials/google-ai-studio/basic.ipynb,4_GenAI Essentials – Full Course for Beginners/GenAI-Essentials/google-ai-studio/basic.ipynb,3.12,True,/home/asu/reproducibility_of_jupyter_notebooks-1/data/outputs/repositorios_completos/Subin-Vidhu/2025/b02c75d777f19f2808c4bcb6fc171184450a5505,,True,False,22.116,
855d45a71b61bb6be190c985238a50349e3cb66f53635965d45206093b3045a2,Subin-Vidhu/2025,main,b02c75d777f19f2808c4bcb6fc171184450a5505,075691fba558ee1ec1fe70f2a4687080c8caee63,4_GenAI Essentials – Full Course for Beginners/GenAI-Essentials/hugging-face/hf-basic.ipynb,4_GenAI Essentials – Full Course for Beginners/GenAI-Essentials/hugging-face/hf-basic.ipynb,3.10,True,/home/asu/reproducibility_of_jupyter_notebooks-1/data/outputs/repositorios_completos/Subin-Vidhu/2025/b02c75d777f19f2808c4bcb6fc171184450a5505,,True,True,20.74,
d750e8d060187dd791c18ed09a5af4eb03e785a8b76db33a6aac2c974c5141ba,Subin-Vidhu/2025,main,b02c75d777f19f2808c4bcb6fc171184450a5505,e412f416bd28b6c19dc301e8e664a59fe07b716e,4_GenAI Essentials – Full Course for Beginners/GenAI-Essentials/hugging-face/hf-dataset.ipynb,4_GenAI Essentials – Full Course for Beginners/GenAI-Essentials/hugging-face/hf-dataset.ipynb,3.10,True,/home/asu/reproducibility_of_jupyter_notebooks-1/data/outputs/repositorios_completos/Subin-Vidhu/2025/b02c75d777f19f2808c4bcb6fc171184450a5505,,True,True,100.625,
8a12b2ead9d2187c94bfdcce40fa0198737d5f723cd1dbbba3472b88809abf25,Subin-Vidhu/2025,main,b02c75d777f19f2808c4bcb6fc171184450a5505,049399a32f181cf6ea98a8ced8dbcaa1f9cb38b1,4_GenAI Essentials – Full Course for Beginners/GenAI-Essentials/hugging-face/hf-direct-model.ipynb,4_GenAI Essentials – Full Course for Beginners/GenAI-Essentials/hugging-face/hf-direct-model.ipynb,3.10,True,/home/asu/reproducibility_of_jupyter_notebooks-1/data/outputs/repositorios_completos/Subin-Vidhu/2025/b02c75d777f19f2808c4bcb6fc171184450a5505,,True,False,8.509,
ffd9d5eb0d5a7d70318fdccf99254ea21bbe76f27d28bf331d78b729ec930c09,Subin-Vidhu/2025,main,b02c75d777f19f2808c4bcb6fc171184450a5505,325eda20424edc53795043956cad7a85748168ea,4_GenAI Essentials – Full Course for Beginners/GenAI-Essentials/openai/basic.ipynb,4_GenAI Essentials – Full Course for Beginners/GenAI-Essentials/openai/basic.ipynb,3.12,True,/home/asu/reproducibility_of_jupyter_notebooks-1/data/outputs/repositorios_completos/Subin-Vidhu/2025/b02c75d777f19f2808c4bcb6fc171184450a5505,,True,False,2.447,
57c394e7458b9cf49812b59b7c94840eb13d76bd68ca5703d861fe07fdf3d020,Subin-Vidhu/2025,main,b02c75d777f19f2808c4bcb6fc171184450a5505,f7e7927f8b99be960171b400bb2fb6159ecbcf4c,4_GenAI Essentials – Full Course for Beginners/GenAI-Essentials/pgvector/basic.ipynb,4_GenAI Essentials – Full Course for Beginners/GenAI-Essentials/pgvector/basic.ipynb,3.12,True,/home/asu/reproducibility_of_jupyter_notebooks-1/data/outputs/repositorios_completos/Subin-Vidhu/2025/b02c75d777f19f2808c4bcb6fc171184450a5505,,True,False,18.755,
322ff1eaf29a6dfbfcadd1f2bac61468689394a844231b0420958c66ac2fb41a,Subin-Vidhu/2025,main,b02c75d777f19f2808c4bcb6fc171184450a5505,32579bab8ea196deeffe6680ddfd5ab702947e35,4_GenAI Essentials – Full Course for Beginners/GenAI-Essentials/pinecone/basic.ipynb,4_GenAI Essentials – Full Course for Beginners/GenAI-Essentials/pinecone/basic.ipynb,3.12,True,/home/asu/reproducibility_of_jupyter_notebooks-1/data/outputs/repositorios_completos/Subin-Vidhu/2025/b02c75d777f19f2808c4bcb6fc171184450a5505,,True,False,5.242,
fc6bf5b36c98d230453c88b4ddac8afb86c86357096dea2187988ba1846659c8,Subin-Vidhu/2025,main,b02c75d777f19f2808c4bcb6fc171184450a5505,ef5bdc787395da2902aac46bf3d60a4c1ec73d0e,4_GenAI Essentials – Full Course for Beginners/GenAI-Essentials/pinecone/cohere_and_pinecone.ipynb,4_GenAI Essentials – Full Course for Beginners/GenAI-Essentials/pinecone/cohere_and_pinecone.ipynb,3.12,True,/home/asu/reproducibility_of_jupyter_notebooks-1/data/outputs/repositorios_completos/Subin-Vidhu/2025/b02c75d777f19f2808c4bcb6fc171184450a5505,,True,False,5.814,
151444f4fbdcc7254cbccc55c57d2c131e7a91deb96d0051ef6935feadd2f89d,Subin-Vidhu/2025,main,b02c75d777f19f2808c4bcb6fc171184450a5505,0932cf35ca273934ed58deb5270d363991faf83f,4_GenAI Essentials – Full Course for Beginners/GenAI-Essentials/prompting/react/basic.ipynb,4_GenAI Essentials – Full Course for Beginners/GenAI-Essentials/prompting/react/basic.ipynb,3.12,True,/home/asu/reproducibility_of_jupyter_notebooks-1/data/outputs/repositorios_completos/Subin-Vidhu/2025/b02c75d777f19f2808c4bcb6fc171184450a5505,,True,False,2.202,
881419795e6b71e6fbe8b8830820b66da4e2d7aa2f7bc9f3ec260e43e62adcb4,Subin-Vidhu/2025,main,b02c75d777f19f2808c4bcb6fc171184450a5505,37f180a6ea6006f95f0b96c13ee3d9202c94928d,4_GenAI Essentials – Full Course for Beginners/GenAI-Essentials/serpapi/basic.ipynb,4_GenAI Essentials – Full Course for Beginners/GenAI-Essentials/serpapi/basic.ipynb,3.12,True,/home/asu/reproducibility_of_jupyter_notebooks-1/data/outputs/repositorios_completos/Subin-Vidhu/2025/b02c75d777f19f2808c4bcb6fc171184450a5505,,True,False,3.867,
b88ff8f817a1985454668ae8e8124a9f6538aa2f9a65d61628cacc03d966849e,samiosborn/Robotics,main,0441cb5dd5d29a01609a105a472393dfc25abd44,4805f37390af7da2b950feffbd0bca9408e7c48c,MonoSLAM/notebooks/examples/01_se3_transforms.ipynb,MonoSLAM/notebooks/examples/01_se3_transforms.ipynb,3.10,True,/home/asu/reproducibility_of_jupyter_notebooks-1/data/outputs/repositorios_completos/samiosborn/Robotics/0441cb5dd5d29a01609a105a472393dfc25abd44,,True,True,0.916,
3bc67cb8fe1d7bff4e8d4ff72acc4c7559792d93f8f1799a0b5ccfb683dfbec9,samiosborn/Robotics,main,0441cb5dd5d29a01609a105a472393dfc25abd44,b84547095187b1d9eaec5c3c9c80251cc625505e,MonoSLAM/notebooks/examples/02_pinhole_projection.ipynb,MonoSLAM/notebooks/examples/02_pinhole_projection.ipynb,3.10,True,/home/asu/reproducibility_of_jupyter_notebooks-1/data/outputs/repositorios_completos/samiosborn/Robotics/0441cb5dd5d29a01609a105a472393dfc25abd44,,True,True,0.884,
6181b8916c6346d78ae1583516f1377d7986c2e6ded3478c24f959785ba88d0e,samiosborn/Robotics,main,0441cb5dd5d29a01609a105a472393dfc25abd44,0d15d99c613c9c5419554cd53233a05e4257781a,MonoSLAM/notebooks/examples/03_ekf_slam.ipynb,MonoSLAM/notebooks/examples/03_ekf_slam.ipynb,3.10,True,/home/asu/reproducibility_of_jupyter_notebooks-1/data/outputs/repositorios_completos/samiosborn/Robotics/0441cb5dd5d29a01609a105a472393dfc25abd44,,True,True,0.913,
0e2952a7d9e8a326e0a22ea51d268e5a7ee839523e0693b2e51c205166bec01b,digital-duck/zinets,main,4281da9ca4c84f91fb751b3dd11ef3f0b3ce405b,deecd97bb2c11052fb5d8bb67647a503953fc8d0,docs/research/md2pdf.ipynb,docs/research/md2pdf.ipynb,3.9,True,/home/asu/reproducibility_of_jupyter_notebooks-1/data/outputs/repositorios_completos/digital-duck/zinets/4281da9ca4c84f91fb751b3dd11ef3f0b3ce405b,,True,False,6.882,
5b846bf0ae8064c54a0c03e6aa0f13bcba57d1b69361956d955b515fbb4157ce,digital-duck/zinets,main,4281da9ca4c84f91fb751b3dd11ef3f0b3ce405b,4e09c6a460a7683d08769e1ff9cb2bb646a07c4f,docs/ustc/2025-02/code/md_table-1.ipynb,docs/ustc/2025-02/code/md_table-1.ipynb,3.12,True,/home/asu/reproducibility_of_jupyter_notebooks-1/data/outputs/repositorios_completos/digital-duck/zinets/4281da9ca4c84f91fb751b3dd11ef3f0b3ce405b,,True,True,1.015,
b077425bce78024c555bbb377237c26d315cb2b930be0dfd60216f73ba47cf19,digital-duck/zinets,main,4281da9ca4c84f91fb751b3dd11ef3f0b3ce405b,d5f96e5b23774d6c7e18c6d2310a793bbcc20aa1,docs/ustc/2025-02/code/md_table-2.ipynb,docs/ustc/2025-02/code/md_table-2.ipynb,3.12,True,/home/asu/reproducibility_of_jupyter_notebooks-1/data/outputs/repositorios_completos/digital-duck/zinets/4281da9ca4c84f91fb751b3dd11ef3f0b3ce405b,,True,True,1.036,
332525c77f302b958c4462bd08f7adef269704da87a6a7018d2237810ed7fc62,delb-xml/demo-notebooks,main,7e75b5c0b0cd4caff1fd5d72f6a375ea7a29ea09,cf7b25cbcc1cae0011743c00f0a4cef34db17ca1,getting_started.ipynb,getting_started.ipynb,3.13,True,/home/asu/reproducibility_of_jupyter_notebooks-1/data/outputs/repositorios_completos/delb-xml/demo-notebooks/7e75b5c0b0cd4caff1fd5d72f6a375ea7a29ea09,,True,False,5.065,
390727cc73f0422bcede39b6c8866ba10ec0b6ac6aec70b4bfc1e6eb04bcd47b,kingb12/kingb12.github.io,main,b3e2cb9333a7f177375ac66fe1a2c4ec09f28f17,bc870dcd161e97a1cb6e5d7193a8e0228e4fa9e7,assets/jupyter/blog.ipynb,assets/jupyter/blog.ipynb,3.6,True,/home/asu/reproducibility_of_jupyter_notebooks-1/data/outputs/repositorios_completos/kingb12/kingb12.github.io/b3e2cb9333a7f177375ac66fe1a2c4ec09f28f17,,True,True,1.057,
5dda0b19c40e6aaf6d40ece452060dec03eefce946d38d73be93130108d35357,ferustigris/colab_invest,master,194f0a774de57fd43650618b7d3701604c3d35b8,d4c5ffda41286911142ce89dd608f8f8f6c1aaf3,Update_stocks.ipynb,Update_stocks.ipynb,,True,/home/asu/reproducibility_of_jupyter_notebooks-1/data/outputs/repositorios_completos/ferustigris/colab_invest/194f0a774de57fd43650618b7d3701604c3d35b8,,True,False,13.416,
1867d082bd05eba0cc557458fd8ff76e7a88d1e4b9cd90703727ec877ce6283e,ferustigris/colab_invest,master,194f0a774de57fd43650618b7d3701604c3d35b8,824b3d272cf56366aedc27469c9f7780bdbe54ba,portfolio_balance.ipynb,portfolio_balance.ipynb,3.8,True,/home/asu/reproducibility_of_jupyter_notebooks-1/data/outputs/repositorios_completos/ferustigris/colab_invest/194f0a774de57fd43650618b7d3701604c3d35b8,,True,False,3.796,
fd604846337e38d530e2ff29c7a03900b4b049f4206ecb6a889090b7dd553fc8,Julio-Rats/tbamud,master,4e1680db1a27a7f88d30a79b1d7c234f8ff103b7,3ec0726500aea2f318b660c1e87926c9ff23e357,power_curve.ipynb,power_curve.ipynb,,True,/home/asu/reproducibility_of_jupyter_notebooks-1/data/outputs/repositorios_completos/Julio-Rats/tbamud/4e1680db1a27a7f88d30a79b1d7c234f8ff103b7,,True,True,1.279,
e114a81abee7695688f8b1e74a7e5d761b393681471b67e853362fe44adaf027,ralf-42/GenAI,main,331c8ee931a993f19f691165d278bff6b0c81151,d50e4e59a32714a52522bffe8fe812bfa4baaa8d,01_notebook/A00_snippets_genai.ipynb,01_notebook/A00_snippets_genai.ipynb,,True,/home/asu/reproducibility_of_jupyter_notebooks-1/data/outputs/repositorios_completos/ralf-42/GenAI/331c8ee931a993f19f691165d278bff6b0c81151,,True,False,1.102,
9df3f37ac4929147c5316beb7227badcaaf49f9ce94b04c387c0e52bfb103ec5,ralf-42/GenAI,main,331c8ee931a993f19f691165d278bff6b0c81151,f71a2e6fe016c8945c1cc81ebc29222ae6173f4d,01_notebook/M00_Kurs_Intro.ipynb,01_notebook/M00_Kurs_Intro.ipynb,3.14,True,/home/asu/reproducibility_of_jupyter_notebooks-1/data/outputs/repositorios_completos/ralf-42/GenAI/331c8ee931a993f19f691165d278bff6b0c81151,,True,False,0.893,
cab9c84bb86ad1d9feff111006e86325e0c957aca4061116ce45d840888c0863,ralf-42/GenAI,main,331c8ee931a993f19f691165d278bff6b0c81151,c38e5f896b627b0f7fb9a2628d04933e2d3c6ece,01_notebook/M01_GenAI_Intro.ipynb,01_notebook/M01_GenAI_Intro.ipynb,,True,/home/asu/reproducibility_of_jupyter_notebooks-1/data/outputs/repositorios_completos/ralf-42/GenAI/331c8ee931a993f19f691165d278bff6b0c81151,,True,False,1.195,
6b9c3ef7d4e9a6126f8dbc37785acf65adbc5841600763b14c7109bf28b7cbc2,ralf-42/GenAI,main,331c8ee931a993f19f691165d278bff6b0c81151,19cc30d7936b1f0136f9fa0bc576a9ab39c6d5cd,01_notebook/M03_Codieren_mit_GenAI.ipynb,01_notebook/M03_Codieren_mit_GenAI.ipynb,,True,/home/asu/reproducibility_of_jupyter_notebooks-1/data/outputs/repositorios_completos/ralf-42/GenAI/331c8ee931a993f19f691165d278bff6b0c81151,,True,False,1.195,
001a2214a94ed729703640869e87a57cef3205675ec39d0b27bbae937cf081b9,ralf-42/GenAI,main,331c8ee931a993f19f691165d278bff6b0c81151,90586835aa26427bbe73ce4f4b459ff729e74410,01_notebook/M04a_LangChain101.ipynb,01_notebook/M04a_LangChain101.ipynb,3.12,True,/home/asu/reproducibility_of_jupyter_notebooks-1/data/outputs/repositorios_completos/ralf-42/GenAI/331c8ee931a993f19f691165d278bff6b0c81151,,True,False,1.236,
d8f85f99d206c5c0626edc510de049d5a60366a6ff89a672ee6268eab9f22046,ralf-42/GenAI,main,331c8ee931a993f19f691165d278bff6b0c81151,86ce5ae980ea2872f5da7448379bbc44bc7c7d8f,01_notebook/M04b_LangGraph101.ipynb,01_notebook/M04b_LangGraph101.ipynb,,True,/home/asu/reproducibility_of_jupyter_notebooks-1/data/outputs/repositorios_completos/ralf-42/GenAI/331c8ee931a993f19f691165d278bff6b0c81151,,True,False,1.178,
a15a03cb6e207ffbf50b17ae08b66661cdc65c9ba7a9462ef4e53258ba8cd181,ralf-42/GenAI,main,331c8ee931a993f19f691165d278bff6b0c81151,e9323474a1bbe0d63903750dd96812d2cc922c5e,01_notebook/M05_LLM_Transformer.ipynb,01_notebook/M05_LLM_Transformer.ipynb,,True,/home/asu/reproducibility_of_jupyter_notebooks-1/data/outputs/repositorios_completos/ralf-42/GenAI/331c8ee931a993f19f691165d278bff6b0c81151,,True,False,1.075,
cb915f4c9b40096c6e7161fa4d1a2ab3bb07677166c68112a753f79ac55781ac,ralf-42/GenAI,main,331c8ee931a993f19f691165d278bff6b0c81151,a21b36d744f0388b5321aee9d5b275f960c2988c,01_notebook/M06_Chat_Memory.ipynb,01_notebook/M06_Chat_Memory.ipynb,,True,/home/asu/reproducibility_of_jupyter_notebooks-1/data/outputs/repositorios_completos/ralf-42/GenAI/331c8ee931a993f19f691165d278bff6b0c81151,,True,False,1.298,
5f4625796b968302ea1aee4e5f5d8428b59deb92d5a9e03c65a1f89ef6c86834,ralf-42/GenAI,main,331c8ee931a993f19f691165d278bff6b0c81151,eb7068c8f3645d6e4d2fab9fd13f8cc698649cdf,01_notebook/M07_OutputParser.ipynb,01_notebook/M07_OutputParser.ipynb,,True,/home/asu/reproducibility_of_jupyter_notebooks-1/data/outputs/repositorios_completos/ralf-42/GenAI/331c8ee931a993f19f691165d278bff6b0c81151,,True,False,1.118,
f6659b9e3453a8f075b78d5b2fab17ff851e04ab001d7d29f50a61ec765ba343,ralf-42/GenAI,main,331c8ee931a993f19f691165d278bff6b0c81151,ac90bebbd86264a813cbaba3d9de9c9190bdb6fb,01_notebook/M08_RAG_LangChain.ipynb,01_notebook/M08_RAG_LangChain.ipynb,,True,/home/asu/reproducibility_of_jupyter_notebooks-1/data/outputs/repositorios_completos/ralf-42/GenAI/331c8ee931a993f19f691165d278bff6b0c81151,,True,False,1.1,
754beaa34188b44f43b4cc6b927dc6483abc0d4edad84238fc0685af098d89c5,ralf-42/GenAI,main,331c8ee931a993f19f691165d278bff6b0c81151,2bb1228fe63d4b27380706e9e95cdf2caff210e0,01_notebook/M09_Multimodal_Bild.ipynb,01_notebook/M09_Multimodal_Bild.ipynb,,True,/home/asu/reproducibility_of_jupyter_notebooks-1/data/outputs/repositorios_completos/ralf-42/GenAI/331c8ee931a993f19f691165d278bff6b0c81151,,True,False,1.086,
36cec24e76e4dcbc118b04b09ad4f27022b8c59059257afc24cb10d2e7fa113e,ralf-42/GenAI,main,331c8ee931a993f19f691165d278bff6b0c81151,39c4aa122b1cb5b4035bd017e8cb59d371d1d70c,01_notebook/M10_Agenten_LangChain.ipynb,01_notebook/M10_Agenten_LangChain.ipynb,,True,/home/asu/reproducibility_of_jupyter_notebooks-1/data/outputs/repositorios_completos/ralf-42/GenAI/331c8ee931a993f19f691165d278bff6b0c81151,,True,False,1.075,
3769c5c2bb9674ee72ed06ecdf2d3e2d922924ba30d0899b76e6e58ec01bb729,ralf-42/GenAI,main,331c8ee931a993f19f691165d278bff6b0c81151,b5affae633f87320320adc0e7375db1c69a499e6,01_notebook/M11_Gradio.ipynb,01_notebook/M11_Gradio.ipynb,3.12,True,/home/asu/reproducibility_of_jupyter_notebooks-1/data/outputs/repositorios_completos/ralf-42/GenAI/331c8ee931a993f19f691165d278bff6b0c81151,,True,False,1.225,
bad946d32289451ad9255a4b0671b6b777fc1311f72904a0f3dd842e89ca66f8,ralf-42/GenAI,main,331c8ee931a993f19f691165d278bff6b0c81151,c9e51588523630017f2085f218e220eb9e16ba7d,01_notebook/M12_Lokale_Open_Source_Modelle.ipynb,01_notebook/M12_Lokale_Open_Source_Modelle.ipynb,,True,/home/asu/reproducibility_of_jupyter_notebooks-1/data/outputs/repositorios_completos/ralf-42/GenAI/331c8ee931a993f19f691165d278bff6b0c81151,,True,False,1.074,
ff446f0ac3420fe816adcdfb2818851786ff23e974713a56e2c587cf768fbc85,ralf-42/GenAI,main,331c8ee931a993f19f691165d278bff6b0c81151,be63f05d17645dbedd8f1a4358dfae8fd8f7cdb9,01_notebook/M13_SQL_RAG.ipynb,01_notebook/M13_SQL_RAG.ipynb,,True,/home/asu/reproducibility_of_jupyter_notebooks-1/data/outputs/repositorios_completos/ralf-42/GenAI/331c8ee931a993f19f691165d278bff6b0c81151,,True,False,1.194,
2f79986252b8688eeed1d8e77784f9eb9feb2601b81e5837e6c6f6e7c94f9b79,ralf-42/GenAI,main,331c8ee931a993f19f691165d278bff6b0c81151,f30ba7ba7e94e14dbd77234a3d72e226d2aa6d34,01_notebook/M14_Multimodal_RAG.ipynb,01_notebook/M14_Multimodal_RAG.ipynb,3.10,True,/home/asu/reproducibility_of_jupyter_notebooks-1/data/outputs/repositorios_completos/ralf-42/GenAI/331c8ee931a993f19f691165d278bff6b0c81151,,True,False,1.083,
8ad867461425c69688a2f92d348e021d1747e1badddb5cad14a9df138d669dc5,ralf-42/GenAI,main,331c8ee931a993f19f691165d278bff6b0c81151,24433107eb196f551121fd62f287a6a76f0b36b6,01_notebook/M15_Multimodal_Audio.ipynb,01_notebook/M15_Multimodal_Audio.ipynb,,True,/home/asu/reproducibility_of_jupyter_notebooks-1/data/outputs/repositorios_completos/ralf-42/GenAI/331c8ee931a993f19f691165d278bff6b0c81151,,True,False,1.09,
a16ab350e6fcf19fcfa9542311cb7812df4f1e3bfef8e4f327e4ac473cec30a0,ralf-42/GenAI,main,331c8ee931a993f19f691165d278bff6b0c81151,aea33f423ae5c57c977a2a3f5f32638817c7f3f5,01_notebook/M16_Multimodal_Video.ipynb,01_notebook/M16_Multimodal_Video.ipynb,,True,/home/asu/reproducibility_of_jupyter_notebooks-1/data/outputs/repositorios_completos/ralf-42/GenAI/331c8ee931a993f19f691165d278bff6b0c81151,,True,False,1.093,
77ee48cba877dadce0c8842b5a661a2ff7eba5a0d9912edf3ed842bdf0445652,ralf-42/GenAI,main,331c8ee931a993f19f691165d278bff6b0c81151,a7061edab1f532c7dc54af700e4deb7849897342,01_notebook/M17_MCP_Model_Context_Protocol.ipynb,01_notebook/M17_MCP_Model_Context_Protocol.ipynb,,True,/home/asu/reproducibility_of_jupyter_notebooks-1/data/outputs/repositorios_completos/ralf-42/GenAI/331c8ee931a993f19f691165d278bff6b0c81151,,True,False,1.084,
753365da6fef917b4c2378d7835f0fc3137aee98f650bd01280b183f94cddfab,ralf-42/GenAI,main,331c8ee931a993f19f691165d278bff6b0c81151,0c3f0efe1e60d2ead06349e6aed295a11870a4aa,01_notebook/M18_Fine_Tuning.ipynb,01_notebook/M18_Fine_Tuning.ipynb,,True,/home/asu/reproducibility_of_jupyter_notebooks-1/data/outputs/repositorios_completos/ralf-42/GenAI/331c8ee931a993f19f691165d278bff6b0c81151,,True,False,1.187,
8ebf714da1b8b952686f07d29d8957247c0d9d82314bee6e3c8579e90223c321,Nikhild1093/Nikhild1093,main,4c3babba132cf87bed2845cd0f31e9ee773ddd62,f82cbc808d4136f0528b06307dabb8b4ae436331,Neural Networks/Cancer_Prediction_Neural_Network.ipynb,Neural Networks/Cancer_Prediction_Neural_Network.ipynb,,True,/home/asu/reproducibility_of_jupyter_notebooks-1/data/outputs/repositorios_completos/Nikhild1093/Nikhild1093/4c3babba132cf87bed2845cd0f31e9ee773ddd62,,True,True,6.159,
c321430517df4717ab985cda6043e75de9dd9b3dba39faf137e1ec29cacbe9fc,Nikhild1093/Nikhild1093,main,4c3babba132cf87bed2845cd0f31e9ee773ddd62,87046c0a382971f06c5697c230b578902d3b4469,Neural Networks/Dog_vs_Cat_Transfer_Learning.ipynb,Neural Networks/Dog_vs_Cat_Transfer_Learning.ipynb,,True,/home/asu/reproducibility_of_jupyter_notebooks-1/data/outputs/repositorios_completos/Nikhild1093/Nikhild1093/4c3babba132cf87bed2845cd0f31e9ee773ddd62,,True,False,2.355,
d6f1cfd79538848ed0033794a1950b7496a1cfc57155543a41cacdc68472e2f3,Nikhild1093/Nikhild1093,main,4c3babba132cf87bed2845cd0f31e9ee773ddd62,92303ca1246a680684c5b49a4d02e3a1f1621081,Neural Networks/MNIST_digits_Recurrent_NN.ipynb,Neural Networks/MNIST_digits_Recurrent_NN.ipynb,,True,/home/asu/reproducibility_of_jupyter_notebooks-1/data/outputs/repositorios_completos/Nikhild1093/Nikhild1093/4c3babba132cf87bed2845cd0f31e9ee773ddd62,,True,False,2.167,
ab20af939b03f188d56bd6851527061cc5e89beb0194263d42c93a02e23b3774,Nikhild1093/Nikhild1093,main,4c3babba132cf87bed2845cd0f31e9ee773ddd62,d7d7b7feb3e82d809e9da5472a2f5ea538bcac12,Practice/Big_Mart_Sales_XGBoost.ipynb,Practice/Big_Mart_Sales_XGBoost.ipynb,,True,/home/asu/reproducibility_of_jupyter_notebooks-1/data/outputs/repositorios_completos/Nikhild1093/Nikhild1093/4c3babba132cf87bed2845cd0f31e9ee773ddd62,,True,True,2.95,
9698efff02c64adb885fe961c5021a4f662048f779fba8cd4439e711afcbfdcd,Nikhild1093/Nikhild1093,main,4c3babba132cf87bed2845cd0f31e9ee773ddd62,c479203288d8a58b2f7a22b64e7e8940d40e6027,Practice/Calories_PracticeBurned_Prediction_XGBoost.ipynb,Practice/Calories_PracticeBurned_Prediction_XGBoost.ipynb,,True,/home/asu/reproducibility_of_jupyter_notebooks-1/data/outputs/repositorios_completos/Nikhild1093/Nikhild1093/4c3babba132cf87bed2845cd0f31e9ee773ddd62,,True,True,2.435,
0c0f152975e4c184ecbf0e5787bfc73408521f9538124036703741d5a43ac1cc,Nikhild1093/Nikhild1093,main,4c3babba132cf87bed2845cd0f31e9ee773ddd62,478cb90597be32af002118d4758286b3b25a9079,Practice/Credit_Card_Fraud_Detection_Logistic.ipynb,Practice/Credit_Card_Fraud_Detection_Logistic.ipynb,,True,/home/asu/reproducibility_of_jupyter_notebooks-1/data/outputs/repositorios_completos/Nikhild1093/Nikhild1093/4c3babba132cf87bed2845cd0f31e9ee773ddd62,,True,True,10.334,
944961bdb93a347d42e0e2bcedfdca3d3ff891f81fafd01bb900ec8aff11572c,Nikhild1093/Nikhild1093,main,4c3babba132cf87bed2845cd0f31e9ee773ddd62,148b5aa7d054658d2ad1e0102a94f1c06e924cea,Practice/Customer_Segmentation_K_Means_Clustering.ipynb,Practice/Customer_Segmentation_K_Means_Clustering.ipynb,,True,/home/asu/reproducibility_of_jupyter_notebooks-1/data/outputs/repositorios_completos/Nikhild1093/Nikhild1093/4c3babba132cf87bed2845cd0f31e9ee773ddd62,,True,False,3.674,
63a4d8702fc74e73fc6a29dc1a3461805c0a949f57a7bda661bd10a6f4614897,Nikhild1093/Nikhild1093,main,4c3babba132cf87bed2845cd0f31e9ee773ddd62,b807e1ed8f00f3be3f76fc9f3aa71bc7bdde13db,Practice/Diabetes_Prediction_SVM.ipynb,Practice/Diabetes_Prediction_SVM.ipynb,,True,/home/asu/reproducibility_of_jupyter_notebooks-1/data/outputs/repositorios_completos/Nikhild1093/Nikhild1093/4c3babba132cf87bed2845cd0f31e9ee773ddd62,,True,False,2.14,
51bac64ead40f44819a25a3e81eacfad6519d79e76f7497d8e951a8c5c1022c8,Nikhild1093/Nikhild1093,main,4c3babba132cf87bed2845cd0f31e9ee773ddd62,222c7c11a150ee3badbcc504fcc9285d5903a2af,Practice/Fake_News_Pred_NLP.ipynb,Practice/Fake_News_Pred_NLP.ipynb,,True,/home/asu/reproducibility_of_jupyter_notebooks-1/data/outputs/repositorios_completos/Nikhild1093/Nikhild1093/4c3babba132cf87bed2845cd0f31e9ee773ddd62,,True,True,98.663,
72449cad68fae8e94259ed20a79fb7521c02834ddb2f01cf0ed8b68add7a9262,Nikhild1093/Nikhild1093,main,4c3babba132cf87bed2845cd0f31e9ee773ddd62,25dbd1dc1f927ffe0691d29d746ae009e8cc60f3,Practice/Gold_Price_RandomForest.ipynb,Practice/Gold_Price_RandomForest.ipynb,,True,/home/asu/reproducibility_of_jupyter_notebooks-1/data/outputs/repositorios_completos/Nikhild1093/Nikhild1093/4c3babba132cf87bed2845cd0f31e9ee773ddd62,,True,False,4.766,
195c8215a12312407e2e89720bd34653320ecd9a4436a1b647d735597c1c196c,Nikhild1093/Nikhild1093,main,4c3babba132cf87bed2845cd0f31e9ee773ddd62,19b850302e507bd98499ae45ad407f06ff46f852,Practice/Loan_Status_SVM.ipynb,Practice/Loan_Status_SVM.ipynb,,True,/home/asu/reproducibility_of_jupyter_notebooks-1/data/outputs/repositorios_completos/Nikhild1093/Nikhild1093/4c3babba132cf87bed2845cd0f31e9ee773ddd62,,True,True,98.67,
4cb5a46232f41d356539d5a6b31769c754f8113391255c89f17370a35a1b477e,Nikhild1093/Nikhild1093,main,4c3babba132cf87bed2845cd0f31e9ee773ddd62,fa570892087487398108661e5c587008c96e5d4b,Practice/Spam_Email_Classifier_Logistic.ipynb,Practice/Spam_Email_Classifier_Logistic.ipynb,,True,/home/asu/reproducibility_of_jupyter_notebooks-1/data/outputs/repositorios_completos/Nikhild1093/Nikhild1093/4c3babba132cf87bed2845cd0f31e9ee773ddd62,,True,False,1.927,
c7b99408f63ef42ed835a00584d292e2511024f2af791a709cb76cf64f5751cb,Nikhild1093/Nikhild1093,main,4c3babba132cf87bed2845cd0f31e9ee773ddd62,b05b09310b65f6eb8b97a7182f3c3cd9ee170e87,Practice/Titanic_Survival_Prediction_Logistic_Reg.ipynb,Practice/Titanic_Survival_Prediction_Logistic_Reg.ipynb,,True,/home/asu/reproducibility_of_jupyter_notebooks-1/data/outputs/repositorios_completos/Nikhild1093/Nikhild1093/4c3babba132cf87bed2845cd0f31e9ee773ddd62,,True,False,2.472,
9e19161f81dce341274e1bbcb45652c13bf97e036004127864da7e54a6a91651,Ananta098/scraping,main,9a4ff76963b42b79e0761df6f3c96de423ff493c,e59a088c12aec878df6429d6bd0acc8c076a52f0,Mixkit (1).ipynb,Mixkit (1).ipynb,3.12,True,/home/asu/reproducibility_of_jupyter_notebooks-1/data/outputs/repositorios_completos/Ananta098/scraping/9a4ff76963b42b79e0761df6f3c96de423ff493c,,True,True,24.483,
cd14df414b5b19a3ce29d7ed5a397424fc82baba35741f1ae315cfca536e5710,FrankYang-17/FrankYang-17.github.io,master,7e40684d5bd168083a0a2e356eba013286ad2ff3,0dce167bb515c03ba6743c01dfef97acad0737c5,markdown_generator/OrcidToBib.ipynb,markdown_generator/OrcidToBib.ipynb,3.12,True,/home/asu/reproducibility_of_jupyter_notebooks-1/data/outputs/repositorios_completos/FrankYang-17/FrankYang-17.github.io/7e40684d5bd168083a0a2e356eba013286ad2ff3,,True,False,1.635,
aa4c5a34805f22dc64009a6ee27c53d12951a216962dfd3482d70363badaea0c,FrankYang-17/FrankYang-17.github.io,master,7e40684d5bd168083a0a2e356eba013286ad2ff3,af8f0451880240de3b52f1d62316b2c298443265,markdown_generator/PubsFromBib.ipynb,markdown_generator/PubsFromBib.ipynb,3.7,True,/home/asu/reproducibility_of_jupyter_notebooks-1/data/outputs/repositorios_completos/FrankYang-17/FrankYang-17.github.io/7e40684d5bd168083a0a2e356eba013286ad2ff3,,True,False,1.234,
2a7ca78a5ebc1ea73f6834017af00bf5deb4de35b7c622257b22b44ce1aebacc,FrankYang-17/FrankYang-17.github.io,master,7e40684d5bd168083a0a2e356eba013286ad2ff3,fa9c89dec3a6cc9f2347690c04f3357dc13d8e67,markdown_generator/publications.ipynb,markdown_generator/publications.ipynb,3.6,True,/home/asu/reproducibility_of_jupyter_notebooks-1/data/outputs/repositorios_completos/FrankYang-17/FrankYang-17.github.io/7e40684d5bd168083a0a2e356eba013286ad2ff3,,True,False,1.367,
9563ed152d9fd56bc6f019f48a10364b8044c254ac5eda7a8141032a21f1f435,FrankYang-17/FrankYang-17.github.io,master,7e40684d5bd168083a0a2e356eba013286ad2ff3,f7e2347d34f2f3f226a681a4781d66c05160f104,markdown_generator/talks.ipynb,markdown_generator/talks.ipynb,3.6,True,/home/asu/reproducibility_of_jupyter_notebooks-1/data/outputs/repositorios_completos/FrankYang-17/FrankYang-17.github.io/7e40684d5bd168083a0a2e356eba013286ad2ff3,,True,False,0.998,
9bb5f08aa906d50c02065d16364c325702156977ad57eed317f8e887525ed08d,FrankYang-17/FrankYang-17.github.io,master,7e40684d5bd168083a0a2e356eba013286ad2ff3,f3aa57cd3b133d79235473f9590d014bedabeb21,talkmap.ipynb,talkmap.ipynb,3.5,True,/home/asu/reproducibility_of_jupyter_notebooks-1/data/outputs/repositorios_completos/FrankYang-17/FrankYang-17.github.io/7e40684d5bd168083a0a2e356eba013286ad2ff3,,True,False,,
59f22b50952dcd764e85ddf660d2746175eea15f1148e57910e7a1a0d888c68a,SongQingHao-Yang/SongQingHao-Yang.github.io,master,ea7058d6ee6ed1834495b05526d71d5c1a167fa2,0dce167bb515c03ba6743c01dfef97acad0737c5,markdown_generator/OrcidToBib.ipynb,markdown_generator/OrcidToBib.ipynb,3.12,True,/home/asu/reproducibility_of_jupyter_notebooks-1/data/outputs/repositorios_completos/SongQingHao-Yang/SongQingHao-Yang.github.io/ea7058d6ee6ed1834495b05526d71d5c1a167fa2,,True,False,1.606,
6916386151832b0ef3e4050222c2c73b83900534163a459257589d359cc371f0,SongQingHao-Yang/SongQingHao-Yang.github.io,master,ea7058d6ee6ed1834495b05526d71d5c1a167fa2,af8f0451880240de3b52f1d62316b2c298443265,markdown_generator/PubsFromBib.ipynb,markdown_generator/PubsFromBib.ipynb,3.7,True,/home/asu/reproducibility_of_jupyter_notebooks-1/data/outputs/repositorios_completos/SongQingHao-Yang/SongQingHao-Yang.github.io/ea7058d6ee6ed1834495b05526d71d5c1a167fa2,,True,False,1.246,
774f0d9dc4806c1015e59918597746c692346672b898955073a3170a8ca47b71,SongQingHao-Yang/SongQingHao-Yang.github.io,master,ea7058d6ee6ed1834495b05526d71d5c1a167fa2,fa9c89dec3a6cc9f2347690c04f3357dc13d8e67,markdown_generator/publications.ipynb,markdown_generator/publications.ipynb,3.6,True,/home/asu/reproducibility_of_jupyter_notebooks-1/data/outputs/repositorios_completos/SongQingHao-Yang/SongQingHao-Yang.github.io/ea7058d6ee6ed1834495b05526d71d5c1a167fa2,,True,False,1.348,
34374ea91bddf46b6364bff54a9b773034bfb2b249587555682e053bf7af9f2d,SongQingHao-Yang/SongQingHao-Yang.github.io,master,ea7058d6ee6ed1834495b05526d71d5c1a167fa2,f7e2347d34f2f3f226a681a4781d66c05160f104,markdown_generator/talks.ipynb,markdown_generator/talks.ipynb,3.6,True,/home/asu/reproducibility_of_jupyter_notebooks-1/data/outputs/repositorios_completos/SongQingHao-Yang/SongQingHao-Yang.github.io/ea7058d6ee6ed1834495b05526d71d5c1a167fa2,,True,False,1.099,
97a61492fc47f5f51fc9fbac94cd0c308bdb2628904e5477e5f6a50f06fe8ee5,SongQingHao-Yang/SongQingHao-Yang.github.io,master,ea7058d6ee6ed1834495b05526d71d5c1a167fa2,f3aa57cd3b133d79235473f9590d014bedabeb21,talkmap.ipynb,talkmap.ipynb,3.5,True,/home/asu/reproducibility_of_jupyter_notebooks-1/data/outputs/repositorios_completos/SongQingHao-Yang/SongQingHao-Yang.github.io/ea7058d6ee6ed1834495b05526d71d5c1a167fa2,,True,False,,
91cde24695231d4d76110489638de5b83584c55883bc784e08d4996def47ff11,espada105/Satellite_image_processing,main,a50e4fa36d277f814de897560efcd843e153333c,549dc07a0a2ff3e1921e432ac289fe5b8da47017,road_segmentation/road_segmentation_test_v01.ipynb,road_segmentation/road_segmentation_test_v01.ipynb,3.8,True,/home/asu/reproducibility_of_jupyter_notebooks-1/data/outputs/repositorios_completos/espada105/Satellite_image_processing/a50e4fa36d277f814de897560efcd843e153333c,,True,False,1.036,
0b333237703cd6eac81c42a1844d38b3b4ed4ac2f0e59ea1fe36cc2db7f027e5,tux2won/self_study,main,3d975bbadbbe7c8436eb95a2ceb567ee26f45b06,73bea5f92926dd22bdd9f724161923225d8ae073,01_the_machine_learning_landscape.ipynb,01_the_machine_learning_landscape.ipynb,3.7,True,/home/asu/reproducibility_of_jupyter_notebooks-1/data/outputs/repositorios_completos/tux2won/self_study/3d975bbadbbe7c8436eb95a2ceb567ee26f45b06,,True,False,4.376,
935b881e81c7381a6787d0b7293d20b15f5f906eec249803b87a7bd4c2a7cdd0,tux2won/self_study,main,3d975bbadbbe7c8436eb95a2ceb567ee26f45b06,27a1d220bbbe6f1f422a3ecc5018714f1781e238,02_end_to_end_machine_learning_project.ipynb,02_end_to_end_machine_learning_project.ipynb,3.7,True,/home/asu/reproducibility_of_jupyter_notebooks-1/data/outputs/repositorios_completos/tux2won/self_study/3d975bbadbbe7c8436eb95a2ceb567ee26f45b06,,True,False,10.877,
a1da9149b747760d95feba46a697d3e6da2a08b4331e9bb27e9eb9e997f5abc6,tux2won/self_study,main,3d975bbadbbe7c8436eb95a2ceb567ee26f45b06,e52c4ca687f186a23394483d69a9c36287aa1b44,03_classification.ipynb,03_classification.ipynb,3.7,True,/home/asu/reproducibility_of_jupyter_notebooks-1/data/outputs/repositorios_completos/tux2won/self_study/3d975bbadbbe7c8436eb95a2ceb567ee26f45b06,,True,False,,
6dee6797d12b8bab3ae2b9d00d592d12e856dadc54d983942a1424adb6f99c3f,tux2won/self_study,main,3d975bbadbbe7c8436eb95a2ceb567ee26f45b06,fb305c0e51a3fcf38b6d0596238649230854ebc2,04_training_linear_models.ipynb,04_training_linear_models.ipynb,3.7,True,/home/asu/reproducibility_of_jupyter_notebooks-1/data/outputs/repositorios_completos/tux2won/self_study/3d975bbadbbe7c8436eb95a2ceb567ee26f45b06,,True,False,9.04,
2f73a87da0ac8bb0864e417e01c65103d86763dfa990da7adee33dc0b8895675,tux2won/self_study,main,3d975bbadbbe7c8436eb95a2ceb567ee26f45b06,99df8f0249e4cd16f8ceaaf00b78c35412b80a39,05_support_vector_machines.ipynb,05_support_vector_machines.ipynb,3.7,True,/home/asu/reproducibility_of_jupyter_notebooks-1/data/outputs/repositorios_completos/tux2won/self_study/3d975bbadbbe7c8436eb95a2ceb567ee26f45b06,,True,False,6.64,
7075ced64812c50728a07b844da20e5b4dff2ca5826ffa1c9d72499608a33f1d,mirhnius/data-engineer-handbook,main,8a5896790698c9c2afd3a63174def764867955c0,299b4797922afb01077d8d2e36667cea76ac54b4,intermediate-bootcamp/materials/3-spark-fundamentals/notebooks/event_data_pyspark.ipynb,intermediate-bootcamp/materials/3-spark-fundamentals/notebooks/event_data_pyspark.ipynb,3.9,True,/home/asu/reproducibility_of_jupyter_notebooks-1/data/outputs/repositorios_completos/mirhnius/data-engineer-handbook/8a5896790698c9c2afd3a63174def764867955c0,,True,False,1.282,
1afedfabcda0d7be04eb73ae3dc84189c8f8d289a067cbc77ccbdda87ede7b33,WimCasteels/WimCasteels.github.io,main,d7e70ddd276fc85719e5b2213f860c9e142260d5,3b6cdca558b8debeddd9bc97e2a4c701071de682,assets/jupyter/blog.ipynb,assets/jupyter/blog.ipynb,3.6,True,/home/asu/reproducibility_of_jupyter_notebooks-1/data/outputs/repositorios_completos/WimCasteels/WimCasteels.github.io/d7e70ddd276fc85719e5b2213f860c9e142260d5,,True,True,0.994,
f14957e4efd47dcbff9e88fd0cf9eff915bfd866cf883bf41662d7b70a5a617f,gurkirat309/Face-Emotion-Detection,main,688fb2b328d5abf21af21c0a67a23f4a2000771c,083598f070886ce2bdd87239270bb88a628256bd,trainmodel.ipynb,trainmodel.ipynb,3.10,True,/home/asu/reproducibility_of_jupyter_notebooks-1/data/outputs/repositorios_completos/gurkirat309/Face-Emotion-Detection/688fb2b328d5abf21af21c0a67a23f4a2000771c,,True,False,4.801,
e00ab20b39cc98ebe70b9e42f9968c9e6fd95a6513c86d629b7885ed2f7f0da0,DharmpratapSingh/LoanDefaultPrediction,main,27dc83bbaa02220da43e8a90632b7dcdde910a20,9ac66463522cc4c8494e95cdb6d29a57a1af15a0,notebooks/LoanDefaultPrediction.ipynb,notebooks/LoanDefaultPrediction.ipynb,3.11,True,/home/asu/reproducibility_of_jupyter_notebooks-1/data/outputs/repositorios_completos/DharmpratapSingh/LoanDefaultPrediction/27dc83bbaa02220da43e8a90632b7dcdde910a20,,True,False,2.921,
6ed251644c668b5955cf9a2c88ea20ec9a86fc8f58e3854263aa4a104bf314d5,joy-z-zhang/joy-z-zhang.github.io,master,1b894b49dcc07c51aca8987f47b96cd43d9597c8,0dce167bb515c03ba6743c01dfef97acad0737c5,markdown_generator/OrcidToBib.ipynb,markdown_generator/OrcidToBib.ipynb,3.12,True,/home/asu/reproducibility_of_jupyter_notebooks-1/data/outputs/repositorios_completos/joy-z-zhang/joy-z-zhang.github.io/1b894b49dcc07c51aca8987f47b96cd43d9597c8,,True,False,1.951,
0add483de20026b2a3a6ffffe2c5dc3eff6ccd5d68340027cc4d6f8677495125,joy-z-zhang/joy-z-zhang.github.io,master,1b894b49dcc07c51aca8987f47b96cd43d9597c8,af8f0451880240de3b52f1d62316b2c298443265,markdown_generator/PubsFromBib.ipynb,markdown_generator/PubsFromBib.ipynb,3.7,True,/home/asu/reproducibility_of_jupyter_notebooks-1/data/outputs/repositorios_completos/joy-z-zhang/joy-z-zhang.github.io/1b894b49dcc07c51aca8987f47b96cd43d9597c8,,True,False,1.07,
f86f2dac6c6bc3b8741818fa5ec3697dd6da358c69d993bfde88254e790cebc9,joy-z-zhang/joy-z-zhang.github.io,master,1b894b49dcc07c51aca8987f47b96cd43d9597c8,fa9c89dec3a6cc9f2347690c04f3357dc13d8e67,markdown_generator/publications.ipynb,markdown_generator/publications.ipynb,3.6,True,/home/asu/reproducibility_of_jupyter_notebooks-1/data/outputs/repositorios_completos/joy-z-zhang/joy-z-zhang.github.io/1b894b49dcc07c51aca8987f47b96cd43d9597c8,,True,False,1.489,
5011e4c2e15269ad831700a9652527b7051fa32760ea76ce3f278fa226867c04,joy-z-zhang/joy-z-zhang.github.io,master,1b894b49dcc07c51aca8987f47b96cd43d9597c8,f7e2347d34f2f3f226a681a4781d66c05160f104,markdown_generator/talks.ipynb,markdown_generator/talks.ipynb,3.6,True,/home/asu/reproducibility_of_jupyter_notebooks-1/data/outputs/repositorios_completos/joy-z-zhang/joy-z-zhang.github.io/1b894b49dcc07c51aca8987f47b96cd43d9597c8,,True,False,1.128,
d5b5f0c5699de2ee9cabcacb95a8b680ac6dc7488dbeddee242c1092740637cb,joy-z-zhang/joy-z-zhang.github.io,master,1b894b49dcc07c51aca8987f47b96cd43d9597c8,f3aa57cd3b133d79235473f9590d014bedabeb21,talkmap.ipynb,talkmap.ipynb,3.5,True,/home/asu/reproducibility_of_jupyter_notebooks-1/data/outputs/repositorios_completos/joy-z-zhang/joy-z-zhang.github.io/1b894b49dcc07c51aca8987f47b96cd43d9597c8,,True,False,,
b84710187c93af9d6c716ef62f61c3913e0c1499cfc3e12f5cabd3794d88fe74,HeyLucasLeao/tinyshift,main,f3816c5ea6b772e553e7cb14f7fb931064125376,a4fa0a1302c911113aa7537d5296fd15a5dabfcf,tinyshift/examples/decomp_mstl_ml.ipynb,tinyshift/examples/decomp_mstl_ml.ipynb,3.12,True,/home/asu/reproducibility_of_jupyter_notebooks-1/data/outputs/repositorios_completos/HeyLucasLeao/tinyshift/f3816c5ea6b772e553e7cb14f7fb931064125376,,True,False,4.955,
a47fa4f500aac52e390374abe0ce6f11d0e9562424f144ef21e12fb49bfbd951,HeyLucasLeao/tinyshift,main,f3816c5ea6b772e553e7cb14f7fb931064125376,773f80527a30717801df3c41fdb779a2b892c3d2,tinyshift/examples/drift.ipynb,tinyshift/examples/drift.ipynb,3.12,True,/home/asu/reproducibility_of_jupyter_notebooks-1/data/outputs/repositorios_completos/HeyLucasLeao/tinyshift/f3816c5ea6b772e553e7cb14f7fb931064125376,,True,True,8.145,
d8567f17419eccca36fb5e1b57406ba590f0b2cd8273c816bbd6a33495b8185e,HeyLucasLeao/tinyshift,main,f3816c5ea6b772e553e7cb14f7fb931064125376,c0a7c6804bc813220cf91d12fbb3f2db0485451b,tinyshift/examples/outlier.ipynb,tinyshift/examples/outlier.ipynb,3.12,True,/home/asu/reproducibility_of_jupyter_notebooks-1/data/outputs/repositorios_completos/HeyLucasLeao/tinyshift/f3816c5ea6b772e553e7cb14f7fb931064125376,,True,False,3.822,
e84c630ed173bd97073fd7bcda737d2a79b666446eaf324717102f93cefed4cc,HeyLucasLeao/tinyshift,main,f3816c5ea6b772e553e7cb14f7fb931064125376,aa7dca60b1588b30449d89feda935952e3c9e4ce,tinyshift/examples/series.ipynb,tinyshift/examples/series.ipynb,3.12,True,/home/asu/reproducibility_of_jupyter_notebooks-1/data/outputs/repositorios_completos/HeyLucasLeao/tinyshift/f3816c5ea6b772e553e7cb14f7fb931064125376,,True,False,5.105,
138713f25ded4a036631bb08d13f3afa4b07f44c38bfc6ec1029224d215a1faa,HeyLucasLeao/tinyshift,main,f3816c5ea6b772e553e7cb14f7fb931064125376,d78ffb66967c01accdacf6d7d0a7304af5f9a199,tinyshift/examples/transaction_analyzer.ipynb,tinyshift/examples/transaction_analyzer.ipynb,3.10,True,/home/asu/reproducibility_of_jupyter_notebooks-1/data/outputs/repositorios_completos/HeyLucasLeao/tinyshift/f3816c5ea6b772e553e7cb14f7fb931064125376,,True,False,1.955,
d91757ae65006333cc71a5138e1cf638c88b6c549a89bc0fed0e71b0d83f1518,HeyLucasLeao/tinyshift,main,f3816c5ea6b772e553e7cb14f7fb931064125376,9a7f6a89bcfcbf13429cc6a78541ad08beb39d13,tinyshift/examples/ts_diagnostics.ipynb,tinyshift/examples/ts_diagnostics.ipynb,3.12,True,/home/asu/reproducibility_of_jupyter_notebooks-1/data/outputs/repositorios_completos/HeyLucasLeao/tinyshift/f3816c5ea6b772e553e7cb14f7fb931064125376,,True,False,2.077,
e1e17ed0c3b055736bc76db82b9bf005ce926c22afae127a5e6155f11cc3b9d9,Robert-T-Remuszka/ImmigrationTfp,main,827480f64a69a3f8208b89c27361170bd1a20b1c,4b1d2eaa0d8ac14507c0f847a614224a77a9afa4,code/AcsPull.ipynb,code/AcsPull.ipynb,3.12,True,/home/asu/reproducibility_of_jupyter_notebooks-1/data/outputs/repositorios_completos/Robert-T-Remuszka/ImmigrationTfp/827480f64a69a3f8208b89c27361170bd1a20b1c,,True,False,1.477,
b0c5a70795fa3aebc41a363c1b5f3cbdba01c118078116fc845b079c7aa0f51b,Robert-T-Remuszka/ImmigrationTfp,main,827480f64a69a3f8208b89c27361170bd1a20b1c,100403f54ffa77cbb0fbb05789acda1310b0024d,code/BeaPull.ipynb,code/BeaPull.ipynb,3.13,True,/home/asu/reproducibility_of_jupyter_notebooks-1/data/outputs/repositorios_completos/Robert-T-Remuszka/ImmigrationTfp/827480f64a69a3f8208b89c27361170bd1a20b1c,,True,False,1.411,
fc250ac57c230ce9eca027ca99038ef9865086f2948c2b725f2af05b937ad629,Robert-T-Remuszka/ImmigrationTfp,main,827480f64a69a3f8208b89c27361170bd1a20b1c,0f60b40512efb42b106a84757df19b761ca09735,code/CpsPull.ipynb,code/CpsPull.ipynb,3.12,True,/home/asu/reproducibility_of_jupyter_notebooks-1/data/outputs/repositorios_completos/Robert-T-Remuszka/ImmigrationTfp/827480f64a69a3f8208b89c27361170bd1a20b1c,,True,False,1.502,
e230cf385e10a13d06b997635b484d8902a3cb1bb37522acc05ef154b032ef6d,Robert-T-Remuszka/ImmigrationTfp,main,827480f64a69a3f8208b89c27361170bd1a20b1c,eb12cc5a60de4abffd76ee2a1bc94bc492c0718c,code/FredPull.ipynb,code/FredPull.ipynb,3.12,True,/home/asu/reproducibility_of_jupyter_notebooks-1/data/outputs/repositorios_completos/Robert-T-Remuszka/ImmigrationTfp/827480f64a69a3f8208b89c27361170bd1a20b1c,,True,False,1.095,
800af1223b680718e714e6822e645c9058995847bac5e2276392280bee55b04a,Robert-T-Remuszka/ImmigrationTfp,main,827480f64a69a3f8208b89c27361170bd1a20b1c,ee2622813234caf75c52fbcb01d61e80d332513f,code/MakeStateAnalysis.ipynb,code/MakeStateAnalysis.ipynb,3.12,True,/home/asu/reproducibility_of_jupyter_notebooks-1/data/outputs/repositorios_completos/Robert-T-Remuszka/ImmigrationTfp/827480f64a69a3f8208b89c27361170bd1a20b1c,,True,False,1.522,
70e45b4b3347fa4f090a10ac747b6471d51b2b15d1271b7ec30a775d2508cee2,Saiful-Islam25/Machine-Learning,main,6a881a5013206056f608c5c342a7cdfc8bcfbe20,0fa9dca2e9c249416371645375a830dc754c2733,Assigment 4--Real Estate.ipynb,Assigment 4--Real Estate.ipynb,3.11,True,/home/asu/reproducibility_of_jupyter_notebooks-1/data/outputs/repositorios_completos/Saiful-Islam25/Machine-Learning/6a881a5013206056f608c5c342a7cdfc8bcfbe20,,True,False,2.557,
579c5d54c0dcedabda69d3b3f3a8c96289f4505f692461ca9bea74e4ac852b68,Saiful-Islam25/Machine-Learning,main,6a881a5013206056f608c5c342a7cdfc8bcfbe20,0cfbfb060992b0fd209bbe9ad7db874be3bfab0d,Assignment 3.ipynb,Assignment 3.ipynb,3.11,True,/home/asu/reproducibility_of_jupyter_notebooks-1/data/outputs/repositorios_completos/Saiful-Islam25/Machine-Learning/6a881a5013206056f608c5c342a7cdfc8bcfbe20,,True,False,2.017,
ab5137b86c18d59f839cee27982b7f73b7a84f1046939997da90544a55684743,Saiful-Islam25/Machine-Learning,main,6a881a5013206056f608c5c342a7cdfc8bcfbe20,4782d5986dbc552ce0976755cdfd96a974f796b6,Assignment on Cluster Analysis.ipynb,Assignment on Cluster Analysis.ipynb,3.12,True,/home/asu/reproducibility_of_jupyter_notebooks-1/data/outputs/repositorios_completos/Saiful-Islam25/Machine-Learning/6a881a5013206056f608c5c342a7cdfc8bcfbe20,,True,False,1.965,
e99ea34f851d244975eac2acad7f7b216dec2a418381fc3451ec6256602085dd,Saiful-Islam25/Machine-Learning,main,6a881a5013206056f608c5c342a7cdfc8bcfbe20,3b954fa5d0a7ea212db951c31ef044e3e7df506b,Assignment on Encoding.ipynb,Assignment on Encoding.ipynb,3.11,True,/home/asu/reproducibility_of_jupyter_notebooks-1/data/outputs/repositorios_completos/Saiful-Islam25/Machine-Learning/6a881a5013206056f608c5c342a7cdfc8bcfbe20,,True,False,2.155,
1572f986ee34987a9185edfd16bb6a2c911ba25f89bd7afcd5d00f6523ab8547,Saiful-Islam25/Machine-Learning,main,6a881a5013206056f608c5c342a7cdfc8bcfbe20,088f20df6f390efb804a3e50c9da9215271e2c8e,Assignment on KNN.ipynb,Assignment on KNN.ipynb,3.11,True,/home/asu/reproducibility_of_jupyter_notebooks-1/data/outputs/repositorios_completos/Saiful-Islam25/Machine-Learning/6a881a5013206056f608c5c342a7cdfc8bcfbe20,,True,False,2.157,
e87654b649a27303de1af38e84da6a4d60542102e9bc3811951a42d39f384815,Saiful-Islam25/Machine-Learning,main,6a881a5013206056f608c5c342a7cdfc8bcfbe20,bce9ec57ba694e13e6c887d07b0930b868e3be2b,Data Prepocessing/Encoding.ipynb,Data Prepocessing/Encoding.ipynb,3.11,True,/home/asu/reproducibility_of_jupyter_notebooks-1/data/outputs/repositorios_completos/Saiful-Islam25/Machine-Learning/6a881a5013206056f608c5c342a7cdfc8bcfbe20,,True,False,3.611,
05cafacc18cdf5b4485e972e0ef8b0e955b2a544bbf92b5a1b3d9ebc085531d2,Saiful-Islam25/Machine-Learning,main,6a881a5013206056f608c5c342a7cdfc8bcfbe20,589e88bc4095cc4758177e58aac7e7561578ea6a,Data Prepocessing/Heart.ipynb,Data Prepocessing/Heart.ipynb,3.12,True,/home/asu/reproducibility_of_jupyter_notebooks-1/data/outputs/repositorios_completos/Saiful-Islam25/Machine-Learning/6a881a5013206056f608c5c342a7cdfc8bcfbe20,,True,False,2.788,
2a65291d740d108953ef2572ad874d68b01c4b34f81718d42aada2e490019fc7,Saiful-Islam25/Machine-Learning,main,6a881a5013206056f608c5c342a7cdfc8bcfbe20,f7ee81908b4773c3643670153db9ac7880a8f3d4,Data Prepocessing/Inconsistencies.ipynb,Data Prepocessing/Inconsistencies.ipynb,3.11,True,/home/asu/reproducibility_of_jupyter_notebooks-1/data/outputs/repositorios_completos/Saiful-Islam25/Machine-Learning/6a881a5013206056f608c5c342a7cdfc8bcfbe20,,True,True,1.304,
b85427cbeac110a7d5b5aa110fef5efa6eebcfd43c2924d3531126f8f13989aa,Saiful-Islam25/Machine-Learning,main,6a881a5013206056f608c5c342a7cdfc8bcfbe20,3e3716dcc8391190554a5122630a5150b9386f88,Data Prepocessing/Integration.ipynb,Data Prepocessing/Integration.ipynb,3.11,True,/home/asu/reproducibility_of_jupyter_notebooks-1/data/outputs/repositorios_completos/Saiful-Islam25/Machine-Learning/6a881a5013206056f608c5c342a7cdfc8bcfbe20,,True,True,1.278,
4887549ebb52041c543220be374466d5e624c32ce2344f5bd8e7a803046ef706,Saiful-Islam25/Machine-Learning,main,6a881a5013206056f608c5c342a7cdfc8bcfbe20,75dd8df7b9c6fe9bf858d8e7371f31f3b5037f38,Data Prepocessing/Missing Values.ipynb,Data Prepocessing/Missing Values.ipynb,3.11,True,/home/asu/reproducibility_of_jupyter_notebooks-1/data/outputs/repositorios_completos/Saiful-Islam25/Machine-Learning/6a881a5013206056f608c5c342a7cdfc8bcfbe20,,True,True,2.741,
e045a1e65223e2691fa2ef6ae7fad20362486311afcbd87144670cff87710ee6,Saiful-Islam25/Machine-Learning,main,6a881a5013206056f608c5c342a7cdfc8bcfbe20,399bafba02bbcb985c008eea63e26ba545543a5e,Data Prepocessing/Outliers.ipynb,Data Prepocessing/Outliers.ipynb,3.11,True,/home/asu/reproducibility_of_jupyter_notebooks-1/data/outputs/repositorios_completos/Saiful-Islam25/Machine-Learning/6a881a5013206056f608c5c342a7cdfc8bcfbe20,,True,True,1.786,
d45b084705f4c847f65d71c0e37b066d0b7e7346e74a1e183c9d214078b67f1d,Saiful-Islam25/Machine-Learning,main,6a881a5013206056f608c5c342a7cdfc8bcfbe20,31657f718f8280c737baa5e53cc18d0ceec26b4c,Data Prepocessing/Scaling.ipynb,Data Prepocessing/Scaling.ipynb,3.11,True,/home/asu/reproducibility_of_jupyter_notebooks-1/data/outputs/repositorios_completos/Saiful-Islam25/Machine-Learning/6a881a5013206056f608c5c342a7cdfc8bcfbe20,,True,True,1.759,
bb8d9f6350876b808ffba3531a092c9228419016a461486b916b7eb958d8deff,Saiful-Islam25/Machine-Learning,main,6a881a5013206056f608c5c342a7cdfc8bcfbe20,bc89d6a92a541d752855bfd0ab7d71b8323d4849,Data Prepocessing/insurance.ipynb,Data Prepocessing/insurance.ipynb,3.12,True,/home/asu/reproducibility_of_jupyter_notebooks-1/data/outputs/repositorios_completos/Saiful-Islam25/Machine-Learning/6a881a5013206056f608c5c342a7cdfc8bcfbe20,,True,False,3.061,
0ff1df3226a42834f42404817eec4219529fe547adc5513c236492b065268265,Saiful-Islam25/Machine-Learning,main,6a881a5013206056f608c5c342a7cdfc8bcfbe20,1f1e31ca58216917248251721df51789c135010d,Deep Learning/Activation Functions in Deep Learning.ipynb,Deep Learning/Activation Functions in Deep Learning.ipynb,3.11,True,/home/asu/reproducibility_of_jupyter_notebooks-1/data/outputs/repositorios_completos/Saiful-Islam25/Machine-Learning/6a881a5013206056f608c5c342a7cdfc8bcfbe20,,True,False,1.307,
3b283dd6121af97eb66c3f938c276c336ddb5d59e7fecd54608e892cdc0c2a7c,Saiful-Islam25/Machine-Learning,main,6a881a5013206056f608c5c342a7cdfc8bcfbe20,d6c71b472c9d0fac7d94bd34e7e8dc3496557433,Deep Learning/Simple Neural Network.ipynb,Deep Learning/Simple Neural Network.ipynb,3.9,True,/home/asu/reproducibility_of_jupyter_notebooks-1/data/outputs/repositorios_completos/Saiful-Islam25/Machine-Learning/6a881a5013206056f608c5c342a7cdfc8bcfbe20,,True,True,4.417,
3f81c0f44c660ec6041ca961ba70626894697d96f55342340fe2f6915973891a,Saiful-Islam25/Machine-Learning,main,6a881a5013206056f608c5c342a7cdfc8bcfbe20,01d42bd202a4f697e7898be3fc92e145f87bc6d8,Feature Engineering/Binary Encoding.ipynb,Feature Engineering/Binary Encoding.ipynb,3.11,True,/home/asu/reproducibility_of_jupyter_notebooks-1/data/outputs/repositorios_completos/Saiful-Islam25/Machine-Learning/6a881a5013206056f608c5c342a7cdfc8bcfbe20,,True,False,2.0,
905f455b113f9f51fe02212da8e7d0fe8dcc60f5c32429c28da8d039eed1c2cc,Saiful-Islam25/Machine-Learning,main,6a881a5013206056f608c5c342a7cdfc8bcfbe20,a2f83c3bceff60f0828be16d4b4bd03bba75c05e,Feature Engineering/Label Encoding.ipynb,Feature Engineering/Label Encoding.ipynb,3.11,True,/home/asu/reproducibility_of_jupyter_notebooks-1/data/outputs/repositorios_completos/Saiful-Islam25/Machine-Learning/6a881a5013206056f608c5c342a7cdfc8bcfbe20,,True,False,1.853,
1c68dedaceb63db16c77c1dfc553d783bbfc6a440aae40f85ec06a2f539d7020,Saiful-Islam25/Machine-Learning,main,6a881a5013206056f608c5c342a7cdfc8bcfbe20,8a5aa420ce4f5edde70436542589440c1e46b0fe,Feature Engineering/One Hot Encoding.ipynb,Feature Engineering/One Hot Encoding.ipynb,3.11,True,/home/asu/reproducibility_of_jupyter_notebooks-1/data/outputs/repositorios_completos/Saiful-Islam25/Machine-Learning/6a881a5013206056f608c5c342a7cdfc8bcfbe20,,True,True,1.231,
fd8193092f70faad6118d0a65dc434fd8deaab273415b22b249f8a937dcd7c2a,Saiful-Islam25/Machine-Learning,main,6a881a5013206056f608c5c342a7cdfc8bcfbe20,9558aacf6f49ce6c85627a7d43417897d0b93f15,Feature Engineering/Standardization.ipynb,Feature Engineering/Standardization.ipynb,3.11,True,/home/asu/reproducibility_of_jupyter_notebooks-1/data/outputs/repositorios_completos/Saiful-Islam25/Machine-Learning/6a881a5013206056f608c5c342a7cdfc8bcfbe20,,True,False,2.303,
16c2865b4e9862c435af4abcde6c419b1074b4b2c4a137822d90cd9d61422c3e,Saiful-Islam25/Machine-Learning,main,6a881a5013206056f608c5c342a7cdfc8bcfbe20,be24eb274a19d73f1abadc0776f8fcacbae7766c,Feature Engineering/Untitled.ipynb,Feature Engineering/Untitled.ipynb,3.11,True,/home/asu/reproducibility_of_jupyter_notebooks-1/data/outputs/repositorios_completos/Saiful-Islam25/Machine-Learning/6a881a5013206056f608c5c342a7cdfc8bcfbe20,,True,False,1.552,
fe4132ba54e0af68e42d4db31d3ff0b596233421e5bd5112ea735a063e43a973,Saiful-Islam25/Machine-Learning,main,6a881a5013206056f608c5c342a7cdfc8bcfbe20,1b915b84f080540af72d21f404a552f2353b4cb5,Linear & Non-Linear Relationship.ipynb,Linear & Non-Linear Relationship.ipynb,3.11,True,/home/asu/reproducibility_of_jupyter_notebooks-1/data/outputs/repositorios_completos/Saiful-Islam25/Machine-Learning/6a881a5013206056f608c5c342a7cdfc8bcfbe20,,True,False,1.861,
36b69c3a844a6daa5d2b11d02287b08b78badce1fae70b05714a6ef87af28645,Saiful-Islam25/Machine-Learning,main,6a881a5013206056f608c5c342a7cdfc8bcfbe20,32d49e79f10282528a28afb76a8e83448eec3364,Linear Regression Algo/1-LinearReg.ipynb,Linear Regression Algo/1-LinearReg.ipynb,3.11,True,/home/asu/reproducibility_of_jupyter_notebooks-1/data/outputs/repositorios_completos/Saiful-Islam25/Machine-Learning/6a881a5013206056f608c5c342a7cdfc8bcfbe20,,True,False,2.542,
7f3623f10a257672b8008723de965d718e07f6c519b658c3ed1be92031c5cb8c,Saiful-Islam25/Machine-Learning,main,6a881a5013206056f608c5c342a7cdfc8bcfbe20,c56d03488a85da91f2da908a9a1d01654ecca722,Linear Regression Algo/2-LinearReg.ipynb,Linear Regression Algo/2-LinearReg.ipynb,3.11,True,/home/asu/reproducibility_of_jupyter_notebooks-1/data/outputs/repositorios_completos/Saiful-Islam25/Machine-Learning/6a881a5013206056f608c5c342a7cdfc8bcfbe20,,True,False,1.792,
32c46db5dbfcff320c21e151f26ae595684de3c9ac00fc56dc4d54578df67035,Saiful-Islam25/Machine-Learning,main,6a881a5013206056f608c5c342a7cdfc8bcfbe20,02432256721b50cf106c6feab795fcd648d1fc0b,Linear Regression Algo/2.Multiple Linear Regression .ipynb,Linear Regression Algo/2.Multiple Linear Regression .ipynb,3.11,True,/home/asu/reproducibility_of_jupyter_notebooks-1/data/outputs/repositorios_completos/Saiful-Islam25/Machine-Learning/6a881a5013206056f608c5c342a7cdfc8bcfbe20,,True,False,2.265,
9b3c266b3fac2fafa2a86c2ce1cc0880164cb63c23bceef04576946dc231c6b6,Saiful-Islam25/Machine-Learning,main,6a881a5013206056f608c5c342a7cdfc8bcfbe20,20ac57408375361af1094bd7da4260bd84de031a,Linear Regression Algo/3-LinearReg.ipynb,Linear Regression Algo/3-LinearReg.ipynb,3.11,True,/home/asu/reproducibility_of_jupyter_notebooks-1/data/outputs/repositorios_completos/Saiful-Islam25/Machine-Learning/6a881a5013206056f608c5c342a7cdfc8bcfbe20,,True,False,1.771,
7856076a100669c2d62cf668dc2a8ff830e9516e2c61e6fd40c5498aa87a1893,Saiful-Islam25/Machine-Learning,main,6a881a5013206056f608c5c342a7cdfc8bcfbe20,74699069ae35f974f0da3d480facb173927868b7,Linear Regression Algo/4-LinearReg.ipynb,Linear Regression Algo/4-LinearReg.ipynb,3.11,True,/home/asu/reproducibility_of_jupyter_notebooks-1/data/outputs/repositorios_completos/Saiful-Islam25/Machine-Learning/6a881a5013206056f608c5c342a7cdfc8bcfbe20,,True,True,1.842,
1cf42a17ab7b1feb29609c4d5d1d9dc0b8d65b34bdfe16f2bc44212c36be3e00,Saiful-Islam25/Machine-Learning,main,6a881a5013206056f608c5c342a7cdfc8bcfbe20,2624ec39bec68a47f077473e687942557a3b84d5,Linear Regression Algo/5-LinearReg.ipynb,Linear Regression Algo/5-LinearReg.ipynb,3.11,True,/home/asu/reproducibility_of_jupyter_notebooks-1/data/outputs/repositorios_completos/Saiful-Islam25/Machine-Learning/6a881a5013206056f608c5c342a7cdfc8bcfbe20,,True,False,2.358,
e548c480a976d0ee5db05462a13f4b426dbb0cdcb1dd3dd5b3aa28e97c9eadf2,Saiful-Islam25/Machine-Learning,main,6a881a5013206056f608c5c342a7cdfc8bcfbe20,b5061f5385e9e2630958501a399c5e3ed156d100,Linear Regression Algo/6-LinearReg.ipynb,Linear Regression Algo/6-LinearReg.ipynb,3.11,True,/home/asu/reproducibility_of_jupyter_notebooks-1/data/outputs/repositorios_completos/Saiful-Islam25/Machine-Learning/6a881a5013206056f608c5c342a7cdfc8bcfbe20,,True,True,3.099,
b88db86adabc6d0ae4a0dbca1453bb8c55ffd6164e36a3604f790d1c40bb1f3e,Saiful-Islam25/Machine-Learning,main,6a881a5013206056f608c5c342a7cdfc8bcfbe20,ac9351d0bbdd7ab4a01c248d144c647f8d9e0b1d,Linear Regression Algo/7-LinearReg.ipynb,Linear Regression Algo/7-LinearReg.ipynb,3.11,True,/home/asu/reproducibility_of_jupyter_notebooks-1/data/outputs/repositorios_completos/Saiful-Islam25/Machine-Learning/6a881a5013206056f608c5c342a7cdfc8bcfbe20,,True,True,2.195,
688fd78c7e739bd88d62be1c3aaaff4b06f8f0e1d3f19b5c30a2c83bd49e0347,Saiful-Islam25/Machine-Learning,main,6a881a5013206056f608c5c342a7cdfc8bcfbe20,0cfbfb060992b0fd209bbe9ad7db874be3bfab0d,Linear Regression Algo/Assignment 3.ipynb,Linear Regression Algo/Assignment 3.ipynb,3.11,True,/home/asu/reproducibility_of_jupyter_notebooks-1/data/outputs/repositorios_completos/Saiful-Islam25/Machine-Learning/6a881a5013206056f608c5c342a7cdfc8bcfbe20,,True,False,1.984,
9d9441bee9bd6b2e4f407183c623763790255e500e432230cda785154b9a4753,Saiful-Islam25/Machine-Learning,main,6a881a5013206056f608c5c342a7cdfc8bcfbe20,9f5c2ecc5cfbe1c5b4735f627e6ea1eb1360d089,Linear Regression Algo/Multi Linear Regression.ipynb,Linear Regression Algo/Multi Linear Regression.ipynb,3.11,True,/home/asu/reproducibility_of_jupyter_notebooks-1/data/outputs/repositorios_completos/Saiful-Islam25/Machine-Learning/6a881a5013206056f608c5c342a7cdfc8bcfbe20,,True,False,2.56,
eb2c3360846861f133540921d6d983cdcee7f23829f4988aae39b56c97d7695a,Saiful-Islam25/Machine-Learning,main,6a881a5013206056f608c5c342a7cdfc8bcfbe20,8bb3d0059e24531770292d88123d472c0fd7f0f9,Projects/1--Time -Series Forecastingof Carbon Monoxide and Nitrogen Dioxide Levels With prophet algrothim and VAR.ipynb,Projects/1--Time -Series Forecastingof Carbon Monoxide and Nitrogen Dioxide Levels With prophet algrothim and VAR.ipynb,3.11,True,/home/asu/reproducibility_of_jupyter_notebooks-1/data/outputs/repositorios_completos/Saiful-Islam25/Machine-Learning/6a881a5013206056f608c5c342a7cdfc8bcfbe20,,True,True,9.034,
9b06c44c413b7523346f5ac109a7d6b219c36d68548215b743b78201ed495cb3,Saiful-Islam25/Machine-Learning,main,6a881a5013206056f608c5c342a7cdfc8bcfbe20,c101bb8f4e38062d3b317a44d86296847c31e095,Projects/2-Sentiment Analysis on Amazon Product.ipynb,Projects/2-Sentiment Analysis on Amazon Product.ipynb,3.11,True,/home/asu/reproducibility_of_jupyter_notebooks-1/data/outputs/repositorios_completos/Saiful-Islam25/Machine-Learning/6a881a5013206056f608c5c342a7cdfc8bcfbe20,,True,False,,
65a5e50ec33d7705bbfe5eccdd0217fa5cf5b6dc54f1e01c27d32a0b7217b8a1,Saiful-Islam25/Machine-Learning,main,6a881a5013206056f608c5c342a7cdfc8bcfbe20,412098291d527e5c9620c20e574e27a227e42915,Projects/3--Predicting Customer Credit Mix - End-to-End Machine Learning Workflow.ipynb,Projects/3--Predicting Customer Credit Mix - End-to-End Machine Learning Workflow.ipynb,3.11,True,/home/asu/reproducibility_of_jupyter_notebooks-1/data/outputs/repositorios_completos/Saiful-Islam25/Machine-Learning/6a881a5013206056f608c5c342a7cdfc8bcfbe20,,True,True,15.846,
10b9717a5ed70c518eb7fc3ac7c8d51ba99f40b8b9eb1dd26509de05f4a43467,Saiful-Islam25/Machine-Learning,main,6a881a5013206056f608c5c342a7cdfc8bcfbe20,48740c397f43270a03537bdfb79b296547d6a9b5,Projects/Breast_Cancer_Prediction_Pycaret.ipynb,Projects/Breast_Cancer_Prediction_Pycaret.ipynb,3.11,True,/home/asu/reproducibility_of_jupyter_notebooks-1/data/outputs/repositorios_completos/Saiful-Islam25/Machine-Learning/6a881a5013206056f608c5c342a7cdfc8bcfbe20,,True,False,2.646,
39a26365444124410d015b85aa6fc35d4a82f7f78a56e49cad6426abe5d06e86,Saiful-Islam25/Machine-Learning,main,6a881a5013206056f608c5c342a7cdfc8bcfbe20,f8e63bcd622668f08f8e0caf030344ef97acffb2,Projects/Credit_Card_Default_SVM.ipynb,Projects/Credit_Card_Default_SVM.ipynb,3.12,True,/home/asu/reproducibility_of_jupyter_notebooks-1/data/outputs/repositorios_completos/Saiful-Islam25/Machine-Learning/6a881a5013206056f608c5c342a7cdfc8bcfbe20,,True,False,2.605,
21930ee51b8ce6c32a4eab87899a2823f17637e690c60d82e7031551546de94d,Saiful-Islam25/Machine-Learning,main,6a881a5013206056f608c5c342a7cdfc8bcfbe20,53d919975fbd558fdc342e8bfe2eb889ffaaa4bb,Projects/E-Commerce.ipynb,Projects/E-Commerce.ipynb,3.11,True,/home/asu/reproducibility_of_jupyter_notebooks-1/data/outputs/repositorios_completos/Saiful-Islam25/Machine-Learning/6a881a5013206056f608c5c342a7cdfc8bcfbe20,,True,True,2.032,
8b504915ce276da662e702463ecc0f9146f94b44ed7b214b49a5bd4272a6f1ab,Saiful-Islam25/Machine-Learning,main,6a881a5013206056f608c5c342a7cdfc8bcfbe20,c547e87203a01cc283c5c425299391676c4b6cea,Projects/Fake News Detection System using Machine Learning and NLP.ipynb,Projects/Fake News Detection System using Machine Learning and NLP.ipynb,3.11,True,/home/asu/reproducibility_of_jupyter_notebooks-1/data/outputs/repositorios_completos/Saiful-Islam25/Machine-Learning/6a881a5013206056f608c5c342a7cdfc8bcfbe20,,True,False,2.498,
550fd3c6271661f49a295cc5aed10865eead67ef06170494850b2392349acfc6,Saiful-Islam25/Machine-Learning,main,6a881a5013206056f608c5c342a7cdfc8bcfbe20,ba7ddfd89234d511a5cb691ad3b86b6b11b329a0,Projects/Hypertension Prediction/Notebook.ipynb,Projects/Hypertension Prediction/Notebook.ipynb,,True,/home/asu/reproducibility_of_jupyter_notebooks-1/data/outputs/repositorios_completos/Saiful-Islam25/Machine-Learning/6a881a5013206056f608c5c342a7cdfc8bcfbe20,,True,False,2.43,
68f67d80915c8f85f857ce738b7d81f770992f7131e954519f410bf6a5c66cc2,Saiful-Islam25/Machine-Learning,main,6a881a5013206056f608c5c342a7cdfc8bcfbe20,b8e4752352fe625c412508b48b396777767f7e91,Projects/NLP_Fake_News_correct_version.ipynb,Projects/NLP_Fake_News_correct_version.ipynb,3.11,True,/home/asu/reproducibility_of_jupyter_notebooks-1/data/outputs/repositorios_completos/Saiful-Islam25/Machine-Learning/6a881a5013206056f608c5c342a7cdfc8bcfbe20,,True,False,2.355,
f1be2209bdac3506d0e48859886c71df8f07203bffd80706b3e3ca11c777e4e9,Saiful-Islam25/Machine-Learning,main,6a881a5013206056f608c5c342a7cdfc8bcfbe20,c8d39ddbc39f915ffe1a6597c20113b325e1ebdb,Projects/PatientCare_classifcation_system.ipynb,Projects/PatientCare_classifcation_system.ipynb,3.10,True,/home/asu/reproducibility_of_jupyter_notebooks-1/data/outputs/repositorios_completos/Saiful-Islam25/Machine-Learning/6a881a5013206056f608c5c342a7cdfc8bcfbe20,,True,False,2.476,
1934b9f6ab5b7f06d55657c6cd6cd1318c503d984a15ed16b1363f053c524e15,Saiful-Islam25/Machine-Learning,main,6a881a5013206056f608c5c342a7cdfc8bcfbe20,284cfe96f7e70fb780677a5464020553dbae2e48,Projects/Predicting Customer Credit Mix - End-to-End Machine Learning Workflow.ipynb,Projects/Predicting Customer Credit Mix - End-to-End Machine Learning Workflow.ipynb,3.9,True,/home/asu/reproducibility_of_jupyter_notebooks-1/data/outputs/repositorios_completos/Saiful-Islam25/Machine-Learning/6a881a5013206056f608c5c342a7cdfc8bcfbe20,,True,True,2.62,
480bc0792c256dcc46543bcd4f31c00adf066b4a44d95c6ed727df0cc92068dc,Saiful-Islam25/Machine-Learning,main,6a881a5013206056f608c5c342a7cdfc8bcfbe20,ed2d44f53dbe97e39634c438815516c74153eb00,Projects/Predicting_Heart_Disease.ipynb,Projects/Predicting_Heart_Disease.ipynb,3.12,True,/home/asu/reproducibility_of_jupyter_notebooks-1/data/outputs/repositorios_completos/Saiful-Islam25/Machine-Learning/6a881a5013206056f608c5c342a7cdfc8bcfbe20,,True,False,2.537,
844a1f5802568f32e325f3f5c1bdc58e68fd81154b1bd70803c2b2e548644814,Saiful-Islam25/Machine-Learning,main,6a881a5013206056f608c5c342a7cdfc8bcfbe20,7613182664f934130788745ca60279f6055dcd0a,Projects/Project No- 1-Regression - Predicting Car Prices with Machine Learning (1).ipynb,Projects/Project No- 1-Regression - Predicting Car Prices with Machine Learning (1).ipynb,3.11,True,/home/asu/reproducibility_of_jupyter_notebooks-1/data/outputs/repositorios_completos/Saiful-Islam25/Machine-Learning/6a881a5013206056f608c5c342a7cdfc8bcfbe20,,True,False,3.218,
08dd9791a02312a3b2992182ce1219a81788d4f29a028a1a71270e583fef5eee,Saiful-Islam25/Machine-Learning,main,6a881a5013206056f608c5c342a7cdfc8bcfbe20,ecc2d1bf917972bc79fcc7e44cd04d2e55b4b270,Projects/Text_Data_using_Naive_Bayes_Classifier.ipynb,Projects/Text_Data_using_Naive_Bayes_Classifier.ipynb,3.11,True,/home/asu/reproducibility_of_jupyter_notebooks-1/data/outputs/repositorios_completos/Saiful-Islam25/Machine-Learning/6a881a5013206056f608c5c342a7cdfc8bcfbe20,,True,False,2.353,
86059617470295cbc9d82443a87ae5135420c25d2d357c51db1995e80e97bfa4,Saiful-Islam25/Machine-Learning,main,6a881a5013206056f608c5c342a7cdfc8bcfbe20,072890cebdb7f071a6abfb236c9c2ac41626077e,Projects/Time -Series Forecastingof Carbon Monoxide and Nitrogen Dioxide Levels With prophet algrothim and VAR 3.ipynb,Projects/Time -Series Forecastingof Carbon Monoxide and Nitrogen Dioxide Levels With prophet algrothim and VAR 3.ipynb,3.11,True,/home/asu/reproducibility_of_jupyter_notebooks-1/data/outputs/repositorios_completos/Saiful-Islam25/Machine-Learning/6a881a5013206056f608c5c342a7cdfc8bcfbe20,,True,True,7.572,
39406193115810b314bfe19a83eb5c7f945b74382833d280d308d9c5350e7b22,Saiful-Islam25/Machine-Learning,main,6a881a5013206056f608c5c342a7cdfc8bcfbe20,12edef34119b3337577aad98817b193a30c7b18f,Projects/_Calories Prediction.ipynb,Projects/_Calories Prediction.ipynb,3.11,True,/home/asu/reproducibility_of_jupyter_notebooks-1/data/outputs/repositorios_completos/Saiful-Islam25/Machine-Learning/6a881a5013206056f608c5c342a7cdfc8bcfbe20,,True,False,13.718,
21bb6f9a958059a703f8b8d777f2d976497ed6d46fb3ae33d1f9ee435781f5fc,Saiful-Islam25/Machine-Learning,main,6a881a5013206056f608c5c342a7cdfc8bcfbe20,6afdbaba01b646b0d8e9aea82daa4a5d22e549a4,Projects/fake-and-real-news-checker.ipynb,Projects/fake-and-real-news-checker.ipynb,3.12,True,/home/asu/reproducibility_of_jupyter_notebooks-1/data/outputs/repositorios_completos/Saiful-Islam25/Machine-Learning/6a881a5013206056f608c5c342a7cdfc8bcfbe20,,True,False,2.385,
2b75667c4eee8e822de794e33023753a2804bcad93d5680e00011dfe7b2a4f6f,Saiful-Islam25/Machine-Learning,main,6a881a5013206056f608c5c342a7cdfc8bcfbe20,7c5389f86004abc2595c08558e2b3522cc1117de,Projects/thyroid_cancer_prediction_pipeline.ipynb,Projects/thyroid_cancer_prediction_pipeline.ipynb,3.11,True,/home/asu/reproducibility_of_jupyter_notebooks-1/data/outputs/repositorios_completos/Saiful-Islam25/Machine-Learning/6a881a5013206056f608c5c342a7cdfc8bcfbe20,,True,False,2.619,
