notebook_id,repo_full_name,notebook_rel_path,snapshot_found,snapshot_path,repo_default_branch_sha,exec_error_type,exec_exception_str,missing_file_pattern,snapshot_structure_sample,exec_ok,elapsed_s,exec_env_python_version
c2e53f77127f68dd7cb996540e06a7bfa63d1b63cc2fa697c00f311cf42dd2d6,wewnumam/learn-ai,data-analysis/FreeCodeCamp-Pandas-Real-Life-Example/Exercises_1.ipynb,True,/home/asu/reproducibility_of_jupyter_notebooks-1/data/outputs/repositorios_completos/wewnumam/learn-ai/8ab772e1ed75123431f37ef9483e6c15dba4d264,8ab772e1ed75123431f37ef9483e6c15dba4d264,file_not_found,"An error occurred while executing the following cell:
------------------
sales = pd.read_csv(
    'data/sales_data.csv',
    parse_dates=['Date'])
------------------


[31m---------------------------------------------------------------------------[39m
[31mFileNotFoundError[39m                         Traceback (most recent call last)
[36mCell[39m[36m [39m[32mIn[2][39m[32m, line 1[39m
[32m----> [39m[32m1[39m sales = [43mpd[49m[43m.[49m[43mread_csv[49m[43m([49m
[32m      2",data/sales_data.csv,".gitignore, projects, LICENSE, _out, data-analysis, mka-ugm, README.md, data-science, machine-learning",False,2.309,3.13.9
931de126d369b599ed4f430b7c00ff9973990ffee7777a99daf51daa70586392,wewnumam/learn-ai,data-analysis/FreeCodeCamp-Pandas-Real-Life-Example/Lecture_1.ipynb,True,/home/asu/reproducibility_of_jupyter_notebooks-1/data/outputs/repositorios_completos/wewnumam/learn-ai/8ab772e1ed75123431f37ef9483e6c15dba4d264,8ab772e1ed75123431f37ef9483e6c15dba4d264,file_not_found,"An error occurred while executing the following cell:
------------------
sales = pd.read_csv(
    'data/sales_data.csv',
    parse_dates=['Date'])
------------------


[31m---------------------------------------------------------------------------[39m
[31mFileNotFoundError[39m                         Traceback (most recent call last)
[36mCell[39m[36m [39m[32mIn[2][39m[32m, line 1[39m
[32m----> [39m[32m1[39m sales = [43mpd[49m[43m.[49m[43mread_csv[49m[43m([49m
[32m      2",data/sales_data.csv,".gitignore, projects, LICENSE, _out, data-analysis, mka-ugm, README.md, data-science, machine-learning",False,2.101,3.13.9
fb7c2a129af47f80c10156b86679555b32bc98cf3e1fe77ed2fa8723043c0501,wewnumam/learn-ai,data-analysis/data-cleaning-rmotr-freecodecamp/5 - Real Example.ipynb,True,/home/asu/reproducibility_of_jupyter_notebooks-1/data/outputs/repositorios_completos/wewnumam/learn-ai/8ab772e1ed75123431f37ef9483e6c15dba4d264,8ab772e1ed75123431f37ef9483e6c15dba4d264,file_not_found,"An error occurred while executing the following cell:
------------------
df = pd.read_csv(
    'data/btc-eth-prices-outliers.csv',
    index_col=0,
    parse_dates=True
)
------------------


[31m---------------------------------------------------------------------------[39m
[31mFileNotFoundError[39m                         Traceback (most recent call last)
[36mCell[39m[36m [39m[32mIn[2][39m[32m, line 1[39m
[32m----> [39m[32m1[39m df = [43mpd[49m[43m.[49m[43mread_csv[49m[4",data/btc-eth-prices-outliers.csv,".gitignore, projects, LICENSE, _out, data-analysis, mka-ugm, README.md, data-science, machine-learning",False,2.706,3.13.9
e5e6ce15f5a6a5528d6ed0483b1468c9f57a64e9c76cc80e5fffa524985b887c,wewnumam/learn-ai,data-analysis/freecodecamp-intro-to-pandas/5 - Pandas - Reading CSV and Basic Plotting.ipynb,True,/home/asu/reproducibility_of_jupyter_notebooks-1/data/outputs/repositorios_completos/wewnumam/learn-ai/8ab772e1ed75123431f37ef9483e6c15dba4d264,8ab772e1ed75123431f37ef9483e6c15dba4d264,file_not_found,"An error occurred while executing the following cell:
------------------
df = pd.read_csv('data/btc-market-price.csv')
------------------


[31m---------------------------------------------------------------------------[39m
[31mFileNotFoundError[39m                         Traceback (most recent call last)
[36mCell[39m[36m [39m[32mIn[3][39m[32m, line 1[39m
[32m----> [39m[32m1[39m df = [43mpd[49m[43m.[49m[43mread_csv[49m[43m([49m[33;43m'[39;49m[33;43mdata/btc-market-pri",data/btc-market-price.csv,".gitignore, projects, LICENSE, _out, data-analysis, mka-ugm, README.md, data-science, machine-learning",False,2.02,3.13.9
c08f6d4f7295a9c8225d9d298f61f7738c3c02b0ee3ea45a2499c8c1d70ce03b,wewnumam/learn-ai,data-analysis/programming-with-mosh/HelloWorld.ipynb,True,/home/asu/reproducibility_of_jupyter_notebooks-1/data/outputs/repositorios_completos/wewnumam/learn-ai/8ab772e1ed75123431f37ef9483e6c15dba4d264,8ab772e1ed75123431f37ef9483e6c15dba4d264,file_not_found,"An error occurred while executing the following cell:
------------------
import pandas as pd

df = pd.read_csv('vgsales.csv')
df
------------------


[31m---------------------------------------------------------------------------[39m
[31mFileNotFoundError[39m                         Traceback (most recent call last)
[36mCell[39m[36m [39m[32mIn[1][39m[32m, line 3[39m
[32m      1[39m [38;5;28;01mimport[39;00m[38;5;250m [39m[34;01mpandas[39;00m[38;5;250m [39m[38;5;28;01mas[3",vgsales.csv,".gitignore, projects, LICENSE, _out, data-analysis, mka-ugm, README.md, data-science, machine-learning",False,1.549,3.13.9
9a72d4b0ff503a4548aa3a128e4957eded8c5971d9a184683789c34edd8d5482,wewnumam/learn-ai,machine-learning/decision-tree-classifier/MusicGenreClassifier.ipynb,True,/home/asu/reproducibility_of_jupyter_notebooks-1/data/outputs/repositorios_completos/wewnumam/learn-ai/8ab772e1ed75123431f37ef9483e6c15dba4d264,8ab772e1ed75123431f37ef9483e6c15dba4d264,file_not_found,"An error occurred while executing the following cell:
------------------
import pandas as pd
import matplotlib.pyplot as plt
from sklearn.tree import DecisionTreeClassifier, plot_tree
from sklearn.model_selection import train_test_split
from sklearn.metrics import accuracy_score

music_data = pd.read_csv('music.csv')
music_data
------------------


[31m---------------------------------------------------------------------------[39m
[31mFileNotFoundError[39m                         Traceback (",music.csv,".gitignore, projects, LICENSE, _out, data-analysis, mka-ugm, README.md, data-science, machine-learning",False,2.541,3.13.9
becfe407b02fcdaa75a18aad5d90699def023b2fcc133e4900be03e443f0bfb9,wewnumam/learn-ai,machine-learning/decision-tree-classifier/PresistingModel.ipynb,True,/home/asu/reproducibility_of_jupyter_notebooks-1/data/outputs/repositorios_completos/wewnumam/learn-ai/8ab772e1ed75123431f37ef9483e6c15dba4d264,8ab772e1ed75123431f37ef9483e6c15dba4d264,file_not_found,"An error occurred while executing the following cell:
------------------
import pandas as pd
import joblib
from sklearn.tree import DecisionTreeClassifier

music_data = pd.read_csv('music.csv')
X = music_data.drop(columns='genre')
y = music_data['genre']
# 
model = DecisionTreeClassifier()
model.fit(X, y)

joblib.dump(model, 'music-recommender.joblib')
------------------


[31m---------------------------------------------------------------------------[39m
[31mFileNotFoundError[39m           ",music.csv,".gitignore, projects, LICENSE, _out, data-analysis, mka-ugm, README.md, data-science, machine-learning",False,2.169,3.13.9
aa94d220b7d39f342b8835e43cbb1039c7fefc988db4011a7ba536c2a2056503,wewnumam/learn-ai,mka-ugm/ace/summary/Summarizer.ipynb,True,/home/asu/reproducibility_of_jupyter_notebooks-1/data/outputs/repositorios_completos/wewnumam/learn-ai/8ab772e1ed75123431f37ef9483e6c15dba4d264,8ab772e1ed75123431f37ef9483e6c15dba4d264,file_not_found,"An error occurred while executing the following cell:
------------------
from transformers import pipeline

# Pakai model ringan
summarizer = pipeline(""summarization"", model=""sshleifer/distilbart-cnn-12-6"")

def rangkum_dari_file(namafile, min_length=20, max_length=60):
    # Baca isi file txt
    with open(namafile, ""r"", encoding=""utf-8"") as f:
        paragraf = f.read()

    # Ringkas teks
    summary = summarizer(
        paragraf,
        min_length=min_length,
        max_length=max_length",paragraf.txt,".gitignore, projects, LICENSE, _out, data-analysis, mka-ugm, README.md, data-science, machine-learning",False,33.112,3.10.19
91c0afbec4ee0321728abfb490cbb5e1b950af359bb20cfc57d843939ffbb200,wewnumam/learn-ai,mka-ugm/stmh/FeatureSelectionGA.ipynb,True,/home/asu/reproducibility_of_jupyter_notebooks-1/data/outputs/repositorios_completos/wewnumam/learn-ai/8ab772e1ed75123431f37ef9483e6c15dba4d264,8ab772e1ed75123431f37ef9483e6c15dba4d264,file_not_found,"An error occurred while executing the following cell:
------------------
import pandas as pd
import numpy as np
import random
from sklearn.linear_model import LinearRegression
from sklearn.metrics import r2_score

# Memuat dataset
# Pastikan file 'mental_health_analysis.csv' berada di direktori yang sama
df = pd.read_csv('mental_health_analysis.csv')

# Menampilkan 5 baris pertama untuk memastikan data termuat dengan benar
print(""Data Awal:"")
print(df.head())
------------------


[31m----------",mental_health_analysis.csv,".gitignore, projects, LICENSE, _out, data-analysis, mka-ugm, README.md, data-science, machine-learning",False,2.356,3.13.9
541a16f5eb0f2b6d438e62aaa5a6c67400e709d757e8bf4859fe7dbb688cbdf4,wewnumam/learn-ai,projects/data-analysis-with-python-projects/demographic-data-analysis/Untitled.ipynb,True,/home/asu/reproducibility_of_jupyter_notebooks-1/data/outputs/repositorios_completos/wewnumam/learn-ai/8ab772e1ed75123431f37ef9483e6c15dba4d264,8ab772e1ed75123431f37ef9483e6c15dba4d264,file_not_found,"An error occurred while executing the following cell:
------------------
# Read data from file
df = pd.read_csv('./adult.data.csv')
df.info()
------------------


[31m---------------------------------------------------------------------------[39m
[31mFileNotFoundError[39m                         Traceback (most recent call last)
[36mCell[39m[36m [39m[32mIn[2][39m[32m, line 2[39m
[32m      1[39m [38;5;66;03m# Read data from file[39;00m
[32m----> [39m[32m2[39m df = [43mpd[49m",./adult.data.csv,".gitignore, projects, LICENSE, _out, data-analysis, mka-ugm, README.md, data-science, machine-learning",False,1.809,3.13.9
c6144e14aa7154ba913b5260f08376fb63251e12b754d77cd5d7cbe64c365c95,wewnumam/learn-ai,projects/data-analysis-with-python-projects/medical-data-visualizer/Untitled.ipynb,True,/home/asu/reproducibility_of_jupyter_notebooks-1/data/outputs/repositorios_completos/wewnumam/learn-ai/8ab772e1ed75123431f37ef9483e6c15dba4d264,8ab772e1ed75123431f37ef9483e6c15dba4d264,file_not_found,"An error occurred while executing the following cell:
------------------
df = pd.read_csv('medical_examination.csv')
df.info()
------------------


[31m---------------------------------------------------------------------------[39m
[31mFileNotFoundError[39m                         Traceback (most recent call last)
[36mCell[39m[36m [39m[32mIn[2][39m[32m, line 1[39m
[32m----> [39m[32m1[39m df = [43mpd[49m[43m.[49m[43mread_csv[49m[43m([49m[33;43m'[39;49m[33;43mmedical_exa",medical_examination.csv,".gitignore, projects, LICENSE, _out, data-analysis, mka-ugm, README.md, data-science, machine-learning",False,2.588,3.13.9
f90bb3769edaee7bb1e23bffcfc00f9fafb9f049543e9d69b948ed883407a21f,wewnumam/learn-ai,projects/data-analysis-with-python-projects/sea-level-predictor/Untitled.ipynb,True,/home/asu/reproducibility_of_jupyter_notebooks-1/data/outputs/repositorios_completos/wewnumam/learn-ai/8ab772e1ed75123431f37ef9483e6c15dba4d264,8ab772e1ed75123431f37ef9483e6c15dba4d264,file_not_found,"An error occurred while executing the following cell:
------------------
df = pd.read_csv('epa-sea-level.csv')
df
------------------


[31m---------------------------------------------------------------------------[39m
[31mFileNotFoundError[39m                         Traceback (most recent call last)
[36mCell[39m[36m [39m[32mIn[2][39m[32m, line 1[39m
[32m----> [39m[32m1[39m df = [43mpd[49m[43m.[49m[43mread_csv[49m[43m([49m[33;43m'[39;49m[33;43mepa-sea-level.csv[39;49",epa-sea-level.csv,".gitignore, projects, LICENSE, _out, data-analysis, mka-ugm, README.md, data-science, machine-learning",False,2.521,3.13.9
e6e90d26a96ec508860e40cf3b21d0125b4fa69146dd8b683917743c816cc3d0,wewnumam/learn-ai,projects/data-analysis-with-python-projects/time-series-visualizer/Untitled.ipynb,True,/home/asu/reproducibility_of_jupyter_notebooks-1/data/outputs/repositorios_completos/wewnumam/learn-ai/8ab772e1ed75123431f37ef9483e6c15dba4d264,8ab772e1ed75123431f37ef9483e6c15dba4d264,file_not_found,"An error occurred while executing the following cell:
------------------
df = pd.read_csv('fcc-forum-pageviews.csv')
df.info()
------------------


[31m---------------------------------------------------------------------------[39m
[31mFileNotFoundError[39m                         Traceback (most recent call last)
[36mCell[39m[36m [39m[32mIn[2][39m[32m, line 1[39m
[32m----> [39m[32m1[39m df = [43mpd[49m[43m.[49m[43mread_csv[49m[43m([49m[33;43m'[39;49m[33;43mfcc-forum-p",fcc-forum-pageviews.csv,".gitignore, projects, LICENSE, _out, data-analysis, mka-ugm, README.md, data-science, machine-learning",False,2.863,3.13.9
6d095960536f37765ce49e1b402b8c96960e4261bf26b7c9ab398969004365f0,As17-01/brain_signals,notebooks/archieve/embedded/Comparison_plot.ipynb,True,/home/asu/reproducibility_of_jupyter_notebooks-1/data/outputs/repositorios_completos/As17-01/brain_signals/49706e10b05aa4e2867a12eb6ea507b9fae4fed1,49706e10b05aa4e2867a12eb6ea507b9fae4fed1,file_not_found,"An error occurred while executing the following cell:
------------------
def extract_val_metrics_from_file(file_path):
    epochs = []
    val_accuracy = []
    val_loss = []
    val_auc = []
    
    with open(file_path, 'r') as f:
        for line in f:
            match = re.match(r""Epoch (\d+): VAL Accuracy = ([\d\.]+) Loss = ([\d\.]+) AUC = ([\d\.]+)"", line)
            if match:
                epoch, acc, loss, auc = match.groups()
                epochs.append(int(epoch))
               ",./logs,".gitignore, assets, results, src, notebooks, LICENSE, _out, poetry.lock, pyproject.toml, README.md",False,1.445,3.10.19
b62468a341b4a7f414c2366044c12a8228ca898be5d59a73d2e9b91690c34f26,As17-01/brain_signals,notebooks/archieve/embedded/GRUv1.ipynb,True,/home/asu/reproducibility_of_jupyter_notebooks-1/data/outputs/repositorios_completos/As17-01/brain_signals/49706e10b05aa4e2867a12eb6ea507b9fae4fed1,49706e10b05aa4e2867a12eb6ea507b9fae4fed1,file_not_found,"An error occurred while executing the following cell:
------------------
data_dir = Path(""/home/aseliverstov/projects/brain_signals/data"")
data = pd.read_csv(data_dir / ""EEG_data.csv"")

data[""ID""] = (len(np.unique(data[""VideoID""])) * data[""SubjectID""] + data[""VideoID""]).astype(""int"")
data = data[ID + USER + FEATURES + TARGET]

data.head(3)
------------------


[0;31m---------------------------------------------------------------------------[0m
[0;31mFileNotFoundError[0m                      ",/home/aseliverstov/projects/brain_signals/data/EEG_data.csv,".gitignore, assets, results, src, notebooks, LICENSE, _out, poetry.lock, pyproject.toml, README.md",False,4.264,3.10.19
29749a476c884fbb71e2a090e184ecad49e8cfc0b1ee5185e3b1f81735a725cb,As17-01/brain_signals,notebooks/archieve/embedded/GRUv1_emb1.ipynb,True,/home/asu/reproducibility_of_jupyter_notebooks-1/data/outputs/repositorios_completos/As17-01/brain_signals/49706e10b05aa4e2867a12eb6ea507b9fae4fed1,49706e10b05aa4e2867a12eb6ea507b9fae4fed1,file_not_found,"An error occurred while executing the following cell:
------------------
data_dir = Path(""/home/aseliverstov/projects/brain_signals/data"")
data = pd.read_csv(data_dir / ""EEG_data.csv"")

new_features = []
for lag in LAGS:
    for feature_name in FEATURES:
        new_feature_name = f""{feature_name}_{lag}""
        new_features.append(new_feature_name)
        data[new_feature_name] = data.groupby(IDS)[feature_name].shift(lag).fillna(0)
FEATURES.extend(new_features)

data[""ID""] = (len(np.unique(dat",/home/aseliverstov/projects/brain_signals/data/EEG_data.csv,".gitignore, assets, results, src, notebooks, LICENSE, _out, poetry.lock, pyproject.toml, README.md",False,4.357,3.10.19
50b5838c4f9c3905b47af7b0aa2ab5f7f419be5a45d953d40e54d1c2e967a64c,As17-01/brain_signals,notebooks/archieve/embedded/GRUv1_emb2.ipynb,True,/home/asu/reproducibility_of_jupyter_notebooks-1/data/outputs/repositorios_completos/As17-01/brain_signals/49706e10b05aa4e2867a12eb6ea507b9fae4fed1,49706e10b05aa4e2867a12eb6ea507b9fae4fed1,file_not_found,"An error occurred while executing the following cell:
------------------
data_dir = Path(""/home/aseliverstov/projects/brain_signals/data"")
data = pd.read_csv(data_dir / ""EEG_data.csv"")

new_features = []
for lag in LAGS:
    for feature_name in FEATURES:
        new_feature_name = f""{feature_name}_{lag}""
        new_features.append(new_feature_name)
        data[new_feature_name] = data.groupby(IDS)[feature_name].shift(lag).fillna(0)
FEATURES.extend(new_features)

data[""ID""] = (len(np.unique(dat",/home/aseliverstov/projects/brain_signals/data/EEG_data.csv,".gitignore, assets, results, src, notebooks, LICENSE, _out, poetry.lock, pyproject.toml, README.md",False,4.246,3.10.19
10ec2fea97899b80746a27d29d4a4499b85d802de7381e629bca25c6a84d3b6d,As17-01/brain_signals,notebooks/archieve/embedded/GRUv1_emb3.ipynb,True,/home/asu/reproducibility_of_jupyter_notebooks-1/data/outputs/repositorios_completos/As17-01/brain_signals/49706e10b05aa4e2867a12eb6ea507b9fae4fed1,49706e10b05aa4e2867a12eb6ea507b9fae4fed1,file_not_found,"An error occurred while executing the following cell:
------------------
data_dir = Path(""/home/aseliverstov/projects/brain_signals/data"")
data = pd.read_csv(data_dir / ""EEG_data.csv"")

new_features = []
for lag in LAGS:
    for feature_name in FEATURES:
        new_feature_name = f""{feature_name}_{lag}""
        new_features.append(new_feature_name)
        data[new_feature_name] = data.groupby(IDS)[feature_name].shift(lag).fillna(0)
FEATURES.extend(new_features)

data[""ID""] = (len(np.unique(dat",/home/aseliverstov/projects/brain_signals/data/EEG_data.csv,".gitignore, assets, results, src, notebooks, LICENSE, _out, poetry.lock, pyproject.toml, README.md",False,4.594,3.10.19
f29f7d0b3c59d8fb6f341fa8459ffb6fa8aacd6af587ce8fada4ad2e584cd11a,As17-01/brain_signals,notebooks/archieve/embedded/GRUv1_emb4.ipynb,True,/home/asu/reproducibility_of_jupyter_notebooks-1/data/outputs/repositorios_completos/As17-01/brain_signals/49706e10b05aa4e2867a12eb6ea507b9fae4fed1,49706e10b05aa4e2867a12eb6ea507b9fae4fed1,file_not_found,"An error occurred while executing the following cell:
------------------
data_dir = Path(""/home/aseliverstov/projects/brain_signals/data"")
data = pd.read_csv(data_dir / ""EEG_data.csv"")

new_features = []
for lag in LAGS:
    for feature_name in FEATURES:
        new_feature_name = f""{feature_name}_{lag}""
        new_features.append(new_feature_name)
        data[new_feature_name] = data.groupby(IDS)[feature_name].shift(lag).fillna(0)
FEATURES.extend(new_features)

if USE_DIFF:
    for feature_na",/home/aseliverstov/projects/brain_signals/data/EEG_data.csv,".gitignore, assets, results, src, notebooks, LICENSE, _out, poetry.lock, pyproject.toml, README.md",False,4.414,3.10.19
66e6669556225c07779e5fb99d8c6dedf333edb06314af9412361db24af32ac8,As17-01/brain_signals,notebooks/archieve/embedded/GRUv1_plot.ipynb,True,/home/asu/reproducibility_of_jupyter_notebooks-1/data/outputs/repositorios_completos/As17-01/brain_signals/49706e10b05aa4e2867a12eb6ea507b9fae4fed1,49706e10b05aa4e2867a12eb6ea507b9fae4fed1,file_not_found,"An error occurred while executing the following cell:
------------------
def extract_val_metrics_from_file(file_path):
    epochs = []
    val_accuracy = []
    val_loss = []
    val_auc = []
    
    with open(file_path, 'r') as f:
        for line in f:
            match = re.match(r""Epoch (\d+): VAL Accuracy = ([\d\.]+) Loss = ([\d\.]+) AUC = ([\d\.]+)"", line)
            if match:
                epoch, acc, loss, auc = match.groups()
                epochs.append(int(epoch))
               ",./logs,".gitignore, assets, results, src, notebooks, LICENSE, _out, poetry.lock, pyproject.toml, README.md",False,1.612,3.10.19
edcf05c91e54f51f7afb82a8eccfb1dff13b208745b891ae210bfdb0e924d77f,As17-01/brain_signals,notebooks/archieve/embedded/GRUv2.ipynb,True,/home/asu/reproducibility_of_jupyter_notebooks-1/data/outputs/repositorios_completos/As17-01/brain_signals/49706e10b05aa4e2867a12eb6ea507b9fae4fed1,49706e10b05aa4e2867a12eb6ea507b9fae4fed1,file_not_found,"An error occurred while executing the following cell:
------------------
data_dir = Path(""/home/aseliverstov/projects/brain_signals/data"")
data = pd.read_csv(data_dir / ""EEG_data.csv"")

data[""ID""] = (len(np.unique(data[""VideoID""])) * data[""SubjectID""] + data[""VideoID""]).astype(""int"")
data = data[ID + USER + FEATURES + TARGET]

data.head(3)
------------------


[0;31m---------------------------------------------------------------------------[0m
[0;31mFileNotFoundError[0m                      ",/home/aseliverstov/projects/brain_signals/data/EEG_data.csv,".gitignore, assets, results, src, notebooks, LICENSE, _out, poetry.lock, pyproject.toml, README.md",False,4.011,3.10.19
0d5c11a76cb54d4e3b4853bb1899ead2ce910a7fd8e960ad721142c3cd8f455f,As17-01/brain_signals,notebooks/archieve/embedded/GRUv2_conv.ipynb,True,/home/asu/reproducibility_of_jupyter_notebooks-1/data/outputs/repositorios_completos/As17-01/brain_signals/49706e10b05aa4e2867a12eb6ea507b9fae4fed1,49706e10b05aa4e2867a12eb6ea507b9fae4fed1,file_not_found,"An error occurred while executing the following cell:
------------------
data_dir = Path(""/home/aseliverstov/projects/brain_signals/data"")
data = pd.read_csv(data_dir / ""EEG_data.csv"")

data[""ID""] = (len(np.unique(data[""VideoID""])) * data[""SubjectID""] + data[""VideoID""]).astype(""int"")
data = data[ID + USER + FEATURES + TARGET]

data.head(3)
------------------


[0;31m---------------------------------------------------------------------------[0m
[0;31mFileNotFoundError[0m                      ",/home/aseliverstov/projects/brain_signals/data/EEG_data.csv,".gitignore, assets, results, src, notebooks, LICENSE, _out, poetry.lock, pyproject.toml, README.md",False,4.178,3.10.19
2819bba1d33cf6383b777587c3b837278bc386ce244c7604046b3eff7923470f,As17-01/brain_signals,notebooks/archieve/embedded/GRUv2_conv2.ipynb,True,/home/asu/reproducibility_of_jupyter_notebooks-1/data/outputs/repositorios_completos/As17-01/brain_signals/49706e10b05aa4e2867a12eb6ea507b9fae4fed1,49706e10b05aa4e2867a12eb6ea507b9fae4fed1,file_not_found,"An error occurred while executing the following cell:
------------------
data_dir = Path(""/home/aseliverstov/projects/brain_signals/data"")
data = pd.read_csv(data_dir / ""EEG_data.csv"")

data[""ID""] = (len(np.unique(data[""VideoID""])) * data[""SubjectID""] + data[""VideoID""]).astype(""int"")
data = data[ID + USER + FEATURES + TARGET]

data.head(3)
------------------


[0;31m---------------------------------------------------------------------------[0m
[0;31mFileNotFoundError[0m                      ",/home/aseliverstov/projects/brain_signals/data/EEG_data.csv,".gitignore, assets, results, src, notebooks, LICENSE, _out, poetry.lock, pyproject.toml, README.md",False,4.474,3.10.19
1105097479a1f5bfcd3a1dc7ea6017f6cacb73296fac654112dd4bf199537210,As17-01/brain_signals,notebooks/archieve/embedded/GRUv2_conv_expanded.ipynb,True,/home/asu/reproducibility_of_jupyter_notebooks-1/data/outputs/repositorios_completos/As17-01/brain_signals/49706e10b05aa4e2867a12eb6ea507b9fae4fed1,49706e10b05aa4e2867a12eb6ea507b9fae4fed1,file_not_found,"An error occurred while executing the following cell:
------------------
data_dir = Path(""/home/aseliverstov/projects/brain_signals/data"")
data = pd.read_csv(data_dir / ""EEG_data.csv"")

data[""ID""] = (len(np.unique(data[""VideoID""])) * data[""SubjectID""] + data[""VideoID""]).astype(""int"")
data = data[ID + USER + FEATURES + TARGET]

data.head(3)
------------------


[0;31m---------------------------------------------------------------------------[0m
[0;31mFileNotFoundError[0m                      ",/home/aseliverstov/projects/brain_signals/data/EEG_data.csv,".gitignore, assets, results, src, notebooks, LICENSE, _out, poetry.lock, pyproject.toml, README.md",False,4.447,3.10.19
d80b1e41346f6f8e301c5f92ef82939597776660727ba4cc678b00d6d07ed97f,As17-01/brain_signals,notebooks/archieve/embedded/GRUv2_emb1.ipynb,True,/home/asu/reproducibility_of_jupyter_notebooks-1/data/outputs/repositorios_completos/As17-01/brain_signals/49706e10b05aa4e2867a12eb6ea507b9fae4fed1,49706e10b05aa4e2867a12eb6ea507b9fae4fed1,file_not_found,"An error occurred while executing the following cell:
------------------
data_dir = Path(""/home/aseliverstov/projects/brain_signals/data"")
data = pd.read_csv(data_dir / ""EEG_data.csv"")

new_features = []
for lag in LAGS:
    for feature_name in FEATURES:
        new_feature_name = f""{feature_name}_{lag}""
        new_features.append(new_feature_name)
        data[new_feature_name] = data.groupby(IDS)[feature_name].shift(lag).fillna(0)
FEATURES.extend(new_features)

data[""ID""] = (len(np.unique(dat",/home/aseliverstov/projects/brain_signals/data/EEG_data.csv,".gitignore, assets, results, src, notebooks, LICENSE, _out, poetry.lock, pyproject.toml, README.md",False,4.363,3.10.19
3604ecc09e4297d6f6742ac1510bc51e005fba58bdd383a80b85a0d173eb0a52,As17-01/brain_signals,notebooks/archieve/embedded/GRUv2_emb1_expanded.ipynb,True,/home/asu/reproducibility_of_jupyter_notebooks-1/data/outputs/repositorios_completos/As17-01/brain_signals/49706e10b05aa4e2867a12eb6ea507b9fae4fed1,49706e10b05aa4e2867a12eb6ea507b9fae4fed1,file_not_found,"An error occurred while executing the following cell:
------------------
data_dir = Path(""/home/aseliverstov/projects/brain_signals/data"")
data = pd.read_csv(data_dir / ""EEG_data.csv"")

new_features = []
for lag in LAGS:
    for feature_name in FEATURES:
        new_feature_name = f""{feature_name}_{lag}""
        new_features.append(new_feature_name)
        data[new_feature_name] = data.groupby(IDS)[feature_name].shift(lag).fillna(0)
FEATURES.extend(new_features)

data[""ID""] = (len(np.unique(dat",/home/aseliverstov/projects/brain_signals/data/EEG_data.csv,".gitignore, assets, results, src, notebooks, LICENSE, _out, poetry.lock, pyproject.toml, README.md",False,4.433,3.10.19
6bb52f0637c505526faaa6cfbe8ad0453e1c5b4d1f113ca821448ad7d4a70821,As17-01/brain_signals,notebooks/archieve/embedded/GRUv2_emb2.ipynb,True,/home/asu/reproducibility_of_jupyter_notebooks-1/data/outputs/repositorios_completos/As17-01/brain_signals/49706e10b05aa4e2867a12eb6ea507b9fae4fed1,49706e10b05aa4e2867a12eb6ea507b9fae4fed1,file_not_found,"An error occurred while executing the following cell:
------------------
data_dir = Path(""/home/aseliverstov/projects/brain_signals/data"")
data = pd.read_csv(data_dir / ""EEG_data.csv"")

new_features = []
for lag in LAGS:
    for feature_name in FEATURES:
        new_feature_name = f""{feature_name}_{lag}""
        new_features.append(new_feature_name)
        data[new_feature_name] = data.groupby(IDS)[feature_name].shift(lag).fillna(0)
FEATURES.extend(new_features)

data[""ID""] = (len(np.unique(dat",/home/aseliverstov/projects/brain_signals/data/EEG_data.csv,".gitignore, assets, results, src, notebooks, LICENSE, _out, poetry.lock, pyproject.toml, README.md",False,4.22,3.10.19
68d81e3f60999eadd95f8820ddc23105d6fc2dcec157166a82329988f2fba56c,As17-01/brain_signals,notebooks/archieve/embedded/GRUv2_emb3.ipynb,True,/home/asu/reproducibility_of_jupyter_notebooks-1/data/outputs/repositorios_completos/As17-01/brain_signals/49706e10b05aa4e2867a12eb6ea507b9fae4fed1,49706e10b05aa4e2867a12eb6ea507b9fae4fed1,file_not_found,"An error occurred while executing the following cell:
------------------
data_dir = Path(""/home/aseliverstov/projects/brain_signals/data"")
data = pd.read_csv(data_dir / ""EEG_data.csv"")

new_features = []
for lag in LAGS:
    for feature_name in FEATURES:
        new_feature_name = f""{feature_name}_{lag}""
        new_features.append(new_feature_name)
        data[new_feature_name] = data.groupby(IDS)[feature_name].shift(lag).fillna(0)
FEATURES.extend(new_features)

data[""ID""] = (len(np.unique(dat",/home/aseliverstov/projects/brain_signals/data/EEG_data.csv,".gitignore, assets, results, src, notebooks, LICENSE, _out, poetry.lock, pyproject.toml, README.md",False,4.338,3.10.19
f9c1f81c1f3f532f0993fb5d555a7f001c84fee54e73ec630b85a15f9b2f7a87,As17-01/brain_signals,notebooks/archieve/embedded/GRUv2_emb4.ipynb,True,/home/asu/reproducibility_of_jupyter_notebooks-1/data/outputs/repositorios_completos/As17-01/brain_signals/49706e10b05aa4e2867a12eb6ea507b9fae4fed1,49706e10b05aa4e2867a12eb6ea507b9fae4fed1,file_not_found,"An error occurred while executing the following cell:
------------------
data_dir = Path(""/home/aseliverstov/projects/brain_signals/data"")
data = pd.read_csv(data_dir / ""EEG_data.csv"")

new_features = []
for lag in LAGS:
    for feature_name in FEATURES:
        new_feature_name = f""{feature_name}_{lag}""
        new_features.append(new_feature_name)
        data[new_feature_name] = data.groupby(IDS)[feature_name].shift(lag).fillna(0)
FEATURES.extend(new_features)

if USE_DIFF:
    for feature_na",/home/aseliverstov/projects/brain_signals/data/EEG_data.csv,".gitignore, assets, results, src, notebooks, LICENSE, _out, poetry.lock, pyproject.toml, README.md",False,4.525,3.10.19
b83a736791bd617ee21dba619732c2fdc0ed498674beeef0fa3cb465fe753d28,As17-01/brain_signals,notebooks/archieve/embedded/GRUv2_expanded.ipynb,True,/home/asu/reproducibility_of_jupyter_notebooks-1/data/outputs/repositorios_completos/As17-01/brain_signals/49706e10b05aa4e2867a12eb6ea507b9fae4fed1,49706e10b05aa4e2867a12eb6ea507b9fae4fed1,file_not_found,"An error occurred while executing the following cell:
------------------
data_dir = Path(""/home/aseliverstov/projects/brain_signals/data"")
data = pd.read_csv(data_dir / ""EEG_data.csv"")

data[""ID""] = (len(np.unique(data[""VideoID""])) * data[""SubjectID""] + data[""VideoID""]).astype(""int"")
data = data[ID + USER + FEATURES + TARGET]

data.head(3)
------------------


[0;31m---------------------------------------------------------------------------[0m
[0;31mFileNotFoundError[0m                      ",/home/aseliverstov/projects/brain_signals/data/EEG_data.csv,".gitignore, assets, results, src, notebooks, LICENSE, _out, poetry.lock, pyproject.toml, README.md",False,4.325,3.10.19
7cfd054176913b00ffcfd300a16b6a09a1c9253c208bdcb654ca2e0a9fc6333a,As17-01/brain_signals,notebooks/archieve/embedded/GRUv2_plot.ipynb,True,/home/asu/reproducibility_of_jupyter_notebooks-1/data/outputs/repositorios_completos/As17-01/brain_signals/49706e10b05aa4e2867a12eb6ea507b9fae4fed1,49706e10b05aa4e2867a12eb6ea507b9fae4fed1,file_not_found,"An error occurred while executing the following cell:
------------------
def extract_val_metrics_from_file(file_path):
    epochs = []
    val_accuracy = []
    val_loss = []
    val_auc = []
    
    with open(file_path, 'r') as f:
        for line in f:
            match = re.match(r""Epoch (\d+): VAL Accuracy = ([\d\.]+) Loss = ([\d\.]+) AUC = ([\d\.]+)"", line)
            if match:
                epoch, acc, loss, auc = match.groups()
                epochs.append(int(epoch))
               ",./logs,".gitignore, assets, results, src, notebooks, LICENSE, _out, poetry.lock, pyproject.toml, README.md",False,1.695,3.10.19
a4b2c58bcffbe05efcd1e26878a1cc7296b8545035a5011f1b11a6894c5582ae,As17-01/brain_signals,notebooks/archieve/embedded/LSTMv1.ipynb,True,/home/asu/reproducibility_of_jupyter_notebooks-1/data/outputs/repositorios_completos/As17-01/brain_signals/49706e10b05aa4e2867a12eb6ea507b9fae4fed1,49706e10b05aa4e2867a12eb6ea507b9fae4fed1,file_not_found,"An error occurred while executing the following cell:
------------------
data_dir = Path(""/home/aseliverstov/projects/brain_signals/data"")
data = pd.read_csv(data_dir / ""EEG_data.csv"")

data[""ID""] = (len(np.unique(data[""VideoID""])) * data[""SubjectID""] + data[""VideoID""]).astype(""int"")
data = data[ID + USER + FEATURES + TARGET]

data.head(3)
------------------


[0;31m---------------------------------------------------------------------------[0m
[0;31mFileNotFoundError[0m                      ",/home/aseliverstov/projects/brain_signals/data/EEG_data.csv,".gitignore, assets, results, src, notebooks, LICENSE, _out, poetry.lock, pyproject.toml, README.md",False,4.224,3.10.19
36dabb87eeee7dfa110f401a971cac1a27400051fa88d033e58be12b78d0ca84,As17-01/brain_signals,notebooks/archieve/embedded/LSTMv1_emb1.ipynb,True,/home/asu/reproducibility_of_jupyter_notebooks-1/data/outputs/repositorios_completos/As17-01/brain_signals/49706e10b05aa4e2867a12eb6ea507b9fae4fed1,49706e10b05aa4e2867a12eb6ea507b9fae4fed1,file_not_found,"An error occurred while executing the following cell:
------------------
data_dir = Path(""/home/aseliverstov/projects/brain_signals/data"")
data = pd.read_csv(data_dir / ""EEG_data.csv"")

new_features = []
for lag in LAGS:
    for feature_name in FEATURES:
        new_feature_name = f""{feature_name}_{lag}""
        new_features.append(new_feature_name)
        data[new_feature_name] = data.groupby(IDS)[feature_name].shift(lag).fillna(0)
FEATURES.extend(new_features)

data[""ID""] = (len(np.unique(dat",/home/aseliverstov/projects/brain_signals/data/EEG_data.csv,".gitignore, assets, results, src, notebooks, LICENSE, _out, poetry.lock, pyproject.toml, README.md",False,4.419,3.10.19
ce45bc8ac818de4757f4fa2e153585cb8c20393c64d5acff9bd7b2ff510d93ce,As17-01/brain_signals,notebooks/archieve/embedded/LSTMv1_emb2.ipynb,True,/home/asu/reproducibility_of_jupyter_notebooks-1/data/outputs/repositorios_completos/As17-01/brain_signals/49706e10b05aa4e2867a12eb6ea507b9fae4fed1,49706e10b05aa4e2867a12eb6ea507b9fae4fed1,file_not_found,"An error occurred while executing the following cell:
------------------
data_dir = Path(""/home/aseliverstov/projects/brain_signals/data"")
data = pd.read_csv(data_dir / ""EEG_data.csv"")

new_features = []
for lag in LAGS:
    for feature_name in FEATURES:
        new_feature_name = f""{feature_name}_{lag}""
        new_features.append(new_feature_name)
        data[new_feature_name] = data.groupby(IDS)[feature_name].shift(lag).fillna(0)
FEATURES.extend(new_features)

data[""ID""] = (len(np.unique(dat",/home/aseliverstov/projects/brain_signals/data/EEG_data.csv,".gitignore, assets, results, src, notebooks, LICENSE, _out, poetry.lock, pyproject.toml, README.md",False,4.086,3.10.19
113b80f0eb527a22281b022f988295263ce617946ffdccb50a1c730e55cecbd0,As17-01/brain_signals,notebooks/archieve/embedded/LSTMv1_emb3.ipynb,True,/home/asu/reproducibility_of_jupyter_notebooks-1/data/outputs/repositorios_completos/As17-01/brain_signals/49706e10b05aa4e2867a12eb6ea507b9fae4fed1,49706e10b05aa4e2867a12eb6ea507b9fae4fed1,file_not_found,"An error occurred while executing the following cell:
------------------
data_dir = Path(""/home/aseliverstov/projects/brain_signals/data"")
data = pd.read_csv(data_dir / ""EEG_data.csv"")

new_features = []
for lag in LAGS:
    for feature_name in FEATURES:
        new_feature_name = f""{feature_name}_{lag}""
        new_features.append(new_feature_name)
        data[new_feature_name] = data.groupby(IDS)[feature_name].shift(lag).fillna(0)
FEATURES.extend(new_features)

data[""ID""] = (len(np.unique(dat",/home/aseliverstov/projects/brain_signals/data/EEG_data.csv,".gitignore, assets, results, src, notebooks, LICENSE, _out, poetry.lock, pyproject.toml, README.md",False,4.191,3.10.19
511721d35c24b47570287fdc5d995c527dfdcfdc7199a41aac4a599b39ab6852,As17-01/brain_signals,notebooks/archieve/embedded/LSTMv1_emb4.ipynb,True,/home/asu/reproducibility_of_jupyter_notebooks-1/data/outputs/repositorios_completos/As17-01/brain_signals/49706e10b05aa4e2867a12eb6ea507b9fae4fed1,49706e10b05aa4e2867a12eb6ea507b9fae4fed1,file_not_found,"An error occurred while executing the following cell:
------------------
data_dir = Path(""/home/aseliverstov/projects/brain_signals/data"")
data = pd.read_csv(data_dir / ""EEG_data.csv"")

new_features = []
for lag in LAGS:
    for feature_name in FEATURES:
        new_feature_name = f""{feature_name}_{lag}""
        new_features.append(new_feature_name)
        data[new_feature_name] = data.groupby(IDS)[feature_name].shift(lag).fillna(0)
FEATURES.extend(new_features)

if USE_DIFF:
    for feature_na",/home/aseliverstov/projects/brain_signals/data/EEG_data.csv,".gitignore, assets, results, src, notebooks, LICENSE, _out, poetry.lock, pyproject.toml, README.md",False,4.116,3.10.19
60e95fd06ae906ab6e63e8d2384981432bb4a81515d78f0640967332fdb910e2,As17-01/brain_signals,notebooks/archieve/embedded/LSTMv1_plot.ipynb,True,/home/asu/reproducibility_of_jupyter_notebooks-1/data/outputs/repositorios_completos/As17-01/brain_signals/49706e10b05aa4e2867a12eb6ea507b9fae4fed1,49706e10b05aa4e2867a12eb6ea507b9fae4fed1,file_not_found,"An error occurred while executing the following cell:
------------------
def extract_val_metrics_from_file(file_path):
    epochs = []
    val_accuracy = []
    val_loss = []
    val_auc = []
    
    with open(file_path, 'r') as f:
        for line in f:
            match = re.match(r""Epoch (\d+): VAL Accuracy = ([\d\.]+) Loss = ([\d\.]+) AUC = ([\d\.]+)"", line)
            if match:
                epoch, acc, loss, auc = match.groups()
                epochs.append(int(epoch))
               ",./logs,".gitignore, assets, results, src, notebooks, LICENSE, _out, poetry.lock, pyproject.toml, README.md",False,1.559,3.10.19
330abbdb0c0f18dc0c474fd5a5e3a87b66b9045456979f280ac28912f76e96c7,As17-01/brain_signals,notebooks/archieve/embedded/LSTMv2.ipynb,True,/home/asu/reproducibility_of_jupyter_notebooks-1/data/outputs/repositorios_completos/As17-01/brain_signals/49706e10b05aa4e2867a12eb6ea507b9fae4fed1,49706e10b05aa4e2867a12eb6ea507b9fae4fed1,file_not_found,"An error occurred while executing the following cell:
------------------
data_dir = Path(""/home/aseliverstov/projects/brain_signals/data"")
data = pd.read_csv(data_dir / ""EEG_data.csv"")

data[""ID""] = (len(np.unique(data[""VideoID""])) * data[""SubjectID""] + data[""VideoID""]).astype(""int"")
data = data[ID + USER + FEATURES + TARGET]

data.head(3)
------------------


[0;31m---------------------------------------------------------------------------[0m
[0;31mFileNotFoundError[0m                      ",/home/aseliverstov/projects/brain_signals/data/EEG_data.csv,".gitignore, assets, results, src, notebooks, LICENSE, _out, poetry.lock, pyproject.toml, README.md",False,4.235,3.10.19
c7401cecfd08a93b5dffb0b5299d6ca56792e6432db8792bc205db46565c8dd6,As17-01/brain_signals,notebooks/archieve/embedded/LSTMv2_conv.ipynb,True,/home/asu/reproducibility_of_jupyter_notebooks-1/data/outputs/repositorios_completos/As17-01/brain_signals/49706e10b05aa4e2867a12eb6ea507b9fae4fed1,49706e10b05aa4e2867a12eb6ea507b9fae4fed1,file_not_found,"An error occurred while executing the following cell:
------------------
data_dir = Path(""/home/aseliverstov/projects/brain_signals/data"")
data = pd.read_csv(data_dir / ""EEG_data.csv"")

data[""ID""] = (len(np.unique(data[""VideoID""])) * data[""SubjectID""] + data[""VideoID""]).astype(""int"")
data = data[ID + USER + FEATURES + TARGET]

data.head(3)
------------------


[0;31m---------------------------------------------------------------------------[0m
[0;31mFileNotFoundError[0m                      ",/home/aseliverstov/projects/brain_signals/data/EEG_data.csv,".gitignore, assets, results, src, notebooks, LICENSE, _out, poetry.lock, pyproject.toml, README.md",False,4.14,3.10.19
319ffbaf2b8f2b5f5ee142c7ee8374a364d492b65095c12fad8dcb666458aef4,As17-01/brain_signals,notebooks/archieve/embedded/LSTMv2_conv2.ipynb,True,/home/asu/reproducibility_of_jupyter_notebooks-1/data/outputs/repositorios_completos/As17-01/brain_signals/49706e10b05aa4e2867a12eb6ea507b9fae4fed1,49706e10b05aa4e2867a12eb6ea507b9fae4fed1,file_not_found,"An error occurred while executing the following cell:
------------------
data_dir = Path(""/home/aseliverstov/projects/brain_signals/data"")
data = pd.read_csv(data_dir / ""EEG_data.csv"")

data[""ID""] = (len(np.unique(data[""VideoID""])) * data[""SubjectID""] + data[""VideoID""]).astype(""int"")
data = data[ID + USER + FEATURES + TARGET]

data.head(3)
------------------


[0;31m---------------------------------------------------------------------------[0m
[0;31mFileNotFoundError[0m                      ",/home/aseliverstov/projects/brain_signals/data/EEG_data.csv,".gitignore, assets, results, src, notebooks, LICENSE, _out, poetry.lock, pyproject.toml, README.md",False,4.148,3.10.19
37655e8f566034bae2f5a88a0328dbe2208051a693aed9606b4b5f163f08c345,As17-01/brain_signals,notebooks/archieve/embedded/LSTMv2_conv_expanded.ipynb,True,/home/asu/reproducibility_of_jupyter_notebooks-1/data/outputs/repositorios_completos/As17-01/brain_signals/49706e10b05aa4e2867a12eb6ea507b9fae4fed1,49706e10b05aa4e2867a12eb6ea507b9fae4fed1,file_not_found,"An error occurred while executing the following cell:
------------------
data_dir = Path(""/home/aseliverstov/projects/brain_signals/data"")
data = pd.read_csv(data_dir / ""EEG_data.csv"")

data[""ID""] = (len(np.unique(data[""VideoID""])) * data[""SubjectID""] + data[""VideoID""]).astype(""int"")
data = data[ID + USER + FEATURES + TARGET]

data.head(3)
------------------


[0;31m---------------------------------------------------------------------------[0m
[0;31mFileNotFoundError[0m                      ",/home/aseliverstov/projects/brain_signals/data/EEG_data.csv,".gitignore, assets, results, src, notebooks, LICENSE, _out, poetry.lock, pyproject.toml, README.md",False,4.47,3.10.19
47e293285bc58ffe8d814bde08199e782c94e452f396b4a8426b326993e9e489,As17-01/brain_signals,notebooks/archieve/embedded/LSTMv2_emb1.ipynb,True,/home/asu/reproducibility_of_jupyter_notebooks-1/data/outputs/repositorios_completos/As17-01/brain_signals/49706e10b05aa4e2867a12eb6ea507b9fae4fed1,49706e10b05aa4e2867a12eb6ea507b9fae4fed1,file_not_found,"An error occurred while executing the following cell:
------------------
data_dir = Path(""/home/aseliverstov/projects/brain_signals/data"")
data = pd.read_csv(data_dir / ""EEG_data.csv"")

new_features = []
for lag in LAGS:
    for feature_name in FEATURES:
        new_feature_name = f""{feature_name}_{lag}""
        new_features.append(new_feature_name)
        data[new_feature_name] = data.groupby(IDS)[feature_name].shift(lag).fillna(0)
FEATURES.extend(new_features)

data[""ID""] = (len(np.unique(dat",/home/aseliverstov/projects/brain_signals/data/EEG_data.csv,".gitignore, assets, results, src, notebooks, LICENSE, _out, poetry.lock, pyproject.toml, README.md",False,4.174,3.10.19
49930e800c2ae4e8ffdc23be7b554191c2286eae63647db929f560234cb5fc25,As17-01/brain_signals,notebooks/archieve/embedded/LSTMv2_emb1_expanded.ipynb,True,/home/asu/reproducibility_of_jupyter_notebooks-1/data/outputs/repositorios_completos/As17-01/brain_signals/49706e10b05aa4e2867a12eb6ea507b9fae4fed1,49706e10b05aa4e2867a12eb6ea507b9fae4fed1,file_not_found,"An error occurred while executing the following cell:
------------------
data_dir = Path(""/home/aseliverstov/projects/brain_signals/data"")
data = pd.read_csv(data_dir / ""EEG_data.csv"")

new_features = []
for lag in LAGS:
    for feature_name in FEATURES:
        new_feature_name = f""{feature_name}_{lag}""
        new_features.append(new_feature_name)
        data[new_feature_name] = data.groupby(IDS)[feature_name].shift(lag).fillna(0)
FEATURES.extend(new_features)

data[""ID""] = (len(np.unique(dat",/home/aseliverstov/projects/brain_signals/data/EEG_data.csv,".gitignore, assets, results, src, notebooks, LICENSE, _out, poetry.lock, pyproject.toml, README.md",False,4.073,3.10.19
644fa10e7baa411a478044d7c1f79acd5bd649046bfcdd4f973c42cdc57a3f25,As17-01/brain_signals,notebooks/archieve/embedded/LSTMv2_emb2.ipynb,True,/home/asu/reproducibility_of_jupyter_notebooks-1/data/outputs/repositorios_completos/As17-01/brain_signals/49706e10b05aa4e2867a12eb6ea507b9fae4fed1,49706e10b05aa4e2867a12eb6ea507b9fae4fed1,file_not_found,"An error occurred while executing the following cell:
------------------
data_dir = Path(""/home/aseliverstov/projects/brain_signals/data"")
data = pd.read_csv(data_dir / ""EEG_data.csv"")

new_features = []
for lag in LAGS:
    for feature_name in FEATURES:
        new_feature_name = f""{feature_name}_{lag}""
        new_features.append(new_feature_name)
        data[new_feature_name] = data.groupby(IDS)[feature_name].shift(lag).fillna(0)
FEATURES.extend(new_features)

data[""ID""] = (len(np.unique(dat",/home/aseliverstov/projects/brain_signals/data/EEG_data.csv,".gitignore, assets, results, src, notebooks, LICENSE, _out, poetry.lock, pyproject.toml, README.md",False,3.99,3.10.19
d3bdd6bbbe574ed862dd07d8d9c44007c7139c9eb85ce671ca5d50b9d68d3a6b,As17-01/brain_signals,notebooks/archieve/embedded/LSTMv2_emb3.ipynb,True,/home/asu/reproducibility_of_jupyter_notebooks-1/data/outputs/repositorios_completos/As17-01/brain_signals/49706e10b05aa4e2867a12eb6ea507b9fae4fed1,49706e10b05aa4e2867a12eb6ea507b9fae4fed1,file_not_found,"An error occurred while executing the following cell:
------------------
data_dir = Path(""/home/aseliverstov/projects/brain_signals/data"")
data = pd.read_csv(data_dir / ""EEG_data.csv"")

new_features = []
for lag in LAGS:
    for feature_name in FEATURES:
        new_feature_name = f""{feature_name}_{lag}""
        new_features.append(new_feature_name)
        data[new_feature_name] = data.groupby(IDS)[feature_name].shift(lag).fillna(0)
FEATURES.extend(new_features)

data[""ID""] = (len(np.unique(dat",/home/aseliverstov/projects/brain_signals/data/EEG_data.csv,".gitignore, assets, results, src, notebooks, LICENSE, _out, poetry.lock, pyproject.toml, README.md",False,4.26,3.10.19
0033813e43938d90787beb6089f3a29c2068526305d16cc63fe5e62c78e367aa,As17-01/brain_signals,notebooks/archieve/embedded/LSTMv2_emb4.ipynb,True,/home/asu/reproducibility_of_jupyter_notebooks-1/data/outputs/repositorios_completos/As17-01/brain_signals/49706e10b05aa4e2867a12eb6ea507b9fae4fed1,49706e10b05aa4e2867a12eb6ea507b9fae4fed1,file_not_found,"An error occurred while executing the following cell:
------------------
data_dir = Path(""/home/aseliverstov/projects/brain_signals/data"")
data = pd.read_csv(data_dir / ""EEG_data.csv"")

new_features = []
for lag in LAGS:
    for feature_name in FEATURES:
        new_feature_name = f""{feature_name}_{lag}""
        new_features.append(new_feature_name)
        data[new_feature_name] = data.groupby(IDS)[feature_name].shift(lag).fillna(0)
FEATURES.extend(new_features)

if USE_DIFF:
    for feature_na",/home/aseliverstov/projects/brain_signals/data/EEG_data.csv,".gitignore, assets, results, src, notebooks, LICENSE, _out, poetry.lock, pyproject.toml, README.md",False,4.213,3.10.19
aea04662572daa0f1705ebd3f943e459e7cbb2fbdefc53204e287c3230cfe988,As17-01/brain_signals,notebooks/archieve/embedded/LSTMv2_expanded.ipynb,True,/home/asu/reproducibility_of_jupyter_notebooks-1/data/outputs/repositorios_completos/As17-01/brain_signals/49706e10b05aa4e2867a12eb6ea507b9fae4fed1,49706e10b05aa4e2867a12eb6ea507b9fae4fed1,file_not_found,"An error occurred while executing the following cell:
------------------
data_dir = Path(""/home/aseliverstov/projects/brain_signals/data"")
data = pd.read_csv(data_dir / ""EEG_data.csv"")

data[""ID""] = (len(np.unique(data[""VideoID""])) * data[""SubjectID""] + data[""VideoID""]).astype(""int"")
data = data[ID + USER + FEATURES + TARGET]

data.head(3)
------------------


[0;31m---------------------------------------------------------------------------[0m
[0;31mFileNotFoundError[0m                      ",/home/aseliverstov/projects/brain_signals/data/EEG_data.csv,".gitignore, assets, results, src, notebooks, LICENSE, _out, poetry.lock, pyproject.toml, README.md",False,3.919,3.10.19
6295c18ab9415ed023588a0aef621d001f692da18ca5e8f0ea0eb260c6eb00ff,As17-01/brain_signals,notebooks/archieve/embedded/LSTMv2_plot.ipynb,True,/home/asu/reproducibility_of_jupyter_notebooks-1/data/outputs/repositorios_completos/As17-01/brain_signals/49706e10b05aa4e2867a12eb6ea507b9fae4fed1,49706e10b05aa4e2867a12eb6ea507b9fae4fed1,file_not_found,"An error occurred while executing the following cell:
------------------
def extract_val_metrics_from_file(file_path):
    epochs = []
    val_accuracy = []
    val_loss = []
    val_auc = []
    
    with open(file_path, 'r') as f:
        for line in f:
            match = re.match(r""Epoch (\d+): VAL Accuracy = ([\d\.]+) Loss = ([\d\.]+) AUC = ([\d\.]+)"", line)
            if match:
                epoch, acc, loss, auc = match.groups()
                epochs.append(int(epoch))
               ",./logs,".gitignore, assets, results, src, notebooks, LICENSE, _out, poetry.lock, pyproject.toml, README.md",False,1.471,3.10.19
f876e471a621f8e7792a8d85f802dcf907924dd6c535fcffe4f6f23697478378,As17-01/brain_signals,notebooks/archieve/embedded/Linearv1_expanded.ipynb,True,/home/asu/reproducibility_of_jupyter_notebooks-1/data/outputs/repositorios_completos/As17-01/brain_signals/49706e10b05aa4e2867a12eb6ea507b9fae4fed1,49706e10b05aa4e2867a12eb6ea507b9fae4fed1,file_not_found,"An error occurred while executing the following cell:
------------------
data_dir = Path(""/home/aseliverstov/projects/brain_signals/data"")
data = pd.read_csv(data_dir / ""EEG_data.csv"")

data[""ID""] = (len(np.unique(data[""VideoID""])) * data[""SubjectID""] + data[""VideoID""]).astype(""int"")
data = data[ID + USER + FEATURES + TARGET]

data.head(3)
------------------


[0;31m---------------------------------------------------------------------------[0m
[0;31mFileNotFoundError[0m                      ",/home/aseliverstov/projects/brain_signals/data/EEG_data.csv,".gitignore, assets, results, src, notebooks, LICENSE, _out, poetry.lock, pyproject.toml, README.md",False,4.087,3.10.19
cbb0c61ef1927dbe868dcd10c388554de831018b84cd1b7dcddf4ec960f5d16f,As17-01/brain_signals,notebooks/archieve/embedded/Liquidv1.ipynb,True,/home/asu/reproducibility_of_jupyter_notebooks-1/data/outputs/repositorios_completos/As17-01/brain_signals/49706e10b05aa4e2867a12eb6ea507b9fae4fed1,49706e10b05aa4e2867a12eb6ea507b9fae4fed1,file_not_found,"An error occurred while executing the following cell:
------------------
data_dir = Path(""/home/aseliverstov/projects/brain_signals/data"")
data = pd.read_csv(data_dir / ""EEG_data.csv"")

data[""ID""] = (len(np.unique(data[""VideoID""])) * data[""SubjectID""] + data[""VideoID""]).astype(""int"")
data = data[ID + USER + FEATURES + TARGET]

data.head(3)
------------------


[0;31m---------------------------------------------------------------------------[0m
[0;31mFileNotFoundError[0m                      ",/home/aseliverstov/projects/brain_signals/data/EEG_data.csv,".gitignore, assets, results, src, notebooks, LICENSE, _out, poetry.lock, pyproject.toml, README.md",False,4.489,3.10.19
12faea6f5c95bf1abae6c92fb03271e9e3d8169a6361c3f73a97172efaf0fc8a,As17-01/brain_signals,notebooks/archieve/embedded/Liquidv1_emb1.ipynb,True,/home/asu/reproducibility_of_jupyter_notebooks-1/data/outputs/repositorios_completos/As17-01/brain_signals/49706e10b05aa4e2867a12eb6ea507b9fae4fed1,49706e10b05aa4e2867a12eb6ea507b9fae4fed1,file_not_found,"An error occurred while executing the following cell:
------------------
data_dir = Path(""/home/aseliverstov/projects/brain_signals/data"")
data = pd.read_csv(data_dir / ""EEG_data.csv"")

new_features = []
for lag in LAGS:
    for feature_name in FEATURES:
        new_feature_name = f""{feature_name}_{lag}""
        new_features.append(new_feature_name)
        data[new_feature_name] = data.groupby(IDS)[feature_name].shift(lag).fillna(0)
FEATURES.extend(new_features)

data[""ID""] = (len(np.unique(dat",/home/aseliverstov/projects/brain_signals/data/EEG_data.csv,".gitignore, assets, results, src, notebooks, LICENSE, _out, poetry.lock, pyproject.toml, README.md",False,4.49,3.10.19
29b254a93e01f4a984c26c478ce847321d54f30022c34eaac9aefe8c90a140b6,As17-01/brain_signals,notebooks/archieve/embedded/Liquidv1_emb2.ipynb,True,/home/asu/reproducibility_of_jupyter_notebooks-1/data/outputs/repositorios_completos/As17-01/brain_signals/49706e10b05aa4e2867a12eb6ea507b9fae4fed1,49706e10b05aa4e2867a12eb6ea507b9fae4fed1,file_not_found,"An error occurred while executing the following cell:
------------------
data_dir = Path(""/home/aseliverstov/projects/brain_signals/data"")
data = pd.read_csv(data_dir / ""EEG_data.csv"")

new_features = []
for lag in LAGS:
    for feature_name in FEATURES:
        new_feature_name = f""{feature_name}_{lag}""
        new_features.append(new_feature_name)
        data[new_feature_name] = data.groupby(IDS)[feature_name].shift(lag).fillna(0)
FEATURES.extend(new_features)

data[""ID""] = (len(np.unique(dat",/home/aseliverstov/projects/brain_signals/data/EEG_data.csv,".gitignore, assets, results, src, notebooks, LICENSE, _out, poetry.lock, pyproject.toml, README.md",False,3.925,3.10.19
7fc571434509ff9edcd8bf67d9707534d4a06e1f7ee69c640df240839dd80d85,As17-01/brain_signals,notebooks/archieve/embedded/Liquidv1_emb3.ipynb,True,/home/asu/reproducibility_of_jupyter_notebooks-1/data/outputs/repositorios_completos/As17-01/brain_signals/49706e10b05aa4e2867a12eb6ea507b9fae4fed1,49706e10b05aa4e2867a12eb6ea507b9fae4fed1,file_not_found,"An error occurred while executing the following cell:
------------------
data_dir = Path(""/home/aseliverstov/projects/brain_signals/data"")
data = pd.read_csv(data_dir / ""EEG_data.csv"")

new_features = []
for lag in LAGS:
    for feature_name in FEATURES:
        new_feature_name = f""{feature_name}_{lag}""
        new_features.append(new_feature_name)
        data[new_feature_name] = data.groupby(IDS)[feature_name].shift(lag).fillna(0)
FEATURES.extend(new_features)

data[""ID""] = (len(np.unique(dat",/home/aseliverstov/projects/brain_signals/data/EEG_data.csv,".gitignore, assets, results, src, notebooks, LICENSE, _out, poetry.lock, pyproject.toml, README.md",False,3.899,3.10.19
c93b6159869da3cb48a99ce58aaf0a197c0f5e4279036710962ed5bcc02a687d,As17-01/brain_signals,notebooks/archieve/embedded/Liquidv1_emb4.ipynb,True,/home/asu/reproducibility_of_jupyter_notebooks-1/data/outputs/repositorios_completos/As17-01/brain_signals/49706e10b05aa4e2867a12eb6ea507b9fae4fed1,49706e10b05aa4e2867a12eb6ea507b9fae4fed1,file_not_found,"An error occurred while executing the following cell:
------------------
data_dir = Path(""/home/aseliverstov/projects/brain_signals/data"")
data = pd.read_csv(data_dir / ""EEG_data.csv"")

new_features = []
for lag in LAGS:
    for feature_name in FEATURES:
        new_feature_name = f""{feature_name}_{lag}""
        new_features.append(new_feature_name)
        data[new_feature_name] = data.groupby(IDS)[feature_name].shift(lag).fillna(0)
FEATURES.extend(new_features)

if USE_DIFF:
    for feature_na",/home/aseliverstov/projects/brain_signals/data/EEG_data.csv,".gitignore, assets, results, src, notebooks, LICENSE, _out, poetry.lock, pyproject.toml, README.md",False,4.028,3.10.19
8f314e62fc09466e0117d41ce3cd7256cf9463972aa2374b2146218cda726bba,As17-01/brain_signals,notebooks/archieve/embedded/Liquidv1_plot.ipynb,True,/home/asu/reproducibility_of_jupyter_notebooks-1/data/outputs/repositorios_completos/As17-01/brain_signals/49706e10b05aa4e2867a12eb6ea507b9fae4fed1,49706e10b05aa4e2867a12eb6ea507b9fae4fed1,file_not_found,"An error occurred while executing the following cell:
------------------
def extract_val_metrics_from_file(file_path):
    epochs = []
    val_accuracy = []
    val_loss = []
    val_auc = []
    
    with open(file_path, 'r') as f:
        for line in f:
            match = re.match(r""Epoch (\d+): VAL Accuracy = ([\d\.]+) Loss = ([\d\.]+) AUC = ([\d\.]+)"", line)
            if match:
                epoch, acc, loss, auc = match.groups()
                epochs.append(int(epoch))
               ",./logs,".gitignore, assets, results, src, notebooks, LICENSE, _out, poetry.lock, pyproject.toml, README.md",False,1.465,3.10.19
0d58c2f778cf76bd117b556345b314cb56ad7caa99b1854543e59d1a1a1ebdd1,As17-01/brain_signals,notebooks/archieve/embedded/Liquidv2.ipynb,True,/home/asu/reproducibility_of_jupyter_notebooks-1/data/outputs/repositorios_completos/As17-01/brain_signals/49706e10b05aa4e2867a12eb6ea507b9fae4fed1,49706e10b05aa4e2867a12eb6ea507b9fae4fed1,file_not_found,"An error occurred while executing the following cell:
------------------
data_dir = Path(""/home/aseliverstov/projects/brain_signals/data"")
data = pd.read_csv(data_dir / ""EEG_data.csv"")

data[""ID""] = (len(np.unique(data[""VideoID""])) * data[""SubjectID""] + data[""VideoID""]).astype(""int"")
data = data[ID + USER + FEATURES + TARGET]

data.head(3)
------------------


[0;31m---------------------------------------------------------------------------[0m
[0;31mFileNotFoundError[0m                      ",/home/aseliverstov/projects/brain_signals/data/EEG_data.csv,".gitignore, assets, results, src, notebooks, LICENSE, _out, poetry.lock, pyproject.toml, README.md",False,3.944,3.10.19
8ba95e4d72410ddbf280119982e5820579e191b79b2e96a514ba6fccdca52788,As17-01/brain_signals,notebooks/archieve/embedded/Liquidv2_emb1.ipynb,True,/home/asu/reproducibility_of_jupyter_notebooks-1/data/outputs/repositorios_completos/As17-01/brain_signals/49706e10b05aa4e2867a12eb6ea507b9fae4fed1,49706e10b05aa4e2867a12eb6ea507b9fae4fed1,file_not_found,"An error occurred while executing the following cell:
------------------
data_dir = Path(""/home/aseliverstov/projects/brain_signals/data"")
data = pd.read_csv(data_dir / ""EEG_data.csv"")

new_features = []
for lag in LAGS:
    for feature_name in FEATURES:
        new_feature_name = f""{feature_name}_{lag}""
        new_features.append(new_feature_name)
        data[new_feature_name] = data.groupby(IDS)[feature_name].shift(lag).fillna(0)
FEATURES.extend(new_features)

data[""ID""] = (len(np.unique(dat",/home/aseliverstov/projects/brain_signals/data/EEG_data.csv,".gitignore, assets, results, src, notebooks, LICENSE, _out, poetry.lock, pyproject.toml, README.md",False,4.14,3.10.19
d7227316e2eb5313704ad5bbc9aa2e0e39abb8aa02ca2fa2b218bfdb310c7015,As17-01/brain_signals,notebooks/archieve/embedded/Liquidv2_emb2.ipynb,True,/home/asu/reproducibility_of_jupyter_notebooks-1/data/outputs/repositorios_completos/As17-01/brain_signals/49706e10b05aa4e2867a12eb6ea507b9fae4fed1,49706e10b05aa4e2867a12eb6ea507b9fae4fed1,file_not_found,"An error occurred while executing the following cell:
------------------
data_dir = Path(""/home/aseliverstov/projects/brain_signals/data"")
data = pd.read_csv(data_dir / ""EEG_data.csv"")

new_features = []
for lag in LAGS:
    for feature_name in FEATURES:
        new_feature_name = f""{feature_name}_{lag}""
        new_features.append(new_feature_name)
        data[new_feature_name] = data.groupby(IDS)[feature_name].shift(lag).fillna(0)
FEATURES.extend(new_features)

data[""ID""] = (len(np.unique(dat",/home/aseliverstov/projects/brain_signals/data/EEG_data.csv,".gitignore, assets, results, src, notebooks, LICENSE, _out, poetry.lock, pyproject.toml, README.md",False,4.2,3.10.19
a72a54d40e16d7a40b34dc6db41047795ad90ad4c8f654abca6db2f180af40ff,As17-01/brain_signals,notebooks/archieve/embedded/Liquidv2_emb3.ipynb,True,/home/asu/reproducibility_of_jupyter_notebooks-1/data/outputs/repositorios_completos/As17-01/brain_signals/49706e10b05aa4e2867a12eb6ea507b9fae4fed1,49706e10b05aa4e2867a12eb6ea507b9fae4fed1,file_not_found,"An error occurred while executing the following cell:
------------------
data_dir = Path(""/home/aseliverstov/projects/brain_signals/data"")
data = pd.read_csv(data_dir / ""EEG_data.csv"")

new_features = []
for lag in LAGS:
    for feature_name in FEATURES:
        new_feature_name = f""{feature_name}_{lag}""
        new_features.append(new_feature_name)
        data[new_feature_name] = data.groupby(IDS)[feature_name].shift(lag).fillna(0)
FEATURES.extend(new_features)

data[""ID""] = (len(np.unique(dat",/home/aseliverstov/projects/brain_signals/data/EEG_data.csv,".gitignore, assets, results, src, notebooks, LICENSE, _out, poetry.lock, pyproject.toml, README.md",False,4.101,3.10.19
9fb85fa18802cc0e0d663eee38f5c5ca64266c740962272903f02806e13b1ff4,As17-01/brain_signals,notebooks/archieve/embedded/Liquidv2_emb4.ipynb,True,/home/asu/reproducibility_of_jupyter_notebooks-1/data/outputs/repositorios_completos/As17-01/brain_signals/49706e10b05aa4e2867a12eb6ea507b9fae4fed1,49706e10b05aa4e2867a12eb6ea507b9fae4fed1,file_not_found,"An error occurred while executing the following cell:
------------------
data_dir = Path(""/home/aseliverstov/projects/brain_signals/data"")
data = pd.read_csv(data_dir / ""EEG_data.csv"")

new_features = []
for lag in LAGS:
    for feature_name in FEATURES:
        new_feature_name = f""{feature_name}_{lag}""
        new_features.append(new_feature_name)
        data[new_feature_name] = data.groupby(IDS)[feature_name].shift(lag).fillna(0)
FEATURES.extend(new_features)

if USE_DIFF:
    for feature_na",/home/aseliverstov/projects/brain_signals/data/EEG_data.csv,".gitignore, assets, results, src, notebooks, LICENSE, _out, poetry.lock, pyproject.toml, README.md",False,4.169,3.10.19
85ba8ba048a284ef752b2d13ff7d3461cf0dec73c17b68b2aa6c72004346617e,As17-01/brain_signals,notebooks/archieve/embedded/Liquidv2_plot.ipynb,True,/home/asu/reproducibility_of_jupyter_notebooks-1/data/outputs/repositorios_completos/As17-01/brain_signals/49706e10b05aa4e2867a12eb6ea507b9fae4fed1,49706e10b05aa4e2867a12eb6ea507b9fae4fed1,file_not_found,"An error occurred while executing the following cell:
------------------
def extract_val_metrics_from_file(file_path):
    epochs = []
    val_accuracy = []
    val_loss = []
    val_auc = []
    
    with open(file_path, 'r') as f:
        for line in f:
            match = re.match(r""Epoch (\d+): VAL Accuracy = ([\d\.]+) Loss = ([\d\.]+) AUC = ([\d\.]+)"", line)
            if match:
                epoch, acc, loss, auc = match.groups()
                epochs.append(int(epoch))
               ",./logs,".gitignore, assets, results, src, notebooks, LICENSE, _out, poetry.lock, pyproject.toml, README.md",False,1.581,3.10.19
24933d78b1e29e8575845412f8f9f8df3b34f6cb0cf7ce182b8d514149c5be0d,As17-01/brain_signals,notebooks/archieve/embedded/Liquidv3.ipynb,True,/home/asu/reproducibility_of_jupyter_notebooks-1/data/outputs/repositorios_completos/As17-01/brain_signals/49706e10b05aa4e2867a12eb6ea507b9fae4fed1,49706e10b05aa4e2867a12eb6ea507b9fae4fed1,file_not_found,"An error occurred while executing the following cell:
------------------
data_dir = Path(""/home/aseliverstov/projects/brain_signals/data"")
data = pd.read_csv(data_dir / ""EEG_data.csv"")

data[""ID""] = (len(np.unique(data[""VideoID""])) * data[""SubjectID""] + data[""VideoID""]).astype(""int"")
data = data[ID + USER + FEATURES + TARGET]

data.head(3)
------------------


[0;31m---------------------------------------------------------------------------[0m
[0;31mFileNotFoundError[0m                      ",/home/aseliverstov/projects/brain_signals/data/EEG_data.csv,".gitignore, assets, results, src, notebooks, LICENSE, _out, poetry.lock, pyproject.toml, README.md",False,3.928,3.10.19
418eedc1a73b8bbff2dfcdad6278eab1a6e0330611a753bb57771111e561130c,As17-01/brain_signals,notebooks/archieve/embedded/Liquidv3_conv.ipynb,True,/home/asu/reproducibility_of_jupyter_notebooks-1/data/outputs/repositorios_completos/As17-01/brain_signals/49706e10b05aa4e2867a12eb6ea507b9fae4fed1,49706e10b05aa4e2867a12eb6ea507b9fae4fed1,file_not_found,"An error occurred while executing the following cell:
------------------
data_dir = Path(""/home/aseliverstov/projects/brain_signals/data"")
data = pd.read_csv(data_dir / ""EEG_data.csv"")

new_features = []
for lag in LAGS:
    for feature_name in FEATURES:
        new_feature_name = f""{feature_name}_{lag}""
        new_features.append(new_feature_name)
        data[new_feature_name] = data.groupby(IDS)[feature_name].shift(lag).fillna(0)
FEATURES.extend(new_features)

data[""ID""] = (len(np.unique(dat",/home/aseliverstov/projects/brain_signals/data/EEG_data.csv,".gitignore, assets, results, src, notebooks, LICENSE, _out, poetry.lock, pyproject.toml, README.md",False,3.908,3.10.19
edf0b8f118629b2b8094d359fb7469a04e50abce6ae72fe5d7a5335dd46d7cc4,As17-01/brain_signals,notebooks/archieve/embedded/Liquidv3_emb1.ipynb,True,/home/asu/reproducibility_of_jupyter_notebooks-1/data/outputs/repositorios_completos/As17-01/brain_signals/49706e10b05aa4e2867a12eb6ea507b9fae4fed1,49706e10b05aa4e2867a12eb6ea507b9fae4fed1,file_not_found,"An error occurred while executing the following cell:
------------------
data_dir = Path(""/home/aseliverstov/projects/brain_signals/data"")
data = pd.read_csv(data_dir / ""EEG_data.csv"")

new_features = []
for lag in LAGS:
    for feature_name in FEATURES:
        new_feature_name = f""{feature_name}_{lag}""
        new_features.append(new_feature_name)
        data[new_feature_name] = data.groupby(IDS)[feature_name].shift(lag).fillna(0)
FEATURES.extend(new_features)

data[""ID""] = (len(np.unique(dat",/home/aseliverstov/projects/brain_signals/data/EEG_data.csv,".gitignore, assets, results, src, notebooks, LICENSE, _out, poetry.lock, pyproject.toml, README.md",False,3.977,3.10.19
a26d8094389b4f09ed58c3e452a898b087cf59243fc8342cb6cd840b541e1c10,As17-01/brain_signals,notebooks/archieve/embedded/Liquidv3_emb1_expanded.ipynb,True,/home/asu/reproducibility_of_jupyter_notebooks-1/data/outputs/repositorios_completos/As17-01/brain_signals/49706e10b05aa4e2867a12eb6ea507b9fae4fed1,49706e10b05aa4e2867a12eb6ea507b9fae4fed1,file_not_found,"An error occurred while executing the following cell:
------------------
data_dir = Path(""/home/aseliverstov/projects/brain_signals/data"")
data = pd.read_csv(data_dir / ""EEG_data.csv"")

new_features = []
for lag in LAGS:
    for feature_name in FEATURES:
        new_feature_name = f""{feature_name}_{lag}""
        new_features.append(new_feature_name)
        data[new_feature_name] = data.groupby(IDS)[feature_name].shift(lag).fillna(0)
FEATURES.extend(new_features)

data[""ID""] = (len(np.unique(dat",/home/aseliverstov/projects/brain_signals/data/EEG_data.csv,".gitignore, assets, results, src, notebooks, LICENSE, _out, poetry.lock, pyproject.toml, README.md",False,3.901,3.10.19
987c1cd2032d5ff8079c36157b26f0ca7f77c9dbe55b0d6bad9c22fe0faa0fcf,As17-01/brain_signals,notebooks/archieve/embedded/Liquidv3_expanded.ipynb,True,/home/asu/reproducibility_of_jupyter_notebooks-1/data/outputs/repositorios_completos/As17-01/brain_signals/49706e10b05aa4e2867a12eb6ea507b9fae4fed1,49706e10b05aa4e2867a12eb6ea507b9fae4fed1,file_not_found,"An error occurred while executing the following cell:
------------------
data_dir = Path(""/home/aseliverstov/projects/brain_signals/data"")
data = pd.read_csv(data_dir / ""EEG_data.csv"")

data[""ID""] = (len(np.unique(data[""VideoID""])) * data[""SubjectID""] + data[""VideoID""]).astype(""int"")
data = data[ID + USER + FEATURES + TARGET]

data.head(3)
------------------


[0;31m---------------------------------------------------------------------------[0m
[0;31mFileNotFoundError[0m                      ",/home/aseliverstov/projects/brain_signals/data/EEG_data.csv,".gitignore, assets, results, src, notebooks, LICENSE, _out, poetry.lock, pyproject.toml, README.md",False,3.981,3.10.19
24271785b55879d0a6144ebcf966afd05bb38dccbc2ca650d4750995bc09f938,As17-01/brain_signals,notebooks/archieve/embedded/Liquidv3_plot.ipynb,True,/home/asu/reproducibility_of_jupyter_notebooks-1/data/outputs/repositorios_completos/As17-01/brain_signals/49706e10b05aa4e2867a12eb6ea507b9fae4fed1,49706e10b05aa4e2867a12eb6ea507b9fae4fed1,file_not_found,"An error occurred while executing the following cell:
------------------
def extract_val_metrics_from_file(file_path):
    epochs = []
    val_accuracy = []
    val_loss = []
    val_auc = []
    
    with open(file_path, 'r') as f:
        for line in f:
            match = re.match(r""Epoch (\d+): VAL Accuracy = ([\d\.]+) Loss = ([\d\.]+) AUC = ([\d\.]+)"", line)
            if match:
                epoch, acc, loss, auc = match.groups()
                epochs.append(int(epoch))
               ",./logs,".gitignore, assets, results, src, notebooks, LICENSE, _out, poetry.lock, pyproject.toml, README.md",False,1.562,3.10.19
150e2075373625001d974a4dca8a9215f70d3d6dcd8619a107dc704b06b98011,As17-01/brain_signals,notebooks/archieve/feature_importance/GRUv1.ipynb,True,/home/asu/reproducibility_of_jupyter_notebooks-1/data/outputs/repositorios_completos/As17-01/brain_signals/49706e10b05aa4e2867a12eb6ea507b9fae4fed1,49706e10b05aa4e2867a12eb6ea507b9fae4fed1,file_not_found,"An error occurred while executing the following cell:
------------------
data_dir = Path(""/home/aseliverstov/projects/brain_signals/data"")
data = pd.read_csv(data_dir / ""EEG_data.csv"")

data[""ID""] = (len(np.unique(data[""VideoID""])) * data[""SubjectID""] + data[""VideoID""]).astype(""int"")
data = data[ID + USER + FEATURES + TARGET]

data.head(3)
------------------


[0;31m---------------------------------------------------------------------------[0m
[0;31mFileNotFoundError[0m                      ",/home/aseliverstov/projects/brain_signals/data/EEG_data.csv,".gitignore, assets, results, src, notebooks, LICENSE, _out, poetry.lock, pyproject.toml, README.md",False,4.055,3.10.19
d49abee8695e6584a2f500d957308d73e8b26832247e8de4f21470468f63f593,As17-01/brain_signals,notebooks/archieve/feature_importance/GRUv2_conv.ipynb,True,/home/asu/reproducibility_of_jupyter_notebooks-1/data/outputs/repositorios_completos/As17-01/brain_signals/49706e10b05aa4e2867a12eb6ea507b9fae4fed1,49706e10b05aa4e2867a12eb6ea507b9fae4fed1,file_not_found,"An error occurred while executing the following cell:
------------------
data_dir = Path(""/home/aseliverstov/projects/brain_signals/data"")
data = pd.read_csv(data_dir / ""EEG_data.csv"")

new_features = []
for lag in LAGS:
    for feature_name in FEATURES:
        new_feature_name = f""{feature_name}_{lag}""
        new_features.append(new_feature_name)
        data[new_feature_name] = data.groupby(IDS)[feature_name].shift(lag).fillna(0)
FEATURES.extend(new_features)

data[""ID""] = (len(np.unique(dat",/home/aseliverstov/projects/brain_signals/data/EEG_data.csv,".gitignore, assets, results, src, notebooks, LICENSE, _out, poetry.lock, pyproject.toml, README.md",False,3.896,3.10.19
1217a3a893d9073fb7f938ebfbbe3b1951e713deffebb02f619f6722d3c439a8,As17-01/brain_signals,notebooks/archieve/feature_importance/GRUv2_emb1.ipynb,True,/home/asu/reproducibility_of_jupyter_notebooks-1/data/outputs/repositorios_completos/As17-01/brain_signals/49706e10b05aa4e2867a12eb6ea507b9fae4fed1,49706e10b05aa4e2867a12eb6ea507b9fae4fed1,file_not_found,"An error occurred while executing the following cell:
------------------
data_dir = Path(""/home/aseliverstov/projects/brain_signals/data"")
data = pd.read_csv(data_dir / ""EEG_data.csv"")

new_features = []
for lag in LAGS:
    for feature_name in FEATURES:
        new_feature_name = f""{feature_name}_{lag}""
        new_features.append(new_feature_name)
        data[new_feature_name] = data.groupby(IDS)[feature_name].shift(lag).fillna(0)
FEATURES.extend(new_features)

data[""ID""] = (len(np.unique(dat",/home/aseliverstov/projects/brain_signals/data/EEG_data.csv,".gitignore, assets, results, src, notebooks, LICENSE, _out, poetry.lock, pyproject.toml, README.md",False,3.919,3.10.19
edaf501cc0daebe3e265528dfd439081c3b6b4f42c413c4b259bbd2560a49b55,As17-01/brain_signals,notebooks/archieve/feature_importance/LSTMv1.ipynb,True,/home/asu/reproducibility_of_jupyter_notebooks-1/data/outputs/repositorios_completos/As17-01/brain_signals/49706e10b05aa4e2867a12eb6ea507b9fae4fed1,49706e10b05aa4e2867a12eb6ea507b9fae4fed1,file_not_found,"An error occurred while executing the following cell:
------------------
data_dir = Path(""/home/aseliverstov/projects/brain_signals/data"")
data = pd.read_csv(data_dir / ""EEG_data.csv"")

data[""ID""] = (len(np.unique(data[""VideoID""])) * data[""SubjectID""] + data[""VideoID""]).astype(""int"")
data = data[ID + USER + FEATURES + TARGET]

data.head(3)
------------------


[0;31m---------------------------------------------------------------------------[0m
[0;31mFileNotFoundError[0m                      ",/home/aseliverstov/projects/brain_signals/data/EEG_data.csv,".gitignore, assets, results, src, notebooks, LICENSE, _out, poetry.lock, pyproject.toml, README.md",False,4.165,3.10.19
25c5e89847c6d796d9b16ab79c1cff82255fd1be570fdee5dcc17e4f67293f6d,As17-01/brain_signals,notebooks/archieve/feature_importance/LSTMv2_conv.ipynb,True,/home/asu/reproducibility_of_jupyter_notebooks-1/data/outputs/repositorios_completos/As17-01/brain_signals/49706e10b05aa4e2867a12eb6ea507b9fae4fed1,49706e10b05aa4e2867a12eb6ea507b9fae4fed1,file_not_found,"An error occurred while executing the following cell:
------------------
data_dir = Path(""/home/aseliverstov/projects/brain_signals/data"")
data = pd.read_csv(data_dir / ""EEG_data.csv"")

new_features = []
for lag in LAGS:
    for feature_name in FEATURES:
        new_feature_name = f""{feature_name}_{lag}""
        new_features.append(new_feature_name)
        data[new_feature_name] = data.groupby(IDS)[feature_name].shift(lag).fillna(0)
FEATURES.extend(new_features)

data[""ID""] = (len(np.unique(dat",/home/aseliverstov/projects/brain_signals/data/EEG_data.csv,".gitignore, assets, results, src, notebooks, LICENSE, _out, poetry.lock, pyproject.toml, README.md",False,4.088,3.10.19
9fae7201076fb5c0586f3b09aa502f3b1ec46d7be43c169bfa70c1000fe0c25b,As17-01/brain_signals,notebooks/archieve/feature_importance/LSTMv2_emb1.ipynb,True,/home/asu/reproducibility_of_jupyter_notebooks-1/data/outputs/repositorios_completos/As17-01/brain_signals/49706e10b05aa4e2867a12eb6ea507b9fae4fed1,49706e10b05aa4e2867a12eb6ea507b9fae4fed1,file_not_found,"An error occurred while executing the following cell:
------------------
data_dir = Path(""/home/aseliverstov/projects/brain_signals/data"")
data = pd.read_csv(data_dir / ""EEG_data.csv"")

new_features = []
for lag in LAGS:
    for feature_name in FEATURES:
        new_feature_name = f""{feature_name}_{lag}""
        new_features.append(new_feature_name)
        data[new_feature_name] = data.groupby(IDS)[feature_name].shift(lag).fillna(0)
FEATURES.extend(new_features)

data[""ID""] = (len(np.unique(dat",/home/aseliverstov/projects/brain_signals/data/EEG_data.csv,".gitignore, assets, results, src, notebooks, LICENSE, _out, poetry.lock, pyproject.toml, README.md",False,3.937,3.10.19
416b1a89298de8760aaaa1b6b459304d550de5770c48366bfe99dae9a3427521,As17-01/brain_signals,notebooks/archieve/feature_importance/Liquidv1.ipynb,True,/home/asu/reproducibility_of_jupyter_notebooks-1/data/outputs/repositorios_completos/As17-01/brain_signals/49706e10b05aa4e2867a12eb6ea507b9fae4fed1,49706e10b05aa4e2867a12eb6ea507b9fae4fed1,file_not_found,"An error occurred while executing the following cell:
------------------
data_dir = Path(""/home/aseliverstov/projects/brain_signals/data"")
data = pd.read_csv(data_dir / ""EEG_data.csv"")

data[""ID""] = (len(np.unique(data[""VideoID""])) * data[""SubjectID""] + data[""VideoID""]).astype(""int"")
data = data[ID + USER + FEATURES + TARGET]

data.head(3)
------------------


[0;31m---------------------------------------------------------------------------[0m
[0;31mFileNotFoundError[0m                      ",/home/aseliverstov/projects/brain_signals/data/EEG_data.csv,".gitignore, assets, results, src, notebooks, LICENSE, _out, poetry.lock, pyproject.toml, README.md",False,4.09,3.10.19
bceb459ba135047b2d6be094b74525363bd8efc003fd547f9bd781cc389f71b8,As17-01/brain_signals,notebooks/archieve/feature_importance/Liquidv3_conv.ipynb,True,/home/asu/reproducibility_of_jupyter_notebooks-1/data/outputs/repositorios_completos/As17-01/brain_signals/49706e10b05aa4e2867a12eb6ea507b9fae4fed1,49706e10b05aa4e2867a12eb6ea507b9fae4fed1,file_not_found,"An error occurred while executing the following cell:
------------------
data_dir = Path(""/home/aseliverstov/projects/brain_signals/data"")
data = pd.read_csv(data_dir / ""EEG_data.csv"")

new_features = []
for lag in LAGS:
    for feature_name in FEATURES:
        new_feature_name = f""{feature_name}_{lag}""
        new_features.append(new_feature_name)
        data[new_feature_name] = data.groupby(IDS)[feature_name].shift(lag).fillna(0)
FEATURES.extend(new_features)

data[""ID""] = (len(np.unique(dat",/home/aseliverstov/projects/brain_signals/data/EEG_data.csv,".gitignore, assets, results, src, notebooks, LICENSE, _out, poetry.lock, pyproject.toml, README.md",False,4.034,3.10.19
0a420e5b60eaf312b7c08efa499d374a9a3b66df93d6a0fd32ed4cb5b4cccb11,As17-01/brain_signals,notebooks/archieve/feature_importance/Liquidv3_emb1.ipynb,True,/home/asu/reproducibility_of_jupyter_notebooks-1/data/outputs/repositorios_completos/As17-01/brain_signals/49706e10b05aa4e2867a12eb6ea507b9fae4fed1,49706e10b05aa4e2867a12eb6ea507b9fae4fed1,file_not_found,"An error occurred while executing the following cell:
------------------
data_dir = Path(""/home/aseliverstov/projects/brain_signals/data"")
data = pd.read_csv(data_dir / ""EEG_data.csv"")

new_features = []
for lag in LAGS:
    for feature_name in FEATURES:
        new_feature_name = f""{feature_name}_{lag}""
        new_features.append(new_feature_name)
        data[new_feature_name] = data.groupby(IDS)[feature_name].shift(lag).fillna(0)
FEATURES.extend(new_features)

data[""ID""] = (len(np.unique(dat",/home/aseliverstov/projects/brain_signals/data/EEG_data.csv,".gitignore, assets, results, src, notebooks, LICENSE, _out, poetry.lock, pyproject.toml, README.md",False,4.069,3.10.19
89e2aa9f01d437d1e68d9f8586ad0f16a29c469f93343049ee0b8abc346741d8,As17-01/brain_signals,notebooks/archieve/no_embeddings/Combined.ipynb,True,/home/asu/reproducibility_of_jupyter_notebooks-1/data/outputs/repositorios_completos/As17-01/brain_signals/49706e10b05aa4e2867a12eb6ea507b9fae4fed1,49706e10b05aa4e2867a12eb6ea507b9fae4fed1,file_not_found,"An error occurred while executing the following cell:
------------------
data_dir = Path(""/home/aseliverstov/projects/brain_signals/data"")
data = pd.read_csv(data_dir / ""EEG_data.csv"")

data[""ID""] = (len(np.unique(data[""VideoID""])) * data[""SubjectID""] + data[""VideoID""]).astype(""int"")
data = data[ID + FEATURES + TARGET]

data.head(3)
------------------


[0;31m---------------------------------------------------------------------------[0m
[0;31mFileNotFoundError[0m                         Trac",/home/aseliverstov/projects/brain_signals/data/EEG_data.csv,".gitignore, assets, results, src, notebooks, LICENSE, _out, poetry.lock, pyproject.toml, README.md",False,3.92,3.10.19
5194f62f6f195184117e9338ecc77c8134a8d2a8534207cc105f6772355e7a61,As17-01/brain_signals,notebooks/archieve/no_embeddings/Combined_consequitive.ipynb,True,/home/asu/reproducibility_of_jupyter_notebooks-1/data/outputs/repositorios_completos/As17-01/brain_signals/49706e10b05aa4e2867a12eb6ea507b9fae4fed1,49706e10b05aa4e2867a12eb6ea507b9fae4fed1,file_not_found,"An error occurred while executing the following cell:
------------------
data_dir = Path(""/home/aseliverstov/projects/brain_signals/data"")
data = pd.read_csv(data_dir / ""EEG_data.csv"")

data[""ID""] = (len(np.unique(data[""VideoID""])) * data[""SubjectID""] + data[""VideoID""]).astype(""int"")
data = data[ID + FEATURES + TARGET]

data.head(3)
------------------


[0;31m---------------------------------------------------------------------------[0m
[0;31mFileNotFoundError[0m                         Trac",/home/aseliverstov/projects/brain_signals/data/EEG_data.csv,".gitignore, assets, results, src, notebooks, LICENSE, _out, poetry.lock, pyproject.toml, README.md",False,4.072,3.10.19
9ca3a296538c9aaeb27d92a31ac0d9ac90aae35122da286228d86d009b5a5a49,As17-01/brain_signals,notebooks/archieve/no_embeddings/GRU_Liquidv1_autoencoder.ipynb,True,/home/asu/reproducibility_of_jupyter_notebooks-1/data/outputs/repositorios_completos/As17-01/brain_signals/49706e10b05aa4e2867a12eb6ea507b9fae4fed1,49706e10b05aa4e2867a12eb6ea507b9fae4fed1,file_not_found,"An error occurred while executing the following cell:
------------------
data_dir = Path(""/home/aseliverstov/projects/brain_signals/data"")
data = pd.read_csv(data_dir / ""EEG_data.csv"")

data[""ID""] = (len(np.unique(data[""VideoID""])) * data[""SubjectID""] + data[""VideoID""]).astype(""int"")
data = data[ID + FEATURES + TARGET]

data.head(3)
------------------


[0;31m---------------------------------------------------------------------------[0m
[0;31mFileNotFoundError[0m                         Trac",/home/aseliverstov/projects/brain_signals/data/EEG_data.csv,".gitignore, assets, results, src, notebooks, LICENSE, _out, poetry.lock, pyproject.toml, README.md",False,3.85,3.10.19
49eea4f68c32113d423385d431a8a81000e4345c949223a893e0a72ef565df08,As17-01/brain_signals,notebooks/archieve/no_embeddings/GRUv1.ipynb,True,/home/asu/reproducibility_of_jupyter_notebooks-1/data/outputs/repositorios_completos/As17-01/brain_signals/49706e10b05aa4e2867a12eb6ea507b9fae4fed1,49706e10b05aa4e2867a12eb6ea507b9fae4fed1,file_not_found,"An error occurred while executing the following cell:
------------------
data_dir = Path(""/home/aseliverstov/projects/brain_signals/data"")
data = pd.read_csv(data_dir / ""EEG_data.csv"")

data[""ID""] = (len(np.unique(data[""VideoID""])) * data[""SubjectID""] + data[""VideoID""]).astype(""int"")
data = data[ID + FEATURES + TARGET]

data.head(3)
------------------


[0;31m---------------------------------------------------------------------------[0m
[0;31mFileNotFoundError[0m                         Trac",/home/aseliverstov/projects/brain_signals/data/EEG_data.csv,".gitignore, assets, results, src, notebooks, LICENSE, _out, poetry.lock, pyproject.toml, README.md",False,3.948,3.10.19
afd265b25c1246a2dcf08398d5ff0a453600336d66632a897cfdeff68e4f3ae2,As17-01/brain_signals,notebooks/archieve/no_embeddings/GRUv2.ipynb,True,/home/asu/reproducibility_of_jupyter_notebooks-1/data/outputs/repositorios_completos/As17-01/brain_signals/49706e10b05aa4e2867a12eb6ea507b9fae4fed1,49706e10b05aa4e2867a12eb6ea507b9fae4fed1,file_not_found,"An error occurred while executing the following cell:
------------------
data_dir = Path(""/home/aseliverstov/projects/brain_signals/data"")
data = pd.read_csv(data_dir / ""EEG_data.csv"")

data[""ID""] = (len(np.unique(data[""VideoID""])) * data[""SubjectID""] + data[""VideoID""]).astype(""int"")
data = data[ID + FEATURES + TARGET]

data.head(3)
------------------


[0;31m---------------------------------------------------------------------------[0m
[0;31mFileNotFoundError[0m                         Trac",/home/aseliverstov/projects/brain_signals/data/EEG_data.csv,".gitignore, assets, results, src, notebooks, LICENSE, _out, poetry.lock, pyproject.toml, README.md",False,3.901,3.10.19
352eb94d07750f5a2d58df4dd5f7d29d42a455255dce2e4b697621a2b7354ba7,As17-01/brain_signals,notebooks/archieve/no_embeddings/GRUv3.ipynb,True,/home/asu/reproducibility_of_jupyter_notebooks-1/data/outputs/repositorios_completos/As17-01/brain_signals/49706e10b05aa4e2867a12eb6ea507b9fae4fed1,49706e10b05aa4e2867a12eb6ea507b9fae4fed1,file_not_found,"An error occurred while executing the following cell:
------------------
data_dir = Path(""/home/aseliverstov/projects/brain_signals/data"")
data = pd.read_csv(data_dir / ""EEG_data.csv"")

data[""ID""] = (len(np.unique(data[""VideoID""])) * data[""SubjectID""] + data[""VideoID""]).astype(""int"")
data = data[ID + FEATURES + TARGET]

data.head(3)
------------------


[0;31m---------------------------------------------------------------------------[0m
[0;31mFileNotFoundError[0m                         Trac",/home/aseliverstov/projects/brain_signals/data/EEG_data.csv,".gitignore, assets, results, src, notebooks, LICENSE, _out, poetry.lock, pyproject.toml, README.md",False,4.068,3.10.19
3488e1939e1ae39ee911ae78ae2f5e666aaf428add6ec07ce4634cb50da61995,As17-01/brain_signals,notebooks/archieve/no_embeddings/GRUv4.ipynb,True,/home/asu/reproducibility_of_jupyter_notebooks-1/data/outputs/repositorios_completos/As17-01/brain_signals/49706e10b05aa4e2867a12eb6ea507b9fae4fed1,49706e10b05aa4e2867a12eb6ea507b9fae4fed1,file_not_found,"An error occurred while executing the following cell:
------------------
data_dir = Path(""/home/aseliverstov/projects/brain_signals/data"")
data = pd.read_csv(data_dir / ""EEG_data.csv"")

data[""ID""] = (len(np.unique(data[""VideoID""])) * data[""SubjectID""] + data[""VideoID""]).astype(""int"")
data = data[ID + FEATURES + TARGET]

data.head(3)
------------------


[0;31m---------------------------------------------------------------------------[0m
[0;31mFileNotFoundError[0m                         Trac",/home/aseliverstov/projects/brain_signals/data/EEG_data.csv,".gitignore, assets, results, src, notebooks, LICENSE, _out, poetry.lock, pyproject.toml, README.md",False,4.211,3.10.19
a3286ddc1514b3ab11fcb479e1633bbc7e79793533dbfe666026faefa56ce797,As17-01/brain_signals,notebooks/archieve/no_embeddings/GRUv4_augmentationsv0.ipynb,True,/home/asu/reproducibility_of_jupyter_notebooks-1/data/outputs/repositorios_completos/As17-01/brain_signals/49706e10b05aa4e2867a12eb6ea507b9fae4fed1,49706e10b05aa4e2867a12eb6ea507b9fae4fed1,file_not_found,"An error occurred while executing the following cell:
------------------
data_dir = Path(""/home/aseliverstov/projects/brain_signals/data"")
data = pd.read_csv(data_dir / ""EEG_data.csv"")

data[""ID""] = (len(np.unique(data[""VideoID""])) * data[""SubjectID""] + data[""VideoID""]).astype(""int"")
data = data[ID + FEATURES + TARGET]

data.head(3)
------------------


[0;31m---------------------------------------------------------------------------[0m
[0;31mFileNotFoundError[0m                         Trac",/home/aseliverstov/projects/brain_signals/data/EEG_data.csv,".gitignore, assets, results, src, notebooks, LICENSE, _out, poetry.lock, pyproject.toml, README.md",False,4.06,3.10.19
ab67738797ee5dcdd7bdc789d2869b3273b56f5604400ee129830d8c9b2eee5c,As17-01/brain_signals,notebooks/archieve/no_embeddings/GRUv4_autoencoderv0.ipynb,True,/home/asu/reproducibility_of_jupyter_notebooks-1/data/outputs/repositorios_completos/As17-01/brain_signals/49706e10b05aa4e2867a12eb6ea507b9fae4fed1,49706e10b05aa4e2867a12eb6ea507b9fae4fed1,file_not_found,"An error occurred while executing the following cell:
------------------
data_dir = Path(""/home/aseliverstov/projects/brain_signals/data"")
data = pd.read_csv(data_dir / ""EEG_data.csv"")

data[""ID""] = (len(np.unique(data[""VideoID""])) * data[""SubjectID""] + data[""VideoID""]).astype(""int"")
data = data[ID + FEATURES + TARGET]

data.head(3)
------------------


[0;31m---------------------------------------------------------------------------[0m
[0;31mFileNotFoundError[0m                         Trac",/home/aseliverstov/projects/brain_signals/data/EEG_data.csv,".gitignore, assets, results, src, notebooks, LICENSE, _out, poetry.lock, pyproject.toml, README.md",False,4.196,3.10.19
dae09eeb9619872080d32b99990a721fbc77c67cb2402a18f6c694674814e2a7,As17-01/brain_signals,notebooks/archieve/no_embeddings/GRUv4_autoencoderv0_increased_lr.ipynb,True,/home/asu/reproducibility_of_jupyter_notebooks-1/data/outputs/repositorios_completos/As17-01/brain_signals/49706e10b05aa4e2867a12eb6ea507b9fae4fed1,49706e10b05aa4e2867a12eb6ea507b9fae4fed1,file_not_found,"An error occurred while executing the following cell:
------------------
data_dir = Path(""/home/aseliverstov/projects/brain_signals/data"")
data = pd.read_csv(data_dir / ""EEG_data.csv"")

data[""ID""] = (len(np.unique(data[""VideoID""])) * data[""SubjectID""] + data[""VideoID""]).astype(""int"")
data = data[ID + FEATURES + TARGET]

data.head(3)
------------------


[0;31m---------------------------------------------------------------------------[0m
[0;31mFileNotFoundError[0m                         Trac",/home/aseliverstov/projects/brain_signals/data/EEG_data.csv,".gitignore, assets, results, src, notebooks, LICENSE, _out, poetry.lock, pyproject.toml, README.md",False,4.002,3.10.19
945be34bfff0f4190573c5b7bc83a56fc1180fe6d1063495ebda50336fc95e0d,As17-01/brain_signals,notebooks/archieve/no_embeddings/GRUv4_autoencoderv1.ipynb,True,/home/asu/reproducibility_of_jupyter_notebooks-1/data/outputs/repositorios_completos/As17-01/brain_signals/49706e10b05aa4e2867a12eb6ea507b9fae4fed1,49706e10b05aa4e2867a12eb6ea507b9fae4fed1,file_not_found,"An error occurred while executing the following cell:
------------------
data_dir = Path(""/home/aseliverstov/projects/brain_signals/data"")
data = pd.read_csv(data_dir / ""EEG_data.csv"")

data[""ID""] = (len(np.unique(data[""VideoID""])) * data[""SubjectID""] + data[""VideoID""]).astype(""int"")
data = data[ID + FEATURES + TARGET]

data.head(3)
------------------


[0;31m---------------------------------------------------------------------------[0m
[0;31mFileNotFoundError[0m                         Trac",/home/aseliverstov/projects/brain_signals/data/EEG_data.csv,".gitignore, assets, results, src, notebooks, LICENSE, _out, poetry.lock, pyproject.toml, README.md",False,4.135,3.10.19
cfbebe8f186efc025486e92261c78a0260f58933e68a5b712ee364111a444440,As17-01/brain_signals,notebooks/archieve/no_embeddings/GRUv4_best_increased_lr.ipynb,True,/home/asu/reproducibility_of_jupyter_notebooks-1/data/outputs/repositorios_completos/As17-01/brain_signals/49706e10b05aa4e2867a12eb6ea507b9fae4fed1,49706e10b05aa4e2867a12eb6ea507b9fae4fed1,file_not_found,"An error occurred while executing the following cell:
------------------
data_dir = Path(""/home/aseliverstov/projects/brain_signals/data"")
data = pd.read_csv(data_dir / ""EEG_data.csv"")

data[""ID""] = (len(np.unique(data[""VideoID""])) * data[""SubjectID""] + data[""VideoID""]).astype(""int"")
data = data[ID + FEATURES + TARGET]

data.head(3)
------------------


[0;31m---------------------------------------------------------------------------[0m
[0;31mFileNotFoundError[0m                         Trac",/home/aseliverstov/projects/brain_signals/data/EEG_data.csv,".gitignore, assets, results, src, notebooks, LICENSE, _out, poetry.lock, pyproject.toml, README.md",False,4.079,3.10.19
f87365a91af7623f5082c969c7f671823004b749c1b44c3b391df1cf9813b52d,As17-01/brain_signals,notebooks/archieve/no_embeddings/GRUv5.ipynb,True,/home/asu/reproducibility_of_jupyter_notebooks-1/data/outputs/repositorios_completos/As17-01/brain_signals/49706e10b05aa4e2867a12eb6ea507b9fae4fed1,49706e10b05aa4e2867a12eb6ea507b9fae4fed1,file_not_found,"An error occurred while executing the following cell:
------------------
data_dir = Path(""/home/aseliverstov/projects/brain_signals/data"")
data = pd.read_csv(data_dir / ""EEG_data.csv"")

data[""ID""] = (len(np.unique(data[""VideoID""])) * data[""SubjectID""] + data[""VideoID""]).astype(""int"")
data = data[ID + FEATURES + TARGET]

data.head(3)
------------------


[0;31m---------------------------------------------------------------------------[0m
[0;31mFileNotFoundError[0m                         Trac",/home/aseliverstov/projects/brain_signals/data/EEG_data.csv,".gitignore, assets, results, src, notebooks, LICENSE, _out, poetry.lock, pyproject.toml, README.md",False,4.167,3.10.19
bd8654bcd41ffa1f4102a23ce919abaa619a0a444db6be188b5dc2f7c274bcde,As17-01/brain_signals,notebooks/archieve/no_embeddings/GRUv6.ipynb,True,/home/asu/reproducibility_of_jupyter_notebooks-1/data/outputs/repositorios_completos/As17-01/brain_signals/49706e10b05aa4e2867a12eb6ea507b9fae4fed1,49706e10b05aa4e2867a12eb6ea507b9fae4fed1,file_not_found,"An error occurred while executing the following cell:
------------------
data_dir = Path(""/home/aseliverstov/projects/brain_signals/data"")
data = pd.read_csv(data_dir / ""EEG_data.csv"")

data[""ID""] = (len(np.unique(data[""VideoID""])) * data[""SubjectID""] + data[""VideoID""]).astype(""int"")
data = data[ID + FEATURES + TARGET]

data.head(3)
------------------


[0;31m---------------------------------------------------------------------------[0m
[0;31mFileNotFoundError[0m                         Trac",/home/aseliverstov/projects/brain_signals/data/EEG_data.csv,".gitignore, assets, results, src, notebooks, LICENSE, _out, poetry.lock, pyproject.toml, README.md",False,3.89,3.10.19
f60ea8a89ddb2c4a0f21f28576dff99f90d9cc88bb44926537a04a187fd94ce7,As17-01/brain_signals,notebooks/archieve/no_embeddings/GRUv7.ipynb,True,/home/asu/reproducibility_of_jupyter_notebooks-1/data/outputs/repositorios_completos/As17-01/brain_signals/49706e10b05aa4e2867a12eb6ea507b9fae4fed1,49706e10b05aa4e2867a12eb6ea507b9fae4fed1,file_not_found,"An error occurred while executing the following cell:
------------------
data_dir = Path(""/home/aseliverstov/projects/brain_signals/data"")
data = pd.read_csv(data_dir / ""EEG_data.csv"")

data[""ID""] = (len(np.unique(data[""VideoID""])) * data[""SubjectID""] + data[""VideoID""]).astype(""int"")
data = data[ID + FEATURES + TARGET]

data.head(3)
------------------


[0;31m---------------------------------------------------------------------------[0m
[0;31mFileNotFoundError[0m                         Trac",/home/aseliverstov/projects/brain_signals/data/EEG_data.csv,".gitignore, assets, results, src, notebooks, LICENSE, _out, poetry.lock, pyproject.toml, README.md",False,3.782,3.10.19
7c89f6c246d0fd325d6a02e9081f87dc8a64d496f313e6c3575ca6f229a6460b,As17-01/brain_signals,notebooks/archieve/no_embeddings/GRUv8.ipynb,True,/home/asu/reproducibility_of_jupyter_notebooks-1/data/outputs/repositorios_completos/As17-01/brain_signals/49706e10b05aa4e2867a12eb6ea507b9fae4fed1,49706e10b05aa4e2867a12eb6ea507b9fae4fed1,file_not_found,"An error occurred while executing the following cell:
------------------
data_dir = Path(""/home/aseliverstov/projects/brain_signals/data"")
data = pd.read_csv(data_dir / ""EEG_data.csv"")

data[""ID""] = (len(np.unique(data[""VideoID""])) * data[""SubjectID""] + data[""VideoID""]).astype(""int"")
data = data[ID + FEATURES + TARGET]

data.head(3)
------------------


[0;31m---------------------------------------------------------------------------[0m
[0;31mFileNotFoundError[0m                         Trac",/home/aseliverstov/projects/brain_signals/data/EEG_data.csv,".gitignore, assets, results, src, notebooks, LICENSE, _out, poetry.lock, pyproject.toml, README.md",False,3.869,3.10.19
5cf507c917f32f12a875b7865db88d4b32bfcd389ba8c1142c1bd8325a223bc1,As17-01/brain_signals,notebooks/archieve/no_embeddings/GRUv9.ipynb,True,/home/asu/reproducibility_of_jupyter_notebooks-1/data/outputs/repositorios_completos/As17-01/brain_signals/49706e10b05aa4e2867a12eb6ea507b9fae4fed1,49706e10b05aa4e2867a12eb6ea507b9fae4fed1,file_not_found,"An error occurred while executing the following cell:
------------------
data_dir = Path(""/home/aseliverstov/projects/brain_signals/data"")
data = pd.read_csv(data_dir / ""EEG_data.csv"")

data[""ID""] = (len(np.unique(data[""VideoID""])) * data[""SubjectID""] + data[""VideoID""]).astype(""int"")
data = data[ID + FEATURES + TARGET]

data.head(3)
------------------


[0;31m---------------------------------------------------------------------------[0m
[0;31mFileNotFoundError[0m                         Trac",/home/aseliverstov/projects/brain_signals/data/EEG_data.csv,".gitignore, assets, results, src, notebooks, LICENSE, _out, poetry.lock, pyproject.toml, README.md",False,4.088,3.10.19
8793da00610b76fc1929574a2c35880049becdc552f041aaae9ae0aa253de0e7,As17-01/brain_signals,notebooks/archieve/no_embeddings/LSTMv1.ipynb,True,/home/asu/reproducibility_of_jupyter_notebooks-1/data/outputs/repositorios_completos/As17-01/brain_signals/49706e10b05aa4e2867a12eb6ea507b9fae4fed1,49706e10b05aa4e2867a12eb6ea507b9fae4fed1,file_not_found,"An error occurred while executing the following cell:
------------------
data_dir = Path(""/home/aseliverstov/projects/brain_signals/data"")
data = pd.read_csv(data_dir / ""EEG_data.csv"")

data[""ID""] = (len(np.unique(data[""VideoID""])) * data[""SubjectID""] + data[""VideoID""]).astype(""int"")
data = data[ID + FEATURES + TARGET]

data.head(3)
------------------


[0;31m---------------------------------------------------------------------------[0m
[0;31mFileNotFoundError[0m                         Trac",/home/aseliverstov/projects/brain_signals/data/EEG_data.csv,".gitignore, assets, results, src, notebooks, LICENSE, _out, poetry.lock, pyproject.toml, README.md",False,3.909,3.10.19
fcf4e7a0dd06a5d8057b21af8dfd1db55fb180dc35a7ed454836398e24063b09,As17-01/brain_signals,notebooks/archieve/no_embeddings/LSTMv2.ipynb,True,/home/asu/reproducibility_of_jupyter_notebooks-1/data/outputs/repositorios_completos/As17-01/brain_signals/49706e10b05aa4e2867a12eb6ea507b9fae4fed1,49706e10b05aa4e2867a12eb6ea507b9fae4fed1,file_not_found,"An error occurred while executing the following cell:
------------------
data_dir = Path(""/home/aseliverstov/projects/brain_signals/data"")
data = pd.read_csv(data_dir / ""EEG_data.csv"")

data[""ID""] = (len(np.unique(data[""VideoID""])) * data[""SubjectID""] + data[""VideoID""]).astype(""int"")
data = data[ID + FEATURES + TARGET]

data.head(3)
------------------


[0;31m---------------------------------------------------------------------------[0m
[0;31mFileNotFoundError[0m                         Trac",/home/aseliverstov/projects/brain_signals/data/EEG_data.csv,".gitignore, assets, results, src, notebooks, LICENSE, _out, poetry.lock, pyproject.toml, README.md",False,4.047,3.10.19
d74f95ee419156d59323f59bfcaf93e59cf1c4e0b8c00440c245ceb1cc7f51c6,As17-01/brain_signals,notebooks/archieve/no_embeddings/LSTMv2_best_increased_lr2.ipynb,True,/home/asu/reproducibility_of_jupyter_notebooks-1/data/outputs/repositorios_completos/As17-01/brain_signals/49706e10b05aa4e2867a12eb6ea507b9fae4fed1,49706e10b05aa4e2867a12eb6ea507b9fae4fed1,file_not_found,"An error occurred while executing the following cell:
------------------
data_dir = Path(""/home/aseliverstov/projects/brain_signals/data"")
data = pd.read_csv(data_dir / ""EEG_data.csv"")

data[""ID""] = (len(np.unique(data[""VideoID""])) * data[""SubjectID""] + data[""VideoID""]).astype(""int"")
data = data[ID + FEATURES + TARGET]

data.head(3)
------------------


[0;31m---------------------------------------------------------------------------[0m
[0;31mFileNotFoundError[0m                         Trac",/home/aseliverstov/projects/brain_signals/data/EEG_data.csv,".gitignore, assets, results, src, notebooks, LICENSE, _out, poetry.lock, pyproject.toml, README.md",False,3.902,3.10.19
e0fb59d28b737a21f70737824d1db46036ee5c36064fb1500b6b3875dea1642f,As17-01/brain_signals,notebooks/archieve/no_embeddings/LSTMv2_increased_lr1.ipynb,True,/home/asu/reproducibility_of_jupyter_notebooks-1/data/outputs/repositorios_completos/As17-01/brain_signals/49706e10b05aa4e2867a12eb6ea507b9fae4fed1,49706e10b05aa4e2867a12eb6ea507b9fae4fed1,file_not_found,"An error occurred while executing the following cell:
------------------
data_dir = Path(""/home/aseliverstov/projects/brain_signals/data"")
data = pd.read_csv(data_dir / ""EEG_data.csv"")

data[""ID""] = (len(np.unique(data[""VideoID""])) * data[""SubjectID""] + data[""VideoID""]).astype(""int"")
data = data[ID + FEATURES + TARGET]

data.head(3)
------------------


[0;31m---------------------------------------------------------------------------[0m
[0;31mFileNotFoundError[0m                         Trac",/home/aseliverstov/projects/brain_signals/data/EEG_data.csv,".gitignore, assets, results, src, notebooks, LICENSE, _out, poetry.lock, pyproject.toml, README.md",False,4.161,3.10.19
6083cb3bb173cede18155cf8bcafa94b17ad72439490e67d6f741b21add39323,As17-01/brain_signals,notebooks/archieve/no_embeddings/LSTMv3.ipynb,True,/home/asu/reproducibility_of_jupyter_notebooks-1/data/outputs/repositorios_completos/As17-01/brain_signals/49706e10b05aa4e2867a12eb6ea507b9fae4fed1,49706e10b05aa4e2867a12eb6ea507b9fae4fed1,file_not_found,"An error occurred while executing the following cell:
------------------
data_dir = Path(""/home/aseliverstov/projects/brain_signals/data"")
data = pd.read_csv(data_dir / ""EEG_data.csv"")

data[""ID""] = (len(np.unique(data[""VideoID""])) * data[""SubjectID""] + data[""VideoID""]).astype(""int"")
data = data[ID + FEATURES + TARGET]

data.head(3)
------------------


[0;31m---------------------------------------------------------------------------[0m
[0;31mFileNotFoundError[0m                         Trac",/home/aseliverstov/projects/brain_signals/data/EEG_data.csv,".gitignore, assets, results, src, notebooks, LICENSE, _out, poetry.lock, pyproject.toml, README.md",False,4.084,3.10.19
aba5dab3fe04ec9f214efc0c24ae0e8f3dc08bb94fd683a5d03745f4b523cfca,As17-01/brain_signals,notebooks/archieve/no_embeddings/LSTMv3_increased_lr1.ipynb,True,/home/asu/reproducibility_of_jupyter_notebooks-1/data/outputs/repositorios_completos/As17-01/brain_signals/49706e10b05aa4e2867a12eb6ea507b9fae4fed1,49706e10b05aa4e2867a12eb6ea507b9fae4fed1,file_not_found,"An error occurred while executing the following cell:
------------------
data_dir = Path(""/home/aseliverstov/projects/brain_signals/data"")
data = pd.read_csv(data_dir / ""EEG_data.csv"")

data[""ID""] = (len(np.unique(data[""VideoID""])) * data[""SubjectID""] + data[""VideoID""]).astype(""int"")
data = data[ID + FEATURES + TARGET]

data.head(3)
------------------


[0;31m---------------------------------------------------------------------------[0m
[0;31mFileNotFoundError[0m                         Trac",/home/aseliverstov/projects/brain_signals/data/EEG_data.csv,".gitignore, assets, results, src, notebooks, LICENSE, _out, poetry.lock, pyproject.toml, README.md",False,3.952,3.10.19
fcc0190b6bbc6877697f71fbd504fd6e57340f5b8b72a7890614bc23c4e7d4e3,As17-01/brain_signals,notebooks/archieve/no_embeddings/LSTMv4.ipynb,True,/home/asu/reproducibility_of_jupyter_notebooks-1/data/outputs/repositorios_completos/As17-01/brain_signals/49706e10b05aa4e2867a12eb6ea507b9fae4fed1,49706e10b05aa4e2867a12eb6ea507b9fae4fed1,file_not_found,"An error occurred while executing the following cell:
------------------
data_dir = Path(""/home/aseliverstov/projects/brain_signals/data"")
data = pd.read_csv(data_dir / ""EEG_data.csv"")

data[""ID""] = (len(np.unique(data[""VideoID""])) * data[""SubjectID""] + data[""VideoID""]).astype(""int"")
data = data[ID + FEATURES + TARGET]

data.head(3)
------------------


[0;31m---------------------------------------------------------------------------[0m
[0;31mFileNotFoundError[0m                         Trac",/home/aseliverstov/projects/brain_signals/data/EEG_data.csv,".gitignore, assets, results, src, notebooks, LICENSE, _out, poetry.lock, pyproject.toml, README.md",False,4.037,3.10.19
34fb732f7d5898429cb47feedb7fecc85e791d8ac101823b9d733f3ea0342dfe,As17-01/brain_signals,notebooks/archieve/no_embeddings/Linearv1.ipynb,True,/home/asu/reproducibility_of_jupyter_notebooks-1/data/outputs/repositorios_completos/As17-01/brain_signals/49706e10b05aa4e2867a12eb6ea507b9fae4fed1,49706e10b05aa4e2867a12eb6ea507b9fae4fed1,file_not_found,"An error occurred while executing the following cell:
------------------
data_dir = Path(""/home/aseliverstov/projects/brain_signals/data"")
data = pd.read_csv(data_dir / ""EEG_data.csv"")

data[""ID""] = (len(np.unique(data[""VideoID""])) * data[""SubjectID""] + data[""VideoID""]).astype(""int"")
data = data[ID + FEATURES + TARGET]

data.head(3)
------------------


[0;31m---------------------------------------------------------------------------[0m
[0;31mFileNotFoundError[0m                         Trac",/home/aseliverstov/projects/brain_signals/data/EEG_data.csv,".gitignore, assets, results, src, notebooks, LICENSE, _out, poetry.lock, pyproject.toml, README.md",False,4.076,3.10.19
2d0f7edde87e924d52926d1ac7f612ec2c933f69ac6fdb468236b4f5632d40e9,As17-01/brain_signals,notebooks/archieve/no_embeddings/Linearv2_best.ipynb,True,/home/asu/reproducibility_of_jupyter_notebooks-1/data/outputs/repositorios_completos/As17-01/brain_signals/49706e10b05aa4e2867a12eb6ea507b9fae4fed1,49706e10b05aa4e2867a12eb6ea507b9fae4fed1,file_not_found,"An error occurred while executing the following cell:
------------------
data_dir = Path(""/home/aseliverstov/projects/brain_signals/data"")
data = pd.read_csv(data_dir / ""EEG_data.csv"")

data[""ID""] = (len(np.unique(data[""VideoID""])) * data[""SubjectID""] + data[""VideoID""]).astype(""int"")
data = data[ID + FEATURES + TARGET]

data.head(3)
------------------


[0;31m---------------------------------------------------------------------------[0m
[0;31mFileNotFoundError[0m                         Trac",/home/aseliverstov/projects/brain_signals/data/EEG_data.csv,".gitignore, assets, results, src, notebooks, LICENSE, _out, poetry.lock, pyproject.toml, README.md",False,4.09,3.10.19
8af5c26ef845c258c58dd2e5925cf175da9c18e9ce5b1a3a61e01f5791a65be1,As17-01/brain_signals,notebooks/archieve/no_embeddings/Liquidv1.ipynb,True,/home/asu/reproducibility_of_jupyter_notebooks-1/data/outputs/repositorios_completos/As17-01/brain_signals/49706e10b05aa4e2867a12eb6ea507b9fae4fed1,49706e10b05aa4e2867a12eb6ea507b9fae4fed1,file_not_found,"An error occurred while executing the following cell:
------------------
data_dir = Path(""/home/aseliverstov/projects/brain_signals/data"")
data = pd.read_csv(data_dir / ""EEG_data.csv"")

data[""ID""] = (len(np.unique(data[""VideoID""])) * data[""SubjectID""] + data[""VideoID""]).astype(""int"")
data = data[ID + FEATURES + TARGET]

data.head(3)
------------------


[0;31m---------------------------------------------------------------------------[0m
[0;31mFileNotFoundError[0m                         Trac",/home/aseliverstov/projects/brain_signals/data/EEG_data.csv,".gitignore, assets, results, src, notebooks, LICENSE, _out, poetry.lock, pyproject.toml, README.md",False,3.964,3.10.19
8b8926a16ba6fef4a0d08f89670530c7707662a07557469aa152255a8170118b,As17-01/brain_signals,notebooks/archieve/no_embeddings/Liquidv2.ipynb,True,/home/asu/reproducibility_of_jupyter_notebooks-1/data/outputs/repositorios_completos/As17-01/brain_signals/49706e10b05aa4e2867a12eb6ea507b9fae4fed1,49706e10b05aa4e2867a12eb6ea507b9fae4fed1,file_not_found,"An error occurred while executing the following cell:
------------------
data_dir = Path(""/home/aseliverstov/projects/brain_signals/data"")
data = pd.read_csv(data_dir / ""EEG_data.csv"")

data[""ID""] = (len(np.unique(data[""VideoID""])) * data[""SubjectID""] + data[""VideoID""]).astype(""int"")
data = data[ID + FEATURES + TARGET]

data.head(3)
------------------


[0;31m---------------------------------------------------------------------------[0m
[0;31mFileNotFoundError[0m                         Trac",/home/aseliverstov/projects/brain_signals/data/EEG_data.csv,".gitignore, assets, results, src, notebooks, LICENSE, _out, poetry.lock, pyproject.toml, README.md",False,4.235,3.10.19
319afdadf0b8cedfeb252b1a99d8f9d09fe4eaae35c9f19357fae8f5627cac6c,As17-01/brain_signals,notebooks/archieve/no_embeddings/Liquidv3.ipynb,True,/home/asu/reproducibility_of_jupyter_notebooks-1/data/outputs/repositorios_completos/As17-01/brain_signals/49706e10b05aa4e2867a12eb6ea507b9fae4fed1,49706e10b05aa4e2867a12eb6ea507b9fae4fed1,file_not_found,"An error occurred while executing the following cell:
------------------
data_dir = Path(""/home/aseliverstov/projects/brain_signals/data"")
data = pd.read_csv(data_dir / ""EEG_data.csv"")

data[""ID""] = (len(np.unique(data[""VideoID""])) * data[""SubjectID""] + data[""VideoID""]).astype(""int"")
data = data[ID + FEATURES + TARGET]

data.head(3)
------------------


[0;31m---------------------------------------------------------------------------[0m
[0;31mFileNotFoundError[0m                         Trac",/home/aseliverstov/projects/brain_signals/data/EEG_data.csv,".gitignore, assets, results, src, notebooks, LICENSE, _out, poetry.lock, pyproject.toml, README.md",False,3.911,3.10.19
787efcdbd65e2e3ad455138697d80f06d836cc20decdb1e18bb23e18bdf15f77,As17-01/brain_signals,notebooks/archieve/no_embeddings/Liquidv4.ipynb,True,/home/asu/reproducibility_of_jupyter_notebooks-1/data/outputs/repositorios_completos/As17-01/brain_signals/49706e10b05aa4e2867a12eb6ea507b9fae4fed1,49706e10b05aa4e2867a12eb6ea507b9fae4fed1,file_not_found,"An error occurred while executing the following cell:
------------------
data_dir = Path(""/home/aseliverstov/projects/brain_signals/data"")
data = pd.read_csv(data_dir / ""EEG_data.csv"")

data[""ID""] = (len(np.unique(data[""VideoID""])) * data[""SubjectID""] + data[""VideoID""]).astype(""int"")
data = data[ID + FEATURES + TARGET]

data.head(3)
------------------


[0;31m---------------------------------------------------------------------------[0m
[0;31mFileNotFoundError[0m                         Trac",/home/aseliverstov/projects/brain_signals/data/EEG_data.csv,".gitignore, assets, results, src, notebooks, LICENSE, _out, poetry.lock, pyproject.toml, README.md",False,4.07,3.10.19
1e0edd92019f981a5f39f24a9b8678d63e37a5fc6efe40183fafff16fd019a96,As17-01/brain_signals,notebooks/archieve/no_embeddings/Liquidv5.ipynb,True,/home/asu/reproducibility_of_jupyter_notebooks-1/data/outputs/repositorios_completos/As17-01/brain_signals/49706e10b05aa4e2867a12eb6ea507b9fae4fed1,49706e10b05aa4e2867a12eb6ea507b9fae4fed1,file_not_found,"An error occurred while executing the following cell:
------------------
data_dir = Path(""/home/aseliverstov/projects/brain_signals/data"")
data = pd.read_csv(data_dir / ""EEG_data.csv"")

data[""ID""] = (len(np.unique(data[""VideoID""])) * data[""SubjectID""] + data[""VideoID""]).astype(""int"")
data = data[ID + FEATURES + TARGET]

data.head(3)
------------------


[0;31m---------------------------------------------------------------------------[0m
[0;31mFileNotFoundError[0m                         Trac",/home/aseliverstov/projects/brain_signals/data/EEG_data.csv,".gitignore, assets, results, src, notebooks, LICENSE, _out, poetry.lock, pyproject.toml, README.md",False,3.892,3.10.19
93fa3b4b3a9d7b9c59e7503d672c7383861fa2b068bef29a37b8c97ecbac5b1f,As17-01/brain_signals,notebooks/archieve/no_embeddings/Liquidv6.ipynb,True,/home/asu/reproducibility_of_jupyter_notebooks-1/data/outputs/repositorios_completos/As17-01/brain_signals/49706e10b05aa4e2867a12eb6ea507b9fae4fed1,49706e10b05aa4e2867a12eb6ea507b9fae4fed1,file_not_found,"An error occurred while executing the following cell:
------------------
data_dir = Path(""/home/aseliverstov/projects/brain_signals/data"")
data = pd.read_csv(data_dir / ""EEG_data.csv"")

data[""ID""] = (len(np.unique(data[""VideoID""])) * data[""SubjectID""] + data[""VideoID""]).astype(""int"")
data = data[ID + FEATURES + TARGET]

data.head(3)
------------------


[0;31m---------------------------------------------------------------------------[0m
[0;31mFileNotFoundError[0m                         Trac",/home/aseliverstov/projects/brain_signals/data/EEG_data.csv,".gitignore, assets, results, src, notebooks, LICENSE, _out, poetry.lock, pyproject.toml, README.md",False,4.159,3.10.19
48dbfb23866b86291da8ae632d9ab73501fccbb83dfb0853add108e1b544edd4,As17-01/brain_signals,notebooks/archieve/no_embeddings/Liquidv6_increased_lr1.ipynb,True,/home/asu/reproducibility_of_jupyter_notebooks-1/data/outputs/repositorios_completos/As17-01/brain_signals/49706e10b05aa4e2867a12eb6ea507b9fae4fed1,49706e10b05aa4e2867a12eb6ea507b9fae4fed1,file_not_found,"An error occurred while executing the following cell:
------------------
data_dir = Path(""/home/aseliverstov/projects/brain_signals/data"")
data = pd.read_csv(data_dir / ""EEG_data.csv"")

data[""ID""] = (len(np.unique(data[""VideoID""])) * data[""SubjectID""] + data[""VideoID""]).astype(""int"")
data = data[ID + FEATURES + TARGET]

data.head(3)
------------------


[0;31m---------------------------------------------------------------------------[0m
[0;31mFileNotFoundError[0m                         Trac",/home/aseliverstov/projects/brain_signals/data/EEG_data.csv,".gitignore, assets, results, src, notebooks, LICENSE, _out, poetry.lock, pyproject.toml, README.md",False,4.192,3.10.19
e3c2a871e836ad608806038a80af2c89bdb264256a8d31c7cb63e8b0fc449979,As17-01/brain_signals,notebooks/archieve/no_embeddings/Liquidv7.ipynb,True,/home/asu/reproducibility_of_jupyter_notebooks-1/data/outputs/repositorios_completos/As17-01/brain_signals/49706e10b05aa4e2867a12eb6ea507b9fae4fed1,49706e10b05aa4e2867a12eb6ea507b9fae4fed1,file_not_found,"An error occurred while executing the following cell:
------------------
data_dir = Path(""/home/aseliverstov/projects/brain_signals/data"")
data = pd.read_csv(data_dir / ""EEG_data.csv"")

data[""ID""] = (len(np.unique(data[""VideoID""])) * data[""SubjectID""] + data[""VideoID""]).astype(""int"")
data = data[ID + FEATURES + TARGET]

data.head(3)
------------------


[0;31m---------------------------------------------------------------------------[0m
[0;31mFileNotFoundError[0m                         Trac",/home/aseliverstov/projects/brain_signals/data/EEG_data.csv,".gitignore, assets, results, src, notebooks, LICENSE, _out, poetry.lock, pyproject.toml, README.md",False,3.874,3.10.19
777891b226d9fd2977b195a3d91c2399899efbb2da9edb385d8a166f4c1b903c,As17-01/brain_signals,notebooks/archieve/no_embeddings/Liquidv8.ipynb,True,/home/asu/reproducibility_of_jupyter_notebooks-1/data/outputs/repositorios_completos/As17-01/brain_signals/49706e10b05aa4e2867a12eb6ea507b9fae4fed1,49706e10b05aa4e2867a12eb6ea507b9fae4fed1,file_not_found,"An error occurred while executing the following cell:
------------------
data_dir = Path(""/home/aseliverstov/projects/brain_signals/data"")
data = pd.read_csv(data_dir / ""EEG_data.csv"")

data[""ID""] = (len(np.unique(data[""VideoID""])) * data[""SubjectID""] + data[""VideoID""]).astype(""int"")
data = data[ID + FEATURES + TARGET]

data.head(3)
------------------


[0;31m---------------------------------------------------------------------------[0m
[0;31mFileNotFoundError[0m                         Trac",/home/aseliverstov/projects/brain_signals/data/EEG_data.csv,".gitignore, assets, results, src, notebooks, LICENSE, _out, poetry.lock, pyproject.toml, README.md",False,3.77,3.10.19
ab198cea05d51881437b0317e4b271f272b51c2d3777e88ded5f92d069759353,As17-01/brain_signals,notebooks/archieve/no_embeddings/Liquidv8_best_increased_lr2.ipynb,True,/home/asu/reproducibility_of_jupyter_notebooks-1/data/outputs/repositorios_completos/As17-01/brain_signals/49706e10b05aa4e2867a12eb6ea507b9fae4fed1,49706e10b05aa4e2867a12eb6ea507b9fae4fed1,file_not_found,"An error occurred while executing the following cell:
------------------
data_dir = Path(""/home/aseliverstov/projects/brain_signals/data"")
data = pd.read_csv(data_dir / ""EEG_data.csv"")

data[""ID""] = (len(np.unique(data[""VideoID""])) * data[""SubjectID""] + data[""VideoID""]).astype(""int"")
data = data[ID + FEATURES + TARGET]

data.head(3)
------------------


[0;31m---------------------------------------------------------------------------[0m
[0;31mFileNotFoundError[0m                         Trac",/home/aseliverstov/projects/brain_signals/data/EEG_data.csv,".gitignore, assets, results, src, notebooks, LICENSE, _out, poetry.lock, pyproject.toml, README.md",False,4.203,3.10.19
356e0a3330c5fd4bb5d5dc5296c0371fa52df77e2d6c54d00a93783c3bb3cb73,As17-01/brain_signals,notebooks/archieve/no_embeddings/Liquidv8_increased_lr1.ipynb,True,/home/asu/reproducibility_of_jupyter_notebooks-1/data/outputs/repositorios_completos/As17-01/brain_signals/49706e10b05aa4e2867a12eb6ea507b9fae4fed1,49706e10b05aa4e2867a12eb6ea507b9fae4fed1,file_not_found,"An error occurred while executing the following cell:
------------------
data_dir = Path(""/home/aseliverstov/projects/brain_signals/data"")
data = pd.read_csv(data_dir / ""EEG_data.csv"")

data[""ID""] = (len(np.unique(data[""VideoID""])) * data[""SubjectID""] + data[""VideoID""]).astype(""int"")
data = data[ID + FEATURES + TARGET]

data.head(3)
------------------


[0;31m---------------------------------------------------------------------------[0m
[0;31mFileNotFoundError[0m                         Trac",/home/aseliverstov/projects/brain_signals/data/EEG_data.csv,".gitignore, assets, results, src, notebooks, LICENSE, _out, poetry.lock, pyproject.toml, README.md",False,4.096,3.10.19
e5ad320e727e434d9f634109927e5ca613614a6ae7525f7c7df869ee0a438ec6,As17-01/brain_signals,notebooks/archieve/no_embeddings/Liquidv9_increased_lr1.ipynb,True,/home/asu/reproducibility_of_jupyter_notebooks-1/data/outputs/repositorios_completos/As17-01/brain_signals/49706e10b05aa4e2867a12eb6ea507b9fae4fed1,49706e10b05aa4e2867a12eb6ea507b9fae4fed1,file_not_found,"An error occurred while executing the following cell:
------------------
data_dir = Path(""/home/aseliverstov/projects/brain_signals/data"")
data = pd.read_csv(data_dir / ""EEG_data.csv"")

data[""ID""] = (len(np.unique(data[""VideoID""])) * data[""SubjectID""] + data[""VideoID""]).astype(""int"")
data = data[ID + FEATURES + TARGET]

data.head(3)
------------------


[0;31m---------------------------------------------------------------------------[0m
[0;31mFileNotFoundError[0m                         Trac",/home/aseliverstov/projects/brain_signals/data/EEG_data.csv,".gitignore, assets, results, src, notebooks, LICENSE, _out, poetry.lock, pyproject.toml, README.md",False,4.004,3.10.19
0ec8bfe73a6e8831e70a8cd691d2678ec60836c521104f7fd18ddca552f7c80c,As17-01/brain_signals,notebooks/archieve/no_embeddings/Liquidv9_increased_lr2.ipynb,True,/home/asu/reproducibility_of_jupyter_notebooks-1/data/outputs/repositorios_completos/As17-01/brain_signals/49706e10b05aa4e2867a12eb6ea507b9fae4fed1,49706e10b05aa4e2867a12eb6ea507b9fae4fed1,file_not_found,"An error occurred while executing the following cell:
------------------
data_dir = Path(""/home/aseliverstov/projects/brain_signals/data"")
data = pd.read_csv(data_dir / ""EEG_data.csv"")

data[""ID""] = (len(np.unique(data[""VideoID""])) * data[""SubjectID""] + data[""VideoID""]).astype(""int"")
data = data[ID + FEATURES + TARGET]

data.head(3)
------------------


[0;31m---------------------------------------------------------------------------[0m
[0;31mFileNotFoundError[0m                         Trac",/home/aseliverstov/projects/brain_signals/data/EEG_data.csv,".gitignore, assets, results, src, notebooks, LICENSE, _out, poetry.lock, pyproject.toml, README.md",False,4.101,3.10.19
49a670035a22d091dc5593362d00ae181918f8b15b07efeb69a150c257f5181d,As17-01/brain_signals,notebooks/archieve/statistics/EEG_Classical_ML.ipynb,True,/home/asu/reproducibility_of_jupyter_notebooks-1/data/outputs/repositorios_completos/As17-01/brain_signals/49706e10b05aa4e2867a12eb6ea507b9fae4fed1,49706e10b05aa4e2867a12eb6ea507b9fae4fed1,file_not_found,"An error occurred while executing the following cell:
------------------
data = pd.read_csv(""./data/EEG_data.csv"")

data[""ID""] = (len(np.unique(data[""VideoID""])) * data[""SubjectID""] + data[""VideoID""]).astype(""int"")

data = data[ID + FEATURES + TARGET] # Keep the needed column

data
------------------


[0;31m---------------------------------------------------------------------------[0m
[0;31mFileNotFoundError[0m                         Traceback (most recent call last)
Cell [0;32mIn[3], lin",./data/EEG_data.csv,".gitignore, assets, results, src, notebooks, LICENSE, _out, poetry.lock, pyproject.toml, README.md",False,2.087,3.10.19
adb5f5984a4ec9e4546a32833dc83f8e600935354f660a14f4366bedfd8bfd2e,As17-01/brain_signals,notebooks/archieve/statistics/comparison_plot_best.ipynb,True,/home/asu/reproducibility_of_jupyter_notebooks-1/data/outputs/repositorios_completos/As17-01/brain_signals/49706e10b05aa4e2867a12eb6ea507b9fae4fed1,49706e10b05aa4e2867a12eb6ea507b9fae4fed1,file_not_found,"An error occurred while executing the following cell:
------------------
def extract_val_metrics_from_file(file_path):
    epochs = []
    val_accuracy = []
    val_loss = []
    val_auc = []
    
    with open(file_path, 'r') as f:
        for line in f:
            match = re.match(r""Epoch (\d+): VAL Accuracy = ([\d\.]+) Loss = ([\d\.]+) AUC = ([\d\.]+)"", line)
            if match:
                epoch, acc, loss, auc = match.groups()
                epochs.append(int(epoch))
               ",../embedded/logs,".gitignore, assets, results, src, notebooks, LICENSE, _out, poetry.lock, pyproject.toml, README.md",False,1.445,3.10.19
07115f38dbf0f1aff3ecfbef436dabab91f8c2b5c3e2879c93c80324178cc4aa,As17-01/brain_signals,notebooks/archieve/statistics/comparison_plot_best_raw_data.ipynb,True,/home/asu/reproducibility_of_jupyter_notebooks-1/data/outputs/repositorios_completos/As17-01/brain_signals/49706e10b05aa4e2867a12eb6ea507b9fae4fed1,49706e10b05aa4e2867a12eb6ea507b9fae4fed1,file_not_found,"An error occurred while executing the following cell:
------------------
def extract_val_metrics_from_file(file_path):
    epochs = []
    val_accuracy = []
    val_loss = []
    val_auc = []
    
    with open(file_path, 'r') as f:
        for line in f:
            match = re.match(r""Epoch (\d+): VAL Accuracy = ([\d\.]+) Loss = ([\d\.]+) AUC = ([\d\.]+)"", line)
            if match:
                epoch, acc, loss, auc = match.groups()
                epochs.append(int(epoch))
               ",../embedded/logs,".gitignore, assets, results, src, notebooks, LICENSE, _out, poetry.lock, pyproject.toml, README.md",False,1.443,3.10.19
7b46e1cc091b4027a423a5d662968a9876dd0aa585d1113a5b3ff3a3c1668f8b,As17-01/brain_signals,notebooks/archieve/statistics/raw_plot.ipynb,True,/home/asu/reproducibility_of_jupyter_notebooks-1/data/outputs/repositorios_completos/As17-01/brain_signals/49706e10b05aa4e2867a12eb6ea507b9fae4fed1,49706e10b05aa4e2867a12eb6ea507b9fae4fed1,file_not_found,"An error occurred while executing the following cell:
------------------
data_dir = Path(""/home/aseliverstov/projects/brain_signals/data"")
data = pd.read_csv(data_dir / ""EEG_data.csv"")

data[""ID""] = (len(np.unique(data[""VideoID""])) * data[""SubjectID""] + data[""VideoID""]).astype(""int"")
data = data[ID + IDS + FEATURES + TARGET]

data.head(3)
------------------


[0;31m---------------------------------------------------------------------------[0m
[0;31mFileNotFoundError[0m                       ",/home/aseliverstov/projects/brain_signals/data/EEG_data.csv,".gitignore, assets, results, src, notebooks, LICENSE, _out, poetry.lock, pyproject.toml, README.md",False,2.407,3.10.19
a1980128e9c1838a11e8d8feda7528e40aff584a4b7d95400a940c5d92f88ef3,As17-01/brain_signals,notebooks/manuscript/GRU.ipynb,True,/home/asu/reproducibility_of_jupyter_notebooks-1/data/outputs/repositorios_completos/As17-01/brain_signals/49706e10b05aa4e2867a12eb6ea507b9fae4fed1,49706e10b05aa4e2867a12eb6ea507b9fae4fed1,file_not_found,"An error occurred while executing the following cell:
------------------
data_dir = Path(""/home/aseliverstov/projects/brain_signals/data"")
data = pd.read_csv(data_dir / ""EEG_data.csv"")

data[""ID""] = (len(np.unique(data[""VideoID""])) * data[""SubjectID""] + data[""VideoID""]).astype(""int"")
data = data[ID + USER + FEATURES + TARGET]

data.head(3)
------------------


[0;31m---------------------------------------------------------------------------[0m
[0;31mFileNotFoundError[0m                      ",/home/aseliverstov/projects/brain_signals/data/EEG_data.csv,".gitignore, assets, results, src, notebooks, LICENSE, _out, poetry.lock, pyproject.toml, README.md",False,3.934,3.10.19
4e96f0c13780d2c87eb0b88d2e838ec3c91573d0c79c5d4b737ab9cfa551b9d3,As17-01/brain_signals,notebooks/manuscript/comparison_plot_reworked.ipynb,True,/home/asu/reproducibility_of_jupyter_notebooks-1/data/outputs/repositorios_completos/As17-01/brain_signals/49706e10b05aa4e2867a12eb6ea507b9fae4fed1,49706e10b05aa4e2867a12eb6ea507b9fae4fed1,file_not_found,"An error occurred while executing the following cell:
------------------
def extract_metrics_from_file(file_path):
    all_epochs = []
    all_accuracy = []
    all_loss = []
    all_auc = []
    all_loss_std = []
    all_auc_std = []
    
    with open(file_path, 'r') as f:
        for line in f:
            match = re.match(r""Epoch (\d+): ACC = ([\d\.]+) std: ([\d\.]+); LOSS = ([\d\.]+) std: ([\d\.]+); AUC = ([\d\.]+) std: ([\d\.]+)"", line)
            if match:
                epoch, acc, acc",../../results,".gitignore, assets, results, src, notebooks, LICENSE, _out, poetry.lock, pyproject.toml, README.md",False,2.092,3.10.19
f16baf4c147804d0a729d7b7cc071cd7232bc2e17b57911cbafef7cb5df841e7,As17-01/brain_signals,notebooks/manuscript/description.ipynb,True,/home/asu/reproducibility_of_jupyter_notebooks-1/data/outputs/repositorios_completos/As17-01/brain_signals/49706e10b05aa4e2867a12eb6ea507b9fae4fed1,49706e10b05aa4e2867a12eb6ea507b9fae4fed1,file_not_found,"An error occurred while executing the following cell:
------------------
data_dir = Path(""/home/aseliverstov/projects/brain_signals/data"")
data = pd.read_csv(data_dir / ""EEG_data.csv"")

data[""ID""] = (len(np.unique(data[""VideoID""])) * data[""SubjectID""] + data[""VideoID""]).astype(""int"")
data = data[ID + USER + FEATURES + TARGET]

data.head(3)
------------------


[0;31m---------------------------------------------------------------------------[0m
[0;31mFileNotFoundError[0m                      ",/home/aseliverstov/projects/brain_signals/data/EEG_data.csv,".gitignore, assets, results, src, notebooks, LICENSE, _out, poetry.lock, pyproject.toml, README.md",False,3.054,3.10.19
ec817fd25b450959959c3647a62f7640c73f930146c4cb7ea378697e60906314,As17-01/brain_signals,notebooks/manuscript/distributions.ipynb,True,/home/asu/reproducibility_of_jupyter_notebooks-1/data/outputs/repositorios_completos/As17-01/brain_signals/49706e10b05aa4e2867a12eb6ea507b9fae4fed1,49706e10b05aa4e2867a12eb6ea507b9fae4fed1,file_not_found,"An error occurred while executing the following cell:
------------------
data_dir = Path(""/home/aseliverstov/projects/brain_signals/data"")
data = pd.read_csv(data_dir / ""EEG_data.csv"")

data[""ID""] = (len(np.unique(data[""VideoID""])) * data[""SubjectID""] + data[""VideoID""]).astype(""int"")
data = data[ID + USER + FEATURES + TARGET]

data.head(3)
------------------


[0;31m---------------------------------------------------------------------------[0m
[0;31mFileNotFoundError[0m                      ",/home/aseliverstov/projects/brain_signals/data/EEG_data.csv,".gitignore, assets, results, src, notebooks, LICENSE, _out, poetry.lock, pyproject.toml, README.md",False,1.502,3.10.19
14e052c85abd0907415581436df198ba205539fd7c8a0f58af015a8408d08054,As17-01/brain_signals,notebooks/manuscript/regressions.ipynb,True,/home/asu/reproducibility_of_jupyter_notebooks-1/data/outputs/repositorios_completos/As17-01/brain_signals/49706e10b05aa4e2867a12eb6ea507b9fae4fed1,49706e10b05aa4e2867a12eb6ea507b9fae4fed1,file_not_found,"An error occurred while executing the following cell:
------------------
# Read data
data_dir = Path(""/home/aseliverstov/projects/brain_signals/data"")
data = pd.read_csv(data_dir / ""EEG_data.csv"")

data[""ID""] = (len(np.unique(data[""VideoID""])) * data[""SubjectID""] + data[""VideoID""]).astype(""int"")
data = data[ID + FEATURES + TARGET + CONTROLS]

data.head(3)
------------------


[0;31m---------------------------------------------------------------------------[0m
[0;31mFileNotFoundError[0m      ",/home/aseliverstov/projects/brain_signals/data/EEG_data.csv,".gitignore, assets, results, src, notebooks, LICENSE, _out, poetry.lock, pyproject.toml, README.md",False,1.996,3.10.19
47490611143d20efbc7d4f9f2cd24fb910e76d9e0539bfcd139133869d369665,rogerqiu7/Cancer-Mortality-Prediction,Code_Library/.ipynb_checkpoints/1_Data_Preparation-checkpoint.ipynb,True,/home/asu/reproducibility_of_jupyter_notebooks-1/data/outputs/repositorios_completos/rogerqiu7/Cancer-Mortality-Prediction/2a012f8fb602ec7ab7c67a310c4a13329fc144f1,2a012f8fb602ec7ab7c67a310c4a13329fc144f1,file_not_found,"An error occurred while executing the following cell:
------------------
# Define the file paths
#file_path_male = '/Users/roger.qiu/Documents/other/code/USD/12. Capstone Project/ADS-599-Capstone/module_1/option2/IHME_USA_STOMACH_CANCER_COUNTY_RACE_ETHN_2000_2019_MX_MALE/IHME_USA_STOMACH_CANCER_COUNTY_RACE_ETHN_2000_2019_MX_2019_MALE_Y2023M06D28.CSV'
#file_path_female = '/Users/roger.qiu/Documents/other/code/USD/12. Capstone Project/ADS-599-Capstone/module_1/option2/IHME_USA_STOMACH_CANCER_COUNT",/Users/shailjasomani/Documents/USD_MS_ADS/ADS_599/Datasets/Raw_Data/IHME_USA_STOMACH_CANCER_COUNTY_RACE_ETHN_2000_2019_MX_MALE/IHME_USA_STOMACH_CANCER_COUNTY_RACE_ETHN_2000_2019_MX_2019_MALE_Y2023M06D28.CSV,".DS_Store, FoodVision.ipynb, Code_Library, LICENSE, _out, Image_Library, Somani_Qiu_Gastric_Cancer_Modeling_Paper.pdf, README.md, Datasets, White_Paper.pdf",False,3.506,3.9.25
ef0860e428cc1f4c777e6c4791f7deb9774861f80b14e717ea87d2bbf3f611e2,rogerqiu7/Cancer-Mortality-Prediction,Code_Library/.ipynb_checkpoints/2_EDA-checkpoint.ipynb,True,/home/asu/reproducibility_of_jupyter_notebooks-1/data/outputs/repositorios_completos/rogerqiu7/Cancer-Mortality-Prediction/2a012f8fb602ec7ab7c67a310c4a13329fc144f1,2a012f8fb602ec7ab7c67a310c4a13329fc144f1,file_not_found,"An error occurred while executing the following cell:
------------------
# read in the cleaned and consolidated dataset for EDA
df = pd.read_csv('/Users/shailjasomani/Documents/USD_MS_ADS/ADS_599/Datasets/prepped_dataset.csv')
df.head()
------------------


[0;31m---------------------------------------------------------------------------[0m
[0;31mFileNotFoundError[0m                         Traceback (most recent call last)
Cell [0;32mIn[2], line 2[0m
[1;32m      1[0m [38;5;66;03m# read",/Users/shailjasomani/Documents/USD_MS_ADS/ADS_599/Datasets/prepped_dataset.csv,".DS_Store, FoodVision.ipynb, Code_Library, LICENSE, _out, Image_Library, Somani_Qiu_Gastric_Cancer_Modeling_Paper.pdf, README.md, Datasets, White_Paper.pdf",False,3.553,3.9.25
eded67534d10fc6d3edbf5f44ed41f028fd53cdca1f375180f0c13f5b787dc3b,rogerqiu7/Cancer-Mortality-Prediction,Code_Library/.ipynb_checkpoints/3_Modeling-checkpoint.ipynb,True,/home/asu/reproducibility_of_jupyter_notebooks-1/data/outputs/repositorios_completos/rogerqiu7/Cancer-Mortality-Prediction/2a012f8fb602ec7ab7c67a310c4a13329fc144f1,2a012f8fb602ec7ab7c67a310c4a13329fc144f1,file_not_found,"An error occurred while executing the following cell:
------------------
# read in the cleaned and consolidated dataset for EDA
full_data = pd.read_csv('/Users/shailjasomani/Documents/USD_MS_ADS/ADS_599/Datasets/prepped_dataset.csv')
full_data.head()
------------------


[0;31m---------------------------------------------------------------------------[0m
[0;31mFileNotFoundError[0m                         Traceback (most recent call last)
Cell [0;32mIn[3], line 2[0m
[1;32m      1[0m [38;",/Users/shailjasomani/Documents/USD_MS_ADS/ADS_599/Datasets/prepped_dataset.csv,".DS_Store, FoodVision.ipynb, Code_Library, LICENSE, _out, Image_Library, Somani_Qiu_Gastric_Cancer_Modeling_Paper.pdf, README.md, Datasets, White_Paper.pdf",False,3.042,3.9.25
223ab002b3d814d48eb65cf121e903049f3354d743877aa077b6772392a6a1df,rogerqiu7/Cancer-Mortality-Prediction,Code_Library/1_Data_Preparation.ipynb,True,/home/asu/reproducibility_of_jupyter_notebooks-1/data/outputs/repositorios_completos/rogerqiu7/Cancer-Mortality-Prediction/2a012f8fb602ec7ab7c67a310c4a13329fc144f1,2a012f8fb602ec7ab7c67a310c4a13329fc144f1,file_not_found,"An error occurred while executing the following cell:
------------------
# Define the file paths
#file_path_male = '/Users/roger.qiu/Documents/other/code/USD/12. Capstone Project/ADS-599-Capstone/module_1/option2/IHME_USA_STOMACH_CANCER_COUNTY_RACE_ETHN_2000_2019_MX_MALE/IHME_USA_STOMACH_CANCER_COUNTY_RACE_ETHN_2000_2019_MX_2019_MALE_Y2023M06D28.CSV'
#file_path_female = '/Users/roger.qiu/Documents/other/code/USD/12. Capstone Project/ADS-599-Capstone/module_1/option2/IHME_USA_STOMACH_CANCER_COUNT",/Users/shailjasomani/Documents/USD_MS_ADS/ADS_599/Datasets/Raw_Data/IHME_USA_STOMACH_CANCER_COUNTY_RACE_ETHN_2000_2019_MX_MALE/IHME_USA_STOMACH_CANCER_COUNTY_RACE_ETHN_2000_2019_MX_2019_MALE_Y2023M06D28.CSV,".DS_Store, FoodVision.ipynb, Code_Library, LICENSE, _out, Image_Library, Somani_Qiu_Gastric_Cancer_Modeling_Paper.pdf, README.md, Datasets, White_Paper.pdf",False,1.576,3.9.25
8c73755e837901741169529308a9d9189cf80cc0a682f1962f9b240fd7a767b2,rogerqiu7/Cancer-Mortality-Prediction,Code_Library/2_EDA.ipynb,True,/home/asu/reproducibility_of_jupyter_notebooks-1/data/outputs/repositorios_completos/rogerqiu7/Cancer-Mortality-Prediction/2a012f8fb602ec7ab7c67a310c4a13329fc144f1,2a012f8fb602ec7ab7c67a310c4a13329fc144f1,file_not_found,"An error occurred while executing the following cell:
------------------
# read in the cleaned and consolidated dataset for EDA
df = pd.read_csv('/Users/shailjasomani/Documents/USD_MS_ADS/ADS_599/Datasets/prepped_dataset.csv')
df.head()
------------------


[0;31m---------------------------------------------------------------------------[0m
[0;31mFileNotFoundError[0m                         Traceback (most recent call last)
Cell [0;32mIn[2], line 2[0m
[1;32m      1[0m [38;5;66;03m# read",/Users/shailjasomani/Documents/USD_MS_ADS/ADS_599/Datasets/prepped_dataset.csv,".DS_Store, FoodVision.ipynb, Code_Library, LICENSE, _out, Image_Library, Somani_Qiu_Gastric_Cancer_Modeling_Paper.pdf, README.md, Datasets, White_Paper.pdf",False,2.466,3.9.25
532ed8c2631bf84ef0c1261505aa5b48fc2a578a2e181e435308875792443179,rogerqiu7/Cancer-Mortality-Prediction,Code_Library/3_Modeling.ipynb,True,/home/asu/reproducibility_of_jupyter_notebooks-1/data/outputs/repositorios_completos/rogerqiu7/Cancer-Mortality-Prediction/2a012f8fb602ec7ab7c67a310c4a13329fc144f1,2a012f8fb602ec7ab7c67a310c4a13329fc144f1,file_not_found,"An error occurred while executing the following cell:
------------------
# read in the cleaned and consolidated dataset for EDA
full_data = pd.read_csv('/Users/shailjasomani/Documents/USD_MS_ADS/ADS_599/Datasets/prepped_dataset.csv')
full_data.head()
------------------


[0;31m---------------------------------------------------------------------------[0m
[0;31mFileNotFoundError[0m                         Traceback (most recent call last)
Cell [0;32mIn[3], line 2[0m
[1;32m      1[0m [38;",/Users/shailjasomani/Documents/USD_MS_ADS/ADS_599/Datasets/prepped_dataset.csv,".DS_Store, FoodVision.ipynb, Code_Library, LICENSE, _out, Image_Library, Somani_Qiu_Gastric_Cancer_Modeling_Paper.pdf, README.md, Datasets, White_Paper.pdf",False,2.793,3.9.25
32bde089d3855fc2186e78c6975a7fde8db30678b072849603da44a313f2de21,yupraw/Portfolio-Project,Traveloka_Sentiment_Analysis/Web_Scraping_Sentiment_Analysis.ipynb,True,/home/asu/reproducibility_of_jupyter_notebooks-1/data/outputs/repositorios_completos/yupraw/Portfolio-Project/91fa89c70207e1c55b04a3f341f3b13b0122cf46,91fa89c70207e1c55b04a3f341f3b13b0122cf46,file_not_found,"An error occurred while executing the following cell:
------------------
import pandas as pd

# Step 1: Read the Excel file containing the mapping of standard and non-standard words
kamus_data = pd.read_excel('kamuskatabaku.xlsx')

# Step 2: Create a dictionary for word normalization
kamus_tidak_baku = dict(zip(kamus_data['tidak_baku'], kamus_data['kata_baku']))

# Step 3: Define the function to replace taboo words (non-standard) with standard words
def replace_taboo_words(text, taboo_dict):
   ",kamuskatabaku.xlsx,"The Farmhill Dashboard, _out, README.md, Standard Chartered Credit Risk Analyst , Traveloka_Sentiment_Analysis",False,114.415,3.10.19
fe77e4a4a13cb2939cb09ae791201d75791a05063d55253012e82f6f8e767365,romms921/arXiver,stats.ipynb,True,/home/asu/reproducibility_of_jupyter_notebooks-1/data/outputs/repositorios_completos/romms921/arXiver/b9516b335c5455b1afaca87966747ca9d4f292fa,b9516b335c5455b1afaca87966747ca9d4f292fa,file_not_found,"An error occurred while executing the following cell:
------------------
data = pd.read_csv('arxiv_papers.csv')
------------------


[31m---------------------------------------------------------------------------[39m
[31mFileNotFoundError[39m                         Traceback (most recent call last)
[36mCell[39m[36m [39m[32mIn[2][39m[32m, line 1[39m
[32m----> [39m[32m1[39m data = [43mpd[49m[43m.[49m[43mread_csv[49m[43m([49m[33;43m'[39;49m[33;43marxiv_papers.csv[39;49m",arxiv_papers.csv,".gitignore, script2.py, .DS_Store, stats.ipynb, .gitattributes, main.ipynb, plain_map.html, author_affil.ipynb, script.ipynb, all_keywords.csv",False,2.345,3.11.14
5368024c8d0c8dcbf92e5bafa1138c68903e8a8d599833b582b9ca80db995ff1,Subin-Vidhu/2025,0_Coursera/1_Introduction to Computer Vision and Image Processing/Code/2 1 2_Images_with_python_library_CV.ipynb,True,/home/asu/reproducibility_of_jupyter_notebooks-1/data/outputs/repositorios_completos/Subin-Vidhu/2025/b02c75d777f19f2808c4bcb6fc171184450a5505,b02c75d777f19f2808c4bcb6fc171184450a5505,file_not_found,"An error occurred while executing the following cell:
------------------
import cv2
------------------


[0;31m---------------------------------------------------------------------------[0m
[0;31mImportError[0m                               Traceback (most recent call last)
Cell [0;32mIn[6], line 1[0m
[0;32m----> 1[0m [38;5;28;01mimport[39;00m[38;5;250m [39m[38;5;21;01mcv2[39;00m

File [0;32m/usr/local/lib/python3.10/site-packages/cv2/__init__.py:181[0m
[1;32m    176[0m        ",,".gitignore, Cursor, 0_Coursera, 0_DeepLearning_AI_Courses, 6_Personal, services.json, 0_Datacamp, 4_GenAI Essentials – Full Course for Beginners, status_log.jsonl, 0_Personal",False,1.514,3.10.19
3a2050dd60a9b0d87c5d7cc0c9f87b435dda89b3ef4511f6c37b0fed82bd5994,Subin-Vidhu/2025,0_Coursera/1_Introduction to Computer Vision and Image Processing/Code/2 2 1_basic_image_manipulation_PIL.ipynb,True,/home/asu/reproducibility_of_jupyter_notebooks-1/data/outputs/repositorios_completos/Subin-Vidhu/2025/b02c75d777f19f2808c4bcb6fc171184450a5505,b02c75d777f19f2808c4bcb6fc171184450a5505,file_not_found,"An error occurred while executing the following cell:
------------------
baboon = np.array(Image.open('baboon.png'))
plt.figure(figsize=(5,5))
plt.imshow(baboon )
plt.show()
------------------


[0;31m---------------------------------------------------------------------------[0m
[0;31mFileNotFoundError[0m                         Traceback (most recent call last)
Cell [0;32mIn[3], line 1[0m
[0;32m----> 1[0m baboon [38;5;241m=[39m np[38;5;241m.[39marray([43mImage[49m[38;5;241;43m.[",baboon.png,".gitignore, Cursor, 0_Coursera, 0_DeepLearning_AI_Courses, 6_Personal, services.json, 0_Datacamp, 4_GenAI Essentials – Full Course for Beginners, status_log.jsonl, 0_Personal",False,2.034,3.10.19
9a1a5ba6475224c2ef06a616d8c76a942060cd91f7ad25c5f42b40f5f9dc5e5c,Subin-Vidhu/2025,0_Coursera/1_Introduction to Computer Vision and Image Processing/Code/2 2 2_basic_image_manipulation_open_CV.ipynb,True,/home/asu/reproducibility_of_jupyter_notebooks-1/data/outputs/repositorios_completos/Subin-Vidhu/2025/b02c75d777f19f2808c4bcb6fc171184450a5505,b02c75d777f19f2808c4bcb6fc171184450a5505,file_not_found,"An error occurred while executing the following cell:
------------------
import matplotlib.pyplot as plt
import cv2
import numpy as np
------------------


[0;31m---------------------------------------------------------------------------[0m
[0;31mImportError[0m                               Traceback (most recent call last)
Cell [0;32mIn[2], line 2[0m
[1;32m      1[0m [38;5;28;01mimport[39;00m[38;5;250m [39m[38;5;21;01mmatplotlib[39;00m[38;5;21;01m.[39;00m[38;5;21;01mpyplot[39;",,".gitignore, Cursor, 0_Coursera, 0_DeepLearning_AI_Courses, 6_Personal, services.json, 0_Datacamp, 4_GenAI Essentials – Full Course for Beginners, status_log.jsonl, 0_Personal",False,1.934,3.10.19
c83a5503d58aff856751300e2b9a4c67d7dce0089b4739c3afc5c502b27bc09a,Subin-Vidhu/2025,0_Coursera/1_Introduction to Computer Vision and Image Processing/Code/2 3 2_ Histograms and Intensity Transformations.ipynb,True,/home/asu/reproducibility_of_jupyter_notebooks-1/data/outputs/repositorios_completos/Subin-Vidhu/2025/b02c75d777f19f2808c4bcb6fc171184450a5505,b02c75d777f19f2808c4bcb6fc171184450a5505,file_not_found,"An error occurred while executing the following cell:
------------------
import matplotlib.pyplot as plt
import cv2
import numpy as np
------------------


[0;31m---------------------------------------------------------------------------[0m
[0;31mImportError[0m                               Traceback (most recent call last)
Cell [0;32mIn[2], line 2[0m
[1;32m      1[0m [38;5;28;01mimport[39;00m[38;5;250m [39m[38;5;21;01mmatplotlib[39;00m[38;5;21;01m.[39;00m[38;5;21;01mpyplot[39;",,".gitignore, Cursor, 0_Coursera, 0_DeepLearning_AI_Courses, 6_Personal, services.json, 0_Datacamp, 4_GenAI Essentials – Full Course for Beginners, status_log.jsonl, 0_Personal",False,2.138,3.10.19
5319a683460dc5bd4404c306dc07ef5914a4aa36593c4283108735b6decb19f1,Subin-Vidhu/2025,0_Coursera/1_Introduction to Computer Vision and Image Processing/Code/2 4 1_Gemetric_trasfroms_PIL.ipynb,True,/home/asu/reproducibility_of_jupyter_notebooks-1/data/outputs/repositorios_completos/Subin-Vidhu/2025/b02c75d777f19f2808c4bcb6fc171184450a5505,b02c75d777f19f2808c4bcb6fc171184450a5505,file_not_found,"An error occurred while executing the following cell:
------------------
image = Image.open(""lenna.png"")
plt.imshow(image)
plt.show()
------------------


[0;31m---------------------------------------------------------------------------[0m
[0;31mFileNotFoundError[0m                         Traceback (most recent call last)
Cell [0;32mIn[4], line 1[0m
[0;32m----> 1[0m image [38;5;241m=[39m [43mImage[49m[38;5;241;43m.[39;49m[43mopen[49m[43m([49m[38;5;124;43m""[39;49m[38;5;124;4",lenna.png,".gitignore, Cursor, 0_Coursera, 0_DeepLearning_AI_Courses, 6_Personal, services.json, 0_Datacamp, 4_GenAI Essentials – Full Course for Beginners, status_log.jsonl, 0_Personal",False,2.037,3.10.19
7892b623a1d7ef6fbab88d6c92fadb244fbe255a4d3054ae121d82f6a9c42d9b,Subin-Vidhu/2025,0_Coursera/1_Introduction to Computer Vision and Image Processing/Code/2 4 2_Gemetric_trasfroms_OpenCV.ipynb,True,/home/asu/reproducibility_of_jupyter_notebooks-1/data/outputs/repositorios_completos/Subin-Vidhu/2025/b02c75d777f19f2808c4bcb6fc171184450a5505,b02c75d777f19f2808c4bcb6fc171184450a5505,file_not_found,"An error occurred while executing the following cell:
------------------
import matplotlib.pyplot as plt
import cv2
import numpy as np
------------------


[0;31m---------------------------------------------------------------------------[0m
[0;31mImportError[0m                               Traceback (most recent call last)
Cell [0;32mIn[2], line 2[0m
[1;32m      1[0m [38;5;28;01mimport[39;00m[38;5;250m [39m[38;5;21;01mmatplotlib[39;00m[38;5;21;01m.[39;00m[38;5;21;01mpyplot[39;",,".gitignore, Cursor, 0_Coursera, 0_DeepLearning_AI_Courses, 6_Personal, services.json, 0_Datacamp, 4_GenAI Essentials – Full Course for Beginners, status_log.jsonl, 0_Personal",False,2.044,3.10.19
6dad5c1b3fd0dc65b37f8f7a4e076fe362afcd5e1a2fb879920776f85d7c00cd,Subin-Vidhu/2025,0_Coursera/1_Introduction to Computer Vision and Image Processing/Code/2 5 1_Spatial_Filtering-PIL.ipynb,True,/home/asu/reproducibility_of_jupyter_notebooks-1/data/outputs/repositorios_completos/Subin-Vidhu/2025/b02c75d777f19f2808c4bcb6fc171184450a5505,b02c75d777f19f2808c4bcb6fc171184450a5505,file_not_found,"An error occurred while executing the following cell:
------------------
# Loads the image from the specified file
image = Image.open(""lenna.png"")
# Renders the image
plt.figure(figsize=(5,5))
plt.imshow(image)
plt.show()
------------------


[0;31m---------------------------------------------------------------------------[0m
[0;31mFileNotFoundError[0m                         Traceback (most recent call last)
Cell [0;32mIn[4], line 2[0m
[1;32m      1[0m [38;5;66;03m# Loads the image fro",lenna.png,".gitignore, Cursor, 0_Coursera, 0_DeepLearning_AI_Courses, 6_Personal, services.json, 0_Datacamp, 4_GenAI Essentials – Full Course for Beginners, status_log.jsonl, 0_Personal",False,2.013,3.10.19
543fc9ee3a77701698b70af80b66489159ed05f2ec00a5ccb89ea1abe3bcf0fc,Subin-Vidhu/2025,0_Coursera/1_Introduction to Computer Vision and Image Processing/Code/2 5 2_Spatial_Filtering.ipynb,True,/home/asu/reproducibility_of_jupyter_notebooks-1/data/outputs/repositorios_completos/Subin-Vidhu/2025/b02c75d777f19f2808c4bcb6fc171184450a5505,b02c75d777f19f2808c4bcb6fc171184450a5505,file_not_found,"An error occurred while executing the following cell:
------------------
# Used to view the images
import matplotlib.pyplot as plt
# Used to perform filtering on an image
import cv2
# Used to create kernels for filtering
import numpy as np
------------------


[0;31m---------------------------------------------------------------------------[0m
[0;31mImportError[0m                               Traceback (most recent call last)
Cell [0;32mIn[2], line 4[0m
[1;32m      2[0m [38;5;28;01mimp",,".gitignore, Cursor, 0_Coursera, 0_DeepLearning_AI_Courses, 6_Personal, services.json, 0_Datacamp, 4_GenAI Essentials – Full Course for Beginners, status_log.jsonl, 0_Personal",False,1.843,3.10.19
812e148c3306c83dbbeb08ef6e7ce63ff4a550f3c9c2f58754b6ff8d480ef208,Subin-Vidhu/2025,0_Coursera/1_Introduction to Computer Vision and Image Processing/Code/2.1.1_Images_with_python_library_PIL.ipynb,True,/home/asu/reproducibility_of_jupyter_notebooks-1/data/outputs/repositorios_completos/Subin-Vidhu/2025/b02c75d777f19f2808c4bcb6fc171184450a5505,b02c75d777f19f2808c4bcb6fc171184450a5505,file_not_found,"An error occurred while executing the following cell:
------------------
image = Image.open(my_image)
type(image)
------------------


[0;31m---------------------------------------------------------------------------[0m
[0;31mFileNotFoundError[0m                         Traceback (most recent call last)
Cell [0;32mIn[7], line 1[0m
[0;32m----> 1[0m image [38;5;241m=[39m [43mImage[49m[38;5;241;43m.[39;49m[43mopen[49m[43m([49m[43mmy_image[49m[43m)[49m
[1;32m      2[0m [38;5",lenna.png,".gitignore, Cursor, 0_Coursera, 0_DeepLearning_AI_Courses, 6_Personal, services.json, 0_Datacamp, 4_GenAI Essentials – Full Course for Beginners, status_log.jsonl, 0_Personal",False,1.627,3.10.19
774c444b285077f332b489f21fd7f4d84829bcb97b1bf347957fb27561a7fb2d,Subin-Vidhu/2025,0_Coursera/1_Introduction to Computer Vision and Image Processing/Code/Data Augmentation.ipynb,True,/home/asu/reproducibility_of_jupyter_notebooks-1/data/outputs/repositorios_completos/Subin-Vidhu/2025/b02c75d777f19f2808c4bcb6fc171184450a5505,b02c75d777f19f2808c4bcb6fc171184450a5505,file_not_found,"An error occurred while executing the following cell:
------------------
checkpoint_normal = torch.load(os.path.join(os.getcwd(),'normal.pt'))
------------------


[0;31m---------------------------------------------------------------------------[0m
[0;31mFileNotFoundError[0m                         Traceback (most recent call last)
Cell [0;32mIn[18], line 1[0m
[0;32m----> 1[0m checkpoint_normal [38;5;241m=[39m [43mtorch[49m[38;5;241;43m.[39;49m[43mload[49m[43m([49m[43mos[49m",/workspace/normal.pt,".gitignore, Cursor, 0_Coursera, 0_DeepLearning_AI_Courses, 6_Personal, services.json, 0_Datacamp, 4_GenAI Essentials – Full Course for Beginners, status_log.jsonl, 0_Personal",False,22.14,3.10.19
b8b526943dd2635e27cb31ec4b21becd08988e429415d2db3b175069879bba87,Subin-Vidhu/2025,0_Coursera/2_Generative Adversarial Networks (GANs) Specialization/Apply Generative Adversarial Networks (GANs)/C3W2A_Assignment.ipynb,True,/home/asu/reproducibility_of_jupyter_notebooks-1/data/outputs/repositorios_completos/Subin-Vidhu/2025/b02c75d777f19f2808c4bcb6fc171184450a5505,b02c75d777f19f2808c4bcb6fc171184450a5505,file_not_found,"An error occurred while executing the following cell:
------------------
from skimage import io
import numpy as np
volumes = torch.Tensor(io.imread('train-volume.tif'))[:, None, :, :] / 255
labels = torch.Tensor(io.imread('train-labels.tif', plugin=""tifffile""))[:, None, :, :] / 255
labels = crop(labels, torch.Size([len(labels), 1, target_shape, target_shape]))
dataset = torch.utils.data.TensorDataset(volumes, labels)
------------------


[0;31m---------------------------------------------------",/workspace/train-volume.tif,".gitignore, Cursor, 0_Coursera, 0_DeepLearning_AI_Courses, 6_Personal, services.json, 0_Datacamp, 4_GenAI Essentials – Full Course for Beginners, status_log.jsonl, 0_Personal",False,5.408,3.8.20
be0392c9e674d563785876e6e0ee7109f26c36a1072065a4f080e086af01e691,Subin-Vidhu/2025,0_Coursera/2_Generative Adversarial Networks (GANs) Specialization/Apply Generative Adversarial Networks (GANs)/C3W2B_Assignment.ipynb,True,/home/asu/reproducibility_of_jupyter_notebooks-1/data/outputs/repositorios_completos/Subin-Vidhu/2025/b02c75d777f19f2808c4bcb6fc171184450a5505,b02c75d777f19f2808c4bcb6fc171184450a5505,file_not_found,"An error occurred while executing the following cell:
------------------
transform = transforms.Compose([
    transforms.ToTensor(),
])

import torchvision
dataset = torchvision.datasets.ImageFolder(""maps"", transform=transform)
------------------


[0;31m---------------------------------------------------------------------------[0m
[0;31mFileNotFoundError[0m                         Traceback (most recent call last)
Cell [0;32mIn[6], line 6[0m
[1;32m      1[0m transform [38;5;241m=[39m ",maps,".gitignore, Cursor, 0_Coursera, 0_DeepLearning_AI_Courses, 6_Personal, services.json, 0_Datacamp, 4_GenAI Essentials – Full Course for Beginners, status_log.jsonl, 0_Personal",False,3.839,3.8.20
e7517c6fcad6132decd62f3ddf82117ccc0303282bad7da83a580b83cba71eee,Subin-Vidhu/2025,0_Coursera/2_Generative Adversarial Networks (GANs) Specialization/Build Better Generative Adversarial Networks (GANs)/C2W1_Assignment.ipynb,True,/home/asu/reproducibility_of_jupyter_notebooks-1/data/outputs/repositorios_completos/Subin-Vidhu/2025/b02c75d777f19f2808c4bcb6fc171184450a5505,b02c75d777f19f2808c4bcb6fc171184450a5505,file_not_found,"An error occurred while executing the following cell:
------------------
z_dim = 64
image_size = 299
device = 'cuda'

transform = transforms.Compose([
    transforms.Resize(image_size),
    transforms.CenterCrop(image_size),
    transforms.ToTensor(),
    transforms.Normalize((0.5, 0.5, 0.5), (0.5, 0.5, 0.5)),
])

in_coursera = True # Set this to false if you're running this outside Coursera
if in_coursera:
    import numpy as np
    data = torch.Tensor(np.load('fid_images_tensor.npz', allow_pic",fid_images_tensor.npz,".gitignore, Cursor, 0_Coursera, 0_DeepLearning_AI_Courses, 6_Personal, services.json, 0_Datacamp, 4_GenAI Essentials – Full Course for Beginners, status_log.jsonl, 0_Personal",False,3.78,3.8.20
47e4cfbef501aa029aa0ae8db87cdd7c405f7d72513aaba7793b8479e2ca9e39,Subin-Vidhu/2025,0_Coursera/3_Microsoft Python Development Professional Certificate/ii.Data Analysis and Visualization with Python/codes/C2_M5_L01.ipynb,True,/home/asu/reproducibility_of_jupyter_notebooks-1/data/outputs/repositorios_completos/Subin-Vidhu/2025/b02c75d777f19f2808c4bcb6fc171184450a5505,b02c75d777f19f2808c4bcb6fc171184450a5505,file_not_found,"An error occurred while executing the following cell:
------------------
# Provided for you - no changes necessary.
import pandas as pd
df = pd.read_csv(""house_prices.csv"")

# Display the first 5 rows of the DataFrame
df.head()
------------------


[0;31m---------------------------------------------------------------------------[0m
[0;31mFileNotFoundError[0m                         Traceback (most recent call last)
Cell [0;32mIn[2], line 3[0m
[1;32m      1[0m [38;5;66;03m# Provided for ",house_prices.csv,".gitignore, Cursor, 0_Coursera, 0_DeepLearning_AI_Courses, 6_Personal, services.json, 0_Datacamp, 4_GenAI Essentials – Full Course for Beginners, status_log.jsonl, 0_Personal",False,1.84,3.10.19
105c296b3151959ab7c8a9ed9cf8cf821af2411ccdb2525bcebc1311b4979582,Subin-Vidhu/2025,0_Coursera/3_Microsoft Python Development Professional Certificate/iii.Automation and Scripting with Python/Codes/churn/C3_M5_PA01.ipynb,True,/home/asu/reproducibility_of_jupyter_notebooks-1/data/outputs/repositorios_completos/Subin-Vidhu/2025/b02c75d777f19f2808c4bcb6fc171184450a5505,b02c75d777f19f2808c4bcb6fc171184450a5505,file_not_found,"An error occurred while executing the following cell:
------------------
import pandas as pd 
df = pd.read_csv(""customer_churn.csv"")
------------------


[0;31m---------------------------------------------------------------------------[0m
[0;31mFileNotFoundError[0m                         Traceback (most recent call last)
Cell [0;32mIn[1], line 2[0m
[1;32m      1[0m [38;5;28;01mimport[39;00m[38;5;250m [39m[38;5;21;01mpandas[39;00m[38;5;250m [39m[38;5;28;01mas[39;00m[38;5;250m ",customer_churn.csv,".gitignore, Cursor, 0_Coursera, 0_DeepLearning_AI_Courses, 6_Personal, services.json, 0_Datacamp, 4_GenAI Essentials – Full Course for Beginners, status_log.jsonl, 0_Personal",False,1.782,3.10.19
6f7fcad062d5b2782fb8a171e40f49009236ba5c7536fc6eaab6600641c4945e,Subin-Vidhu/2025,0_Datacamp/2_Machine Learning Engineer/4_Predictive Modeling for Agriculture-Project/workspace/workspace/notebook.ipynb,True,/home/asu/reproducibility_of_jupyter_notebooks-1/data/outputs/repositorios_completos/Subin-Vidhu/2025/b02c75d777f19f2808c4bcb6fc171184450a5505,b02c75d777f19f2808c4bcb6fc171184450a5505,file_not_found,"An error occurred while executing the following cell:
------------------
# All required libraries are imported here for you.
import pandas as pd
from sklearn.linear_model import LogisticRegression
from sklearn.model_selection import train_test_split
from sklearn import metrics

# Load the dataset
crops = pd.read_csv(""soil_measures.csv"")

# Check for missing values
crops.isna().sum()

# Check how many crops we have, i.e., multi-class target
crops.crop.unique()

# Split into feature and target set",soil_measures.csv,".gitignore, Cursor, 0_Coursera, 0_DeepLearning_AI_Courses, 6_Personal, services.json, 0_Datacamp, 4_GenAI Essentials – Full Course for Beginners, status_log.jsonl, 0_Personal",False,2.359,3.8.20
20bdce1861aea4781383721e46ad0dd7388239c85641bdc1ef560daad37667c2,Subin-Vidhu/2025,0_Datacamp/3_Machine Learning Scientist in Python/2_Predictive Modeling for Agriculture-Project/workspace/workspace/notebook.ipynb,True,/home/asu/reproducibility_of_jupyter_notebooks-1/data/outputs/repositorios_completos/Subin-Vidhu/2025/b02c75d777f19f2808c4bcb6fc171184450a5505,b02c75d777f19f2808c4bcb6fc171184450a5505,file_not_found,"An error occurred while executing the following cell:
------------------
# All required libraries are imported here for you.
import pandas as pd
from sklearn.linear_model import LogisticRegression
from sklearn.model_selection import train_test_split
from sklearn import metrics

# Load the dataset
crops = pd.read_csv(""soil_measures.csv"")

# Check for missing values
crops.isna().sum()

# Check how many crops we have, i.e., multi-class target
crops.crop.unique()

# Split into feature and target set",soil_measures.csv,".gitignore, Cursor, 0_Coursera, 0_DeepLearning_AI_Courses, 6_Personal, services.json, 0_Datacamp, 4_GenAI Essentials – Full Course for Beginners, status_log.jsonl, 0_Personal",False,4.247,3.8.20
67653884cc353af942af6e392fa81449e571b9be863601c374da98416e2642cd,Subin-Vidhu/2025,0_Udemy_Courses/2_Brain Computer Interface and Deep Learning Using Python/CODES/Section_3_Project_1/1_Brain_computer_interface.ipynb,True,/home/asu/reproducibility_of_jupyter_notebooks-1/data/outputs/repositorios_completos/Subin-Vidhu/2025/b02c75d777f19f2808c4bcb6fc171184450a5505,b02c75d777f19f2808c4bcb6fc171184450a5505,file_not_found,"An error occurred while executing the following cell:
------------------
dataset = np.load(""./1.npy"")
------------------


[0;31m---------------------------------------------------------------------------[0m
[0;31mFileNotFoundError[0m                         Traceback (most recent call last)
Cell [0;32mIn[2], line 1[0m
[0;32m----> 1[0m dataset [38;5;241m=[39m [43mnp[49m[38;5;241;43m.[39;49m[43mload[49m[43m([49m[38;5;124;43m""[39;49m[38;5;124;43m./1.npy[39;49m[38;5;124;43m""",./1.npy,".gitignore, Cursor, 0_Coursera, 0_DeepLearning_AI_Courses, 6_Personal, services.json, 0_Datacamp, 4_GenAI Essentials – Full Course for Beginners, status_log.jsonl, 0_Personal",False,1.382,3.9.25
eb8c769c36e44eed156c95859f9ceb9208c0fb4392c4499d544ce37c9e79bfba,Subin-Vidhu/2025,0_Udemy_Courses/2_Brain Computer Interface and Deep Learning Using Python/CODES/Section_3_Project_1/2_segmentation.ipynb,True,/home/asu/reproducibility_of_jupyter_notebooks-1/data/outputs/repositorios_completos/Subin-Vidhu/2025/b02c75d777f19f2808c4bcb6fc171184450a5505,b02c75d777f19f2808c4bcb6fc171184450a5505,file_not_found,"An error occurred while executing the following cell:
------------------
dataset = np.load(""./1.npy"")
------------------


[0;31m---------------------------------------------------------------------------[0m
[0;31mFileNotFoundError[0m                         Traceback (most recent call last)
Cell [0;32mIn[2], line 1[0m
[0;32m----> 1[0m dataset [38;5;241m=[39m [43mnp[49m[38;5;241;43m.[39;49m[43mload[49m[43m([49m[38;5;124;43m""[39;49m[38;5;124;43m./1.npy[39;49m[38;5;124;43m""",./1.npy,".gitignore, Cursor, 0_Coursera, 0_DeepLearning_AI_Courses, 6_Personal, services.json, 0_Datacamp, 4_GenAI Essentials – Full Course for Beginners, status_log.jsonl, 0_Personal",False,1.311,3.9.25
69f073c315e6a01b6cd169a787a3c44ad93835a0c0e8d49c5b5da706f1d65e15,Subin-Vidhu/2025,0_Udemy_Courses/2_Brain Computer Interface and Deep Learning Using Python/CODES/Section_3_Project_1/3_splitting_your_data.ipynb,True,/home/asu/reproducibility_of_jupyter_notebooks-1/data/outputs/repositorios_completos/Subin-Vidhu/2025/b02c75d777f19f2808c4bcb6fc171184450a5505,b02c75d777f19f2808c4bcb6fc171184450a5505,file_not_found,"An error occurred while executing the following cell:
------------------
dataset = np.load(""./1.npy"")
------------------


[0;31m---------------------------------------------------------------------------[0m
[0;31mFileNotFoundError[0m                         Traceback (most recent call last)
Cell [0;32mIn[2], line 1[0m
[0;32m----> 1[0m dataset [38;5;241m=[39m [43mnp[49m[38;5;241;43m.[39;49m[43mload[49m[43m([49m[38;5;124;43m""[39;49m[38;5;124;43m./1.npy[39;49m[38;5;124;43m""",./1.npy,".gitignore, Cursor, 0_Coursera, 0_DeepLearning_AI_Courses, 6_Personal, services.json, 0_Datacamp, 4_GenAI Essentials – Full Course for Beginners, status_log.jsonl, 0_Personal",False,1.316,3.9.25
4b17d178709c1684d5ccd929be6f3aa513d5dd9a67792c2d1122aeaf1ae846b4,Subin-Vidhu/2025,0_Udemy_Courses/2_Brain Computer Interface and Deep Learning Using Python/CODES/Section_3_Project_1/4_Data_Preprocessing.ipynb,True,/home/asu/reproducibility_of_jupyter_notebooks-1/data/outputs/repositorios_completos/Subin-Vidhu/2025/b02c75d777f19f2808c4bcb6fc171184450a5505,b02c75d777f19f2808c4bcb6fc171184450a5505,file_not_found,"An error occurred while executing the following cell:
------------------
dataset = np.load(""./1.npy"")
------------------


[0;31m---------------------------------------------------------------------------[0m
[0;31mFileNotFoundError[0m                         Traceback (most recent call last)
Cell [0;32mIn[2], line 1[0m
[0;32m----> 1[0m dataset [38;5;241m=[39m [43mnp[49m[38;5;241;43m.[39;49m[43mload[49m[43m([49m[38;5;124;43m""[39;49m[38;5;124;43m./1.npy[39;49m[38;5;124;43m""",./1.npy,".gitignore, Cursor, 0_Coursera, 0_DeepLearning_AI_Courses, 6_Personal, services.json, 0_Datacamp, 4_GenAI Essentials – Full Course for Beginners, status_log.jsonl, 0_Personal",False,1.269,3.9.25
244f4c2e7b60775a3a36240e4ecc6464cb485d8fca1479e0516ef9c16403a39e,Subin-Vidhu/2025,0_Udemy_Courses/2_Brain Computer Interface and Deep Learning Using Python/CODES/Section_3_Project_1/5_building_your_network.ipynb,True,/home/asu/reproducibility_of_jupyter_notebooks-1/data/outputs/repositorios_completos/Subin-Vidhu/2025/b02c75d777f19f2808c4bcb6fc171184450a5505,b02c75d777f19f2808c4bcb6fc171184450a5505,file_not_found,"An error occurred while executing the following cell:
------------------
dataset = np.load(""./1.npy"")
------------------


[0;31m---------------------------------------------------------------------------[0m
[0;31mFileNotFoundError[0m                         Traceback (most recent call last)
Cell [0;32mIn[2], line 1[0m
[0;32m----> 1[0m dataset [38;5;241m=[39m [43mnp[49m[38;5;241;43m.[39;49m[43mload[49m[43m([49m[38;5;124;43m""[39;49m[38;5;124;43m./1.npy[39;49m[38;5;124;43m""",./1.npy,".gitignore, Cursor, 0_Coursera, 0_DeepLearning_AI_Courses, 6_Personal, services.json, 0_Datacamp, 4_GenAI Essentials – Full Course for Beginners, status_log.jsonl, 0_Personal",False,1.264,3.9.25
b0c34f64779f1abecd7692b76a0d2d99be2b963da44e93bb4642591fc2ab94b0,Subin-Vidhu/2025,0_Udemy_Courses/2_Brain Computer Interface and Deep Learning Using Python/CODES/Section_3_Project_1/6_training_your_cnn.ipynb,True,/home/asu/reproducibility_of_jupyter_notebooks-1/data/outputs/repositorios_completos/Subin-Vidhu/2025/b02c75d777f19f2808c4bcb6fc171184450a5505,b02c75d777f19f2808c4bcb6fc171184450a5505,file_not_found,"An error occurred while executing the following cell:
------------------
dataset = np.load(""./1.npy"")
------------------


[0;31m---------------------------------------------------------------------------[0m
[0;31mFileNotFoundError[0m                         Traceback (most recent call last)
Cell [0;32mIn[2], line 1[0m
[0;32m----> 1[0m dataset [38;5;241m=[39m [43mnp[49m[38;5;241;43m.[39;49m[43mload[49m[43m([49m[38;5;124;43m""[39;49m[38;5;124;43m./1.npy[39;49m[38;5;124;43m""",./1.npy,".gitignore, Cursor, 0_Coursera, 0_DeepLearning_AI_Courses, 6_Personal, services.json, 0_Datacamp, 4_GenAI Essentials – Full Course for Beginners, status_log.jsonl, 0_Personal",False,1.284,3.9.25
ceb1e46bcd8b7add97f96d2e264b1db614b82385bfa477e656a8a1ba756ef91e,Subin-Vidhu/2025,0_Udemy_Courses/2_Brain Computer Interface and Deep Learning Using Python/CODES/Section_5_Project_2/1_data_preprocessing.ipynb,True,/home/asu/reproducibility_of_jupyter_notebooks-1/data/outputs/repositorios_completos/Subin-Vidhu/2025/b02c75d777f19f2808c4bcb6fc171184450a5505,b02c75d777f19f2808c4bcb6fc171184450a5505,file_not_found,"An error occurred while executing the following cell:
------------------
dataset = np.load(""/content/drive/MyDrive/1.npy"")
------------------


[0;31m---------------------------------------------------------------------------[0m
[0;31mFileNotFoundError[0m                         Traceback (most recent call last)
Cell [0;32mIn[2], line 1[0m
[0;32m----> 1[0m dataset [38;5;241m=[39m [43mnp[49m[38;5;241;43m.[39;49m[43mload[49m[43m([49m[38;5;124;43m""[39;49m[38;5;124;43m/content/d",/content/drive/MyDrive/1.npy,".gitignore, Cursor, 0_Coursera, 0_DeepLearning_AI_Courses, 6_Personal, services.json, 0_Datacamp, 4_GenAI Essentials – Full Course for Beginners, status_log.jsonl, 0_Personal",False,1.191,3.10.19
37894c5e094abb1ff44f3f1b9e7dd7ee0dd6eb628448eeb797d91b7f823621e6,Subin-Vidhu/2025,0_Udemy_Courses/2_Brain Computer Interface and Deep Learning Using Python/CODES/Section_5_Project_2/2_Feature_extraction.ipynb,True,/home/asu/reproducibility_of_jupyter_notebooks-1/data/outputs/repositorios_completos/Subin-Vidhu/2025/b02c75d777f19f2808c4bcb6fc171184450a5505,b02c75d777f19f2808c4bcb6fc171184450a5505,file_not_found,"An error occurred while executing the following cell:
------------------
dataset = np.load(""/content/drive/MyDrive/1.npy"")
------------------


[0;31m---------------------------------------------------------------------------[0m
[0;31mFileNotFoundError[0m                         Traceback (most recent call last)
Cell [0;32mIn[2], line 1[0m
[0;32m----> 1[0m dataset [38;5;241m=[39m [43mnp[49m[38;5;241;43m.[39;49m[43mload[49m[43m([49m[38;5;124;43m""[39;49m[38;5;124;43m/content/d",/content/drive/MyDrive/1.npy,".gitignore, Cursor, 0_Coursera, 0_DeepLearning_AI_Courses, 6_Personal, services.json, 0_Datacamp, 4_GenAI Essentials – Full Course for Beginners, status_log.jsonl, 0_Personal",False,1.174,3.10.19
1787689ac201c85b8acf7990e6b895fddfc41f2bb351eb25b687e8c619267ede,Subin-Vidhu/2025,0_Udemy_Courses/2_Brain Computer Interface and Deep Learning Using Python/CODES/Section_5_Project_2/3_building_Generator_NN.ipynb,True,/home/asu/reproducibility_of_jupyter_notebooks-1/data/outputs/repositorios_completos/Subin-Vidhu/2025/b02c75d777f19f2808c4bcb6fc171184450a5505,b02c75d777f19f2808c4bcb6fc171184450a5505,file_not_found,"An error occurred while executing the following cell:
------------------
dataset = np.load(""/content/drive/MyDrive/1.npy"")
------------------


[0;31m---------------------------------------------------------------------------[0m
[0;31mFileNotFoundError[0m                         Traceback (most recent call last)
Cell [0;32mIn[2], line 1[0m
[0;32m----> 1[0m dataset [38;5;241m=[39m [43mnp[49m[38;5;241;43m.[39;49m[43mload[49m[43m([49m[38;5;124;43m""[39;49m[38;5;124;43m/content/d",/content/drive/MyDrive/1.npy,".gitignore, Cursor, 0_Coursera, 0_DeepLearning_AI_Courses, 6_Personal, services.json, 0_Datacamp, 4_GenAI Essentials – Full Course for Beginners, status_log.jsonl, 0_Personal",False,1.197,3.10.19
70e99a43bfecdb0abee5d89fd8eac49ed861728ab255c2b08ed95de78baa30c4,Subin-Vidhu/2025,0_Udemy_Courses/2_Brain Computer Interface and Deep Learning Using Python/CODES/Section_5_Project_2/4_Building_Discriminator.ipynb,True,/home/asu/reproducibility_of_jupyter_notebooks-1/data/outputs/repositorios_completos/Subin-Vidhu/2025/b02c75d777f19f2808c4bcb6fc171184450a5505,b02c75d777f19f2808c4bcb6fc171184450a5505,file_not_found,"An error occurred while executing the following cell:
------------------
dataset = np.load(""/content/drive/MyDrive/1.npy"")
------------------


[0;31m---------------------------------------------------------------------------[0m
[0;31mFileNotFoundError[0m                         Traceback (most recent call last)
Cell [0;32mIn[2], line 1[0m
[0;32m----> 1[0m dataset [38;5;241m=[39m [43mnp[49m[38;5;241;43m.[39;49m[43mload[49m[43m([49m[38;5;124;43m""[39;49m[38;5;124;43m/content/d",/content/drive/MyDrive/1.npy,".gitignore, Cursor, 0_Coursera, 0_DeepLearning_AI_Courses, 6_Personal, services.json, 0_Datacamp, 4_GenAI Essentials – Full Course for Beginners, status_log.jsonl, 0_Personal",False,1.179,3.10.19
6fa9d33f4ad30b63e0b9f7c5268eb7c16b9d65dd63a6f8b564dc9dca8ccf1e2c,Subin-Vidhu/2025,0_Udemy_Courses/2_Brain Computer Interface and Deep Learning Using Python/CODES/Section_5_Project_2/5_training_and_testing_your_GAN.ipynb,True,/home/asu/reproducibility_of_jupyter_notebooks-1/data/outputs/repositorios_completos/Subin-Vidhu/2025/b02c75d777f19f2808c4bcb6fc171184450a5505,b02c75d777f19f2808c4bcb6fc171184450a5505,file_not_found,"An error occurred while executing the following cell:
------------------
dataset = np.load(""/content/drive/MyDrive/1.npy"")
------------------


[0;31m---------------------------------------------------------------------------[0m
[0;31mFileNotFoundError[0m                         Traceback (most recent call last)
Cell [0;32mIn[2], line 1[0m
[0;32m----> 1[0m dataset [38;5;241m=[39m [43mnp[49m[38;5;241;43m.[39;49m[43mload[49m[43m([49m[38;5;124;43m""[39;49m[38;5;124;43m/content/d",/content/drive/MyDrive/1.npy,".gitignore, Cursor, 0_Coursera, 0_DeepLearning_AI_Courses, 6_Personal, services.json, 0_Datacamp, 4_GenAI Essentials – Full Course for Beginners, status_log.jsonl, 0_Personal",False,1.173,3.10.19
9b4a03e9f48d9d6087bed071ee645818359f8b7e134dbe1295fd98048afd5b80,Subin-Vidhu/2025,1_Face Recognition with Machine Learning + Deploy Flask  App/1_OpenCV/02_reading_image.ipynb,True,/home/asu/reproducibility_of_jupyter_notebooks-1/data/outputs/repositorios_completos/Subin-Vidhu/2025/b02c75d777f19f2808c4bcb6fc171184450a5505,b02c75d777f19f2808c4bcb6fc171184450a5505,file_not_found,"An error occurred while executing the following cell:
------------------
import numpy as np
import cv2
import matplotlib.image as matimg
from PIL import Image

import matplotlib.pyplot as plt
------------------


[0;31m---------------------------------------------------------------------------[0m
[0;31mImportError[0m                               Traceback (most recent call last)
Cell [0;32mIn[1], line 2[0m
[1;32m      1[0m [38;5;28;01mimport[39;00m[38;5;250m [39m[38;5;21;01mnumpy[",,".gitignore, Cursor, 0_Coursera, 0_DeepLearning_AI_Courses, 6_Personal, services.json, 0_Datacamp, 4_GenAI Essentials – Full Course for Beginners, status_log.jsonl, 0_Personal",False,1.61,3.9.25
a3938282c7525499135bbe99c96a2d906f9eda6908ed4f3f4cf0d6088a850fcf,Subin-Vidhu/2025,1_Face Recognition with Machine Learning + Deploy Flask  App/1_OpenCV/03_image_resizing.ipynb,True,/home/asu/reproducibility_of_jupyter_notebooks-1/data/outputs/repositorios_completos/Subin-Vidhu/2025/b02c75d777f19f2808c4bcb6fc171184450a5505,b02c75d777f19f2808c4bcb6fc171184450a5505,file_not_found,"An error occurred while executing the following cell:
------------------
import numpy as np
import cv2
import matplotlib.pyplot as plt
------------------


[0;31m---------------------------------------------------------------------------[0m
[0;31mImportError[0m                               Traceback (most recent call last)
Cell [0;32mIn[1], line 2[0m
[1;32m      1[0m [38;5;28;01mimport[39;00m[38;5;250m [39m[38;5;21;01mnumpy[39;00m[38;5;250m [39m[38;5;28;01mas[39;00m[38;5;250m",,".gitignore, Cursor, 0_Coursera, 0_DeepLearning_AI_Courses, 6_Personal, services.json, 0_Datacamp, 4_GenAI Essentials – Full Course for Beginners, status_log.jsonl, 0_Personal",False,1.572,3.9.25
08126fce599752c87077b1ed2fc018119e16e9db9188f592d1703e30dc8a2d8c,Subin-Vidhu/2025,1_Face Recognition with Machine Learning + Deploy Flask  App/1_OpenCV/04_face_detection.ipynb,True,/home/asu/reproducibility_of_jupyter_notebooks-1/data/outputs/repositorios_completos/Subin-Vidhu/2025/b02c75d777f19f2808c4bcb6fc171184450a5505,b02c75d777f19f2808c4bcb6fc171184450a5505,file_not_found,"An error occurred while executing the following cell:
------------------
import numpy as np
import cv2
import matplotlib.pyplot as plt
------------------


[0;31m---------------------------------------------------------------------------[0m
[0;31mImportError[0m                               Traceback (most recent call last)
Cell [0;32mIn[1], line 2[0m
[1;32m      1[0m [38;5;28;01mimport[39;00m[38;5;250m [39m[38;5;21;01mnumpy[39;00m[38;5;250m [39m[38;5;28;01mas[39;00m[38;5;250m",,".gitignore, Cursor, 0_Coursera, 0_DeepLearning_AI_Courses, 6_Personal, services.json, 0_Datacamp, 4_GenAI Essentials – Full Course for Beginners, status_log.jsonl, 0_Personal",False,1.304,3.9.25
cbaa16f8ce583f4f96ea02c6c19834f1d55ebdab5ff16e110798b7e6c71c7ed1,Subin-Vidhu/2025,1_Face Recognition with Machine Learning + Deploy Flask  App/2_Train_FaceRecognition_with_ML/01_FRM_data_preprocessing_crop_faces.ipynb,True,/home/asu/reproducibility_of_jupyter_notebooks-1/data/outputs/repositorios_completos/Subin-Vidhu/2025/b02c75d777f19f2808c4bcb6fc171184450a5505,b02c75d777f19f2808c4bcb6fc171184450a5505,file_not_found,"An error occurred while executing the following cell:
------------------
import numpy as np # numerical python
import cv2 # opencv
from glob import glob # glob use to extract path of file
import matplotlib.pyplot as plt # visualze and display 
------------------


[0;31m---------------------------------------------------------------------------[0m
[0;31mImportError[0m                               Traceback (most recent call last)
Cell [0;32mIn[1], line 2[0m
[1;32m      1[0m [38;5;28;01",,".gitignore, Cursor, 0_Coursera, 0_DeepLearning_AI_Courses, 6_Personal, services.json, 0_Datacamp, 4_GenAI Essentials – Full Course for Beginners, status_log.jsonl, 0_Personal",False,1.33,3.9.25
21ae98ea05fed24dd3280556282b46b9265a995f4138f22b735baf4b3bb2bae7,Subin-Vidhu/2025,1_Face Recognition with Machine Learning + Deploy Flask  App/2_Train_FaceRecognition_with_ML/02_FRM_data_preprocessing_EDA.ipynb,True,/home/asu/reproducibility_of_jupyter_notebooks-1/data/outputs/repositorios_completos/Subin-Vidhu/2025/b02c75d777f19f2808c4bcb6fc171184450a5505,b02c75d777f19f2808c4bcb6fc171184450a5505,file_not_found,"An error occurred while executing the following cell:
------------------
import numpy as np
import pandas as pd

# visualization
import matplotlib.pyplot as plt
import seaborn as sns

# computer vision library
import cv2

# glob
from glob import glob
------------------


[0;31m---------------------------------------------------------------------------[0m
[0;31mImportError[0m                               Traceback (most recent call last)
Cell [0;32mIn[2], line 9[0m
[1;32m      6[0m [38;",,".gitignore, Cursor, 0_Coursera, 0_DeepLearning_AI_Courses, 6_Personal, services.json, 0_Datacamp, 4_GenAI Essentials – Full Course for Beginners, status_log.jsonl, 0_Personal",False,4.334,3.9.25
d54e4726fa00f96941202db2518cc460238ef43ab69efa1c736489098cd76a23,Subin-Vidhu/2025,1_Face Recognition with Machine Learning + Deploy Flask  App/2_Train_FaceRecognition_with_ML/03_FRM_feature_extraction_eigen_face.ipynb,True,/home/asu/reproducibility_of_jupyter_notebooks-1/data/outputs/repositorios_completos/Subin-Vidhu/2025/b02c75d777f19f2808c4bcb6fc171184450a5505,b02c75d777f19f2808c4bcb6fc171184450a5505,file_not_found,"An error occurred while executing the following cell:
------------------
import numpy as np
import pandas as pd
import matplotlib.pyplot as plt

import cv2

## Eigen Face
from sklearn.decomposition import PCA 

import pickle
------------------


[0;31m---------------------------------------------------------------------------[0m
[0;31mImportError[0m                               Traceback (most recent call last)
Cell [0;32mIn[1], line 5[0m
[1;32m      2[0m [38;5;28;01mimport[39;00m[38",,".gitignore, Cursor, 0_Coursera, 0_DeepLearning_AI_Courses, 6_Personal, services.json, 0_Datacamp, 4_GenAI Essentials – Full Course for Beginners, status_log.jsonl, 0_Personal",False,1.833,3.9.25
66533036d9a89357f5a496703eab3de626c4e8b4e1cc12edbd0ce4d6c9df92da,Subin-Vidhu/2025,1_Face Recognition with Machine Learning + Deploy Flask  App/2_Train_FaceRecognition_with_ML/04_FRM_Machine_learning.ipynb,True,/home/asu/reproducibility_of_jupyter_notebooks-1/data/outputs/repositorios_completos/Subin-Vidhu/2025/b02c75d777f19f2808c4bcb6fc171184450a5505,b02c75d777f19f2808c4bcb6fc171184450a5505,file_not_found,"An error occurred while executing the following cell:
------------------
# load numpy array
data = np.load('./data/data_pca_50_target.npz')
data.files
------------------


[0;31m---------------------------------------------------------------------------[0m
[0;31mFileNotFoundError[0m                         Traceback (most recent call last)
Cell [0;32mIn[2], line 2[0m
[1;32m      1[0m [38;5;66;03m# load numpy array[39;00m
[0;32m----> 2[0m data [38;5;241m=[39m [43mnp[49m[38;5;241;",./data/data_pca_50_target.npz,".gitignore, Cursor, 0_Coursera, 0_DeepLearning_AI_Courses, 6_Personal, services.json, 0_Datacamp, 4_GenAI Essentials – Full Course for Beginners, status_log.jsonl, 0_Personal",False,1.955,3.9.25
aa0ac44a72a044258bb6640e351bcc2b3a59f1c25f62e0bbc4ab955d99e87910,Subin-Vidhu/2025,1_Face Recognition with Machine Learning + Deploy Flask  App/2_Train_FaceRecognition_with_ML/05_FRM_make_pipeline.ipynb,True,/home/asu/reproducibility_of_jupyter_notebooks-1/data/outputs/repositorios_completos/Subin-Vidhu/2025/b02c75d777f19f2808c4bcb6fc171184450a5505,b02c75d777f19f2808c4bcb6fc171184450a5505,file_not_found,"An error occurred while executing the following cell:
------------------
import numpy as np
import pandas as pd
import sklearn
import pickle

import matplotlib.pyplot as plt
import cv2
------------------


[0;31m---------------------------------------------------------------------------[0m
[0;31mImportError[0m                               Traceback (most recent call last)
Cell [0;32mIn[1], line 7[0m
[1;32m      4[0m [38;5;28;01mimport[39;00m[38;5;250m [39m[38;5;21;01mpickle[39;00m",,".gitignore, Cursor, 0_Coursera, 0_DeepLearning_AI_Courses, 6_Personal, services.json, 0_Datacamp, 4_GenAI Essentials – Full Course for Beginners, status_log.jsonl, 0_Personal",False,2.321,3.9.25
06fa758f6d53850e3eb89329db08ee1c474ba0037613e74c7eb5121b564c0982,Subin-Vidhu/2025,1_Face Recognition with Machine Learning + Deploy Flask  App/2_Train_FaceRecognition_with_ML/06_FRM_predictions.ipynb,True,/home/asu/reproducibility_of_jupyter_notebooks-1/data/outputs/repositorios_completos/Subin-Vidhu/2025/b02c75d777f19f2808c4bcb6fc171184450a5505,b02c75d777f19f2808c4bcb6fc171184450a5505,file_not_found,"An error occurred while executing the following cell:
------------------
import cv2
from face_recognition import faceRecognitionPipeline
------------------


[0;31m---------------------------------------------------------------------------[0m
[0;31mImportError[0m                               Traceback (most recent call last)
Cell [0;32mIn[1], line 1[0m
[0;32m----> 1[0m [38;5;28;01mimport[39;00m[38;5;250m [39m[38;5;21;01mcv2[39;00m
[1;32m      2[0m [38;5;28;01mfrom[39;00m[38;5",,".gitignore, Cursor, 0_Coursera, 0_DeepLearning_AI_Courses, 6_Personal, services.json, 0_Datacamp, 4_GenAI Essentials – Full Course for Beginners, status_log.jsonl, 0_Personal",False,1.232,3.9.25
0e2952a7d9e8a326e0a22ea51d268e5a7ee839523e0693b2e51c205166bec01b,digital-duck/zinets,docs/research/md2pdf.ipynb,True,/home/asu/reproducibility_of_jupyter_notebooks-1/data/outputs/repositorios_completos/digital-duck/zinets/4281da9ca4c84f91fb751b3dd11ef3f0b3ce405b,4281da9ca4c84f91fb751b3dd11ef3f0b3ce405b,file_not_found,"An error occurred while executing the following cell:
------------------
from md2pdf.core import md2pdf
------------------

----- stdout -----

-----

WeasyPrint could not import some external libraries. Please carefully follow the installation steps before reporting an issue:
https://doc.courtbouillon.org/weasyprint/stable/first_steps.html#installation
https://doc.courtbouillon.org/weasyprint/stable/first_steps.html#troubleshooting 

-----
------------------

[0;31m----------------------------",,"README-physical-linguistics.md, .gitignore, README-physical-linguistics.html, LICENSE, _out, README.md, README-future-research.md, RELEASES.md, CLAUDE.md, docs",False,8.176,3.9.25
5dda0b19c40e6aaf6d40ece452060dec03eefce946d38d73be93130108d35357,ferustigris/colab_invest,Update_stocks.ipynb,True,/home/asu/reproducibility_of_jupyter_notebooks-1/data/outputs/repositorios_completos/ferustigris/colab_invest/194f0a774de57fd43650618b7d3701604c3d35b8,194f0a774de57fd43650618b7d3701604c3d35b8,file_not_found,"An error occurred while executing the following cell:
------------------
sheet_eu = GSheetUpdater(EU_SHEET_NUMBER)
try:
  sheet_eu.apply_for_all(cols_and_funcs, 2)
except NoValue as e:
  print(e)
------------------


[0;31m---------------------------------------------------------------------------[0m
[0;31mFileNotFoundError[0m                         Traceback (most recent call last)
Cell [0;32mIn[6], line 1[0m
[0;32m----> 1[0m sheet_eu [38;5;241m=[39m [43mGSheetUpdater[49m[43m([49",client_secret.json,"cloud, portal_ux, Update_stocks.ipynb, _out, README.md, portfolio_balance.ipynb",False,13.958,3.10.19
d6f1cfd79538848ed0033794a1950b7496a1cfc57155543a41cacdc68472e2f3,Nikhild1093/Nikhild1093,Neural Networks/MNIST_digits_Recurrent_NN.ipynb,True,/home/asu/reproducibility_of_jupyter_notebooks-1/data/outputs/repositorios_completos/Nikhild1093/Nikhild1093/4c3babba132cf87bed2845cd0f31e9ee773ddd62,4c3babba132cf87bed2845cd0f31e9ee773ddd62,file_not_found,"An error occurred while executing the following cell:
------------------
import numpy as np
import matplotlib.pyplot as plt
import seaborn as sns
import cv2
from google.colab.patches import cv2_imshow
from PIL import Image
import tensorflow as tf
tf.random.set_seed(3)
from tensorflow import keras
from keras.datasets import mnist
from tensorflow.math import confusion_matrix
------------------


[0;31m---------------------------------------------------------------------------[0m
[0;31mImportErr",,"_out, Neural Networks, Practice, README.md",False,2.233,3.10.19
944961bdb93a347d42e0e2bcedfdca3d3ff891f81fafd01bb900ec8aff11572c,Nikhild1093/Nikhild1093,Practice/Customer_Segmentation_K_Means_Clustering.ipynb,True,/home/asu/reproducibility_of_jupyter_notebooks-1/data/outputs/repositorios_completos/Nikhild1093/Nikhild1093/4c3babba132cf87bed2845cd0f31e9ee773ddd62,4c3babba132cf87bed2845cd0f31e9ee773ddd62,file_not_found,"An error occurred while executing the following cell:
------------------
data = pd.read_csv('/kaggle/input/customer-segmentation-tutorial-in-python/Mall_Customers.csv')
------------------


[0;31m---------------------------------------------------------------------------[0m
[0;31mFileNotFoundError[0m                         Traceback (most recent call last)
Cell [0;32mIn[3], line 1[0m
[0;32m----> 1[0m data [38;5;241m=[39m [43mpd[49m[38;5;241;43m.[39;49m[43mread_csv[49m[43m([49m",/kaggle/input/customer-segmentation-tutorial-in-python/Mall_Customers.csv,"_out, Neural Networks, Practice, README.md",False,3.314,3.10.19
63a4d8702fc74e73fc6a29dc1a3461805c0a949f57a7bda661bd10a6f4614897,Nikhild1093/Nikhild1093,Practice/Diabetes_Prediction_SVM.ipynb,True,/home/asu/reproducibility_of_jupyter_notebooks-1/data/outputs/repositorios_completos/Nikhild1093/Nikhild1093/4c3babba132cf87bed2845cd0f31e9ee773ddd62,4c3babba132cf87bed2845cd0f31e9ee773ddd62,file_not_found,"An error occurred while executing the following cell:
------------------
data = pd.read_csv('/content/diabetes.csv')
data.head()
------------------


[0;31m---------------------------------------------------------------------------[0m
[0;31mFileNotFoundError[0m                         Traceback (most recent call last)
Cell [0;32mIn[2], line 1[0m
[0;32m----> 1[0m data [38;5;241m=[39m [43mpd[49m[38;5;241;43m.[39;49m[43mread_csv[49m[43m([49m[38;5;124;43m'[39;49m[38;5;124;43m/co",/content/diabetes.csv,"_out, Neural Networks, Practice, README.md",False,1.959,3.10.19
72449cad68fae8e94259ed20a79fb7521c02834ddb2f01cf0ed8b68add7a9262,Nikhild1093/Nikhild1093,Practice/Gold_Price_RandomForest.ipynb,True,/home/asu/reproducibility_of_jupyter_notebooks-1/data/outputs/repositorios_completos/Nikhild1093/Nikhild1093/4c3babba132cf87bed2845cd0f31e9ee773ddd62,4c3babba132cf87bed2845cd0f31e9ee773ddd62,file_not_found,"An error occurred while executing the following cell:
------------------
#loading csv into pd dataframe
gold_data=pd.read_csv('/kaggle/input/gold-price-data/gld_price_data.csv')
------------------


[0;31m---------------------------------------------------------------------------[0m
[0;31mFileNotFoundError[0m                         Traceback (most recent call last)
Cell [0;32mIn[4], line 2[0m
[1;32m      1[0m [38;5;66;03m#loading csv into pd dataframe[39;00m
[0;32m----> 2[0m gold_da",/kaggle/input/gold-price-data/gld_price_data.csv,"_out, Neural Networks, Practice, README.md",False,5.011,3.10.19
4cb5a46232f41d356539d5a6b31769c754f8113391255c89f17370a35a1b477e,Nikhild1093/Nikhild1093,Practice/Spam_Email_Classifier_Logistic.ipynb,True,/home/asu/reproducibility_of_jupyter_notebooks-1/data/outputs/repositorios_completos/Nikhild1093/Nikhild1093/4c3babba132cf87bed2845cd0f31e9ee773ddd62,4c3babba132cf87bed2845cd0f31e9ee773ddd62,file_not_found,"An error occurred while executing the following cell:
------------------
data = pd.read_csv('/content/mail_data.csv')
------------------


[0;31m---------------------------------------------------------------------------[0m
[0;31mFileNotFoundError[0m                         Traceback (most recent call last)
Cell [0;32mIn[2], line 1[0m
[0;32m----> 1[0m data [38;5;241m=[39m [43mpd[49m[38;5;241;43m.[39;49m[43mread_csv[49m[43m([49m[38;5;124;43m'[39;49m[38;5;124;43m/content/mail_",/content/mail_data.csv,"_out, Neural Networks, Practice, README.md",False,2.65,3.10.19
c7b99408f63ef42ed835a00584d292e2511024f2af791a709cb76cf64f5751cb,Nikhild1093/Nikhild1093,Practice/Titanic_Survival_Prediction_Logistic_Reg.ipynb,True,/home/asu/reproducibility_of_jupyter_notebooks-1/data/outputs/repositorios_completos/Nikhild1093/Nikhild1093/4c3babba132cf87bed2845cd0f31e9ee773ddd62,4c3babba132cf87bed2845cd0f31e9ee773ddd62,file_not_found,"An error occurred while executing the following cell:
------------------
data = pd.read_csv('/content/train.csv')
------------------


[0;31m---------------------------------------------------------------------------[0m
[0;31mFileNotFoundError[0m                         Traceback (most recent call last)
Cell [0;32mIn[2], line 1[0m
[0;32m----> 1[0m data [38;5;241m=[39m [43mpd[49m[38;5;241;43m.[39;49m[43mread_csv[49m[43m([49m[38;5;124;43m'[39;49m[38;5;124;43m/content/train.csv",/content/train.csv,"_out, Neural Networks, Practice, README.md",False,2.49,3.10.19
aa4c5a34805f22dc64009a6ee27c53d12951a216962dfd3482d70363badaea0c,FrankYang-17/FrankYang-17.github.io,markdown_generator/PubsFromBib.ipynb,True,/home/asu/reproducibility_of_jupyter_notebooks-1/data/outputs/repositorios_completos/FrankYang-17/FrankYang-17.github.io/7e40684d5bd168083a0a2e356eba013286ad2ff3,7e40684d5bd168083a0a2e356eba013286ad2ff3,file_not_found,"An error occurred while executing the following cell:
------------------
for pubsource in publist:
    parser = bibtex.Parser()
    bibdata = parser.parse_file(publist[pubsource][""file""])

    #loop through the individual references in a given bibtex file
    for bib_id in bibdata.entries:
        #reset default date
        pub_year = ""1900""
        pub_month = ""01""
        pub_day = ""01""
        
        b = bibdata.entries[bib_id].fields
        
        try:
            pub_year = f'{b[""year",kpsewhich,"talkmap, _layouts, .gitignore, assets, _pages, _data, .DS_Store, markdown_generator, package.json, _publications",False,1.039,3.10.19
6916386151832b0ef3e4050222c2c73b83900534163a459257589d359cc371f0,SongQingHao-Yang/SongQingHao-Yang.github.io,markdown_generator/PubsFromBib.ipynb,True,/home/asu/reproducibility_of_jupyter_notebooks-1/data/outputs/repositorios_completos/SongQingHao-Yang/SongQingHao-Yang.github.io/ea7058d6ee6ed1834495b05526d71d5c1a167fa2,ea7058d6ee6ed1834495b05526d71d5c1a167fa2,file_not_found,"An error occurred while executing the following cell:
------------------
for pubsource in publist:
    parser = bibtex.Parser()
    bibdata = parser.parse_file(publist[pubsource][""file""])

    #loop through the individual references in a given bibtex file
    for bib_id in bibdata.entries:
        #reset default date
        pub_year = ""1900""
        pub_month = ""01""
        pub_day = ""01""
        
        b = bibdata.entries[bib_id].fields
        
        try:
            pub_year = f'{b[""year",kpsewhich,"talkmap, _layouts, .gitignore, assets, _pages, _data, markdown_generator, package.json, _publications, _portfolio",False,1.228,3.10.19
f14957e4efd47dcbff9e88fd0cf9eff915bfd866cf883bf41662d7b70a5a617f,gurkirat309/Face-Emotion-Detection,trainmodel.ipynb,True,/home/asu/reproducibility_of_jupyter_notebooks-1/data/outputs/repositorios_completos/gurkirat309/Face-Emotion-Detection/688fb2b328d5abf21af21c0a67a23f4a2000771c,688fb2b328d5abf21af21c0a67a23f4a2000771c,file_not_found,"An error occurred while executing the following cell:
------------------
train=pd.DataFrame()
train['image'],train['label']=createdataframe(TRAIN_DIR)
------------------


[0;31m---------------------------------------------------------------------------[0m
[0;31mFileNotFoundError[0m                         Traceback (most recent call last)
Cell [0;32mIn[4], line 2[0m
[1;32m      1[0m train[38;5;241m=[39mpd[38;5;241m.[39mDataFrame()
[0;32m----> 2[0m train[[38;5;124m'[39m[38;5;124",images/train,".gitignore, emotiondectector.json, trainmodel.ipynb, _out, .vscode, req.txt, emotiondetector.h5, realtimedetection.py",False,4.931,3.10.19
e00ab20b39cc98ebe70b9e42f9968c9e6fd95a6513c86d629b7885ed2f7f0da0,DharmpratapSingh/LoanDefaultPrediction,notebooks/LoanDefaultPrediction.ipynb,True,/home/asu/reproducibility_of_jupyter_notebooks-1/data/outputs/repositorios_completos/DharmpratapSingh/LoanDefaultPrediction/27dc83bbaa02220da43e8a90632b7dcdde910a20,27dc83bbaa02220da43e8a90632b7dcdde910a20,file_not_found,"An error occurred while executing the following cell:
------------------
dataset = pd.read_csv('Loan prediction mini dataset.csv', header=0)
------------------


[31m---------------------------------------------------------------------------[39m
[31mFileNotFoundError[39m                         Traceback (most recent call last)
[36mCell[39m[36m [39m[32mIn[2][39m[32m, line 1[39m
[32m----> [39m[32m1[39m dataset = [43mpd[49m[43m.[49m[43mread_csv[49m[43m([49m[33;43m'[39;49m",Loan prediction mini dataset.csv,".gitignore, 5.png, Loan prediction mini dataset.csv, USAGE.md, src, notebooks, myplot4.png, config, _out, requirements.txt",False,2.987,3.11.14
0add483de20026b2a3a6ffffe2c5dc3eff6ccd5d68340027cc4d6f8677495125,joy-z-zhang/joy-z-zhang.github.io,markdown_generator/PubsFromBib.ipynb,True,/home/asu/reproducibility_of_jupyter_notebooks-1/data/outputs/repositorios_completos/joy-z-zhang/joy-z-zhang.github.io/1b894b49dcc07c51aca8987f47b96cd43d9597c8,1b894b49dcc07c51aca8987f47b96cd43d9597c8,file_not_found,"An error occurred while executing the following cell:
------------------
for pubsource in publist:
    parser = bibtex.Parser()
    bibdata = parser.parse_file(publist[pubsource][""file""])

    #loop through the individual references in a given bibtex file
    for bib_id in bibdata.entries:
        #reset default date
        pub_year = ""1900""
        pub_month = ""01""
        pub_day = ""01""
        
        b = bibdata.entries[bib_id].fields
        
        try:
            pub_year = f'{b[""year",kpsewhich,"talkmap, _layouts, .gitignore, assets, _pages, _data, .DS_Store, markdown_generator, package.json, _publications",False,1.081,3.10.19
138713f25ded4a036631bb08d13f3afa4b07f44c38bfc6ec1029224d215a1faa,HeyLucasLeao/tinyshift,tinyshift/examples/transaction_analyzer.ipynb,True,/home/asu/reproducibility_of_jupyter_notebooks-1/data/outputs/repositorios_completos/HeyLucasLeao/tinyshift/f3816c5ea6b772e553e7cb14f7fb931064125376,f3816c5ea6b772e553e7cb14f7fb931064125376,file_not_found,"An error occurred while executing the following cell:
------------------
filepath = './data/groceries.csv'

with open(filepath) as file:
    groceries = [line.strip().split(',') for line in file.readlines()]
------------------


[0;31m---------------------------------------------------------------------------[0m
[0;31mFileNotFoundError[0m                         Traceback (most recent call last)
Cell [0;32mIn[2], line 3[0m
[1;32m      1[0m filepath [38;5;241m=[39m [38;5;124m'[39m[38",./data/groceries.csv,".gitignore, .gitattributes, .github, .python-version, LICENSE, _out, .vscode, poetry.lock, pyproject.toml, README.md",False,1.928,3.10.19
70e45b4b3347fa4f090a10ac747b6471d51b2b15d1271b7ec30a775d2508cee2,Saiful-Islam25/Machine-Learning,Assigment 4--Real Estate.ipynb,True,/home/asu/reproducibility_of_jupyter_notebooks-1/data/outputs/repositorios_completos/Saiful-Islam25/Machine-Learning/6a881a5013206056f608c5c342a7cdfc8bcfbe20,6a881a5013206056f608c5c342a7cdfc8bcfbe20,file_not_found,"An error occurred while executing the following cell:
------------------
import pandas as pd
import seaborn as sns
import matplotlib.pyplot as plt
df = pd.read_csv('Real estate.csv')
------------------


[31m---------------------------------------------------------------------------[39m
[31mFileNotFoundError[39m                         Traceback (most recent call last)
[36mCell[39m[36m [39m[32mIn[1][39m[32m, line 4[39m
[32m      2[39m [38;5;28;01mimport[39;00m[38;5;250m [39m[3",Real estate.csv,"Linear Regression Algo, Assignment on Cluster Analysis.ipynb, Feature Engineering, house.xlsx, Assignment 3.ipynb, Linear & Non-Linear Relationship.ipynb, Assigment 4--Real Estate.ipynb, Assignment 7.2- KNN.pdf, weight-height.xlsx, Deep Learning",False,2.446,3.11.14
579c5d54c0dcedabda69d3b3f3a8c96289f4505f692461ca9bea74e4ac852b68,Saiful-Islam25/Machine-Learning,Assignment 3.ipynb,True,/home/asu/reproducibility_of_jupyter_notebooks-1/data/outputs/repositorios_completos/Saiful-Islam25/Machine-Learning/6a881a5013206056f608c5c342a7cdfc8bcfbe20,6a881a5013206056f608c5c342a7cdfc8bcfbe20,file_not_found,"An error occurred while executing the following cell:
------------------
df=pd.read_csv('Price_weight.csv')
df.head()
------------------


[31m---------------------------------------------------------------------------[39m
[31mFileNotFoundError[39m                         Traceback (most recent call last)
[36mCell[39m[36m [39m[32mIn[2][39m[32m, line 1[39m
[32m----> [39m[32m1[39m df=[43mpd[49m[43m.[49m[43mread_csv[49m[43m([49m[33;43m'[39;49m[33;43mPrice_weight.csv[39;4",Price_weight.csv,"Linear Regression Algo, Assignment on Cluster Analysis.ipynb, Feature Engineering, house.xlsx, Assignment 3.ipynb, Linear & Non-Linear Relationship.ipynb, Assigment 4--Real Estate.ipynb, Assignment 7.2- KNN.pdf, weight-height.xlsx, Deep Learning",False,1.84,3.11.14
ab5137b86c18d59f839cee27982b7f73b7a84f1046939997da90544a55684743,Saiful-Islam25/Machine-Learning,Assignment on Cluster Analysis.ipynb,True,/home/asu/reproducibility_of_jupyter_notebooks-1/data/outputs/repositorios_completos/Saiful-Islam25/Machine-Learning/6a881a5013206056f608c5c342a7cdfc8bcfbe20,6a881a5013206056f608c5c342a7cdfc8bcfbe20,file_not_found,"An error occurred while executing the following cell:
------------------
df = pd.read_csv('WineData.csv')
df.head()
------------------


[31m---------------------------------------------------------------------------[39m
[31mFileNotFoundError[39m                         Traceback (most recent call last)
[36mCell[39m[36m [39m[32mIn[2][39m[32m, line 1[39m
[32m----> [39m[32m1[39m df = [43mpd[49m[43m.[49m[43mread_csv[49m[43m([49m[33;43m'[39;49m[33;43mWineData.csv[39;49m[",WineData.csv,"Linear Regression Algo, Assignment on Cluster Analysis.ipynb, Feature Engineering, house.xlsx, Assignment 3.ipynb, Linear & Non-Linear Relationship.ipynb, Assigment 4--Real Estate.ipynb, Assignment 7.2- KNN.pdf, weight-height.xlsx, Deep Learning",False,1.579,3.12.12
e99ea34f851d244975eac2acad7f7b216dec2a418381fc3451ec6256602085dd,Saiful-Islam25/Machine-Learning,Assignment on Encoding.ipynb,True,/home/asu/reproducibility_of_jupyter_notebooks-1/data/outputs/repositorios_completos/Saiful-Islam25/Machine-Learning/6a881a5013206056f608c5c342a7cdfc8bcfbe20,6a881a5013206056f608c5c342a7cdfc8bcfbe20,file_not_found,"An error occurred while executing the following cell:
------------------
# Load dataset
df = pd.read_excel(""house.xlsx"")
------------------


[31m---------------------------------------------------------------------------[39m
[31mFileNotFoundError[39m                         Traceback (most recent call last)
[36mCell[39m[36m [39m[32mIn[2][39m[32m, line 2[39m
[32m      1[39m [38;5;66;03m# Load dataset[39;00m
[32m----> [39m[32m2[39m df = [43mpd[49m[43m.[49m[43mread_excel[",house.xlsx,"Linear Regression Algo, Assignment on Cluster Analysis.ipynb, Feature Engineering, house.xlsx, Assignment 3.ipynb, Linear & Non-Linear Relationship.ipynb, Assigment 4--Real Estate.ipynb, Assignment 7.2- KNN.pdf, weight-height.xlsx, Deep Learning",False,2.068,3.11.14
1572f986ee34987a9185edfd16bb6a2c911ba25f89bd7afcd5d00f6523ab8547,Saiful-Islam25/Machine-Learning,Assignment on KNN.ipynb,True,/home/asu/reproducibility_of_jupyter_notebooks-1/data/outputs/repositorios_completos/Saiful-Islam25/Machine-Learning/6a881a5013206056f608c5c342a7cdfc8bcfbe20,6a881a5013206056f608c5c342a7cdfc8bcfbe20,file_not_found,"An error occurred while executing the following cell:
------------------
# 1. Load dataset
df = pd.read_excel(""weight-height.xlsx"") 
------------------


[31m---------------------------------------------------------------------------[39m
[31mFileNotFoundError[39m                         Traceback (most recent call last)
[36mCell[39m[36m [39m[32mIn[2][39m[32m, line 2[39m
[32m      1[39m [38;5;66;03m# 1. Load dataset[39;00m
[32m----> [39m[32m2[39m df = [43mpd[49m[43m.[49m[",weight-height.xlsx,"Linear Regression Algo, Assignment on Cluster Analysis.ipynb, Feature Engineering, house.xlsx, Assignment 3.ipynb, Linear & Non-Linear Relationship.ipynb, Assigment 4--Real Estate.ipynb, Assignment 7.2- KNN.pdf, weight-height.xlsx, Deep Learning",False,2.057,3.11.14
05cafacc18cdf5b4485e972e0ef8b0e955b2a544bbf92b5a1b3d9ebc085531d2,Saiful-Islam25/Machine-Learning,Data Prepocessing/Heart.ipynb,True,/home/asu/reproducibility_of_jupyter_notebooks-1/data/outputs/repositorios_completos/Saiful-Islam25/Machine-Learning/6a881a5013206056f608c5c342a7cdfc8bcfbe20,6a881a5013206056f608c5c342a7cdfc8bcfbe20,file_not_found,"An error occurred while executing the following cell:
------------------
df = pd.read_csv(""heart.csv"")
------------------


[31m---------------------------------------------------------------------------[39m
[31mFileNotFoundError[39m                         Traceback (most recent call last)
[36mCell[39m[36m [39m[32mIn[2][39m[32m, line 1[39m
[32m----> [39m[32m1[39m df = [43mpd[49m[43m.[49m[43mread_csv[49m[43m([49m[33;43m""[39;49m[33;43mheart.csv[39;49m[33;43m""[39;49m",heart.csv,"Linear Regression Algo, Assignment on Cluster Analysis.ipynb, Feature Engineering, house.xlsx, Assignment 3.ipynb, Linear & Non-Linear Relationship.ipynb, Assigment 4--Real Estate.ipynb, Assignment 7.2- KNN.pdf, weight-height.xlsx, Deep Learning",False,2.487,3.12.12
bb8d9f6350876b808ffba3531a092c9228419016a461486b916b7eb958d8deff,Saiful-Islam25/Machine-Learning,Data Prepocessing/insurance.ipynb,True,/home/asu/reproducibility_of_jupyter_notebooks-1/data/outputs/repositorios_completos/Saiful-Islam25/Machine-Learning/6a881a5013206056f608c5c342a7cdfc8bcfbe20,6a881a5013206056f608c5c342a7cdfc8bcfbe20,file_not_found,"An error occurred while executing the following cell:
------------------
df = pd.read_csv('insurance.csv')
------------------


[31m---------------------------------------------------------------------------[39m
[31mFileNotFoundError[39m                         Traceback (most recent call last)
[36mCell[39m[36m [39m[32mIn[2][39m[32m, line 1[39m
[32m----> [39m[32m1[39m df = [43mpd[49m[43m.[49m[43mread_csv[49m[43m([49m[33;43m'[39;49m[33;43minsurance.csv[39;49m[33;43m'",insurance.csv,"Linear Regression Algo, Assignment on Cluster Analysis.ipynb, Feature Engineering, house.xlsx, Assignment 3.ipynb, Linear & Non-Linear Relationship.ipynb, Assigment 4--Real Estate.ipynb, Assignment 7.2- KNN.pdf, weight-height.xlsx, Deep Learning",False,2.967,3.12.12
fd8193092f70faad6118d0a65dc434fd8deaab273415b22b249f8a937dcd7c2a,Saiful-Islam25/Machine-Learning,Feature Engineering/Standardization.ipynb,True,/home/asu/reproducibility_of_jupyter_notebooks-1/data/outputs/repositorios_completos/Saiful-Islam25/Machine-Learning/6a881a5013206056f608c5c342a7cdfc8bcfbe20,6a881a5013206056f608c5c342a7cdfc8bcfbe20,file_not_found,"An error occurred while executing the following cell:
------------------
df = pd.read_csv('Social_Network_Ads.csv')
------------------


[31m---------------------------------------------------------------------------[39m
[31mFileNotFoundError[39m                         Traceback (most recent call last)
[36mCell[39m[36m [39m[32mIn[2][39m[32m, line 1[39m
[32m----> [39m[32m1[39m df = [43mpd[49m[43m.[49m[43mread_csv[49m[43m([49m[33;43m'[39;49m[33;43mSocial_Network_Ads.csv",Social_Network_Ads.csv,"Linear Regression Algo, Assignment on Cluster Analysis.ipynb, Feature Engineering, house.xlsx, Assignment 3.ipynb, Linear & Non-Linear Relationship.ipynb, Assigment 4--Real Estate.ipynb, Assignment 7.2- KNN.pdf, weight-height.xlsx, Deep Learning",False,3.173,3.11.14
16c2865b4e9862c435af4abcde6c419b1074b4b2c4a137822d90cd9d61422c3e,Saiful-Islam25/Machine-Learning,Feature Engineering/Untitled.ipynb,True,/home/asu/reproducibility_of_jupyter_notebooks-1/data/outputs/repositorios_completos/Saiful-Islam25/Machine-Learning/6a881a5013206056f608c5c342a7cdfc8bcfbe20,6a881a5013206056f608c5c342a7cdfc8bcfbe20,file_not_found,"An error occurred while executing the following cell:
------------------
df=pd.read_csv('supershops.csv')
df.head()
------------------


[31m---------------------------------------------------------------------------[39m
[31mFileNotFoundError[39m                         Traceback (most recent call last)
[36mCell[39m[36m [39m[32mIn[2][39m[32m, line 1[39m
[32m----> [39m[32m1[39m df=[43mpd[49m[43m.[49m[43mread_csv[49m[43m([49m[33;43m'[39;49m[33;43msupershops.csv[39;49m[",supershops.csv,"Linear Regression Algo, Assignment on Cluster Analysis.ipynb, Feature Engineering, house.xlsx, Assignment 3.ipynb, Linear & Non-Linear Relationship.ipynb, Assigment 4--Real Estate.ipynb, Assignment 7.2- KNN.pdf, weight-height.xlsx, Deep Learning",False,1.543,3.11.14
fe4132ba54e0af68e42d4db31d3ff0b596233421e5bd5112ea735a063e43a973,Saiful-Islam25/Machine-Learning,Linear & Non-Linear Relationship.ipynb,True,/home/asu/reproducibility_of_jupyter_notebooks-1/data/outputs/repositorios_completos/Saiful-Islam25/Machine-Learning/6a881a5013206056f608c5c342a7cdfc8bcfbe20,6a881a5013206056f608c5c342a7cdfc8bcfbe20,file_not_found,"An error occurred while executing the following cell:
------------------
df = pd.read_csv('linear_data.csv') 
df.head()
------------------


[31m---------------------------------------------------------------------------[39m
[31mFileNotFoundError[39m                         Traceback (most recent call last)
[36mCell[39m[36m [39m[32mIn[2][39m[32m, line 1[39m
[32m----> [39m[32m1[39m df = [43mpd[49m[43m.[49m[43mread_csv[49m[43m([49m[33;43m'[39;49m[33;43mlinear_data.csv[3",linear_data.csv,"Linear Regression Algo, Assignment on Cluster Analysis.ipynb, Feature Engineering, house.xlsx, Assignment 3.ipynb, Linear & Non-Linear Relationship.ipynb, Assigment 4--Real Estate.ipynb, Assignment 7.2- KNN.pdf, weight-height.xlsx, Deep Learning",False,1.811,3.11.14
36b69c3a844a6daa5d2b11d02287b08b78badce1fae70b05714a6ef87af28645,Saiful-Islam25/Machine-Learning,Linear Regression Algo/1-LinearReg.ipynb,True,/home/asu/reproducibility_of_jupyter_notebooks-1/data/outputs/repositorios_completos/Saiful-Islam25/Machine-Learning/6a881a5013206056f608c5c342a7cdfc8bcfbe20,6a881a5013206056f608c5c342a7cdfc8bcfbe20,file_not_found,"An error occurred while executing the following cell:
------------------
dataset=pd.read_csv(""placement.csv"")
------------------


[31m---------------------------------------------------------------------------[39m
[31mFileNotFoundError[39m                         Traceback (most recent call last)
[36mCell[39m[36m [39m[32mIn[2][39m[32m, line 1[39m
[32m----> [39m[32m1[39m dataset=[43mpd[49m[43m.[49m[43mread_csv[49m[43m([49m[33;43m""[39;49m[33;43mplacement.csv[39;49m[33",placement.csv,"Linear Regression Algo, Assignment on Cluster Analysis.ipynb, Feature Engineering, house.xlsx, Assignment 3.ipynb, Linear & Non-Linear Relationship.ipynb, Assigment 4--Real Estate.ipynb, Assignment 7.2- KNN.pdf, weight-height.xlsx, Deep Learning",False,2.427,3.11.14
7f3623f10a257672b8008723de965d718e07f6c519b658c3ed1be92031c5cb8c,Saiful-Islam25/Machine-Learning,Linear Regression Algo/2-LinearReg.ipynb,True,/home/asu/reproducibility_of_jupyter_notebooks-1/data/outputs/repositorios_completos/Saiful-Islam25/Machine-Learning/6a881a5013206056f608c5c342a7cdfc8bcfbe20,6a881a5013206056f608c5c342a7cdfc8bcfbe20,file_not_found,"An error occurred while executing the following cell:
------------------
df=pd.read_csv(""USD_data.csv"",sep="";"")
df.head()
------------------


[31m---------------------------------------------------------------------------[39m
[31mFileNotFoundError[39m                         Traceback (most recent call last)
[36mCell[39m[36m [39m[32mIn[2][39m[32m, line 1[39m
[32m----> [39m[32m1[39m df=[43mpd[49m[43m.[49m[43mread_csv[49m[43m([49m[33;43m""[39;49m[33;43mUSD_data.csv[39;4",USD_data.csv,"Linear Regression Algo, Assignment on Cluster Analysis.ipynb, Feature Engineering, house.xlsx, Assignment 3.ipynb, Linear & Non-Linear Relationship.ipynb, Assigment 4--Real Estate.ipynb, Assignment 7.2- KNN.pdf, weight-height.xlsx, Deep Learning",False,1.799,3.11.14
32c46db5dbfcff320c21e151f26ae595684de3c9ac00fc56dc4d54578df67035,Saiful-Islam25/Machine-Learning,Linear Regression Algo/2.Multiple Linear Regression .ipynb,True,/home/asu/reproducibility_of_jupyter_notebooks-1/data/outputs/repositorios_completos/Saiful-Islam25/Machine-Learning/6a881a5013206056f608c5c342a7cdfc8bcfbe20,6a881a5013206056f608c5c342a7cdfc8bcfbe20,file_not_found,"An error occurred while executing the following cell:
------------------
df=pd.read_csv('online.csv')
df.head()
------------------


[31m---------------------------------------------------------------------------[39m
[31mFileNotFoundError[39m                         Traceback (most recent call last)
[36mCell[39m[36m [39m[32mIn[2][39m[32m, line 1[39m
[32m----> [39m[32m1[39m df=[43mpd[49m[43m.[49m[43mread_csv[49m[43m([49m[33;43m'[39;49m[33;43monline.csv[39;49m[33;43m'",online.csv,"Linear Regression Algo, Assignment on Cluster Analysis.ipynb, Feature Engineering, house.xlsx, Assignment 3.ipynb, Linear & Non-Linear Relationship.ipynb, Assigment 4--Real Estate.ipynb, Assignment 7.2- KNN.pdf, weight-height.xlsx, Deep Learning",False,2.393,3.11.14
9b3c266b3fac2fafa2a86c2ce1cc0880164cb63c23bceef04576946dc231c6b6,Saiful-Islam25/Machine-Learning,Linear Regression Algo/3-LinearReg.ipynb,True,/home/asu/reproducibility_of_jupyter_notebooks-1/data/outputs/repositorios_completos/Saiful-Islam25/Machine-Learning/6a881a5013206056f608c5c342a7cdfc8bcfbe20,6a881a5013206056f608c5c342a7cdfc8bcfbe20,file_not_found,"An error occurred while executing the following cell:
------------------
df=pd.read_csv(""Dhaka Rent.csv"",sep="";"")
df.head()
------------------


[31m---------------------------------------------------------------------------[39m
[31mFileNotFoundError[39m                         Traceback (most recent call last)
[36mCell[39m[36m [39m[32mIn[2][39m[32m, line 1[39m
[32m----> [39m[32m1[39m df=[43mpd[49m[43m.[49m[43mread_csv[49m[43m([49m[33;43m""[39;49m[33;43mDhaka Rent.csv[",Dhaka Rent.csv,"Linear Regression Algo, Assignment on Cluster Analysis.ipynb, Feature Engineering, house.xlsx, Assignment 3.ipynb, Linear & Non-Linear Relationship.ipynb, Assigment 4--Real Estate.ipynb, Assignment 7.2- KNN.pdf, weight-height.xlsx, Deep Learning",False,1.835,3.11.14
1cf42a17ab7b1feb29609c4d5d1d9dc0b8d65b34bdfe16f2bc44212c36be3e00,Saiful-Islam25/Machine-Learning,Linear Regression Algo/5-LinearReg.ipynb,True,/home/asu/reproducibility_of_jupyter_notebooks-1/data/outputs/repositorios_completos/Saiful-Islam25/Machine-Learning/6a881a5013206056f608c5c342a7cdfc8bcfbe20,6a881a5013206056f608c5c342a7cdfc8bcfbe20,file_not_found,"An error occurred while executing the following cell:
------------------
df = pd.read_csv(""USD_data.csv"", sep=';')
------------------


[31m---------------------------------------------------------------------------[39m
[31mFileNotFoundError[39m                         Traceback (most recent call last)
[36mCell[39m[36m [39m[32mIn[2][39m[32m, line 1[39m
[32m----> [39m[32m1[39m df = [43mpd[49m[43m.[49m[43mread_csv[49m[43m([49m[33;43m""[39;49m[33;43mUSD_data.csv[39;49m[3",USD_data.csv,"Linear Regression Algo, Assignment on Cluster Analysis.ipynb, Feature Engineering, house.xlsx, Assignment 3.ipynb, Linear & Non-Linear Relationship.ipynb, Assigment 4--Real Estate.ipynb, Assignment 7.2- KNN.pdf, weight-height.xlsx, Deep Learning",False,2.414,3.11.14
688fd78c7e739bd88d62be1c3aaaff4b06f8f0e1d3f19b5c30a2c83bd49e0347,Saiful-Islam25/Machine-Learning,Linear Regression Algo/Assignment 3.ipynb,True,/home/asu/reproducibility_of_jupyter_notebooks-1/data/outputs/repositorios_completos/Saiful-Islam25/Machine-Learning/6a881a5013206056f608c5c342a7cdfc8bcfbe20,6a881a5013206056f608c5c342a7cdfc8bcfbe20,file_not_found,"An error occurred while executing the following cell:
------------------
df=pd.read_csv('Price_weight.csv')
df.head()
------------------


[31m---------------------------------------------------------------------------[39m
[31mFileNotFoundError[39m                         Traceback (most recent call last)
[36mCell[39m[36m [39m[32mIn[2][39m[32m, line 1[39m
[32m----> [39m[32m1[39m df=[43mpd[49m[43m.[49m[43mread_csv[49m[43m([49m[33;43m'[39;49m[33;43mPrice_weight.csv[39;4",Price_weight.csv,"Linear Regression Algo, Assignment on Cluster Analysis.ipynb, Feature Engineering, house.xlsx, Assignment 3.ipynb, Linear & Non-Linear Relationship.ipynb, Assigment 4--Real Estate.ipynb, Assignment 7.2- KNN.pdf, weight-height.xlsx, Deep Learning",False,2.195,3.11.14
9d9441bee9bd6b2e4f407183c623763790255e500e432230cda785154b9a4753,Saiful-Islam25/Machine-Learning,Linear Regression Algo/Multi Linear Regression.ipynb,True,/home/asu/reproducibility_of_jupyter_notebooks-1/data/outputs/repositorios_completos/Saiful-Islam25/Machine-Learning/6a881a5013206056f608c5c342a7cdfc8bcfbe20,6a881a5013206056f608c5c342a7cdfc8bcfbe20,file_not_found,"An error occurred while executing the following cell:
------------------
dataset=pd.read_csv(""Salary_Data.csv"")
dataset.head()
------------------


[31m---------------------------------------------------------------------------[39m
[31mFileNotFoundError[39m                         Traceback (most recent call last)
[36mCell[39m[36m [39m[32mIn[2][39m[32m, line 1[39m
[32m----> [39m[32m1[39m dataset=[43mpd[49m[43m.[49m[43mread_csv[49m[43m([49m[33;43m""[39;49m[33;43mSalary_D",Salary_Data.csv,"Linear Regression Algo, Assignment on Cluster Analysis.ipynb, Feature Engineering, house.xlsx, Assignment 3.ipynb, Linear & Non-Linear Relationship.ipynb, Assigment 4--Real Estate.ipynb, Assignment 7.2- KNN.pdf, weight-height.xlsx, Deep Learning",False,2.574,3.11.14
10b9717a5ed70c518eb7fc3ac7c8d51ba99f40b8b9eb1dd26509de05f4a43467,Saiful-Islam25/Machine-Learning,Projects/Breast_Cancer_Prediction_Pycaret.ipynb,True,/home/asu/reproducibility_of_jupyter_notebooks-1/data/outputs/repositorios_completos/Saiful-Islam25/Machine-Learning/6a881a5013206056f608c5c342a7cdfc8bcfbe20,6a881a5013206056f608c5c342a7cdfc8bcfbe20,file_not_found,"An error occurred while executing the following cell:
------------------
df = pd.read_csv('BRCA Data.csv')
df.head()
------------------


[31m---------------------------------------------------------------------------[39m
[31mFileNotFoundError[39m                         Traceback (most recent call last)
[36mCell[39m[36m [39m[32mIn[3][39m[32m, line 1[39m
[32m----> [39m[32m1[39m df = [43mpd[49m[43m.[49m[43mread_csv[49m[43m([49m[33;43m'[39;49m[33;43mBRCA Data.csv[39;49m",BRCA Data.csv,"Linear Regression Algo, Assignment on Cluster Analysis.ipynb, Feature Engineering, house.xlsx, Assignment 3.ipynb, Linear & Non-Linear Relationship.ipynb, Assigment 4--Real Estate.ipynb, Assignment 7.2- KNN.pdf, weight-height.xlsx, Deep Learning",False,3.246,3.11.14
39a26365444124410d015b85aa6fc35d4a82f7f78a56e49cad6426abe5d06e86,Saiful-Islam25/Machine-Learning,Projects/Credit_Card_Default_SVM.ipynb,True,/home/asu/reproducibility_of_jupyter_notebooks-1/data/outputs/repositorios_completos/Saiful-Islam25/Machine-Learning/6a881a5013206056f608c5c342a7cdfc8bcfbe20,6a881a5013206056f608c5c342a7cdfc8bcfbe20,file_not_found,"An error occurred while executing the following cell:
------------------
df = pd.read_csv('UCI_Credit_Card.csv')
df.head()
------------------


[31m---------------------------------------------------------------------------[39m
[31mFileNotFoundError[39m                         Traceback (most recent call last)
[36mCell[39m[36m [39m[32mIn[2][39m[32m, line 1[39m
[32m----> [39m[32m1[39m df = [43mpd[49m[43m.[49m[43mread_csv[49m[43m([49m[33;43m'[39;49m[33;43mUCI_Credit_Card",UCI_Credit_Card.csv,"Linear Regression Algo, Assignment on Cluster Analysis.ipynb, Feature Engineering, house.xlsx, Assignment 3.ipynb, Linear & Non-Linear Relationship.ipynb, Assigment 4--Real Estate.ipynb, Assignment 7.2- KNN.pdf, weight-height.xlsx, Deep Learning",False,2.52,3.12.12
8b504915ce276da662e702463ecc0f9146f94b44ed7b214b49a5bd4272a6f1ab,Saiful-Islam25/Machine-Learning,Projects/Fake News Detection System using Machine Learning and NLP.ipynb,True,/home/asu/reproducibility_of_jupyter_notebooks-1/data/outputs/repositorios_completos/Saiful-Islam25/Machine-Learning/6a881a5013206056f608c5c342a7cdfc8bcfbe20,6a881a5013206056f608c5c342a7cdfc8bcfbe20,file_not_found,"An error occurred while executing the following cell:
------------------
df = pd.read_csv('text_dataset.csv')
df.head()
------------------


[31m---------------------------------------------------------------------------[39m
[31mFileNotFoundError[39m                         Traceback (most recent call last)
[36mCell[39m[36m [39m[32mIn[2][39m[32m, line 1[39m
[32m----> [39m[32m1[39m df = [43mpd[49m[43m.[49m[43mread_csv[49m[43m([49m[33;43m'[39;49m[33;43mtext_dataset.csv[",text_dataset.csv,"Linear Regression Algo, Assignment on Cluster Analysis.ipynb, Feature Engineering, house.xlsx, Assignment 3.ipynb, Linear & Non-Linear Relationship.ipynb, Assigment 4--Real Estate.ipynb, Assignment 7.2- KNN.pdf, weight-height.xlsx, Deep Learning",False,2.483,3.11.14
550fd3c6271661f49a295cc5aed10865eead67ef06170494850b2392349acfc6,Saiful-Islam25/Machine-Learning,Projects/Hypertension Prediction/Notebook.ipynb,True,/home/asu/reproducibility_of_jupyter_notebooks-1/data/outputs/repositorios_completos/Saiful-Islam25/Machine-Learning/6a881a5013206056f608c5c342a7cdfc8bcfbe20,6a881a5013206056f608c5c342a7cdfc8bcfbe20,file_not_found,"An error occurred while executing the following cell:
------------------
# Hypertension Risk Prediction Project
# Advanced ML Project – 6 Credits / 200 Marks

# -----------------------------
# Step 1: Import Libraries
# -----------------------------
import pandas as pd
import numpy as np
import matplotlib.pyplot as plt
import seaborn as sns

from sklearn.model_selection import train_test_split, GridSearchCV, cross_val_score
from sklearn.preprocessing import StandardScaler, LabelEncoder
from skle",hypertension_dataset.csv,"Linear Regression Algo, Assignment on Cluster Analysis.ipynb, Feature Engineering, house.xlsx, Assignment 3.ipynb, Linear & Non-Linear Relationship.ipynb, Assigment 4--Real Estate.ipynb, Assignment 7.2- KNN.pdf, weight-height.xlsx, Deep Learning",False,2.488,3.10.19
68f67d80915c8f85f857ce738b7d81f770992f7131e954519f410bf6a5c66cc2,Saiful-Islam25/Machine-Learning,Projects/NLP_Fake_News_correct_version.ipynb,True,/home/asu/reproducibility_of_jupyter_notebooks-1/data/outputs/repositorios_completos/Saiful-Islam25/Machine-Learning/6a881a5013206056f608c5c342a7cdfc8bcfbe20,6a881a5013206056f608c5c342a7cdfc8bcfbe20,file_not_found,"An error occurred while executing the following cell:
------------------
df = pd.read_csv('WELFake_Dataset.csv')
------------------


[31m---------------------------------------------------------------------------[39m
[31mFileNotFoundError[39m                         Traceback (most recent call last)
[36mCell[39m[36m [39m[32mIn[3][39m[32m, line 1[39m
[32m----> [39m[32m1[39m df = [43mpd[49m[43m.[49m[43mread_csv[49m[43m([49m[33;43m'[39;49m[33;43mWELFake_Dataset.csv[39;4",WELFake_Dataset.csv,"Linear Regression Algo, Assignment on Cluster Analysis.ipynb, Feature Engineering, house.xlsx, Assignment 3.ipynb, Linear & Non-Linear Relationship.ipynb, Assigment 4--Real Estate.ipynb, Assignment 7.2- KNN.pdf, weight-height.xlsx, Deep Learning",False,2.32,3.11.14
f1be2209bdac3506d0e48859886c71df8f07203bffd80706b3e3ca11c777e4e9,Saiful-Islam25/Machine-Learning,Projects/PatientCare_classifcation_system.ipynb,True,/home/asu/reproducibility_of_jupyter_notebooks-1/data/outputs/repositorios_completos/Saiful-Islam25/Machine-Learning/6a881a5013206056f608c5c342a7cdfc8bcfbe20,6a881a5013206056f608c5c342a7cdfc8bcfbe20,file_not_found,"An error occurred while executing the following cell:
------------------

# patient_df = pd.read_csv(""C:/Users/yashs/Desktop/PatientCare.csv"")
patient_df = pd.read_csv(""/workspaces/The-Grand-Complete-Data-Science-Materials/ML Projects/Patient_care_classification_system/PatientCare.csv"")

#The class target 1 = in care patient, 0 = out care patient
------------------


[0;31m---------------------------------------------------------------------------[0m
[0;31mFileNotFoundError[0m               ",/workspaces/The-Grand-Complete-Data-Science-Materials/ML Projects/Patient_care_classification_system/PatientCare.csv,"Linear Regression Algo, Assignment on Cluster Analysis.ipynb, Feature Engineering, house.xlsx, Assignment 3.ipynb, Linear & Non-Linear Relationship.ipynb, Assigment 4--Real Estate.ipynb, Assignment 7.2- KNN.pdf, weight-height.xlsx, Deep Learning",False,2.493,3.10.19
480bc0792c256dcc46543bcd4f31c00adf066b4a44d95c6ed727df0cc92068dc,Saiful-Islam25/Machine-Learning,Projects/Predicting_Heart_Disease.ipynb,True,/home/asu/reproducibility_of_jupyter_notebooks-1/data/outputs/repositorios_completos/Saiful-Islam25/Machine-Learning/6a881a5013206056f608c5c342a7cdfc8bcfbe20,6a881a5013206056f608c5c342a7cdfc8bcfbe20,file_not_found,"An error occurred while executing the following cell:
------------------
df = pd.read_csv('cardio_train.csv', sep=';')
df.head()
------------------


[31m---------------------------------------------------------------------------[39m
[31mFileNotFoundError[39m                         Traceback (most recent call last)
[36mCell[39m[36m [39m[32mIn[2][39m[32m, line 1[39m
[32m----> [39m[32m1[39m df = [43mpd[49m[43m.[49m[43mread_csv[49m[43m([49m[33;43m'[39;49m[33;43mcardio_tr",cardio_train.csv,"Linear Regression Algo, Assignment on Cluster Analysis.ipynb, Feature Engineering, house.xlsx, Assignment 3.ipynb, Linear & Non-Linear Relationship.ipynb, Assigment 4--Real Estate.ipynb, Assignment 7.2- KNN.pdf, weight-height.xlsx, Deep Learning",False,3.151,3.12.12
08dd9791a02312a3b2992182ce1219a81788d4f29a028a1a71270e583fef5eee,Saiful-Islam25/Machine-Learning,Projects/Text_Data_using_Naive_Bayes_Classifier.ipynb,True,/home/asu/reproducibility_of_jupyter_notebooks-1/data/outputs/repositorios_completos/Saiful-Islam25/Machine-Learning/6a881a5013206056f608c5c342a7cdfc8bcfbe20,6a881a5013206056f608c5c342a7cdfc8bcfbe20,file_not_found,"An error occurred while executing the following cell:
------------------
df = pd.read_csv('IMDB Dataset.csv')
df
------------------


[31m---------------------------------------------------------------------------[39m
[31mFileNotFoundError[39m                         Traceback (most recent call last)
[36mCell[39m[36m [39m[32mIn[2][39m[32m, line 1[39m
[32m----> [39m[32m1[39m df = [43mpd[49m[43m.[49m[43mread_csv[49m[43m([49m[33;43m'[39;49m[33;43mIMDB Dataset.csv[39;49m",IMDB Dataset.csv,"Linear Regression Algo, Assignment on Cluster Analysis.ipynb, Feature Engineering, house.xlsx, Assignment 3.ipynb, Linear & Non-Linear Relationship.ipynb, Assigment 4--Real Estate.ipynb, Assignment 7.2- KNN.pdf, weight-height.xlsx, Deep Learning",False,2.42,3.11.14
39406193115810b314bfe19a83eb5c7f945b74382833d280d308d9c5350e7b22,Saiful-Islam25/Machine-Learning,Projects/_Calories Prediction.ipynb,True,/home/asu/reproducibility_of_jupyter_notebooks-1/data/outputs/repositorios_completos/Saiful-Islam25/Machine-Learning/6a881a5013206056f608c5c342a7cdfc8bcfbe20,6a881a5013206056f608c5c342a7cdfc8bcfbe20,file_not_found,"An error occurred while executing the following cell:
------------------
calories = pd.read_csv('calories.csv')
calories.head()
------------------


[31m---------------------------------------------------------------------------[39m
[31mFileNotFoundError[39m                         Traceback (most recent call last)
[36mCell[39m[36m [39m[32mIn[3][39m[32m, line 1[39m
[32m----> [39m[32m1[39m calories = [43mpd[49m[43m.[49m[43mread_csv[49m[43m([49m[33;43m'[39;49m[33;43mcalo",calories.csv,"Linear Regression Algo, Assignment on Cluster Analysis.ipynb, Feature Engineering, house.xlsx, Assignment 3.ipynb, Linear & Non-Linear Relationship.ipynb, Assigment 4--Real Estate.ipynb, Assignment 7.2- KNN.pdf, weight-height.xlsx, Deep Learning",False,14.194,3.11.14
21bb6f9a958059a703f8b8d777f2d976497ed6d46fb3ae33d1f9ee435781f5fc,Saiful-Islam25/Machine-Learning,Projects/fake-and-real-news-checker.ipynb,True,/home/asu/reproducibility_of_jupyter_notebooks-1/data/outputs/repositorios_completos/Saiful-Islam25/Machine-Learning/6a881a5013206056f608c5c342a7cdfc8bcfbe20,6a881a5013206056f608c5c342a7cdfc8bcfbe20,file_not_found,"An error occurred while executing the following cell:
------------------
df=pd.read_csv(r""C:\Users\hp\Desktop\Data_Set\Fake.csv"")
------------------


[31m---------------------------------------------------------------------------[39m
[31mFileNotFoundError[39m                         Traceback (most recent call last)
[36mCell[39m[36m [39m[32mIn[2][39m[32m, line 1[39m
[32m----> [39m[32m1[39m df=[43mpd[49m[43m.[49m[43mread_csv[49m[43m([49m[33;43mr[39;49m[33;43m""[39;49m",C:\\Users\\hp\\Desktop\\Data_Set\\Fake.csv,"Linear Regression Algo, Assignment on Cluster Analysis.ipynb, Feature Engineering, house.xlsx, Assignment 3.ipynb, Linear & Non-Linear Relationship.ipynb, Assigment 4--Real Estate.ipynb, Assignment 7.2- KNN.pdf, weight-height.xlsx, Deep Learning",False,2.63,3.12.12
2b75667c4eee8e822de794e33023753a2804bcad93d5680e00011dfe7b2a4f6f,Saiful-Islam25/Machine-Learning,Projects/thyroid_cancer_prediction_pipeline.ipynb,True,/home/asu/reproducibility_of_jupyter_notebooks-1/data/outputs/repositorios_completos/Saiful-Islam25/Machine-Learning/6a881a5013206056f608c5c342a7cdfc8bcfbe20,6a881a5013206056f608c5c342a7cdfc8bcfbe20,file_not_found,"An error occurred while executing the following cell:
------------------
# Load the CSV file
df = pd.read_csv(""filtered_thyroid_data.csv"")  # Replace path as needed

# Quick preview
print(""Dataset Shape:"", df.shape)
df.head()

------------------


[31m---------------------------------------------------------------------------[39m
[31mFileNotFoundError[39m                         Traceback (most recent call last)
[36mCell[39m[36m [39m[32mIn[2][39m[32m, line 2[39m
[32m      1[39m [3",filtered_thyroid_data.csv,"Linear Regression Algo, Assignment on Cluster Analysis.ipynb, Feature Engineering, house.xlsx, Assignment 3.ipynb, Linear & Non-Linear Relationship.ipynb, Assigment 4--Real Estate.ipynb, Assignment 7.2- KNN.pdf, weight-height.xlsx, Deep Learning",False,2.648,3.11.14
