repo_full_name,repo_id,repo_default_branch,repo_created_at,repo_stars,file_path,file_sha,file_size,html_url,nb_ok_parse,kernel_name,language,python_version_declared,n_cells_total,n_code,n_markdown,n_raw,n_code_executed,percent_code_executed,nb_has_unambiguous_exec_order,nb_has_out_of_order_exec,nb_n_exec_skips,max_execution_count,n_cells_with_output,outputs_text,outputs_image,outputs_html_js,outputs_error,outputs_formatted,outputs_ext,imports_total,top_imports_json,has_local_imports,defines_function,defines_class,has_control_flow,uses_testing_module,deps_requirements_txt,deps_setup_py,deps_pipfile,deps_any,triple_backticks_in_code,has_abs_data_path,__source_file
Angelk119/DA2025_Lectures2,974257922,main,2025-04-28T13:51:01Z,0,Mod1/M1L2-Numpy_STUDENT.ipynb,8779b2ea0fda2b86b8667af01509ee19e49bb0cb,7208,https://github.com/Angelk119/DA2025_Lectures2/blob/main/Mod1/M1L2-Numpy_STUDENT.ipynb,True,python3,python,3.12.9,16,7,9,0,7,100.0,True,False,23,30,6,False,False,False,False,False,False,1,"[[""numpy"", 1]]",False,False,False,False,False,False,False,False,False,False,False,notebooks_2025_apr_w4.csv
Angelk119/DA2025_Lectures2,974257922,main,2025-04-28T13:51:01Z,0,Mod2/DataChallenges/Plotly_STUDENT.ipynb,5ecbb011781e8eac2272c8ce592c900e317c20c3,62675,https://github.com/Angelk119/DA2025_Lectures2/blob/main/Mod2/DataChallenges/Plotly_STUDENT.ipynb,True,python3,python,3.12.9,11,5,6,0,5,100.0,True,False,18,24,3,False,False,False,False,False,True,2,"[[""pandas"", 1], [""plotly_express"", 1]]",False,False,False,False,False,False,False,False,False,False,False,notebooks_2025_apr_w4.csv
Angelk119/DA2025_Lectures2,974257922,main,2025-04-28T13:51:01Z,0,Mod2/LiveLab_DataChallenges/Experiment.ipynb,745bb77c80d2b75b0a74503997cc1730481ebcf1,17259,https://github.com/Angelk119/DA2025_Lectures2/blob/main/Mod2/LiveLab_DataChallenges/Experiment.ipynb,True,python3,python,3.12.9,2,2,0,0,2,100.0,True,False,0,2,1,True,True,False,False,False,False,2,"[[""seaborn"", 1], [""pandas"", 1]]",False,False,False,False,False,False,False,False,False,False,False,notebooks_2025_apr_w4.csv
Angelk119/DA2025_Lectures2,974257922,main,2025-04-28T13:51:01Z,0,Mod2/LiveLab_DataChallenges/LiveLab_DataChallenge_MatplotlibSeaborn-STUDENT.ipynb,aaf8a3fc1d20fc782677c34962d8500d829e5bbd,152687,https://github.com/Angelk119/DA2025_Lectures2/blob/main/Mod2/LiveLab_DataChallenges/LiveLab_DataChallenge_MatplotlibSeaborn-STUDENT.ipynb,True,python3,python,3.12.9,3,1,2,0,1,100.0,True,False,0,8,1,True,True,False,False,False,False,3,"[[""matplotlib"", 1], [""seaborn"", 1], [""pandas"", 1]]",False,False,False,False,False,False,False,False,False,False,False,notebooks_2025_apr_w4.csv
Angelk119/DA2025_Lectures2,974257922,main,2025-04-28T13:51:01Z,0,Mod4_StatsReview/StatisticsReview_ANSWERS.ipynb,8818ca5e1b4e1db70b2dd34384f9d097a2298d2a,78699,https://github.com/Angelk119/DA2025_Lectures2/blob/main/Mod4_StatsReview/StatisticsReview_ANSWERS.ipynb,True,learn-env,python,3.12.4,20,10,10,0,10,100.0,True,False,2,25,9,True,True,True,False,False,False,6,"[[""numpy"", 1], [""pandas"", 1], [""scipy"", 1], [""statsmodels"", 1], [""matplotlib"", 1], [""seaborn"", 1]]",False,True,False,False,False,False,False,False,False,False,False,notebooks_2025_apr_w4.csv
Angelk119/DA2025_Lectures2,974257922,main,2025-04-28T13:51:01Z,0,Mod5/CodeAlongs/Mod5L1_CodeAlong_STUDENT.ipynb,a66e70ff99796cf7c028a6a941d0c98b6e81f64b,6020,https://github.com/Angelk119/DA2025_Lectures2/blob/main/Mod5/CodeAlongs/Mod5L1_CodeAlong_STUDENT.ipynb,True,learn-env,python,3.12.4,13,6,7,0,6,100.0,True,False,0,10,1,True,False,True,False,False,False,1,"[[""pandas"", 1]]",False,False,False,False,False,False,False,False,False,False,False,notebooks_2025_apr_w4.csv
Angelk119/DA2025_Lectures2,974257922,main,2025-04-28T13:51:01Z,0,Mod5/DataChallenges/notebooks/Mod5L1_DC1_STUDENT.ipynb,2389116095afd5de4dbbdfadf5667ed843da1b1b,50656,https://github.com/Angelk119/DA2025_Lectures2/blob/main/Mod5/DataChallenges/notebooks/Mod5L1_DC1_STUDENT.ipynb,True,python3,python,3.12.9,21,10,11,0,10,100.0,True,False,12,56,7,True,True,True,False,False,False,2,"[[""pandas"", 1], [""matplotlib"", 1]]",False,True,False,True,False,False,False,False,False,False,False,notebooks_2025_apr_w4.csv
Angelk119/DA2025_Lectures2,974257922,main,2025-04-28T13:51:01Z,0,Mod5/DataChallenges/notebooks/Mod5L2_DC2_STUDENT.ipynb,a7405aa774b4b3c18caf7230043e87ffb0aa8cb2,25573,https://github.com/Angelk119/DA2025_Lectures2/blob/main/Mod5/DataChallenges/notebooks/Mod5L2_DC2_STUDENT.ipynb,True,python3,python,3.12.9,21,7,14,0,7,100.0,True,False,4,11,6,True,False,True,False,False,False,2,"[[""pandas"", 1], [""numpy"", 1]]",False,True,False,True,False,False,False,False,False,False,False,notebooks_2025_apr_w4.csv
Anndischeh/Deep-Learning-for-Image-Analysis-Coursework,945780336,main,2025-03-10T05:39:54Z,0,App.ipynb,b408ea71356861494cd08dbe49062f8766b3fd91,48635,https://github.com/Anndischeh/Deep-Learning-for-Image-Analysis-Coursework/blob/main/App.ipynb,True,python3,python,3.12.9,7,4,3,0,3,75.0,True,False,1,6,4,False,False,False,False,False,False,0,[],False,False,False,False,False,True,False,False,True,False,False,notebooks_2025_mar_w2.csv
Cuonghoangit/GeoMineralInsight,982239600,main,2025-05-12T15:21:53Z,1,notebooks/EDA.ipynb,489e997d683c15a8052da7496f8e53dd5607fa9e,2143595,https://github.com/Cuonghoangit/GeoMineralInsight/blob/main/notebooks/EDA.ipynb,True,python3,python,3.12.0,22,22,0,0,21,95.45454545454545,True,False,1,34,13,True,True,False,False,False,False,17,"[[""rasterio"", 5], [""numpy"", 4], [""pandas"", 2], [""matplotlib"", 2], [""geopandas"", 1], [""shapely"", 1], [""sklearn"", 1], [""scipy"", 1]]",False,True,False,True,False,True,False,False,True,False,False,notebooks_2025_may_w2.csv
DenOfEquity/ersatzForge,970096739,main,2025-04-21T13:15:53Z,17,repositories/BLIP/demo.ipynb,3077a1a42c584f3ef535903f64cf6b3bb722490e,687080,https://github.com/DenOfEquity/ersatzForge/blob/main/repositories/BLIP/demo.ipynb,True,python3,python,3.8.10,11,6,5,0,6,100.0,True,True,7,13,4,True,True,False,False,False,False,9,"[[""models"", 4], [""torchvision"", 2], [""PIL"", 1], [""requests"", 1], [""torch"", 1]]",False,True,False,True,False,True,False,False,True,False,False,notebooks_2025_apr_w3.csv
Dhiraj832/Google-Play-Store-Data-Analytics,962027854,main,2025-04-07T14:36:34Z,0,Internship Work.ipynb,ada3e0c75d447b5b13131d520e0894565d19f9a9,198620,https://github.com/Dhiraj832/Google-Play-Store-Data-Analytics/blob/main/Internship%20Work.ipynb,True,python3,python,3.12.7,47,38,9,0,37,97.36842105263158,True,False,0,88,13,True,False,True,False,False,True,11,"[[""plotly"", 3], [""datetime"", 2], [""pandas"", 1], [""numpy"", 1], [""nltk"", 1], [""webbrowser"", 1], [""os"", 1], [""warnings"", 1]]",False,True,False,True,False,False,False,False,False,False,False,notebooks_2025_apr_w1.csv
ESA99/canopy_height,916065368,main,2025-01-13T11:45:46Z,2,gchm/notebooks/example_loading_pretrained_models.ipynb,b5c20c0ef82ded5cccacc675cb3db2943d8ffc97,13282,https://github.com/ESA99/canopy_height/blob/main/gchm/notebooks/example_loading_pretrained_models.ipynb,True,gchm,python,3.10.9,12,6,6,0,5,83.33333333333334,True,False,0,5,3,False,False,False,False,False,False,1,"[[""gchm"", 1]]",False,False,False,False,False,True,True,False,True,False,False,notebooks_2025_jan_w3.csv
EvanDramko/EvanDramko.github.io,962288532,master,2025-04-07T23:55:02Z,0,markdown_generator/publications.ipynb,fa9c89dec3a6cc9f2347690c04f3357dc13d8e67,14391,https://github.com/EvanDramko/EvanDramko.github.io/blob/master/markdown_generator/publications.ipynb,True,python3,python,3.6.1,15,8,7,0,7,87.5,True,False,0,16,4,True,False,True,False,False,False,2,"[[""pandas"", 1], [""os"", 1]]",False,True,False,True,False,False,False,False,False,False,False,notebooks_2025_apr_w1.csv
EvanDramko/EvanDramko.github.io,962288532,master,2025-04-07T23:55:02Z,0,markdown_generator/talks.ipynb,f7e2347d34f2f3f226a681a4781d66c05160f104,13836,https://github.com/EvanDramko/EvanDramko.github.io/blob/master/markdown_generator/talks.ipynb,True,python3,python,3.6.1,13,7,6,0,7,100.0,True,False,0,7,4,True,False,True,False,False,False,2,"[[""pandas"", 1], [""os"", 1]]",False,True,False,True,False,False,False,False,False,False,False,notebooks_2025_apr_w1.csv
EvanDramko/EvanDramko.github.io,962288532,master,2025-04-07T23:55:02Z,0,talkmap.ipynb,f3aa57cd3b133d79235473f9590d014bedabeb21,4102,https://github.com/EvanDramko/EvanDramko.github.io/blob/master/talkmap.ipynb,True,Python [Root],python,3.5.2,7,6,1,0,5,83.33333333333334,True,False,0,5,3,True,False,False,False,False,False,0,[],False,False,False,True,False,False,False,False,False,False,False,notebooks_2025_apr_w1.csv
FedeGiovannetti/Eco_bici_Ciudad_Universitaria,974464898,main,2025-04-28T20:24:14Z,0,Notebook-prueba.pynb.ipynb,d72acfadfc7c2a13546b45f0b978f3c09dc0f76f,425935,https://github.com/FedeGiovannetti/Eco_bici_Ciudad_Universitaria/blob/main/Notebook-prueba.pynb.ipynb,True,python3,python,3.12.0,37,23,14,0,23,100.0,True,True,234,259,16,True,True,True,False,False,False,6,"[[""seaborn"", 2], [""requests"", 1], [""matplotlib"", 1], [""pandas"", 1], [""datetime"", 1]]",False,False,False,False,False,False,False,False,False,False,False,notebooks_2025_apr_w4.csv
FedeleG/CARMINE-T2.4,941915950,main,2025-03-03T09:14:27Z,1,Barcelona/Scripts/CIL_histo/Cdd.ipynb,22f08cfec7f5cede61c2e4e92b1fb556d5fa4a93,100426,https://github.com/FedeleG/CARMINE-T2.4/blob/main/Barcelona/Scripts/CIL_histo/Cdd.ipynb,True,python3,python,3.11.5,12,12,0,0,11,91.66666666666666,True,True,0,11,2,True,True,True,False,False,False,12,"[[""xarray"", 4], [""xclim"", 1], [""pathlib"", 1], [""os"", 1], [""Barcelona"", 1], [""numpy"", 1], [""geopandas"", 1], [""rioxarray"", 1], [""shapely"", 1]]",False,False,False,False,False,False,False,False,False,False,False,notebooks_2025_mar_w1.csv
FedeleG/CARMINE-T2.4,941915950,main,2025-03-03T09:14:27Z,1,Barcelona/Scripts/CIL_histo/Heatwave_length.ipynb,d53505f39e81e9c465771a636d0eb87195b503a6,129980,https://github.com/FedeleG/CARMINE-T2.4/blob/main/Barcelona/Scripts/CIL_histo/Heatwave_length.ipynb,True,read_zarr_zip,python,3.11.5,13,13,0,0,12,92.3076923076923,True,False,5,17,3,True,True,True,False,False,False,12,"[[""xarray"", 4], [""xclim"", 1], [""pathlib"", 1], [""os"", 1], [""Barcelona"", 1], [""numpy"", 1], [""geopandas"", 1], [""rioxarray"", 1], [""shapely"", 1]]",False,False,False,False,False,False,False,False,False,False,False,notebooks_2025_mar_w1.csv
FedeleG/CARMINE-T2.4,941915950,main,2025-03-03T09:14:27Z,1,Barcelona/Scripts/CIL_histo/SPI3.ipynb,e287bbdf09c2afff1559421ba9f45205d7348bcf,200349,https://github.com/FedeleG/CARMINE-T2.4/blob/main/Barcelona/Scripts/CIL_histo/SPI3.ipynb,True,python3,python,3.11.5,13,13,0,0,12,92.3076923076923,True,False,30,42,4,True,True,True,False,False,False,12,"[[""xarray"", 4], [""xclim"", 1], [""pathlib"", 1], [""os"", 1], [""Barcelona"", 1], [""numpy"", 1], [""geopandas"", 1], [""rioxarray"", 1], [""shapely"", 1]]",False,False,False,False,False,False,False,False,False,False,False,notebooks_2025_mar_w1.csv
FedeleG/CARMINE-T2.4,941915950,main,2025-03-03T09:14:27Z,1,Barcelona/Scripts/CIL_histo/Txx.ipynb,ec0f273f4b3cdc82661416bba55986267c0c232d,182804,https://github.com/FedeleG/CARMINE-T2.4/blob/main/Barcelona/Scripts/CIL_histo/Txx.ipynb,True,read_zarr_zip,python,3.11.5,15,15,0,0,14,93.33333333333333,True,True,13,27,5,True,True,True,False,False,False,12,"[[""xarray"", 4], [""xclim"", 1], [""pathlib"", 1], [""os"", 1], [""Barcelona"", 1], [""numpy"", 1], [""geopandas"", 1], [""rioxarray"", 1], [""shapely"", 1]]",False,False,False,False,False,False,False,False,False,False,False,notebooks_2025_mar_w1.csv
FedeleG/CARMINE-T2.4,941915950,main,2025-03-03T09:14:27Z,1,Barcelona/Scripts/Chelsa_histo/Cdd.ipynb,71cc2b8f5c13e95881808eea4e081f4ed01624e1,226586,https://github.com/FedeleG/CARMINE-T2.4/blob/main/Barcelona/Scripts/Chelsa_histo/Cdd.ipynb,True,python3,python,3.11.5,23,22,1,0,20,90.9090909090909,True,True,11,29,8,True,True,True,False,False,False,8,"[[""xarray"", 2], [""xclim"", 1], [""pathlib"", 1], [""os"", 1], [""Barcelona"", 1], [""numpy"", 1], [""pandas"", 1]]",False,False,False,True,False,False,False,False,False,False,False,notebooks_2025_mar_w1.csv
FedeleG/CARMINE-T2.4,941915950,main,2025-03-03T09:14:27Z,1,Barcelona/Scripts/Chelsa_histo/Heatwave_length.ipynb,ddb53e466e475f282a3ab80873513b8781a632ea,88961,https://github.com/FedeleG/CARMINE-T2.4/blob/main/Barcelona/Scripts/Chelsa_histo/Heatwave_length.ipynb,True,python3,python,3.11.5,15,15,0,0,14,93.33333333333333,True,True,28,42,6,True,True,True,False,False,False,11,"[[""xarray"", 3], [""xclim"", 1], [""pathlib"", 1], [""os"", 1], [""Barcelona"", 1], [""numpy"", 1], [""geopandas"", 1], [""rioxarray"", 1], [""shapely"", 1]]",False,False,False,True,False,False,False,False,False,False,False,notebooks_2025_mar_w1.csv
FedeleG/CARMINE-T2.4,941915950,main,2025-03-03T09:14:27Z,1,Barcelona/Scripts/Chelsa_histo/SPI3.ipynb,f9fce2654bc20ae1dc7e1bec15c28a285b563dab,337943,https://github.com/FedeleG/CARMINE-T2.4/blob/main/Barcelona/Scripts/Chelsa_histo/SPI3.ipynb,True,python3,python,3.11.5,25,25,0,0,19,76.0,True,True,22,42,8,True,True,True,False,False,False,8,"[[""xarray"", 2], [""xclim"", 1], [""pathlib"", 1], [""os"", 1], [""Barcelona"", 1], [""numpy"", 1], [""pandas"", 1]]",False,False,False,True,False,False,False,False,False,False,False,notebooks_2025_mar_w1.csv
FedeleG/CARMINE-T2.4,941915950,main,2025-03-03T09:14:27Z,1,Barcelona/Scripts/Chelsa_histo/Txx.ipynb,9df0f45c8f156bedefd9f53c11832e41f48e80e9,690312,https://github.com/FedeleG/CARMINE-T2.4/blob/main/Barcelona/Scripts/Chelsa_histo/Txx.ipynb,True,python3,python,3.11.5,17,17,0,0,16,94.11764705882352,True,True,15,29,8,True,True,True,False,False,False,11,"[[""xarray"", 3], [""xclim"", 1], [""pathlib"", 1], [""os"", 1], [""Barcelona"", 1], [""numpy"", 1], [""geopandas"", 1], [""rioxarray"", 1], [""shapely"", 1]]",False,False,False,True,False,False,False,False,False,False,False,notebooks_2025_mar_w1.csv
Gayara-Fernando/BPM,1023717021,main,2025-07-21T15:27:23Z,0,0_Prepocessing_density_maps.ipynb,ef5a1f87c6825114e3dc941fcf9ff755776148e7,73227178,https://github.com/Gayara-Fernando/BPM/blob/main/0_Prepocessing_density_maps.ipynb,True,nrdstor_tfp_for_tn,python,3.10.14,559,559,0,0,139,24.86583184257603,True,False,0,139,78,True,True,True,False,False,False,10,"[[""numpy"", 1], [""pandas"", 1], [""matplotlib"", 1], [""os"", 1], [""scipy"", 1], [""xmlbbbb"", 1], [""xml"", 1], [""cv2"", 1], [""warnings"", 1], [""skimage"", 1]]",False,True,False,True,False,False,False,False,False,False,False,notebooks_2025_jul_w3.csv
Gayara-Fernando/BPM,1023717021,main,2025-07-21T15:27:23Z,0,0_Preprocessing_features.ipynb,e97045a5937faaee4785d9261ca399820ec3e145,132227,https://github.com/Gayara-Fernando/BPM/blob/main/0_Preprocessing_features.ipynb,True,tfp_cpu_env,python,3.11.7,79,76,3,0,76,100.0,True,True,25,101,32,True,False,True,False,False,False,5,"[[""tensorflow"", 1], [""numpy"", 1], [""os"", 1], [""pandas"", 1], [""matplotlib"", 1]]",False,True,False,True,False,False,False,False,False,False,False,notebooks_2025_jul_w3.csv
Gayara-Fernando/BPM,1023717021,main,2025-07-21T15:27:23Z,0,0_Preprocessing_join_all_data.ipynb,668ab10a9a245af5aea3725289403fc06a9c4405,36935,https://github.com/Gayara-Fernando/BPM/blob/main/0_Preprocessing_join_all_data.ipynb,True,nrdstor_tfp_for_tn,python,3.10.14,89,89,0,0,89,100.0,True,True,2,86,31,True,False,False,False,False,False,4,"[[""numpy"", 1], [""pandas"", 1], [""os"", 1], [""tensorflow"", 1]]",False,True,False,True,False,False,False,False,False,False,False,notebooks_2025_jul_w3.csv
Gayara-Fernando/BPM,1023717021,main,2025-07-21T15:27:23Z,0,2_Inference_block_0103.ipynb,78ecd9c5585213c73c0a66998b0d95b825a1b3c7,394937,https://github.com/Gayara-Fernando/BPM/blob/main/2_Inference_block_0103.ipynb,True,tfp_cpu_env,python,3.11.7,76,75,1,0,75,100.0,True,True,1,76,38,True,True,True,False,False,False,6,"[[""pandas"", 1], [""numpy"", 1], [""matplotlib"", 1], [""os"", 1], [""sklearn"", 1], [""scipy"", 1]]",False,False,False,True,False,False,False,False,False,False,False,notebooks_2025_jul_w3.csv
Gayara-Fernando/BPM,1023717021,main,2025-07-21T15:27:23Z,0,2_Inference_block_0103_alt.ipynb,9a77c42906b6ddeeb19ef02ca4709b4bb28a0d43,377100,https://github.com/Gayara-Fernando/BPM/blob/main/2_Inference_block_0103_alt.ipynb,True,tfp_cpu_env,python,3.11.7,108,107,1,0,107,100.0,True,False,0,107,50,True,True,True,False,False,False,6,"[[""pandas"", 1], [""numpy"", 1], [""matplotlib"", 1], [""os"", 1], [""sklearn"", 1], [""scipy"", 1]]",False,False,False,True,False,False,False,False,False,False,False,notebooks_2025_jul_w3.csv
Gayara-Fernando/BPM,1023717021,main,2025-07-21T15:27:23Z,0,2_Inference_block_0103_subwindow_level.ipynb,2be8ebca363912d8f2830664707d9afd73de65fd,333614,https://github.com/Gayara-Fernando/BPM/blob/main/2_Inference_block_0103_subwindow_level.ipynb,True,tfp_cpu_env,python,3.11.7,159,158,1,0,158,100.0,True,False,0,158,84,True,True,True,False,False,False,6,"[[""pandas"", 1], [""numpy"", 1], [""matplotlib"", 1], [""os"", 1], [""sklearn"", 1], [""scipy"", 1]]",False,False,False,True,False,False,False,False,False,False,False,notebooks_2025_jul_w3.csv
Gayara-Fernando/BPM,1023717021,main,2025-07-21T15:27:23Z,0,2_Inference_block_0104.ipynb,29ffbd5644a8e66c6f569e35a5d9cfd66ba3f3ba,453410,https://github.com/Gayara-Fernando/BPM/blob/main/2_Inference_block_0104.ipynb,True,tfp_cpu_env,python,3.11.7,76,75,1,0,75,100.0,True,False,0,75,40,True,True,True,False,False,False,6,"[[""pandas"", 1], [""numpy"", 1], [""matplotlib"", 1], [""os"", 1], [""sklearn"", 1], [""scipy"", 1]]",False,False,False,True,False,False,False,False,False,False,False,notebooks_2025_jul_w3.csv
Gayara-Fernando/BPM,1023717021,main,2025-07-21T15:27:23Z,0,2_Inference_block_0104_alt.ipynb,0c4c6ccc34cd49c18f2c62fee7702dbff8bcf1af,415797,https://github.com/Gayara-Fernando/BPM/blob/main/2_Inference_block_0104_alt.ipynb,True,tfp_cpu_env,python,3.11.7,76,75,1,0,75,100.0,True,False,0,75,40,True,True,True,False,False,False,6,"[[""pandas"", 1], [""numpy"", 1], [""matplotlib"", 1], [""os"", 1], [""sklearn"", 1], [""scipy"", 1]]",False,False,False,True,False,False,False,False,False,False,False,notebooks_2025_jul_w3.csv
Gayara-Fernando/BPM,1023717021,main,2025-07-21T15:27:23Z,0,2_Inference_block_0104_subwindow_level.ipynb,8b221642111973400fba34bcfd2f477bc9fa45c3,356579,https://github.com/Gayara-Fernando/BPM/blob/main/2_Inference_block_0104_subwindow_level.ipynb,True,tfp_cpu_env,python,3.11.7,160,159,1,0,159,100.0,True,False,0,159,85,True,True,True,False,False,False,6,"[[""pandas"", 1], [""numpy"", 1], [""matplotlib"", 1], [""os"", 1], [""sklearn"", 1], [""scipy"", 1]]",False,False,False,True,False,False,False,False,False,False,False,notebooks_2025_jul_w3.csv
Gayara-Fernando/BPM,1023717021,main,2025-07-21T15:27:23Z,0,2_Inference_block_0105.ipynb,d8dc6b32b2e7dcf20b90d8669094337e924317cf,447951,https://github.com/Gayara-Fernando/BPM/blob/main/2_Inference_block_0105.ipynb,True,tfp_cpu_env,python,3.11.7,76,75,1,0,75,100.0,True,False,0,75,40,True,True,True,False,False,False,6,"[[""pandas"", 1], [""numpy"", 1], [""matplotlib"", 1], [""os"", 1], [""sklearn"", 1], [""scipy"", 1]]",False,False,False,True,False,False,False,False,False,False,False,notebooks_2025_jul_w3.csv
Jorge-sarcos2002/Logit-model-for-children-s-inassitance-,1036150239,main,2025-08-11T16:21:34Z,0,Determinantes_deserción_LosRíos (2).ipynb,77814c3045d589cb86071f4c81a6a9adfd269bcb,234717,https://github.com/Jorge-sarcos2002/Logit-model-for-children-s-inassitance-/blob/main/Determinantes_deserci%C3%B3n_LosR%C3%ADos%20(2).ipynb,True,conda-base-py,python,3.12.7,48,40,8,0,40,100.0,True,True,80,120,25,True,True,True,False,False,False,21,"[[""sklearn"", 8], [""statsmodels"", 4], [""pandas"", 3], [""matplotlib"", 3], [""numpy"", 2], [""seaborn"", 1]]",False,False,False,False,False,False,False,False,False,False,False,notebooks_2025_aug_w2.csv
KeevinPR/pybnesian_ainguraiiot,958064968,main,2025-03-31T15:30:21Z,1,interactive_learning/ms/node_setting.ipynb,5d9eef37e8878c2e0194d2136db99eb0ed1db036,6814,https://github.com/KeevinPR/pybnesian_ainguraiiot/blob/main/interactive_learning/ms/node_setting.ipynb,True,python3,python,3.12.0,10,10,0,0,10,100.0,True,False,18,28,5,True,False,False,False,False,False,3,"[[""pandas"", 1], [""numpy"", 1], [""pybnesian"", 1]]",False,False,False,True,False,True,True,False,True,False,False,notebooks_2025_mar_w5.csv
Klomgor/mlflow,923038176,master,2025-01-27T14:40:15Z,0,docs/docs/classic-ml/deep-learning/keras/quickstart/quickstart-keras.ipynb,adb7ec2c045abc71fdce85979505e789cb24e6ee,53899,https://github.com/Klomgor/mlflow/blob/master/docs/docs/classic-ml/deep-learning/keras/quickstart/quickstart-keras.ipynb,True,python3,python,3.8.13,22,11,11,0,11,100.0,True,False,0,11,8,True,True,True,False,False,False,5,"[[""os"", 1], [""keras"", 1], [""numpy"", 1], [""mlflow"", 1], [""matplotlib"", 1]]",False,True,True,True,False,True,False,False,True,False,False,notebooks_2025_jan_w5.csv
Klomgor/mlflow,923038176,master,2025-01-27T14:40:15Z,0,docs/docs/classic-ml/deep-learning/pytorch/quickstart/quickstart-pytorch.ipynb,fce9dd8ba427c6fc9ac0e50c2d865df7bdc3afc6,44642,https://github.com/Klomgor/mlflow/blob/master/docs/docs/classic-ml/deep-learning/pytorch/quickstart/quickstart-pytorch.ipynb,True,python3,python,,33,15,18,0,13,86.66666666666667,True,False,2,15,5,True,False,False,False,False,True,8,"[[""torch"", 3], [""torchvision"", 2], [""torchinfo"", 1], [""torchmetrics"", 1], [""mlflow"", 1]]",False,True,True,True,False,True,False,False,True,False,False,notebooks_2025_jan_w5.csv
Klomgor/mlflow,923038176,master,2025-01-27T14:40:15Z,0,docs/docs/classic-ml/deep-learning/sentence-transformers/tutorials/paraphrase-mining/paraphrase-mining-sentence-transformers.ipynb,da3912c6d83688dbd82982aa61c5bf48453f9afa,29403,https://github.com/Klomgor/mlflow/blob/master/docs/docs/classic-ml/deep-learning/sentence-transformers/tutorials/paraphrase-mining/paraphrase-mining-sentence-transformers.ipynb,True,python3,python,3.8.13,16,7,9,0,7,100.0,True,False,0,7,4,True,False,False,False,False,True,7,"[[""mlflow"", 3], [""warnings"", 2], [""pandas"", 1], [""sentence_transformers"", 1]]",False,True,True,True,False,True,False,False,True,False,False,notebooks_2025_jan_w5.csv
Klomgor/mlflow,923038176,master,2025-01-27T14:40:15Z,0,docs/docs/classic-ml/deep-learning/sentence-transformers/tutorials/quickstart/sentence-transformers-quickstart.ipynb,bec6a1d50777c8fb6747b2b0834280d2a90482a4,18989,https://github.com/Klomgor/mlflow/blob/master/docs/docs/classic-ml/deep-learning/sentence-transformers/tutorials/quickstart/sentence-transformers-quickstart.ipynb,True,python3,python,3.8.13,18,8,10,0,8,100.0,True,False,0,8,6,True,False,False,False,False,False,2,"[[""sentence_transformers"", 1], [""mlflow"", 1]]",False,False,False,True,False,True,False,False,True,False,False,notebooks_2025_jan_w5.csv
Klomgor/mlflow,923038176,master,2025-01-27T14:40:15Z,0,docs/docs/classic-ml/deep-learning/sentence-transformers/tutorials/semantic-search/semantic-search-sentence-transformers.ipynb,f9ba92f0586883bef52dcb3ca7ce8a465e0b7ac6,35284,https://github.com/Klomgor/mlflow/blob/master/docs/docs/classic-ml/deep-learning/sentence-transformers/tutorials/semantic-search/semantic-search-sentence-transformers.ipynb,True,python3,python,3.8.13,18,8,10,0,8,100.0,True,False,0,8,5,True,False,False,False,False,True,8,"[[""mlflow"", 3], [""warnings"", 2], [""numpy"", 1], [""pandas"", 1], [""sentence_transformers"", 1]]",False,True,True,True,False,True,False,False,True,False,False,notebooks_2025_jan_w5.csv
Klomgor/mlflow,923038176,master,2025-01-27T14:40:15Z,0,docs/docs/classic-ml/deep-learning/sentence-transformers/tutorials/semantic-similarity/semantic-similarity-sentence-transformers.ipynb,1c7814c4d34cb60deb85bab8ffd62cf56baa3f8d,25757,https://github.com/Klomgor/mlflow/blob/master/docs/docs/classic-ml/deep-learning/sentence-transformers/tutorials/semantic-similarity/semantic-similarity-sentence-transformers.ipynb,True,python3,python,3.8.13,16,7,9,0,7,100.0,True,False,0,7,6,True,False,False,False,False,True,8,"[[""sentence_transformers"", 3], [""mlflow"", 3], [""numpy"", 1], [""pandas"", 1]]",False,True,True,True,False,True,False,False,True,False,False,notebooks_2025_jan_w5.csv
Klomgor/mlflow,923038176,master,2025-01-27T14:40:15Z,0,docs/docs/classic-ml/deep-learning/tensorflow/quickstart/quickstart-tensorflow.ipynb,d2305e1f3bca5146a8ca28e05084219216b98012,51498,https://github.com/Klomgor/mlflow/blob/master/docs/docs/classic-ml/deep-learning/tensorflow/quickstart/quickstart-tensorflow.ipynb,True,python3,python,,31,11,20,0,10,90.9090909090909,True,True,11,22,5,True,False,False,False,False,True,6,"[[""tensorflow"", 2], [""mlflow"", 2], [""tensorflow_datasets"", 1], [""math"", 1]]",False,True,True,True,False,True,False,False,True,False,False,notebooks_2025_jan_w5.csv
Komalbaghel08/python,970101769,master,2025-04-21T13:26:13Z,0,Basics/.ipynb_checkpoints/identifier-checkpoint.ipynb,a7462025bd4d272be32bb36cb2a6465bd2766de7,3053,https://github.com/Komalbaghel08/python/blob/master/Basics/.ipynb_checkpoints/identifier-checkpoint.ipynb,True,python3,python,3.12.7,6,5,0,1,4,80.0,True,False,0,4,4,False,False,False,True,False,False,0,[],False,False,False,False,False,False,False,False,False,False,False,notebooks_2025_apr_w3.csv
LinderCa/NotebooksEstrategias,1002951967,main,2025-06-16T11:52:22Z,0,BreakOut_Indicator.ipynb,b4b40c8b58e7503db45a65cc4d32c4b7a13c3b24,52789,https://github.com/LinderCa/NotebooksEstrategias/blob/main/BreakOut_Indicator.ipynb,True,python3,python,3.12.7,36,28,8,0,2,7.142857142857142,True,False,6,29,5,True,False,True,False,False,True,9,"[[""scipy"", 2], [""pandas"", 1], [""numpy"", 1], [""yfinance"", 1], [""datetime"", 1], [""sklearn"", 1], [""os"", 1], [""backtesting"", 1]]",False,True,True,True,False,False,False,False,False,False,True,notebooks_2025_jun_w3.csv
LinderCa/NotebooksEstrategias,1002951967,main,2025-06-16T11:52:22Z,0,BreakOut_alcista.ipynb,7199748cb12b38bcc83f6965b26abdfce5016e59,46423,https://github.com/LinderCa/NotebooksEstrategias/blob/main/BreakOut_alcista.ipynb,True,conda-base-py,python,3.12.3,35,28,7,0,12,42.857142857142854,True,False,39,54,2,True,False,False,False,False,True,10,"[[""scipy"", 2], [""pandas"", 1], [""numpy"", 1], [""yfinance"", 1], [""talib"", 1], [""datetime"", 1], [""sklearn"", 1], [""os"", 1], [""backtesting"", 1]]",False,True,True,True,False,False,False,False,False,False,True,notebooks_2025_jun_w3.csv
LinderCa/NotebooksEstrategias,1002951967,main,2025-06-16T11:52:22Z,0,CNCF_CaidaNormalCaidaFuerte.ipynb,b976e79008496aef02b647a65b70239ad15cfcb9,60134,https://github.com/LinderCa/NotebooksEstrategias/blob/main/CNCF_CaidaNormalCaidaFuerte.ipynb,True,conda-base-py,python,3.12.7,41,35,6,0,28,80.0,True,False,10,45,6,True,False,True,False,False,True,10,"[[""scipy"", 2], [""pandas"", 1], [""numpy"", 1], [""os"", 1], [""talib"", 1], [""datetime"", 1], [""bokeh"", 1], [""sklearn"", 1], [""backtesting"", 1]]",False,True,True,True,False,False,False,False,False,False,True,notebooks_2025_jun_w3.csv
LinderCa/NotebooksEstrategias,1002951967,main,2025-06-16T11:52:22Z,0,PM40_PromedioMovil40.ipynb,024a9d5b26eaa88772fa6119baf4c3b8e520ebd1,44333,https://github.com/LinderCa/NotebooksEstrategias/blob/main/PM40_PromedioMovil40.ipynb,True,conda-base-py,python,3.12.3,40,32,8,0,26,81.25,True,False,13,58,3,True,False,False,False,False,True,11,"[[""scipy"", 2], [""pandas"", 1], [""numpy"", 1], [""yfinance"", 1], [""talib"", 1], [""os"", 1], [""datetime"", 1], [""bokeh"", 1], [""sklearn"", 1], [""backtesting"", 1]]",False,True,True,True,False,False,False,False,False,False,False,notebooks_2025_jun_w3.csv
LinderCa/NotebooksEstrategias,1002951967,main,2025-06-16T11:52:22Z,0,PrimerGapAlza.ipynb,c9ba2fe90561cf53f6c21cea1e74a3fb889d2c55,44080,https://github.com/LinderCa/NotebooksEstrategias/blob/main/PrimerGapAlza.ipynb,True,conda-base-py,python,3.12.3,31,28,3,0,12,42.857142857142854,True,False,23,42,2,True,False,False,False,False,True,11,"[[""scipy"", 2], [""pandas"", 1], [""numpy"", 1], [""yfinance"", 1], [""talib"", 1], [""datetime"", 1], [""bokeh"", 1], [""sklearn"", 1], [""os"", 1], [""backtesting"", 1]]",False,True,True,True,False,False,False,False,False,False,False,notebooks_2025_jun_w3.csv
LinderCa/NotebooksEstrategias,1002951967,main,2025-06-16T11:52:22Z,0,downLoadDataRealtimeAlpha.ipynb.ipynb_out.ipynb,b7cd7977c0b094304780fddf66e60714bb6412d1,28927,https://github.com/LinderCa/NotebooksEstrategias/blob/main/downLoadDataRealtimeAlpha.ipynb.ipynb_out.ipynb,True,conda-base-py,python,3.10.18,17,14,3,0,8,57.14285714285714,True,False,0,8,3,False,False,False,True,False,False,5,"[[""pandas"", 1], [""numpy"", 1], [""time"", 1], [""os"", 1], [""datetime"", 1]]",False,True,False,True,False,False,False,False,False,False,False,notebooks_2025_jun_w3.csv
LinderCa/NotebooksEstrategias,1002951967,main,2025-06-16T11:52:22Z,0,downloadDataHistYF.ipynb,9ade0dd83e1535b8d0cb3960d2aa74c62c5330d4,7630,https://github.com/LinderCa/NotebooksEstrategias/blob/main/downloadDataHistYF.ipynb,True,conda-base-py,python,3.12.3,10,9,1,0,1,11.11111111111111,True,False,0,8,3,False,False,False,False,False,False,4,"[[""pandas"", 1], [""yfinance"", 1], [""os"", 1], [""datetime"", 1]]",False,False,False,True,False,False,False,False,False,False,True,notebooks_2025_jun_w3.csv
LinderCa/NotebooksEstrategias,1002951967,main,2025-06-16T11:52:22Z,0,downloadDataHistYF.ipynb_out.ipynb,ae9238a03429d60b595d7dc2867a299abecc46af,45639,https://github.com/LinderCa/NotebooksEstrategias/blob/main/downloadDataHistYF.ipynb_out.ipynb,True,conda-base-py,python,3.10.18,10,9,1,0,8,88.88888888888889,True,False,0,8,4,False,False,False,False,False,False,4,"[[""pandas"", 1], [""yfinance"", 1], [""os"", 1], [""datetime"", 1]]",False,False,False,True,False,False,False,False,False,False,True,notebooks_2025_jun_w3.csv
LinderCa/NotebooksEstrategias,1002951967,main,2025-06-16T11:52:22Z,0,pisoFuerte.ipynb,1b993198948e5b8d1bc1f33e11408f0083d84c8a,41862,https://github.com/LinderCa/NotebooksEstrategias/blob/main/pisoFuerte.ipynb,True,conda-base-py,python,3.12.3,40,34,6,0,15,44.11764705882353,True,False,147,178,2,True,False,False,False,False,True,11,"[[""scipy"", 2], [""pandas"", 1], [""numpy"", 1], [""yfinance"", 1], [""talib"", 1], [""datetime"", 1], [""bokeh"", 1], [""sklearn"", 1], [""os"", 1], [""backtesting"", 1]]",False,True,True,True,False,False,False,False,False,False,False,notebooks_2025_jun_w3.csv
Lollith/Python-2DGC-Alignment,954048702,main,2025-03-24T13:39:47Z,0,archives/2-Hexenal.ipynb,d685286c6af5fdb6e66fab6c987021f1aafc1ee9,2195797,https://github.com/Lollith/Python-2DGC-Alignment/blob/main/archives/2-Hexenal.ipynb,True,python3,python,3.8.10,69,59,10,0,57,96.61016949152543,True,True,116,172,38,True,True,False,True,False,False,34,"[[""skimage"", 5], [""plot"", 3], [""scipy"", 3], [""projection"", 2], [""read_chroma"", 2], [""mass_spec"", 2], [""numpy"", 1], [""matplotlib"", 1], [""pyteomics"", 1], [""time"", 1]]",False,True,False,True,False,True,True,False,True,False,False,notebooks_2025_mar_w4.csv
Lollith/Python-2DGC-Alignment,954048702,main,2025-03-24T13:39:47Z,0,archives/Untitled-1.ipynb,251e16c0e2ee2dffa0cf980c292e40c4e81d7e92,1017746,https://github.com/Lollith/Python-2DGC-Alignment/blob/main/archives/Untitled-1.ipynb,True,python3,python,3.8.10,73,60,13,0,56,93.33333333333333,True,True,93,139,39,True,True,False,False,False,False,36,"[[""skimage"", 5], [""plot"", 3], [""scipy"", 3], [""projection"", 2], [""read_chroma"", 2], [""mass_spec"", 2], [""peak_detection"", 2], [""numpy"", 1], [""matplotlib"", 1], [""pyteomics"", 1]]",False,True,False,True,False,True,True,False,True,False,False,notebooks_2025_mar_w4.csv
Lollith/Python-2DGC-Alignment,954048702,main,2025-03-24T13:39:47Z,0,archives/augmentation.ipynb,98f2a25c0aada2ac28b11d41e590a11927b1c09b,1611214,https://github.com/Lollith/Python-2DGC-Alignment/blob/main/archives/augmentation.ipynb,True,python3,python,3.9.13,134,108,26,0,107,99.07407407407408,True,False,0,107,65,True,True,True,False,False,False,21,"[[""sklearn"", 7], [""numpy"", 1], [""matplotlib"", 1], [""read_chroma"", 1], [""plot"", 1], [""peak_detection"", 1], [""projection"", 1], [""peak_simulation"", 1], [""random"", 1], [""utils"", 1]]",False,True,False,True,False,True,True,False,True,False,False,notebooks_2025_mar_w4.csv
Lollith/Python-2DGC-Alignment,954048702,main,2025-03-24T13:39:47Z,0,archives/benchmark_metrics.ipynb,9eee9b3dc5bbae53ec046ccff6429675e0123976,2416990,https://github.com/Lollith/Python-2DGC-Alignment/blob/main/archives/benchmark_metrics.ipynb,True,python3,python,3.8.10,55,47,8,0,47,100.0,True,True,47,93,39,True,True,False,False,False,False,15,"[[""skimage"", 2], [""importlib"", 1], [""json"", 1], [""pandas"", 1], [""projection"", 1], [""read_chroma"", 1], [""numpy"", 1], [""benchmark_metrics"", 1], [""glob"", 1], [""utils"", 1]]",False,True,False,True,False,True,True,False,True,False,False,notebooks_2025_mar_w4.csv
Lollith/Python-2DGC-Alignment,954048702,main,2025-03-24T13:39:47Z,0,archives/cdf.ipynb,9b0cc154cc4747b727ece7f7f75074dc5b8bebfa,429323,https://github.com/Lollith/Python-2DGC-Alignment/blob/main/archives/cdf.ipynb,True,python3,python,3.8.10,27,25,2,0,21,84.0,True,True,58,78,18,True,True,False,False,False,False,16,"[[""importlib"", 2], [""netCDF4"", 1], [""numpy"", 1], [""read_chroma"", 1], [""plot"", 1], [""math"", 1], [""peak_simulation"", 1], [""random"", 1], [""os"", 1], [""traceback"", 1]]",False,False,False,True,False,True,True,False,True,False,False,notebooks_2025_mar_w4.csv
Lollith/Python-2DGC-Alignment,954048702,main,2025-03-24T13:39:47Z,0,archives/centroided_cube.ipynb,aaa8f5283953bea259fc8cb4449070a05f69129f,5893262,https://github.com/Lollith/Python-2DGC-Alignment/blob/main/archives/centroided_cube.ipynb,True,python3,python,3.9.13,23,21,2,0,20,95.23809523809523,True,True,0,18,12,True,True,False,True,False,False,25,"[[""matchms"", 5], [""os"", 2], [""plot"", 2], [""projection"", 2], [""mass_spec"", 2], [""numpy"", 1], [""pyteomics"", 1], [""pyms_nist_search"", 1], [""matplotlib"", 1], [""read_chroma"", 1]]",False,False,False,False,False,True,True,False,True,False,False,notebooks_2025_mar_w4.csv
Lollith/Python-2DGC-Alignment,954048702,main,2025-03-24T13:39:47Z,0,archives/discriminant_pixel.ipynb,55441e60da89b6a139b24d77dabe22fbba2fa6c3,1062563,https://github.com/Lollith/Python-2DGC-Alignment/blob/main/archives/discriminant_pixel.ipynb,True,python3,python,3.8.10,21,18,3,0,18,100.0,True,True,6,25,9,True,True,False,False,False,False,12,"[[""numpy"", 2], [""projection"", 1], [""plot"", 1], [""utils"", 1], [""importlib"", 1], [""os"", 1], [""read_chroma"", 1], [""math"", 1], [""baseline_correction"", 1], [""mass_spec"", 1]]",False,False,False,True,False,True,True,False,True,False,False,notebooks_2025_mar_w4.csv
Lollith/Python-2DGC-Alignment,954048702,main,2025-03-24T13:39:47Z,0,archives/discriminant_pixel_aligned_chroma.ipynb,9c14c7adbe75787c63c59d6c2599d8a88934fb1c,3084114,https://github.com/Lollith/Python-2DGC-Alignment/blob/main/archives/discriminant_pixel_aligned_chroma.ipynb,True,python3,python,3.8.10,71,60,11,0,59,98.33333333333333,True,True,237,286,40,True,True,False,False,False,False,20,"[[""numpy"", 2], [""skimage"", 2], [""projection"", 1], [""plot"", 1], [""utils"", 1], [""importlib"", 1], [""os"", 1], [""read_chroma"", 1], [""math"", 1], [""baseline_correction"", 1]]",False,False,False,True,False,True,True,False,True,False,False,notebooks_2025_mar_w4.csv
Lollith/Python-2DGC-Alignment,954048702,main,2025-03-24T13:39:47Z,0,archives/find_biom.ipynb,af478cb39be63765477ceaea7befa3e9ca124b91,3505192,https://github.com/Lollith/Python-2DGC-Alignment/blob/main/archives/find_biom.ipynb,True,python3,python,3.8.10,55,44,11,0,41,93.18181818181817,True,True,96,135,30,True,True,True,False,False,False,22,"[[""sklearn"", 9], [""numpy"", 3], [""pandas"", 2], [""matplotlib"", 2], [""find_biom"", 1], [""os"", 1], [""csv"", 1], [""scipy"", 1], [""math"", 1], [""shap"", 1]]",False,False,False,True,False,True,True,False,True,False,False,notebooks_2025_mar_w4.csv
Lottotpk/graphRAG_multimodal,990547446,main,2025-05-26T09:27:38Z,1,llama_tutorial.ipynb,a3ea88c6888a512705c71e45ad884e6bc68db1e1,286085,https://github.com/Lottotpk/graphRAG_multimodal/blob/main/llama_tutorial.ipynb,True,python3,python,3.12.9,8,8,0,0,7,87.5,True,True,4,11,5,True,True,False,False,False,False,21,"[[""llama_index"", 13], [""os"", 2], [""asyncio"", 1], [""pathlib"", 1], [""pydantic"", 1], [""PIL"", 1], [""matplotlib"", 1], [""qdrant_client"", 1]]",False,True,True,True,False,True,False,False,True,False,False,notebooks_2025_may_w4.csv
MIldredDelgado/IA_EXPL,950094617,main,2025-03-17T16:12:02Z,2,ClaseFIN2/miPrimerColab.ipynb,c52549d538a5715b54b4479a69d5d64423806b7a,25221,https://github.com/MIldredDelgado/IA_EXPL/blob/main/ClaseFIN2/miPrimerColab.ipynb,True,python3,python,,36,32,4,0,1,3.125,True,False,0,8,29,True,False,False,False,False,False,0,[],False,True,False,True,False,True,False,False,True,False,False,notebooks_2025_mar_w3.csv
MIldredDelgado/IA_EXPL,950094617,main,2025-03-17T16:12:02Z,2,ClaseFIN2/programa.ipynb,8654e1b1b39991213760d51ee09490740c932dd3,19341,https://github.com/MIldredDelgado/IA_EXPL/blob/main/ClaseFIN2/programa.ipynb,True,python3,python,3.12.9,50,27,23,0,24,88.88888888888889,True,True,26,48,24,True,False,False,True,False,False,0,[],False,False,False,True,False,True,False,False,True,False,False,notebooks_2025_mar_w3.csv
MIldredDelgado/IA_EXPL,950094617,main,2025-03-17T16:12:02Z,2,claseFIN3/.ipynb_checkpoints/ProcesamientoData-checkpoint.ipynb,6d45ba427cbdbfaf3ccedcb77aa31f6f11341613,10461929,https://github.com/MIldredDelgado/IA_EXPL/blob/main/claseFIN3/.ipynb_checkpoints/ProcesamientoData-checkpoint.ipynb,True,python3,python,3.12.9,68,52,16,0,51,98.07692307692307,True,True,47,99,46,True,True,True,False,False,True,6,"[[""pandas"", 1], [""numpy"", 1], [""plotly"", 1], [""matplotlib"", 1], [""seaborn"", 1], [""scipy"", 1]]",False,False,False,True,False,True,False,False,True,False,True,notebooks_2025_mar_w3.csv
MIldredDelgado/IA_EXPL,950094617,main,2025-03-17T16:12:02Z,2,claseFIN3/ProcesamientoData.ipynb,5bc0fbf9029e1103b1af69f77196632be575fc23,10458200,https://github.com/MIldredDelgado/IA_EXPL/blob/main/claseFIN3/ProcesamientoData.ipynb,True,python3,python,3.12.9,67,51,16,0,50,98.0392156862745,True,True,48,99,45,True,True,True,False,False,True,6,"[[""pandas"", 1], [""numpy"", 1], [""plotly"", 1], [""matplotlib"", 1], [""seaborn"", 1], [""scipy"", 1]]",False,False,False,True,False,True,False,False,True,False,True,notebooks_2025_mar_w3.csv
MIldredDelgado/IA_EXPL,950094617,main,2025-03-17T16:12:02Z,2,claseFIN3/introPandas.ipynb,6b5a88a6b1c0fb34b6c631764452a4f64647f2fc,229951,https://github.com/MIldredDelgado/IA_EXPL/blob/main/claseFIN3/introPandas.ipynb,True,python3,python,3.12.9,47,40,7,0,38,95.0,True,True,49,83,34,True,False,True,False,False,False,4,"[[""pandas"", 2], [""kagglehub"", 1], [""numpy"", 1]]",False,False,False,False,False,True,False,False,True,False,True,notebooks_2025_mar_w3.csv
MIldredDelgado/IA_EXPL,950094617,main,2025-03-17T16:12:02Z,2,claseFIN4/.ipynb_checkpoints/MiPrimerModelo_Version1-checkpoint.ipynb,511fdc70a15cbdf00de4cdf3d48663496b9a23c5,11005084,https://github.com/MIldredDelgado/IA_EXPL/blob/main/claseFIN4/.ipynb_checkpoints/MiPrimerModelo_Version1-checkpoint.ipynb,True,python3,python,3.12.9,134,90,44,0,88,97.77777777777777,True,True,254,343,78,True,True,True,False,False,True,9,"[[""sklearn"", 3], [""pandas"", 1], [""numpy"", 1], [""plotly"", 1], [""matplotlib"", 1], [""seaborn"", 1], [""scipy"", 1]]",False,False,False,True,False,True,False,False,True,False,True,notebooks_2025_mar_w3.csv
MIldredDelgado/IA_EXPL,950094617,main,2025-03-17T16:12:02Z,2,claseFIN4/.ipynb_checkpoints/MiPrimerModelo_version2-checkpoint.ipynb,b4bad435f60a6e2a47d7f826257211d4c60954fd,12057773,https://github.com/MIldredDelgado/IA_EXPL/blob/main/claseFIN4/.ipynb_checkpoints/MiPrimerModelo_version2-checkpoint.ipynb,True,python3,python,3.12.9,141,95,46,0,93,97.89473684210527,True,True,249,343,83,True,True,True,False,False,True,9,"[[""sklearn"", 3], [""pandas"", 1], [""numpy"", 1], [""plotly"", 1], [""matplotlib"", 1], [""seaborn"", 1], [""scipy"", 1]]",False,False,False,True,False,True,False,False,True,False,True,notebooks_2025_mar_w3.csv
MIldredDelgado/IA_EXPL,950094617,main,2025-03-17T16:12:02Z,2,claseFIN4/.ipynb_checkpoints/Notebook_RegresionLineal-checkpoint.ipynb,c3ec456a4ed8841eda74fa44557df32c9926f5b9,213020,https://github.com/MIldredDelgado/IA_EXPL/blob/main/claseFIN4/.ipynb_checkpoints/Notebook_RegresionLineal-checkpoint.ipynb,True,python3,python,,1,1,0,0,1,100.0,True,False,0,7,1,True,True,False,False,False,False,7,"[[""sklearn"", 3], [""pandas"", 1], [""numpy"", 1], [""matplotlib"", 1], [""seaborn"", 1]]",False,False,False,False,False,True,False,False,True,False,False,notebooks_2025_mar_w3.csv
MIldredDelgado/IA_EXPL,950094617,main,2025-03-17T16:12:02Z,2,claseFIN4/MasModelos.ipynb,c8c5362b825a62e049d37f047e1c373d3ab2bd0a,11954,https://github.com/MIldredDelgado/IA_EXPL/blob/main/claseFIN4/MasModelos.ipynb,True,python3,python,3.12.9,16,8,8,0,8,100.0,True,False,7,17,6,True,False,False,False,False,False,7,"[[""sklearn"", 4], [""pandas"", 1], [""numpy"", 1], [""google"", 1]]",False,False,False,False,False,True,False,False,True,False,False,notebooks_2025_mar_w3.csv
MaxiproDP/DS_Modules,1019496354,main,2025-07-14T12:16:50Z,1,Module 13/HW_01_Bank_analysys.ipynb,5871fa47e9de5def8e101b19bc4a2d3d01200d9b,1437045,https://github.com/MaxiproDP/DS_Modules/blob/main/Module%2013/HW_01_Bank_analysys.ipynb,True,python3,python,3.10.11,71,25,46,0,25,100.0,True,False,0,25,12,True,True,True,False,False,True,6,"[[""matplotlib"", 2], [""plotly"", 2], [""pandas"", 1], [""seaborn"", 1]]",False,True,False,True,False,True,False,False,True,False,False,notebooks_2025_jul_w2.csv
MaxiproDP/DS_Modules,1019496354,main,2025-07-14T12:16:50Z,1,Module 8/game.ipynb,e6f9af54e24481a6f2bf88f31dce48abbc9eb37e,7303,https://github.com/MaxiproDP/DS_Modules/blob/main/Module%208/game.ipynb,True,python3,python,3.10.11,11,3,8,0,3,100.0,True,False,0,26,1,False,False,False,False,False,False,1,"[[""numpy"", 1]]",False,True,False,True,False,True,False,False,True,False,False,notebooks_2025_jul_w2.csv
MaxiproDP/DS_Modules,1019496354,main,2025-07-14T12:16:50Z,1,Project_01/Project-1.Анализ вакансий HeadHunter.ipynb,0f4e48651c096bc248a845442cbe29cf17671db7,597786,https://github.com/MaxiproDP/DS_Modules/blob/main/Project_01/Project-1.%D0%90%D0%BD%D0%B0%D0%BB%D0%B8%D0%B7%20%D0%B2%D0%B0%D0%BA%D0%B0%D0%BD%D1%81%D0%B8%D0%B9%20HeadHunter.ipynb,True,python3,python,3.10.11,86,33,53,0,32,96.96969696969697,True,False,1,403,28,True,True,True,False,False,False,5,"[[""pandas"", 1], [""numpy"", 1], [""matplotlib"", 1], [""seaborn"", 1], [""plotly"", 1]]",False,True,False,True,False,True,False,False,True,False,False,notebooks_2025_jul_w2.csv
MicheleSimo/Collection_for_my_progress,923014005,main,2025-01-27T13:53:22Z,0,EDA_ML_CustomerChurnPrediction.ipynb,06dbc506a80a4dd528abb07a1804975cc1236b15,1002534,https://github.com/MicheleSimo/Collection_for_my_progress/blob/main/EDA_ML_CustomerChurnPrediction.ipynb,True,python3,python,,16,14,2,0,14,100.0,True,False,0,137,12,True,True,True,False,False,True,12,"[[""sklearn"", 4], [""pandas"", 3], [""matplotlib"", 2], [""seaborn"", 2], [""xgboost"", 1]]",False,False,False,False,False,False,False,False,False,False,False,notebooks_2025_jan_w5.csv
MicheleSimo/Collection_for_my_progress,923014005,main,2025-01-27T13:53:22Z,0,EDA_su_veicoli.ipynb,f94dc5423b17ae72b5f3cc30b4857f3da52c7f5c,247098,https://github.com/MicheleSimo/Collection_for_my_progress/blob/main/EDA_su_veicoli.ipynb,True,python3,python,,11,5,6,0,5,100.0,True,False,1,6,4,True,True,False,False,False,False,8,"[[""sklearn"", 5], [""pandas"", 1], [""seaborn"", 1], [""matplotlib"", 1]]",False,False,False,True,False,False,False,False,False,False,False,notebooks_2025_jan_w5.csv
Mpkosh/network_hybrid_33,1019578350,main,2025-07-14T14:43:31Z,0,apply_and_see-Copy1.ipynb,95589550b2554eaffe844fd7da92e323d0d0225b,613102,https://github.com/Mpkosh/network_hybrid_33/blob/main/apply_and_see-Copy1.ipynb,True,conda-env-abm_seir-py,python,3.11.11,78,76,2,0,55,72.36842105263158,True,True,125,168,46,True,True,True,False,False,False,1,"[[""joblib"", 1]]",False,True,False,True,False,False,False,False,False,False,False,notebooks_2025_jul_w2.csv
Mpkosh/network_hybrid_33,1019578350,main,2025-07-14T14:43:31Z,0,arima.ipynb,997b20f6e0d6c63b4c7c064c5776c1eef7e8bbce,1155784,https://github.com/Mpkosh/network_hybrid_33/blob/main/arima.ipynb,True,conda-env-abm_seir-py,python,3.11.11,118,116,2,0,67,57.758620689655174,True,True,339,406,57,True,True,True,False,True,False,2,"[[""statsmodels"", 1], [""joblib"", 1]]",False,True,False,True,False,False,False,False,False,False,False,notebooks_2025_jul_w2.csv
Mpkosh/network_hybrid_33,1019578350,main,2025-07-14T14:43:31Z,0,betas.ipynb,cb047f12731dc19d60ef48121565bca3a6761670,810992,https://github.com/Mpkosh/network_hybrid_33/blob/main/betas.ipynb,True,conda-env-abm_seir-py,python,3.11.11,29,28,1,0,21,75.0,True,True,85,106,20,True,True,True,False,False,False,0,[],False,False,False,True,False,False,False,False,False,False,False,notebooks_2025_jul_w2.csv
Mpkosh/network_hybrid_33,1019578350,main,2025-07-14T14:43:31Z,0,boxplots_and_peaks.ipynb,56c1351932f9c7344740034db754c4713e13f6ed,6696477,https://github.com/Mpkosh/network_hybrid_33/blob/main/boxplots_and_peaks.ipynb,True,conda-env-abm_seir-py,python,3.11.11,162,159,3,0,114,71.69811320754717,True,True,321,413,105,True,True,True,True,False,False,3,"[[""scipy"", 1], [""numpy"", 1], [""seaborn"", 1]]",False,True,False,True,False,False,False,False,False,False,False,notebooks_2025_jul_w2.csv
Mpkosh/network_hybrid_33,1019578350,main,2025-07-14T14:43:31Z,0,check.ipynb,3c6aca4f570c4221bbf15b39b5b638d4636a43a6,72454,https://github.com/Mpkosh/network_hybrid_33/blob/main/check.ipynb,True,conda-env-abm_seir-py,python,3.11.11,10,10,0,0,7,70.0,True,False,14,29,4,True,True,True,False,False,False,9,"[[""matplotlib"", 2], [""numpy"", 1], [""pandas"", 1], [""random"", 1], [""os"", 1], [""glob"", 1], [""EoN"", 1], [""networkx"", 1]]",False,True,False,True,False,False,False,False,False,False,False,notebooks_2025_jul_w2.csv
Mpkosh/network_hybrid_33,1019578350,main,2025-07-14T14:43:31Z,0,compare_old_new_networks_sarimax.ipynb,334d253b4b4f4c61dea7649cad2dcddbbdf791e4,2053219,https://github.com/Mpkosh/network_hybrid_33/blob/main/compare_old_new_networks_sarimax.ipynb,True,conda-env-abm_seir-py,python,3.11.11,115,113,2,0,65,57.52212389380531,True,True,200,249,58,True,True,True,False,False,False,1,"[[""statsmodels"", 1]]",False,True,False,True,False,False,False,False,False,False,False,notebooks_2025_jul_w2.csv
NewYorkCityCouncil/vision-zero-final,1011240441,main,2025-06-30T14:09:44Z,0,code/01_clean_lion_dataset.ipynb,50df337b73555e058b480e9127cf9c7d6a4031b6,44278,https://github.com/NewYorkCityCouncil/vision-zero-final/blob/main/code/01_clean_lion_dataset.ipynb,True,python3,python,3.9.17,10,10,0,0,10,100.0,True,True,40,51,3,True,False,True,False,False,False,5,"[[""pandas"", 1], [""numpy"", 1], [""geopandas"", 1], [""copy"", 1], [""shapely"", 1]]",False,True,False,True,False,False,False,False,False,False,False,notebooks_2025_jun_w5.csv
NewYorkCityCouncil/vision-zero-final,1011240441,main,2025-06-30T14:09:44Z,0,code/02_clean_node_dataset.ipynb,2644fd17417d570e482a656f9fff403fd91f3df8,41148889,https://github.com/NewYorkCityCouncil/vision-zero-final/blob/main/code/02_clean_node_dataset.ipynb,True,python3,python,3.9.17,16,16,0,0,16,100.0,True,True,32,49,8,True,False,True,False,False,False,4,"[[""pandas"", 1], [""numpy"", 1], [""geopandas"", 1], [""shapely"", 1]]",False,False,False,False,False,False,False,False,False,False,False,notebooks_2025_jun_w5.csv
NewYorkCityCouncil/vision-zero-final,1011240441,main,2025-06-30T14:09:44Z,0,code/03_add_collisions.ipynb,68ba46c854aeb4580dd54cc9dcaf749abcb6625b,890942,https://github.com/NewYorkCityCouncil/vision-zero-final/blob/main/code/03_add_collisions.ipynb,True,python3,python,3.9.17,17,17,0,0,17,100.0,True,True,2,258,7,True,True,True,False,False,False,4,"[[""shapely"", 2], [""pandas"", 1], [""geopandas"", 1]]",False,False,False,False,False,False,False,False,False,False,False,notebooks_2025_jun_w5.csv
NewYorkCityCouncil/vision-zero-final,1011240441,main,2025-06-30T14:09:44Z,0,code/04_build_vz_table.ipynb,a2a23162944f0970b8efe726ffccf2013e793d0f,9550,https://github.com/NewYorkCityCouncil/vision-zero-final/blob/main/code/04_build_vz_table.ipynb,True,python3,python,3.9.17,8,8,0,0,7,87.5,True,False,19,26,2,True,False,True,False,False,False,5,"[[""geopandas"", 2], [""pandas"", 1], [""shapely"", 1], [""itertools"", 1]]",False,False,False,False,False,False,False,False,False,False,False,notebooks_2025_jun_w5.csv
NewYorkCityCouncil/vision-zero-final,1011240441,main,2025-06-30T14:09:44Z,0,code/05_add_interventions.ipynb,53ba8ad08e5379465ebfd38470893154db16da41,81286340,https://github.com/NewYorkCityCouncil/vision-zero-final/blob/main/code/05_add_interventions.ipynb,True,python3,python,3.11.13,99,78,21,0,71,91.02564102564102,True,True,36,95,41,True,False,True,True,False,False,11,"[[""shapely"", 3], [""pandas"", 2], [""geopandas"", 2], [""folium"", 2], [""numpy"", 1], [""copy"", 1]]",False,True,False,True,False,False,False,False,False,False,False,notebooks_2025_jun_w5.csv
NewYorkCityCouncil/vision-zero-final,1011240441,main,2025-06-30T14:09:44Z,0,code/06_add_controls.ipynb,2daa24fd05ab48eef8665a34660a963f055465a9,90601,https://github.com/NewYorkCityCouncil/vision-zero-final/blob/main/code/06_add_controls.ipynb,True,python3,python,3.11.13,27,17,10,0,17,100.0,True,False,0,17,2,True,True,False,False,False,False,6,"[[""geopandas"", 2], [""pandas"", 1], [""sklearn"", 1], [""numpy"", 1], [""shapely"", 1]]",False,False,False,False,False,False,False,False,False,False,False,notebooks_2025_jun_w5.csv
NewYorkCityCouncil/vision-zero-final,1011240441,main,2025-06-30T14:09:44Z,0,code/07_prep_dataset_for_analysis.ipynb,63846572a65e26a651279a9023966834bfa55d7d,90769,https://github.com/NewYorkCityCouncil/vision-zero-final/blob/main/code/07_prep_dataset_for_analysis.ipynb,True,python3,python,3.11.13,28,25,3,0,24,96.0,True,True,114,135,12,True,False,True,False,False,True,8,"[[""pandas"", 3], [""numpy"", 3], [""geopandas"", 1], [""shapely"", 1]]",False,False,False,True,False,False,False,False,False,False,True,notebooks_2025_jun_w5.csv
NewYorkCityCouncil/vision-zero-final,1011240441,main,2025-06-30T14:09:44Z,0,code/08_eda.ipynb,62e917d75aaad94a92b7651c94a3d883643abac6,824052,https://github.com/NewYorkCityCouncil/vision-zero-final/blob/main/code/08_eda.ipynb,True,python3,python,3.13.5,29,29,0,0,28,96.55172413793103,True,False,0,28,26,True,True,True,False,False,True,9,"[[""matplotlib"", 2], [""statsmodels"", 2], [""pandas"", 1], [""numpy"", 1], [""seaborn"", 1], [""geopandas"", 1], [""shapely"", 1]]",False,False,False,True,False,False,False,False,False,False,False,notebooks_2025_jun_w5.csv
NewYorkCityCouncil/vision-zero-final,1011240441,main,2025-06-30T14:09:44Z,0,code/11_final_dataset_with_geometries.ipynb,24abcd45fcade826c4b2721f418e7a1e2ab3f052,100671395,https://github.com/NewYorkCityCouncil/vision-zero-final/blob/main/code/11_final_dataset_with_geometries.ipynb,True,python3,python,3.11.13,8,8,0,0,8,100.0,True,False,0,8,6,True,False,True,False,False,True,4,"[[""pandas"", 1], [""geopandas"", 1], [""shapely"", 1], [""folium"", 1]]",False,False,False,False,False,False,False,False,False,False,False,notebooks_2025_jun_w5.csv
NicolasCaronPro/Localized-Forest-Fire-Risk-Prediction-ADepartment-Aware-Approach-for-Operational-DecisionSupport,990806194,main,2025-05-26T17:02:01Z,0,Database/Features/GEEExportData.ipynb,339ac81614d2c0a9b553f7f0e2cf1884c335fd99,22588863,https://github.com/NicolasCaronPro/Localized-Forest-Fire-Risk-Prediction-ADepartment-Aware-Approach-for-Operational-DecisionSupport/blob/main/Database/Features/GEEExportData.ipynb,True,python3,python,3.10.12,4,4,0,0,2,50.0,True,False,0,3,3,True,True,True,False,False,False,17,"[[""geopandas"", 3], [""shapely"", 3], [""ee"", 2], [""folium"", 2], [""time"", 2], [""datetime"", 2], [""pathlib"", 1], [""pandas"", 1], [""json"", 1]]",False,True,False,True,False,True,False,False,True,False,False,notebooks_2025_may_w4.csv
NicolasCaronPro/Localized-Forest-Fire-Risk-Prediction-ADepartment-Aware-Approach-for-Operational-DecisionSupport,990806194,main,2025-05-26T17:02:01Z,0,Database/Features/check_datacube.ipynb,a4d274b9f4266aaba9e239b0a2e6de4bc2401938,2887,https://github.com/NicolasCaronPro/Localized-Forest-Fire-Risk-Prediction-ADepartment-Aware-Approach-for-Operational-DecisionSupport/blob/main/Database/Features/check_datacube.ipynb,True,python3,python,3.9.18,3,3,0,0,3,100.0,True,True,4,7,2,False,False,False,True,False,False,2,"[[""tools"", 1], [""matplotlib"", 1]]",False,False,False,False,False,True,False,False,True,False,False,notebooks_2025_may_w4.csv
NicolasCaronPro/Localized-Forest-Fire-Risk-Prediction-ADepartment-Aware-Approach-for-Operational-DecisionSupport,990806194,main,2025-05-26T17:02:01Z,0,Database/Targets/check_datacube.ipynb,a7f35ab389776234f576b1fb0019580191d07f20,61256,https://github.com/NicolasCaronPro/Localized-Forest-Fire-Risk-Prediction-ADepartment-Aware-Approach-for-Operational-DecisionSupport/blob/main/Database/Targets/check_datacube.ipynb,True,python3,python,3.9.18,3,3,0,0,3,100.0,True,True,3,6,2,True,True,True,False,False,False,2,"[[""tools_functions"", 1], [""matplotlib"", 1]]",False,False,False,False,False,True,False,False,True,False,False,notebooks_2025_may_w4.csv
NicolasCaronPro/Localized-Forest-Fire-Risk-Prediction-ADepartment-Aware-Approach-for-Operational-DecisionSupport,990806194,main,2025-05-26T17:02:01Z,0,Database/Targets/locate_cities.ipynb,99ee8b0dd26850e92d1ea1ad9f46fb178b9fa251,1195140,https://github.com/NicolasCaronPro/Localized-Forest-Fire-Risk-Prediction-ADepartment-Aware-Approach-for-Operational-DecisionSupport/blob/main/Database/Targets/locate_cities.ipynb,True,python3,python,3.9.18,14,14,0,0,10,71.42857142857143,True,False,22,32,7,True,True,True,True,False,False,11,"[[""pandas"", 2], [""shapely"", 2], [""geopandas"", 2], [""geopy"", 1], [""numpy"", 1], [""matplotlib"", 1], [""os"", 1], [""math"", 1]]",False,True,False,True,False,True,False,False,True,False,False,notebooks_2025_may_w4.csv
OpenPipe/ART,946178371,main,2025-03-10T18:25:47Z,7449,dev/art-e/art_e/evaluate/display_benchmarks.ipynb,3820b24f6937dfd8e1862252c6e650c6fa0aafce,225451,https://github.com/OpenPipe/ART/blob/main/dev/art-e/art_e/evaluate/display_benchmarks.ipynb,True,python3,python,3.10.13,3,3,0,0,3,100.0,True,False,1,4,2,True,True,False,False,False,False,10,"[[""art"", 6], [""importlib"", 1], [""os"", 1], [""polars"", 1], [""dotenv"", 1]]",False,False,False,True,False,False,True,False,True,False,False,notebooks_2025_mar_w2.csv
OpenPipe/ART,946178371,main,2025-03-10T18:25:47Z,7449,dev/yes-no-maybe.ipynb,b18d8326502ba39a678219524fa90fbcbca05017,4510,https://github.com/OpenPipe/ART/blob/main/dev/yes-no-maybe.ipynb,True,python3,python,3.10.18,3,3,0,0,2,66.66666666666666,True,False,0,2,1,True,False,True,False,False,False,5,"[[""art"", 2], [""itertools"", 1], [""openai"", 1], [""dotenv"", 1]]",False,True,False,True,False,False,True,False,True,False,False,notebooks_2025_mar_w2.csv
OpenPipe/ART,946178371,main,2025-03-10T18:25:47Z,7449,examples/2048/display_benchmarks.ipynb,6fe9d55b50effe132a5a36c2753079bb74eb664a,251021,https://github.com/OpenPipe/ART/blob/main/examples/2048/display_benchmarks.ipynb,True,python3,python,3.10.13,3,3,0,0,3,100.0,True,False,0,11,2,True,True,False,False,False,False,9,"[[""art"", 6], [""importlib"", 1], [""os"", 1], [""dotenv"", 1]]",False,False,False,True,False,False,True,False,True,False,False,notebooks_2025_mar_w2.csv
PHilIp36565/AvXyAzzqY,945707646,main,2025-03-10T02:02:55Z,0,I8xZiF/WwPWzF/kINf/oRJVz/experiential-learning_93E7Du_1747864657.data.ipynb,fcb3a237353495bd6da07948638b3a7b69b385e5,46157,https://github.com/PHilIp36565/AvXyAzzqY/blob/main/I8xZiF/WwPWzF/kINf/oRJVz/experiential-learning_93E7Du_1747864657.data.ipynb,True,python3,python,,13,10,3,0,9,90.0,True,False,37,46,5,False,False,False,False,False,False,6,"[[""torch"", 3], [""torchvision"", 1], [""numpy"", 1], [""scipy"", 1]]",False,True,True,True,False,False,False,False,False,False,False,notebooks_2025_mar_w2.csv
Robotics-STAR-Lab/DynamicPose,1002876164,master,2025-06-16T09:25:36Z,33,object_pose_estimator/include/segment-anything-2-real-time/notebooks/automatic_mask_generator_example.ipynb,1cd7eb5a57002acb694cbf55e2c9b1cdb9a2a3ab,7904976,https://github.com/Robotics-STAR-Lab/DynamicPose/blob/master/object_pose_estimator/include/segment-anything-2-real-time/notebooks/automatic_mask_generator_example.ipynb,True,python3,python,3.10.14,25,12,13,0,11,91.66666666666666,True,False,3,14,5,True,True,False,True,False,False,7,"[[""sam2"", 2], [""numpy"", 1], [""torch"", 1], [""matplotlib"", 1], [""PIL"", 1], [""cv2"", 1]]",False,True,False,True,False,True,True,False,True,False,False,notebooks_2025_jun_w3.csv
SWauthier/zennit-crp,1036077483,master,2025-08-11T14:21:37Z,0,tutorials/attributions.ipynb,1e2a571d8ec7485d238852cd4f3003d30e0c5235,724880,https://github.com/SWauthier/zennit-crp/blob/master/tutorials/attributions.ipynb,True,python3,python,3.8.12,69,27,42,0,27,100.0,True,False,5,32,20,True,True,False,False,False,False,15,"[[""crp"", 8], [""torch"", 2], [""torchvision"", 2], [""zennit"", 2], [""PIL"", 1]]",False,True,False,True,False,False,True,False,True,False,True,notebooks_2025_aug_w2.csv
SWauthier/zennit-crp,1036077483,master,2025-08-11T14:21:37Z,0,tutorials/feature_visualization.ipynb,50a5acae53cfbe79fd418f8553468c40efb3c3a8,3470391,https://github.com/SWauthier/zennit-crp/blob/master/tutorials/feature_visualization.ipynb,True,python3,python,3.8.12,38,14,24,0,14,100.0,True,True,21,35,11,True,True,False,False,False,False,16,"[[""crp"", 7], [""torchvision"", 3], [""zennit"", 2], [""torch"", 1], [""PIL"", 1], [""tutorials"", 1], [""numpy"", 1]]",False,False,False,True,False,False,True,False,True,False,False,notebooks_2025_aug_w2.csv
Sharp-4rth/temporal_belief_analysis,998989717,main,2025-06-09T15:09:42Z,0,notebooks/02_stance_detection_pretrained.ipynb,484dcab899f74254d5a59ac2620f2cd9cefe98cc,61088,https://github.com/Sharp-4rth/temporal_belief_analysis/blob/main/notebooks/02_stance_detection_pretrained.ipynb,True,python3,python,3.10.12,15,15,0,0,7,46.666666666666664,True,True,14,24,3,False,False,False,True,False,False,14,"[[""temporal_belief"", 4], [""convokit"", 2], [""sys"", 1], [""os"", 1], [""zipfile"", 1], [""re"", 1], [""numpy"", 1], [""logging"", 1], [""typing"", 1], [""tqdm"", 1]]",False,True,True,True,False,True,True,False,True,False,False,notebooks_2025_jun_w2.csv
Sharp-4rth/temporal_belief_analysis,998989717,main,2025-06-09T15:09:42Z,0,notebooks/03_timeline_building.ipynb,06df3f0d0e6a3adb253f3650cd1ccab5d13aa9c5,27026,https://github.com/Sharp-4rth/temporal_belief_analysis/blob/main/notebooks/03_timeline_building.ipynb,True,python3,python,2.7.6,15,14,1,0,13,92.85714285714286,True,True,25,38,9,True,False,False,True,False,False,5,"[[""convokit"", 2], [""typing"", 1], [""collections"", 1], [""logging"", 1]]",False,True,True,True,False,True,True,False,True,False,False,notebooks_2025_jun_w2.csv
Sharp-4rth/temporal_belief_analysis,998989717,main,2025-06-09T15:09:42Z,0,notebooks/04_change_detection.ipynb,5f70645476bcd952cb5106706ea568db843679f8,43408,https://github.com/Sharp-4rth/temporal_belief_analysis/blob/main/notebooks/04_change_detection.ipynb,True,python3,python,2.7.6,33,33,0,0,10,30.303030303030305,True,True,40,50,13,False,False,False,False,False,False,12,"[[""convokit"", 2], [""zipfile"", 1], [""sys"", 1], [""os"", 1], [""temporal_belief"", 1], [""temporal_belief_analysis"", 1], [""numpy"", 1], [""scipy"", 1], [""statsmodels"", 1], [""collections"", 1]]",False,True,True,True,False,True,True,False,True,False,False,notebooks_2025_jun_w2.csv
Sharp-4rth/temporal_belief_analysis,998989717,main,2025-06-09T15:09:42Z,0,notebooks/05_window_extraction.ipynb,69238ec46c207285f66aae89502ba6838943fc6e,4037,https://github.com/Sharp-4rth/temporal_belief_analysis/blob/main/notebooks/05_window_extraction.ipynb,True,python3,python,2.7.6,7,7,0,0,3,42.857142857142854,True,True,0,8,1,False,False,False,False,False,False,6,"[[""convokit"", 2], [""sys"", 1], [""os"", 1], [""temporal_belief"", 1], [""zipfile"", 1]]",False,False,False,True,False,True,True,False,True,False,False,notebooks_2025_jun_w2.csv
Sharp-4rth/temporal_belief_analysis,998989717,main,2025-06-09T15:09:42Z,0,notebooks/07_neural_attribution.ipynb,e55445b894f9ea2562aa46a4cbac442dea9505a5,265948,https://github.com/Sharp-4rth/temporal_belief_analysis/blob/main/notebooks/07_neural_attribution.ipynb,True,python3,python,2.7.6,18,16,2,0,12,75.0,True,True,28,39,4,True,True,False,False,False,False,13,"[[""torch"", 4], [""convokit"", 3], [""sklearn"", 2], [""numpy"", 1], [""matplotlib"", 1], [""warnings"", 1], [""scipy"", 1]]",False,True,True,True,False,True,True,False,True,False,False,notebooks_2025_jun_w2.csv
Sharp-4rth/temporal_belief_analysis,998989717,main,2025-06-09T15:09:42Z,0,notebooks/08_bert_fine_tuning.ipynb,746356fb69937419352ee2acc28a12421cb67bfa,72659,https://github.com/Sharp-4rth/temporal_belief_analysis/blob/main/notebooks/08_bert_fine_tuning.ipynb,True,python3,python,2.7.6,21,21,0,0,13,61.904761904761905,True,False,27,43,10,True,False,True,False,False,True,31,"[[""torch"", 8], [""collections"", 6], [""numpy"", 6], [""transformers"", 3], [""pandas"", 2], [""sklearn"", 2], [""sys"", 1], [""os"", 1], [""pathlib"", 1], [""re"", 1]]",False,True,True,True,False,True,True,False,True,False,False,notebooks_2025_jun_w2.csv
Sharp-4rth/temporal_belief_analysis,998989717,main,2025-06-09T15:09:42Z,0,notebooks/09_bert_domain_adaptation.ipynb,4ba8488ad15c2cbbfb649d4828f2a6947278544f,23163,https://github.com/Sharp-4rth/temporal_belief_analysis/blob/main/notebooks/09_bert_domain_adaptation.ipynb,True,python3,python,,14,14,0,0,8,57.14285714285714,True,True,83,112,6,True,False,True,False,False,False,21,"[[""numpy"", 5], [""torch"", 5], [""collections"", 4], [""transformers"", 3], [""sklearn"", 2], [""sys"", 1], [""os"", 1]]",False,True,True,True,False,True,True,False,True,False,False,notebooks_2025_jun_w2.csv
Sharp-4rth/temporal_belief_analysis,998989717,main,2025-06-09T15:09:42Z,0,notebooks/10_stance_detection_wbert.ipynb,169e0337878e52e87224d3462c86ea2699cecc0b,21621,https://github.com/Sharp-4rth/temporal_belief_analysis/blob/main/notebooks/10_stance_detection_wbert.ipynb,True,python3,python,2.7.6,11,11,0,0,8,72.72727272727273,True,True,10,18,8,False,False,False,True,False,False,8,"[[""sys"", 1], [""os"", 1], [""transformers"", 1], [""torch"", 1], [""tqdm"", 1], [""time"", 1], [""math"", 1], [""random"", 1]]",False,True,False,True,False,True,True,False,True,False,False,notebooks_2025_jun_w2.csv
Subin-Vidhu/2025,910750550,main,2025-01-01T09:53:14Z,0,0_Coursera/1_Introduction to Computer Vision and Image Processing/Code/2 1 2_Images_with_python_library_CV.ipynb,6da16d933c9ed5b4df8a4389742cdd3278211204,15261986,https://github.com/Subin-Vidhu/2025/blob/main/0_Coursera/1_Introduction%20to%20Computer%20Vision%20and%20Image%20Processing/Code/2%201%202_Images_with_python_library_CV.ipynb,True,conda-env-python-py,python,3.7.12,101,41,60,0,41,100.0,True,False,0,41,27,True,True,False,False,False,False,3,"[[""os"", 1], [""cv2"", 1], [""matplotlib"", 1]]",False,True,False,False,False,True,False,False,True,False,False,notebooks_2025_jan_w1.csv
Subin-Vidhu/2025,910750550,main,2025-01-01T09:53:14Z,0,0_Coursera/1_Introduction to Computer Vision and Image Processing/Code/2 2 1_basic_image_manipulation_PIL.ipynb,ce29465d086cc21107f70f0a3d8d1df6c797e336,14838669,https://github.com/Subin-Vidhu/2025/blob/main/0_Coursera/1_Introduction%20to%20Computer%20Vision%20and%20Image%20Processing/Code/2%202%201_basic_image_manipulation_PIL.ipynb,True,conda-env-python-py,python,3.7.12,107,44,63,0,44,100.0,True,False,0,44,26,True,True,False,False,False,False,6,"[[""PIL"", 4], [""matplotlib"", 1], [""numpy"", 1]]",False,False,False,True,False,True,False,False,True,False,False,notebooks_2025_jan_w1.csv
Subin-Vidhu/2025,910750550,main,2025-01-01T09:53:14Z,0,0_Coursera/1_Introduction to Computer Vision and Image Processing/Code/2 2 2_basic_image_manipulation_open_CV.ipynb,3462f6836fb86bb8d111c34304b19855f4657b28,10296707,https://github.com/Subin-Vidhu/2025/blob/main/0_Coursera/1_Introduction%20to%20Computer%20Vision%20and%20Image%20Processing/Code/2%202%202_basic_image_manipulation_open_CV.ipynb,True,conda-env-python-py,python,3.7.12,74,26,48,0,26,100.0,True,False,0,26,19,True,True,False,False,False,False,3,"[[""matplotlib"", 1], [""cv2"", 1], [""numpy"", 1]]",False,False,False,True,False,True,False,False,True,False,False,notebooks_2025_jan_w1.csv
Subin-Vidhu/2025,910750550,main,2025-01-01T09:53:14Z,0,0_Coursera/1_Introduction to Computer Vision and Image Processing/Code/2 3 2_ Histograms and Intensity Transformations.ipynb,27349e79ad8e8d6e45cd7323c46774adda916e8c,4854663,https://github.com/Subin-Vidhu/2025/blob/main/0_Coursera/1_Introduction%20to%20Computer%20Vision%20and%20Image%20Processing/Code/2%203%202_%20Histograms%20and%20Intensity%20Transformations.ipynb,True,conda-env-python-py,python,3.7.12,116,45,71,0,45,100.0,True,False,0,45,35,True,True,False,False,False,False,3,"[[""matplotlib"", 1], [""cv2"", 1], [""numpy"", 1]]",False,True,False,True,False,True,False,False,True,False,False,notebooks_2025_jan_w1.csv
Subin-Vidhu/2025,910750550,main,2025-01-01T09:53:14Z,0,0_Coursera/1_Introduction to Computer Vision and Image Processing/Code/2 4 1_Gemetric_trasfroms_PIL.ipynb,4e27f19aae2cd646b0cfec9e57662bdbdcf50404,5966435,https://github.com/Subin-Vidhu/2025/blob/main/0_Coursera/1_Introduction%20to%20Computer%20Vision%20and%20Image%20Processing/Code/2%204%201_Gemetric_trasfroms_PIL.ipynb,True,conda-env-python-py,python,3.7.12,78,30,48,0,30,100.0,True,False,0,30,19,True,True,False,False,False,False,4,"[[""PIL"", 2], [""matplotlib"", 1], [""numpy"", 1]]",False,True,False,True,False,True,False,False,True,False,False,notebooks_2025_jan_w1.csv
Subin-Vidhu/2025,910750550,main,2025-01-01T09:53:14Z,0,0_Coursera/1_Introduction to Computer Vision and Image Processing/Code/2 4 2_Gemetric_trasfroms_OpenCV.ipynb,794a71a4cb82e6a263e2c8cb7a4b0851b5d9cef9,7202141,https://github.com/Subin-Vidhu/2025/blob/main/0_Coursera/1_Introduction%20to%20Computer%20Vision%20and%20Image%20Processing/Code/2%204%202_Gemetric_trasfroms_OpenCV.ipynb,True,conda-env-python-py,python,3.7.12,100,39,61,0,39,100.0,True,False,0,39,28,True,True,False,False,False,False,3,"[[""matplotlib"", 1], [""cv2"", 1], [""numpy"", 1]]",False,True,False,True,False,True,False,False,True,False,False,notebooks_2025_jan_w1.csv
Subin-Vidhu/2025,910750550,main,2025-01-01T09:53:14Z,0,0_Coursera/1_Introduction to Computer Vision and Image Processing/Code/2 5 1_Spatial_Filtering-PIL.ipynb,cee9e6a71d638ec28c51b35e17d6a49090ff0759,8322266,https://github.com/Subin-Vidhu/2025/blob/main/0_Coursera/1_Introduction%20to%20Computer%20Vision%20and%20Image%20Processing/Code/2%205%201_Spatial_Filtering-PIL.ipynb,True,conda-env-python-py,python,3.7.12,61,19,42,0,19,100.0,True,False,0,19,14,True,True,False,False,False,False,4,"[[""PIL"", 2], [""matplotlib"", 1], [""numpy"", 1]]",False,True,False,False,False,True,False,False,True,False,False,notebooks_2025_jan_w1.csv
Subin-Vidhu/2025,910750550,main,2025-01-01T09:53:14Z,0,0_Coursera/1_Introduction to Computer Vision and Image Processing/Code/2 5 2_Spatial_Filtering.ipynb,b1ff492b94329bca5ba977dffdaaa1264a8319fa,7260502,https://github.com/Subin-Vidhu/2025/blob/main/0_Coursera/1_Introduction%20to%20Computer%20Vision%20and%20Image%20Processing/Code/2%205%202_Spatial_Filtering.ipynb,True,conda-env-python-py,python,3.7.12,78,23,55,0,23,100.0,True,False,0,23,16,True,True,False,False,False,False,3,"[[""matplotlib"", 1], [""cv2"", 1], [""numpy"", 1]]",False,True,False,False,False,True,False,False,True,False,False,notebooks_2025_jan_w1.csv
Subin-Vidhu/2025,910750550,main,2025-01-01T09:53:14Z,0,0_Coursera/1_Introduction to Computer Vision and Image Processing/Code/2.1.1_Images_with_python_library_PIL.ipynb,e9902d2ff0756b0c21b2a69a2a5e3dd5ca73067d,17836907,https://github.com/Subin-Vidhu/2025/blob/main/0_Coursera/1_Introduction%20to%20Computer%20Vision%20and%20Image%20Processing/Code/2.1.1_Images_with_python_library_PIL.ipynb,True,conda-env-python-py,python,3.7.12,120,47,73,0,47,100.0,True,False,1,48,32,True,True,False,False,False,False,5,"[[""PIL"", 2], [""os"", 1], [""matplotlib"", 1], [""numpy"", 1]]",False,True,False,True,False,True,False,False,True,False,False,notebooks_2025_jan_w1.csv
Subin-Vidhu/2025,910750550,main,2025-01-01T09:53:14Z,0,0_Coursera/1_Introduction to Computer Vision and Image Processing/Code/Digit Classification with Softmax.ipynb,89c407d884aca81136210a43d87d8612ec5726ee,322628,https://github.com/Subin-Vidhu/2025/blob/main/0_Coursera/1_Introduction%20to%20Computer%20Vision%20and%20Image%20Processing/Code/Digit%20Classification%20with%20Softmax.ipynb,True,conda-env-python-py,python,3.7.12,86,28,58,0,27,96.42857142857143,True,False,0,27,20,True,True,False,False,False,True,6,"[[""torch"", 2], [""torchvision"", 2], [""matplotlib"", 1], [""numpy"", 1]]",False,True,True,True,False,True,False,False,True,False,True,notebooks_2025_jan_w1.csv
TUDelft-books/CT1000,916016588,2025-draft,2025-01-13T09:48:49Z,0,book/week_10/session/intro_data/Untitled-1.ipynb,1b7eba7c312455dcb90efac924aff145cb22e847,9971,https://github.com/TUDelft-books/CT1000/blob/2025-draft/book/week_10/session/intro_data/Untitled-1.ipynb,True,python3,python,3.12.11,6,6,0,0,4,66.66666666666666,True,False,3,8,5,True,False,False,False,True,False,1,"[[""sympy"", 1]]",False,False,False,False,False,True,True,False,True,False,False,notebooks_2025_jan_w3.csv
TUDelft-books/CT1000,916016588,2025-draft,2025-01-13T09:48:49Z,0,book/week_12/session_3/intro.ipynb,f8273bef233d34ab830f469426c984b7baa76b9d,5645,https://github.com/TUDelft-books/CT1000/blob/2025-draft/book/week_12/session_3/intro.ipynb,True,python3,python,3.9.18,5,4,1,0,4,100.0,True,False,0,10,4,True,False,False,False,False,False,3,"[[""sympy"", 2], [""numpy"", 1]]",False,False,False,False,False,True,True,False,True,False,False,notebooks_2025_jan_w3.csv
TUDelft-books/CT1000,916016588,2025-draft,2025-01-13T09:48:49Z,0,book/week_13/session_1/intro.ipynb,690b583ea3a1c19230212393b6489c8a941982fb,4865,https://github.com/TUDelft-books/CT1000/blob/2025-draft/book/week_13/session_1/intro.ipynb,True,python3,python,3.9.18,3,2,1,0,1,50.0,True,False,0,1,1,False,False,False,False,False,False,0,[],False,False,False,False,False,True,True,False,True,False,False,notebooks_2025_jan_w3.csv
TUDelft-books/CT1000,916016588,2025-draft,2025-01-13T09:48:49Z,0,book/week_14/session_1/intro.ipynb,4dbc9bfbb287cfb33697676080f3a0a20b54ce93,41842,https://github.com/TUDelft-books/CT1000/blob/2025-draft/book/week_14/session_1/intro.ipynb,True,python3,python,3.9.18,3,2,1,0,1,50.0,True,False,0,5,1,True,True,False,False,False,False,3,"[[""matplotlib"", 2], [""numpy"", 1]]",False,False,False,True,False,True,True,False,True,False,False,notebooks_2025_jan_w3.csv
TheYuanLiao/netmob25,1015263857,main,2025-07-07T08:43:49Z,0,src/1-raw-data-processing.ipynb,732f16c22971e1ff7cc474cf9a3f1639dd94d89b,558487,https://github.com/TheYuanLiao/netmob25/blob/main/src/1-raw-data-processing.ipynb,True,python3,python,3.11.13,69,52,17,0,43,82.6923076923077,True,True,37,74,33,True,True,True,False,False,True,22,"[[""shapely"", 2], [""numpy"", 2], [""matplotlib"", 2], [""openai"", 2], [""pandas"", 1], [""overturemaps"", 1], [""os"", 1], [""geopandas"", 1], [""tqdm"", 1], [""time"", 1]]",False,True,False,True,False,False,False,False,False,False,True,notebooks_2025_jul_w1.csv
TheYuanLiao/netmob25,1015263857,main,2025-07-07T08:43:49Z,0,src/10-spa-set-vs-visits.ipynb,76ec6e0ab5e1c6b144c7d298d7ab67a26f445478,769849,https://github.com/TheYuanLiao/netmob25/blob/main/src/10-spa-set-vs-visits.ipynb,True,python3,python,3.11.13,41,36,5,0,36,100.0,True,True,33,69,22,True,True,True,False,False,True,18,"[[""matplotlib"", 5], [""tqdm"", 2], [""statsmodels"", 2], [""os"", 1], [""pandas"", 1], [""geopandas"", 1], [""h3"", 1], [""shapely"", 1], [""numpy"", 1], [""scipy"", 1]]",False,True,False,True,False,False,False,False,False,False,True,notebooks_2025_jul_w1.csv
TheYuanLiao/netmob25,1015263857,main,2025-07-07T08:43:49Z,0,src/11-dag-tests.ipynb,8a90a15855ce28afbc872da5bf5f46bf9a59478f,7974,https://github.com/TheYuanLiao/netmob25/blob/main/src/11-dag-tests.ipynb,True,python3,python,3.11.13,14,9,5,0,8,88.88888888888889,True,False,2,10,7,True,False,False,False,False,False,4,"[[""statsmodels"", 2], [""os"", 1], [""pandas"", 1]]",False,False,False,False,False,False,False,False,False,False,True,notebooks_2025_jul_w1.csv
TheYuanLiao/netmob25,1015263857,main,2025-07-07T08:43:49Z,0,src/2-mobility-quantification.ipynb,68c6209b80e7a5a9a58e737d9786c7514016a47b,245031,https://github.com/TheYuanLiao/netmob25/blob/main/src/2-mobility-quantification.ipynb,True,python3,python,3.11.13,64,50,14,0,49,98.0,True,True,38,85,32,True,True,True,False,False,True,11,"[[""numpy"", 2], [""statsmodels"", 2], [""pandas"", 1], [""os"", 1], [""tqdm"", 1], [""matplotlib"", 1], [""h3"", 1], [""lib"", 1], [""collections"", 1]]",False,True,False,True,False,False,False,False,False,False,True,notebooks_2025_jul_w1.csv
TheYuanLiao/netmob25,1015263857,main,2025-07-07T08:43:49Z,0,src/2-poi-activity-association.ipynb,699394ba9478fd6e30db79a90f6138df299fcf16,22322,https://github.com/TheYuanLiao/netmob25/blob/main/src/2-poi-activity-association.ipynb,True,python3,python,3.11.11,17,14,3,0,12,85.71428571428571,True,True,21,33,8,True,False,True,False,False,True,23,"[[""shapely"", 2], [""numpy"", 2], [""matplotlib"", 2], [""openai"", 2], [""pandas"", 1], [""overturemaps"", 1], [""os"", 1], [""geopandas"", 1], [""tqdm"", 1], [""time"", 1]]",False,True,False,True,False,False,False,False,False,False,True,notebooks_2025_jul_w1.csv
TheYuanLiao/netmob25,1015263857,main,2025-07-07T08:43:49Z,0,src/3-accessibility-data-prep.ipynb,a05673c50e583e77e4e0ae32494185a312affbfc,27013017,https://github.com/TheYuanLiao/netmob25/blob/main/src/3-accessibility-data-prep.ipynb,True,python3,python,3.11.11,30,21,9,0,20,95.23809523809523,True,True,12,29,15,True,True,True,False,False,True,9,"[[""folium"", 2], [""os"", 1], [""pandas"", 1], [""geopandas"", 1], [""tqdm"", 1], [""time"", 1], [""lib"", 1], [""numpy"", 1]]",False,False,False,True,False,False,False,False,False,False,True,notebooks_2025_jul_w1.csv
TheYuanLiao/netmob25,1015263857,main,2025-07-07T08:43:49Z,0,src/5-sp-accessibility-kh-prep.ipynb,67543796e010cd7aeecbf0883a60bd65c70c8aae,49571,https://github.com/TheYuanLiao/netmob25/blob/main/src/5-sp-accessibility-kh-prep.ipynb,True,python3,python,3.11.11,25,17,8,0,16,94.11764705882352,True,True,4,16,10,True,False,True,False,False,True,7,"[[""os"", 1], [""pandas"", 1], [""geopandas"", 1], [""tqdm"", 1], [""time"", 1], [""lib"", 1], [""numpy"", 1]]",False,True,False,True,False,False,False,False,False,False,True,notebooks_2025_jul_w1.csv
TheYuanLiao/netmob25,1015263857,main,2025-07-07T08:43:49Z,0,src/7-sp-accessibility-results-organizer.ipynb,0fcadca2a3c8c73bb58cc0c31345054be7ac93f2,41182,https://github.com/TheYuanLiao/netmob25/blob/main/src/7-sp-accessibility-results-organizer.ipynb,True,python3,python,3.11.13,32,26,6,0,24,92.3076923076923,True,True,34,56,16,True,False,True,False,False,True,4,"[[""os"", 1], [""pandas"", 1], [""glob"", 1], [""tqdm"", 1]]",False,True,False,True,False,False,False,False,False,False,True,notebooks_2025_jul_w1.csv
TheYuanLiao/netmob25,1015263857,main,2025-07-07T08:43:49Z,0,src/8-sp-accessibility-desc.ipynb,929b7ef02b6f183fe952013cd4286bddbbffd628,1266553,https://github.com/TheYuanLiao/netmob25/blob/main/src/8-sp-accessibility-desc.ipynb,True,python3,python,3.11.13,68,56,12,0,49,87.5,True,True,43,92,27,True,True,True,False,False,True,13,"[[""numpy"", 2], [""matplotlib"", 2], [""shapely"", 2], [""os"", 1], [""pandas"", 1], [""geopandas"", 1], [""tqdm"", 1], [""seaborn"", 1], [""statsmodels"", 1], [""h3"", 1]]",False,True,False,True,False,False,False,False,False,False,True,notebooks_2025_jul_w1.csv
Twinspeedr/P_School,1036291259,main,2025-08-11T21:16:39Z,0,notebooks/MikeXClass/DUDLPythonSec27to31.ipynb,72f8f1d6b7acccde3dcaa1938f98e6d6df0de581,1532781,https://github.com/Twinspeedr/P_School/blob/main/notebooks/MikeXClass/DUDLPythonSec27to31.ipynb,True,python3,python,,166,164,2,0,7,4.2682926829268295,True,False,27,36,149,True,True,True,True,True,True,111,"[[""numpy"", 47], [""matplotlib"", 20], [""torch"", 11], [""pandas"", 9], [""seaborn"", 8], [""time"", 4], [""sympy"", 3], [""random"", 2], [""imageio"", 2], [""math"", 1]]",False,True,True,True,False,False,False,False,False,False,False,notebooks_2025_aug_w2.csv
UCL-CCS/ferrmion,961985765,main,2025-04-07T13:28:26Z,1,docs/source/notebooks/bonsai.ipynb,7ae9c57600f2afd8060517641e0884542f6117ad,217268,https://github.com/UCL-CCS/ferrmion/blob/main/docs/source/notebooks/bonsai.ipynb,True,python3,python,3.13.1,23,11,12,0,11,100.0,True,False,0,11,7,True,True,False,False,False,False,10,"[[""ferrmion"", 4], [""rustworkx"", 2], [""numpy"", 2], [""matplotlib"", 1], [""enum"", 1]]",False,False,True,True,False,False,False,False,False,False,False,notebooks_2025_apr_w1.csv
UCL-CCS/ferrmion,961985765,main,2025-04-07T13:28:26Z,1,docs/source/notebooks/growing_trees.ipynb,fc4008d8d91e0ff2f9466580f76822f9942e56f9,235230,https://github.com/UCL-CCS/ferrmion/blob/main/docs/source/notebooks/growing_trees.ipynb,True,python3,python,3.13.1,36,14,22,0,14,100.0,True,False,0,14,12,True,True,False,False,False,False,8,"[[""ferrmion"", 8]]",False,False,False,False,False,False,False,False,False,False,False,notebooks_2025_apr_w1.csv
UCL-CCS/ferrmion,961985765,main,2025-04-07T13:28:26Z,1,docs/source/notebooks/hubbard_hamiltonian.ipynb,27395beb6fe730774a3cf105a21a9829bd918917,507011,https://github.com/UCL-CCS/ferrmion/blob/main/docs/source/notebooks/hubbard_hamiltonian.ipynb,True,python3,python,3.13.1,30,14,16,0,4,28.57142857142857,True,False,3,7,9,True,True,False,False,False,False,10,"[[""ferrmion"", 6], [""matplotlib"", 3], [""numpy"", 1]]",False,False,False,True,False,False,False,False,False,False,False,notebooks_2025_apr_w1.csv
UCL-CCS/ferrmion,961985765,main,2025-04-07T13:28:26Z,1,docs/source/notebooks/huffman.ipynb,a7091dbb81a353dd2d76c2f7b477fbf63817600d,123919,https://github.com/UCL-CCS/ferrmion/blob/main/docs/source/notebooks/huffman.ipynb,True,python3,python,3.13.1,34,21,13,0,21,100.0,True,False,1,22,15,True,True,False,False,False,False,14,"[[""ferrmion"", 9], [""pathlib"", 2], [""pickle"", 1], [""numpy"", 1], [""matplotlib"", 1]]",False,True,False,True,False,False,False,False,False,False,False,notebooks_2025_apr_w1.csv
UCL-CCS/ferrmion,961985765,main,2025-04-07T13:28:26Z,1,docs/source/notebooks/molecular_hamiltonian.ipynb,27f1acdea22ce743f17d157857e1d12deef638a3,28528,https://github.com/UCL-CCS/ferrmion/blob/main/docs/source/notebooks/molecular_hamiltonian.ipynb,True,python3,python,3.13.1,25,12,13,0,12,100.0,True,False,0,12,7,True,False,False,False,False,False,5,"[[""ferrmion"", 4], [""numpy"", 1]]",False,False,False,True,False,False,False,False,False,False,False,notebooks_2025_apr_w1.csv
Victorgame59/student-score-prediction,1007364382,main,2025-06-23T22:05:26Z,0,notebooks/.ipynb_checkpoints/student_scores-checkpoint.ipynb,019a076c12a66e02b7eb11c5bd3ee39356f5c1f3,413967,https://github.com/Victorgame59/student-score-prediction/blob/main/notebooks/.ipynb_checkpoints/student_scores-checkpoint.ipynb,True,python3,python,2.7.6,4,4,0,0,4,100.0,True,True,37,113,3,True,True,False,False,False,False,9,"[[""sklearn"", 5], [""pandas"", 1], [""numpy"", 1], [""matplotlib"", 1], [""seaborn"", 1]]",False,False,False,True,False,True,False,False,True,False,True,notebooks_2025_jun_w4.csv
Victorgame59/student-score-prediction,1007364382,main,2025-06-23T22:05:26Z,0,notebooks/student_scores.ipynb,1922d67107a964932b06c02f8a58427d9196091b,414032,https://github.com/Victorgame59/student-score-prediction/blob/main/notebooks/student_scores.ipynb,True,python3,python,3.12.7,4,4,0,0,4,100.0,True,True,37,113,3,True,True,False,False,False,False,9,"[[""sklearn"", 5], [""pandas"", 1], [""numpy"", 1], [""matplotlib"", 1], [""seaborn"", 1]]",False,False,False,True,False,True,False,False,True,False,True,notebooks_2025_jun_w4.csv
YoussefHeshamAlsoly/DataCamp,966124136,main,2025-04-14T12:46:10Z,0,2_intermediate_python/2_1_matplotlib.ipynb,620f0246445709e1c0ff3477215b71f35eed2282,239024,https://github.com/YoussefHeshamAlsoly/DataCamp/blob/main/2_intermediate_python/2_1_matplotlib.ipynb,True,python3,python,3.10.0,23,10,13,0,10,100.0,True,False,1,15,9,True,True,False,False,False,False,2,"[[""matplotlib"", 1], [""numpy"", 1]]",False,False,False,False,False,False,False,False,False,False,False,notebooks_2025_apr_w2.csv
YoussefHeshamAlsoly/DataCamp,966124136,main,2025-04-14T12:46:10Z,0,2_intermediate_python/2_2_pandas.ipynb,54414d0c9e6c50821242abd1dca5b78dbde2f927,17425,https://github.com/YoussefHeshamAlsoly/DataCamp/blob/main/2_intermediate_python/2_2_pandas.ipynb,True,python3,python,3.10.0,11,10,1,0,7,70.0,True,False,32,39,7,True,False,True,False,False,False,1,"[[""pandas"", 1]]",False,False,False,False,False,False,False,False,False,False,False,notebooks_2025_apr_w2.csv
YoussefHeshamAlsoly/DataCamp,966124136,main,2025-04-14T12:46:10Z,0,2_intermediate_python/2_3_numpy_comparison_operators.ipynb,a1b49b02f57e0ce0564057341d7b59d32085f070,1950,https://github.com/YoussefHeshamAlsoly/DataCamp/blob/main/2_intermediate_python/2_3_numpy_comparison_operators.ipynb,True,python3,python,3.10.0,4,3,1,0,3,100.0,True,False,0,3,2,False,False,False,False,False,False,1,"[[""numpy"", 1]]",False,False,False,False,False,False,False,False,False,False,False,notebooks_2025_apr_w2.csv
YoussefHeshamAlsoly/DataCamp,966124136,main,2025-04-14T12:46:10Z,0,2_intermediate_python/2_4_filtering_pandas_dataframes.ipynb,ef9d48832994f7f67f33abe15405f04d5430668f,11147,https://github.com/YoussefHeshamAlsoly/DataCamp/blob/main/2_intermediate_python/2_4_filtering_pandas_dataframes.ipynb,True,python3,python,3.10.0,8,7,1,0,7,100.0,True,False,11,19,5,True,False,True,False,False,False,2,"[[""pandas"", 1], [""numpy"", 1]]",False,False,False,False,False,False,False,False,False,False,False,notebooks_2025_apr_w2.csv
YoussefHeshamAlsoly/DataCamp,966124136,main,2025-04-14T12:46:10Z,0,2_intermediate_python/2_5_testing.ipynb,7366e1c6a5f84d946192fbda9b169c81a8e9d5d3,335236,https://github.com/YoussefHeshamAlsoly/DataCamp/blob/main/2_intermediate_python/2_5_testing.ipynb,True,python3,python,3.10.0,7,7,0,0,6,85.71428571428571,True,False,0,6,4,True,True,False,False,False,False,3,"[[""pandas"", 1], [""numpy"", 1], [""matplotlib"", 1]]",False,False,False,True,False,False,False,False,False,False,False,notebooks_2025_apr_w2.csv
YoussefHeshamAlsoly/DataCamp,966124136,main,2025-04-14T12:46:10Z,0,4_Data_Manipulation_with_pandas/4_1_pandas_intro.ipynb,db93cddd763a7e55c86158b84e055b9f598f17ed,21479,https://github.com/YoussefHeshamAlsoly/DataCamp/blob/main/4_Data_Manipulation_with_pandas/4_1_pandas_intro.ipynb,True,python3,python,3.10.0,6,6,0,0,5,83.33333333333334,True,False,50,55,4,True,False,True,False,False,False,2,"[[""pandas"", 1], [""numpy"", 1]]",False,False,False,False,False,False,False,False,False,False,False,notebooks_2025_apr_w2.csv
YoussefHeshamAlsoly/DataCamp,966124136,main,2025-04-14T12:46:10Z,0,4_Data_Manipulation_with_pandas/4_2_summary_stats.ipynb,d54a290b45ab80bcd710275aa40d8b9671828aaf,46170,https://github.com/YoussefHeshamAlsoly/DataCamp/blob/main/4_Data_Manipulation_with_pandas/4_2_summary_stats.ipynb,True,python3,python,3.10.0,15,15,0,0,15,100.0,True,False,15,61,11,True,False,True,False,False,False,2,"[[""pandas"", 1], [""numpy"", 1]]",False,True,False,False,False,False,False,False,False,False,False,notebooks_2025_apr_w2.csv
YoussefHeshamAlsoly/DataCamp,966124136,main,2025-04-14T12:46:10Z,0,4_Data_Manipulation_with_pandas/4_3_slicing_and_subsetting.ipynb,7f1b98f9e4d6ca414e504a4b150b14d107bc6140,37232,https://github.com/YoussefHeshamAlsoly/DataCamp/blob/main/4_Data_Manipulation_with_pandas/4_3_slicing_and_subsetting.ipynb,True,python3,python,3.10.0,24,14,10,0,14,100.0,True,False,0,14,11,True,False,True,False,False,False,2,"[[""pandas"", 1], [""numpy"", 1]]",False,False,False,False,False,False,False,False,False,False,False,notebooks_2025_apr_w2.csv
YoussefHeshamAlsoly/DataCamp,966124136,main,2025-04-14T12:46:10Z,0,4_Data_Manipulation_with_pandas/4_5_visualizing_dataFrames.ipynb,6bd8522c51ae1d2ba3075a878d56cc509ba5ac90,207776,https://github.com/YoussefHeshamAlsoly/DataCamp/blob/main/4_Data_Manipulation_with_pandas/4_5_visualizing_dataFrames.ipynb,True,python3,python,3.10.0,20,11,9,0,8,72.72727272727273,True,False,25,33,9,True,True,True,False,False,False,2,"[[""pandas"", 1], [""matplotlib"", 1]]",False,False,False,False,False,False,False,False,False,False,False,notebooks_2025_apr_w2.csv
YoussefHeshamAlsoly/DataCamp,966124136,main,2025-04-14T12:46:10Z,0,4_Data_Manipulation_with_pandas/4_6_missing_values.ipynb,5da5b7e6fe9eedd904ba2de3eec9d66e842c558e,43037,https://github.com/YoussefHeshamAlsoly/DataCamp/blob/main/4_Data_Manipulation_with_pandas/4_6_missing_values.ipynb,True,python3,python,3.10.0,18,9,9,0,8,88.88888888888889,True,True,46,59,7,True,True,True,False,False,False,2,"[[""pandas"", 1], [""matplotlib"", 1]]",False,False,False,False,False,False,False,False,False,False,False,notebooks_2025_apr_w2.csv
aZRielshANE18352/WbFxAGkY,930272606,main,2025-02-10T11:13:55Z,0,02.ipynb,0175694fa4ea3e70720a762886d80b7a76cc4a9d,18525,https://github.com/aZRielshANE18352/WbFxAGkY/blob/main/02.ipynb,True,python3,python,3.11.2,14,14,0,0,11,78.57142857142857,True,True,26,40,10,True,False,False,True,False,False,2,"[[""requests"", 1], [""json"", 1]]",False,False,False,True,False,True,True,False,True,False,False,notebooks_2025_feb_w2.csv
aZRielshANE18352/WbFxAGkY,930272606,main,2025-02-10T11:13:55Z,0,1_Traces_2019_Append.ipynb,bb976927096decf4751b731b80c88f8a451ac944,83629,https://github.com/aZRielshANE18352/WbFxAGkY/blob/main/1_Traces_2019_Append.ipynb,True,python3,python,3.8.12,125,79,46,0,79,100.0,True,True,0,36,38,True,False,False,False,False,False,4,"[[""dask"", 1], [""pandas"", 1], [""matplotlib"", 1], [""seaborn"", 1]]",False,False,False,False,False,True,True,False,True,False,False,notebooks_2025_feb_w2.csv
aZRielshANE18352/WbFxAGkY,930272606,main,2025-02-10T11:13:55Z,0,2_Traces_2019_Merge_Jobs_Selection.ipynb,def7be525d692eeef763e53cf757e507009dfe99,248414,https://github.com/aZRielshANE18352/WbFxAGkY/blob/main/2_Traces_2019_Merge_Jobs_Selection.ipynb,True,python3,python,3.8.12,36,34,2,0,34,100.0,True,True,0,26,13,True,True,True,False,False,False,4,"[[""dask"", 1], [""pandas"", 1], [""matplotlib"", 1], [""seaborn"", 1]]",False,False,False,False,False,True,True,False,True,False,False,notebooks_2025_feb_w2.csv
aZRielshANE18352/WbFxAGkY,930272606,main,2025-02-10T11:13:55Z,0,AutoML_Batch_Learning_Dataset_1.ipynb,e4e92c41e3e31c2affbb1046c54809d947db175d,71769,https://github.com/aZRielshANE18352/WbFxAGkY/blob/main/AutoML_Batch_Learning_Dataset_1.ipynb,True,python3,python,3.6.8,66,39,27,0,39,100.0,True,True,32,71,21,True,False,True,False,False,False,35,"[[""sklearn"", 14], [""keras"", 8], [""hyperopt"", 3], [""optunity"", 2], [""pandas"", 1], [""numpy"", 1], [""lightgbm"", 1], [""scipy"", 1], [""imblearn"", 1], [""time"", 1]]",False,True,False,True,False,True,True,False,True,False,False,notebooks_2025_feb_w2.csv
aZRielshANE18352/WbFxAGkY,930272606,main,2025-02-10T11:13:55Z,0,Chatbot.ipynb,1f891258121cb9d7d8c9369e8cec6636899ed405,15371,https://github.com/aZRielshANE18352/WbFxAGkY/blob/main/Chatbot.ipynb,True,python3,python,3.7.3,23,10,13,0,9,90.0,True,False,6,15,3,True,False,False,False,False,False,10,"[[""warnings"", 2], [""sklearn"", 2], [""nltk"", 2], [""io"", 1], [""random"", 1], [""string"", 1], [""numpy"", 1]]",False,True,False,True,False,True,True,False,True,False,False,notebooks_2025_feb_w2.csv
aZRielshANE18352/WbFxAGkY,930272606,main,2025-02-10T11:13:55Z,0,Collaborative Filtering.ipynb,88401e07e04d007b6e19877810412209156ff79a,971903,https://github.com/aZRielshANE18352/WbFxAGkY/blob/main/Collaborative%20Filtering.ipynb,True,python3,python,3.7.3,49,39,10,0,34,87.17948717948718,True,False,0,34,20,True,False,True,False,False,False,2,"[[""pandas"", 1], [""scipy"", 1]]",False,True,False,True,False,True,True,False,True,False,False,notebooks_2025_feb_w2.csv
aZRielshANE18352/WbFxAGkY,930272606,main,2025-02-10T11:13:55Z,0,ControlNet_+ArtLine_.ipynb,8c996375f9a25813e70374c4e5c5f60b86028ec3,957361,https://github.com/aZRielshANE18352/WbFxAGkY/blob/main/ControlNet_%2BArtLine_.ipynb,True,python3,python,,12,11,1,0,9,81.81818181818183,True,False,68,77,2,True,True,False,False,False,False,2,"[[""PIL"", 1], [""cv2"", 1]]",False,False,False,False,False,True,True,False,True,False,False,notebooks_2025_feb_w2.csv
aZRielshANE18352/WbFxAGkY,930272606,main,2025-02-10T11:13:55Z,0,DataScience-Results-Analysis.ipynb,294023c0da6d6e39080d5641e13843dd3fa40534,378300,https://github.com/aZRielshANE18352/WbFxAGkY/blob/main/DataScience-Results-Analysis.ipynb,True,python3,python,3.12.2,44,23,21,0,22,95.65217391304348,True,False,1,23,18,True,True,True,False,False,False,4,"[[""pandas"", 1], [""numpy"", 1], [""matplotlib"", 1], [""seaborn"", 1]]",False,False,False,True,False,True,True,False,True,False,False,notebooks_2025_feb_w2.csv
aZRielshANE18352/WbFxAGkY,930272606,main,2025-02-10T11:13:55Z,0,Educational_Tutor_AI_Assistant_Code_Walkthrough.ipynb,c6f18d66d09197710504602a62263a2f993219db,71528,https://github.com/aZRielshANE18352/WbFxAGkY/blob/main/Educational_Tutor_AI_Assistant_Code_Walkthrough.ipynb,True,python3,python,,57,23,34,0,21,91.30434782608695,True,True,7,29,5,False,False,False,True,False,False,7,"[[""crewai"", 2], [""os"", 1], [""json"", 1], [""pydantic"", 1], [""typing"", 1], [""time"", 1]]",False,False,True,True,False,True,True,False,True,False,True,notebooks_2025_feb_w2.csv
atorgoffice/launcher-app,950037569,main,2025-03-17T14:31:49Z,1,DeFooocus_colab.ipynb,3fb240c9d8608bcac8e50ed452a4fdaae9144f75,9799,https://github.com/atorgoffice/launcher-app/blob/main/DeFooocus_colab.ipynb,True,python3,python,,1,1,0,0,1,100.0,True,False,0,3,1,False,False,False,False,False,False,0,[],False,False,False,False,False,False,False,False,False,False,False,notebooks_2025_mar_w3.csv
boomshineking/Azure-ML-Deployment,970265371,main,2025-04-21T18:36:55Z,0,RandomForestRegressor.ipynb,0ec245eaeab11f37a87b1a22e081af75351d8854,1453612,https://github.com/boomshineking/Azure-ML-Deployment/blob/main/RandomForestRegressor.ipynb,True,python3,python,3.6.7,57,48,9,0,44,91.66666666666666,True,True,73,117,28,True,True,True,False,False,False,13,"[[""sklearn"", 6], [""matplotlib"", 2], [""seaborn"", 2], [""pandas"", 1], [""numpy"", 1], [""pickle"", 1]]",False,False,False,False,False,True,False,False,True,False,False,notebooks_2025_apr_w3.csv
c0z0c/sprint_mission,1027637226,master,2025-07-28T10:00:17Z,0,Learning/learning_LSTM.ipynb,01dc44bd42a08c11f785051477e81d8eed4a6031,55105,https://github.com/c0z0c/sprint_mission/blob/master/Learning/learning_LSTM.ipynb,True,python3,python,3.10.18,1,1,0,0,1,100.0,True,False,0,4,1,True,True,False,False,False,True,13,"[[""torch"", 5], [""urllib"", 1], [""zipfile"", 1], [""os"", 1], [""pandas"", 1], [""numpy"", 1], [""sklearn"", 1], [""tqdm"", 1], [""matplotlib"", 1]]",False,True,True,True,False,False,False,False,False,False,False,notebooks_2025_jul_w4.csv
c0z0c/sprint_mission,1027637226,master,2025-07-28T10:00:17Z,0,Learning/notebook_template.ipynb,63dbeb4c190b196c67410ca888e6595774a09f38,24577,https://github.com/c0z0c/sprint_mission/blob/master/Learning/notebook_template.ipynb,True,python3,python,3.10.18,8,4,4,0,2,50.0,True,False,1,9,2,False,False,False,False,False,False,43,"[[""sklearn"", 7], [""torch"", 7], [""torchvision"", 4], [""os"", 3], [""json"", 2], [""matplotlib"", 2], [""urllib"", 1], [""helper_c0z0c_dev"", 1], [""io"", 1], [""gc"", 1]]",False,True,False,True,False,False,False,False,False,False,False,notebooks_2025_jul_w4.csv
c0z0c/sprint_mission,1027637226,master,2025-07-28T10:00:17Z,0,Learning/notebook_template_딥러닝.ipynb,72f66d3b99722ece6ae1746dfefae635fa91b47d,4444,https://github.com/c0z0c/sprint_mission/blob/master/Learning/notebook_template_%EB%94%A5%EB%9F%AC%EB%8B%9D.ipynb,True,python3,python,3.10.18,3,2,1,0,1,50.0,True,False,0,1,1,False,False,False,False,False,False,21,"[[""sklearn"", 8], [""torch"", 5], [""urllib"", 1], [""helper_c0z0c_dev"", 1], [""PIL"", 1], [""torchvision"", 1], [""numpy"", 1], [""matplotlib"", 1], [""pandas"", 1], [""statsmodels"", 1]]",False,False,False,True,False,False,False,False,False,False,False,notebooks_2025_jul_w4.csv
c0z0c/sprint_mission,1027637226,master,2025-07-28T10:00:17Z,0,Learning/notebook_template_사전학습.ipynb,9232c12a176e8a00facbaa72db549e363163ca36,95561,https://github.com/c0z0c/sprint_mission/blob/master/Learning/notebook_template_%EC%82%AC%EC%A0%84%ED%95%99%EC%8A%B5.ipynb,True,python3,python,3.10.18,25,17,8,0,1,5.88235294117647,True,False,0,1,5,True,True,False,False,False,False,53,"[[""torch"", 10], [""sklearn"", 7], [""torchvision"", 7], [""matplotlib"", 3], [""time"", 2], [""numpy"", 2], [""tqdm"", 2], [""urllib"", 1], [""helper_c0z0c_dev"", 1], [""io"", 1]]",False,True,False,True,False,False,False,False,False,False,False,notebooks_2025_jul_w4.csv
c0z0c/sprint_mission,1027637226,master,2025-07-28T10:00:17Z,0,멘토/CensusIncome/CensusIncome.ipynb,03054b6377f74d6d20811a4a47e1ee4073230838,5163767,https://github.com/c0z0c/sprint_mission/blob/master/%EB%A9%98%ED%86%A0/CensusIncome/CensusIncome.ipynb,True,python3,python,3.10.18,29,27,2,0,26,96.29629629629629,True,False,8,34,23,True,True,False,False,False,False,24,"[[""sklearn"", 16], [""matplotlib"", 2], [""urllib"", 1], [""helper_c0z0c_dev"", 1], [""numpy"", 1], [""pandas"", 1], [""seaborn"", 1], [""statsmodels"", 1]]",False,False,False,True,False,False,False,False,False,False,False,notebooks_2025_jul_w4.csv
c0z0c/sprint_mission,1027637226,master,2025-07-28T10:00:17Z,0,스프린트미션_완료/09_4팀_김명환.ipynb,4eb26326bf3860c704965193046e513033fe42f6,4414336,https://github.com/c0z0c/sprint_mission/blob/master/%EC%8A%A4%ED%94%84%EB%A6%B0%ED%8A%B8%EB%AF%B8%EC%85%98_%EC%99%84%EB%A3%8C/09_4%ED%8C%80_%EA%B9%80%EB%AA%85%ED%99%98.ipynb,True,python3,python,3.10.18,64,43,21,0,24,55.81395348837209,True,False,0,24,22,True,True,False,True,False,True,71,"[[""torch"", 12], [""sklearn"", 9], [""torchvision"", 5], [""PIL"", 3], [""numpy"", 3], [""matplotlib"", 3], [""pycocotools"", 2], [""os"", 2], [""copy"", 2], [""pandas"", 2]]",False,True,True,True,False,False,False,False,False,False,True,notebooks_2025_jul_w4.csv
c0z0c/sprint_mission,1027637226,master,2025-07-28T10:00:17Z,0,스프린트미션_완료/미션1_5팀_김명환.ipynb,1af3c42d58bd696e3ed4082d7ef19569b5b21891,90961,https://github.com/c0z0c/sprint_mission/blob/master/%EC%8A%A4%ED%94%84%EB%A6%B0%ED%8A%B8%EB%AF%B8%EC%85%98_%EC%99%84%EB%A3%8C/%EB%AF%B8%EC%85%981_5%ED%8C%80_%EA%B9%80%EB%AA%85%ED%99%98.ipynb,True,python3,python,3.10.18,101,51,50,0,7,13.725490196078432,True,True,3,20,30,True,False,False,False,False,True,6,"[[""datetime"", 2], [""csv"", 2], [""time"", 1], [""re"", 1]]",False,True,True,True,False,False,False,False,False,False,False,notebooks_2025_jul_w4.csv
c0z0c/sprint_mission,1027637226,master,2025-07-28T10:00:17Z,0,스프린트미션_완료/미션2_5팀_김명환.ipynb,fabef7b50bc73d2ccd6f5e1b3869b8bd54abd7f5,4009361,https://github.com/c0z0c/sprint_mission/blob/master/%EC%8A%A4%ED%94%84%EB%A6%B0%ED%8A%B8%EB%AF%B8%EC%85%98_%EC%99%84%EB%A3%8C/%EB%AF%B8%EC%85%982_5%ED%8C%80_%EA%B9%80%EB%AA%85%ED%99%98.ipynb,True,python3,python,3.10.18,82,64,18,0,62,96.875,True,True,53,221,59,True,True,True,False,True,True,36,"[[""matplotlib"", 17], [""seaborn"", 10], [""sklearn"", 3], [""importlib"", 1], [""sys"", 1], [""urllib"", 1], [""helper_c0z0c_dev"", 1], [""numpy"", 1], [""pandas"", 1]]",False,True,False,True,False,False,False,False,False,False,False,notebooks_2025_jul_w4.csv
c0z0c/sprint_mission,1027637226,master,2025-07-28T10:00:17Z,0,스프린트미션_완료/미션3_5팀_김명환.ipynb,5c85e07b0307f0e089cde60dbf93affaec18a178,4099674,https://github.com/c0z0c/sprint_mission/blob/master/%EC%8A%A4%ED%94%84%EB%A6%B0%ED%8A%B8%EB%AF%B8%EC%85%98_%EC%99%84%EB%A3%8C/%EB%AF%B8%EC%85%983_5%ED%8C%80_%EA%B9%80%EB%AA%85%ED%99%98.ipynb,True,python3,python,3.10.18,105,68,37,0,68,100.0,True,False,0,67,55,True,True,False,False,True,False,45,"[[""sklearn"", 23], [""matplotlib"", 3], [""numpy"", 3], [""pandas"", 3], [""statsmodels"", 3], [""warnings"", 2], [""datetime"", 2], [""urllib"", 1], [""helper_c0z0c_dev"", 1], [""seaborn"", 1]]",False,True,False,True,False,False,False,False,False,False,True,notebooks_2025_jul_w4.csv
carmen-carrasco/Henri_Pirenne,969965307,main,2025-04-21T08:23:00Z,0,code/Analyse de résultats.ipynb,562b02834f6da66a18d84b0520773156adc1160a,128052,https://github.com/carmen-carrasco/Henri_Pirenne/blob/main/code/Analyse%20de%20r%C3%A9sultats.ipynb,True,python3,python,3.13.2,27,17,10,0,15,88.23529411764706,True,True,26,50,15,True,True,False,False,False,False,35,"[[""evaluate"", 9], [""os"", 9], [""re"", 9], [""matplotlib"", 4], [""numpy"", 4]]",False,True,False,True,False,False,False,False,False,False,False,notebooks_2025_apr_w3.csv
carmen-carrasco/Henri_Pirenne,969965307,main,2025-04-21T08:23:00Z,0,code/V5-Automatic_correction_of_manuscripts.ipynb,6f2ef5e73d82f89ab1c57f011d79a61e04a6ac76,430816,https://github.com/carmen-carrasco/Henri_Pirenne/blob/main/code/V5-Automatic_correction_of_manuscripts.ipynb,True,python3,python,3.13.2,31,19,12,0,17,89.47368421052632,True,True,135,152,15,False,False,False,False,False,False,46,"[[""os"", 14], [""xml"", 7], [""json"", 7], [""re"", 6], [""glob"", 6], [""csv"", 3], [""collatex"", 2], [""unicodedata"", 1]]",False,True,False,True,False,False,False,False,False,False,False,notebooks_2025_apr_w3.csv
carmen-carrasco/Henri_Pirenne,969965307,main,2025-04-21T08:23:00Z,0,code/V6-Automatic_correction_of_manuscripts.ipynb,82949465bb26b75f64fba76df77047f91fe33d54,387813,https://github.com/carmen-carrasco/Henri_Pirenne/blob/main/code/V6-Automatic_correction_of_manuscripts.ipynb,True,python3,python,3.13.2,40,27,13,0,25,92.5925925925926,True,True,151,176,23,False,False,False,False,False,False,9,"[[""re"", 2], [""os"", 1], [""unicodedata"", 1], [""xml"", 1], [""glob"", 1], [""json"", 1], [""collatex"", 1], [""statistics"", 1]]",False,True,False,True,False,False,False,False,False,False,False,notebooks_2025_apr_w3.csv
carmen-carrasco/Henri_Pirenne,969965307,main,2025-04-21T08:23:00Z,0,code/erreurs.ipynb,a71d42ae2620c25b9a9d8828e09468dbc12b2670,182301,https://github.com/carmen-carrasco/Henri_Pirenne/blob/main/code/erreurs.ipynb,True,python3,python,3.13.2,2,2,0,0,1,50.0,True,False,0,23,1,False,False,False,False,False,False,4,"[[""os"", 1], [""xml"", 1], [""difflib"", 1], [""evaluate"", 1]]",False,True,False,True,False,False,False,False,False,False,False,notebooks_2025_apr_w3.csv
carmen-carrasco/Henri_Pirenne,969965307,main,2025-04-21T08:23:00Z,0,code/erreurs_ms1.ipynb,6d971bcd5543fd57909ec7db43d1acac14bcb48a,205065,https://github.com/carmen-carrasco/Henri_Pirenne/blob/main/code/erreurs_ms1.ipynb,True,python3,python,3.13.2,3,3,0,0,1,33.33333333333333,True,False,0,2,1,False,False,False,False,False,False,4,"[[""os"", 1], [""xml"", 1], [""difflib"", 1], [""evaluate"", 1]]",False,True,False,True,False,False,False,False,False,False,False,notebooks_2025_apr_w3.csv
complex-reasoning/RPG,990372306,main,2025-05-26T02:46:36Z,40,examples/ppo_trainer/verl_getting_started.ipynb,73df079ea45d240c0f22588f086f7824c2e77495,254152,https://github.com/complex-reasoning/RPG/blob/main/examples/ppo_trainer/verl_getting_started.ipynb,True,python3,python,3.10.10,19,10,9,0,9,90.0,True,True,5,12,8,True,False,False,False,False,False,6,"[[""verl"", 2], [""IPython"", 1], [""torch"", 1], [""flash_attn"", 1], [""inspect"", 1]]",False,False,False,True,False,True,True,False,True,False,False,notebooks_2025_may_w4.csv
complex-reasoning/RPG,990372306,main,2025-05-26T02:46:36Z,40,examples/ray/tutorial.ipynb,37784f6f9528be290cfbb9a685c78e4ea5a6d294,31455,https://github.com/complex-reasoning/RPG/blob/main/examples/ray/tutorial.ipynb,True,python3,python,3.9.2,52,38,14,0,37,97.36842105263158,True,False,1,181,13,True,False,True,False,False,True,22,"[[""verl"", 10], [""megatron"", 3], [""os"", 2], [""omegaconf"", 2], [""ray"", 1], [""torch"", 1], [""warnings"", 1], [""sys"", 1], [""site"", 1]]",False,True,True,True,False,True,True,False,True,False,False,notebooks_2025_may_w4.csv
dalloliogm/kaggle_competitions,942138592,main,2025-03-03T16:27:56Z,0,0-00001-gain.ipynb,5612f86ed44367fa834652a802482d0aae40308f,16844,https://github.com/dalloliogm/kaggle_competitions/blob/main/0-00001-gain.ipynb,True,python3,python,3.11.13,2,1,1,0,1,100.0,True,False,0,1,1,False,False,False,False,False,False,5,"[[""pandas"", 1], [""numpy"", 1], [""functools"", 1], [""warnings"", 1], [""shutil"", 1]]",False,True,True,True,False,False,False,False,False,False,False,notebooks_2025_mar_w1.csv
dami2106/Craftax-Skill-Data,957934914,main,2025-03-31T11:42:23Z,1,Skill_Learning/check_skill_splits.ipynb,2c7fed2d6d4c38af11144ba1be5f15c9a1d78d48,17078,https://github.com/dami2106/Craftax-Skill-Data/blob/main/Skill_Learning/check_skill_splits.ipynb,True,python3,python,3.10.15,6,6,0,0,6,100.0,True,False,7,44,3,True,False,False,False,False,False,8,"[[""torch"", 2], [""joblib"", 2], [""skill_helpers"", 1], [""numpy"", 1], [""os"", 1], [""json"", 1]]",False,True,True,True,False,False,False,False,False,False,False,notebooks_2025_mar_w5.csv
dami2106/Craftax-Skill-Data,957934914,main,2025-03-31T11:42:23Z,1,Skill_Learning/testing.ipynb,03969e0d171476d0801c2b9da002338120f343e6,40142,https://github.com/dami2106/Craftax-Skill-Data/blob/main/Skill_Learning/testing.ipynb,True,python3,python,3.10.15,8,8,0,0,7,87.5,True,True,9,16,4,False,False,False,True,False,False,11,"[[""sklearn"", 6], [""os"", 1], [""numpy"", 1], [""argparse"", 1], [""joblib"", 1], [""skill_helpers"", 1]]",False,False,False,True,False,False,False,False,False,False,False,notebooks_2025_mar_w5.csv
dami2106/Craftax-Skill-Data,957934914,main,2025-03-31T11:42:23Z,1,test_bc.ipynb,ef6e598ac806bb1e87ef717d1e4cb1e94c8150cb,19202,https://github.com/dami2106/Craftax-Skill-Data/blob/main/test_bc.ipynb,True,python3,python,3.10.15,11,11,0,0,10,90.9090909090909,True,False,0,10,6,True,False,False,False,False,False,24,"[[""numpy"", 4], [""joblib"", 3], [""os"", 3], [""argparse"", 2], [""sklearn"", 2], [""torch"", 2], [""skill_helpers"", 1], [""sys"", 1], [""top_down_env"", 1], [""gzip"", 1]]",False,True,True,True,False,False,False,False,False,False,False,notebooks_2025_mar_w5.csv
demetrio088/different-experience,982382834,main,2025-05-12T19:53:14Z,0,checking_correlation_lag/checking_correlation_lag.ipynb,b01153d2583f613d0dd74c40041653cb693dc58b,1713253,https://github.com/demetrio088/different-experience/blob/main/checking_correlation_lag/checking_correlation_lag.ipynb,True,python3,python,3.11.7,30,24,6,0,22,91.66666666666666,True,False,0,23,19,True,True,True,False,False,False,12,"[[""scipy"", 4], [""statsmodels"", 4], [""pandas"", 1], [""numpy"", 1], [""matplotlib"", 1], [""seaborn"", 1]]",False,True,True,True,False,True,False,False,True,False,False,notebooks_2025_may_w2.csv
demetrio088/different-experience,982382834,main,2025-05-12T19:53:14Z,0,eda_analysis/eda_analysis.ipynb,986c7c8aff72e1283a620365e80da57c05a62731,4891427,https://github.com/demetrio088/different-experience/blob/main/eda_analysis/eda_analysis.ipynb,True,python3,python,3.11.7,143,49,94,0,48,97.95918367346938,True,False,0,48,44,True,True,True,False,False,False,13,"[[""scipy"", 4], [""statsmodels"", 4], [""pandas"", 1], [""numpy"", 1], [""matplotlib"", 1], [""seaborn"", 1], [""sklearn"", 1]]",False,True,True,True,False,True,False,False,True,False,False,notebooks_2025_may_w2.csv
demetrio088/different-experience,982382834,main,2025-05-12T19:53:14Z,0,statistical_tests/statistical_tests.ipynb,3b3d5706a5ffea4274f3955c87d5f4ef484ae580,997809,https://github.com/demetrio088/different-experience/blob/main/statistical_tests/statistical_tests.ipynb,True,python3,python,3.11.7,17,10,7,0,9,90.0,True,False,0,9,7,True,True,False,False,False,False,13,"[[""statsmodels"", 5], [""scipy"", 4], [""numpy"", 1], [""pandas"", 1], [""matplotlib"", 1], [""warnings"", 1]]",False,True,False,True,False,True,False,False,True,False,False,notebooks_2025_may_w2.csv
demetrio088/different-experience,982382834,main,2025-05-12T19:53:14Z,0,swat_attack_analysis/swat_attack_12.07.2025.ipynb,8093ccbe02a204544f65c9d47dce03e6ea24042d,10812248,https://github.com/demetrio088/different-experience/blob/main/swat_attack_analysis/swat_attack_12.07.2025.ipynb,True,python3,python,3.12.7,106,63,43,0,63,100.0,True,False,0,63,59,True,True,True,False,False,False,27,"[[""sklearn"", 15], [""matplotlib"", 3], [""pandas"", 2], [""shap"", 1], [""warnings"", 1], [""seaborn"", 1], [""numpy"", 1], [""lightgbm"", 1], [""plotly"", 1], [""imblearn"", 1]]",False,False,False,True,False,True,False,False,True,False,False,notebooks_2025_may_w2.csv
dylanschlichting/mpaso-numerical-mixing,994854265,main,2025-06-02T15:25:37Z,0,bichan/.ipynb_checkpoints/chan_args_namelists-checkpoint.ipynb,9fe0a6eb7686288a4de35a5dd0b0ce11db28be90,4053,https://github.com/dylanschlichting/mpaso-numerical-mixing/blob/main/bichan/.ipynb_checkpoints/chan_args_namelists-checkpoint.ipynb,True,cuquantum,python,3.8.13,6,6,0,0,4,66.66666666666666,True,False,3,29,1,False,False,False,False,False,False,1,"[[""numpy"", 1]]",False,True,False,True,False,False,False,False,False,False,False,notebooks_2025_jun_w1.csv
dylanschlichting/mpaso-numerical-mixing,994854265,main,2025-06-02T15:25:37Z,0,bichan/chan_args_namelists.ipynb,9fe0a6eb7686288a4de35a5dd0b0ce11db28be90,4053,https://github.com/dylanschlichting/mpaso-numerical-mixing/blob/main/bichan/chan_args_namelists.ipynb,True,cuquantum,python,3.8.13,6,6,0,0,4,66.66666666666666,True,False,3,29,1,False,False,False,False,False,False,1,"[[""numpy"", 1]]",False,True,False,True,False,False,False,False,False,False,False,notebooks_2025_jun_w1.csv
dylanschlichting/mpaso-numerical-mixing,994854265,main,2025-06-02T15:25:37Z,0,bichan/example_code/.ipynb_checkpoints/make_animations-checkpoint.ipynb,2183a08dd11483486689b833829cb2cff53d5054,18095,https://github.com/dylanschlichting/mpaso-numerical-mixing/blob/main/bichan/example_code/.ipynb_checkpoints/make_animations-checkpoint.ipynb,True,xroms,python,3.12.7,6,6,0,0,5,83.33333333333334,True,False,7,18,1,True,False,False,False,False,False,15,"[[""matplotlib"", 7], [""numpy"", 1], [""xarray"", 1], [""glob"", 1], [""cmocean"", 1], [""warnings"", 1], [""mpl_toolkits"", 1], [""mosaic"", 1], [""joblib"", 1]]",False,True,False,True,False,False,False,False,False,False,False,notebooks_2025_jun_w1.csv
dylanschlichting/mpaso-numerical-mixing,994854265,main,2025-06-02T15:25:37Z,0,bichan/example_code/.ipynb_checkpoints/plotting_example-checkpoint.ipynb,549ac05387b8744ade7ef0008fd006e058d4a99a,1298396,https://github.com/dylanschlichting/mpaso-numerical-mixing/blob/main/bichan/example_code/.ipynb_checkpoints/plotting_example-checkpoint.ipynb,True,xroms,python,3.12.7,23,16,7,0,15,93.75,True,True,6,18,9,True,True,True,False,False,False,14,"[[""matplotlib"", 7], [""numpy"", 1], [""xarray"", 1], [""glob"", 1], [""cmocean"", 1], [""warnings"", 1], [""mpl_toolkits"", 1], [""mosaic"", 1]]",False,True,False,True,False,False,False,False,False,False,False,notebooks_2025_jun_w1.csv
dylanschlichting/mpaso-numerical-mixing,994854265,main,2025-06-02T15:25:37Z,0,bichan/example_code/.ipynb_checkpoints/vol_integrals-checkpoint.ipynb,58b73c5f46c8aa1fe637700cc97583407b4feec6,608508,https://github.com/dylanschlichting/mpaso-numerical-mixing/blob/main/bichan/example_code/.ipynb_checkpoints/vol_integrals-checkpoint.ipynb,True,xroms,python,3.12.7,18,17,1,0,16,94.11764705882352,True,True,104,129,4,True,True,False,False,False,False,14,"[[""matplotlib"", 7], [""numpy"", 1], [""xarray"", 1], [""glob"", 1], [""cmocean"", 1], [""warnings"", 1], [""mpl_toolkits"", 1], [""mosaic"", 1]]",False,True,False,True,False,False,False,False,False,False,False,notebooks_2025_jun_w1.csv
dylanschlichting/mpaso-numerical-mixing,994854265,main,2025-06-02T15:25:37Z,0,bichan/example_code/make_animations.ipynb,2183a08dd11483486689b833829cb2cff53d5054,18095,https://github.com/dylanschlichting/mpaso-numerical-mixing/blob/main/bichan/example_code/make_animations.ipynb,True,xroms,python,3.12.7,6,6,0,0,5,83.33333333333334,True,False,7,18,1,True,False,False,False,False,False,15,"[[""matplotlib"", 7], [""numpy"", 1], [""xarray"", 1], [""glob"", 1], [""cmocean"", 1], [""warnings"", 1], [""mpl_toolkits"", 1], [""mosaic"", 1], [""joblib"", 1]]",False,True,False,True,False,False,False,False,False,False,False,notebooks_2025_jun_w1.csv
dylanschlichting/mpaso-numerical-mixing,994854265,main,2025-06-02T15:25:37Z,0,bichan/example_code/plotting_example.ipynb,549ac05387b8744ade7ef0008fd006e058d4a99a,1298396,https://github.com/dylanschlichting/mpaso-numerical-mixing/blob/main/bichan/example_code/plotting_example.ipynb,True,xroms,python,3.12.7,23,16,7,0,15,93.75,True,True,6,18,9,True,True,True,False,False,False,14,"[[""matplotlib"", 7], [""numpy"", 1], [""xarray"", 1], [""glob"", 1], [""cmocean"", 1], [""warnings"", 1], [""mpl_toolkits"", 1], [""mosaic"", 1]]",False,True,False,True,False,False,False,False,False,False,False,notebooks_2025_jun_w1.csv
dylanschlichting/mpaso-numerical-mixing,994854265,main,2025-06-02T15:25:37Z,0,bichan/example_code/qc_disable_flags.ipynb,a3d4390e27e43fccd62dd1912cfa7cb3c38e1f10,561127,https://github.com/dylanschlichting/mpaso-numerical-mixing/blob/main/bichan/example_code/qc_disable_flags.ipynb,True,xroms,python,3.12.7,14,10,4,0,9,90.0,True,False,0,9,7,True,True,True,False,False,False,14,"[[""matplotlib"", 7], [""numpy"", 1], [""xarray"", 1], [""glob"", 1], [""cmocean"", 1], [""warnings"", 1], [""mpl_toolkits"", 1], [""mosaic"", 1]]",False,False,False,False,False,False,False,False,False,False,False,notebooks_2025_jun_w1.csv
dylanschlichting/mpaso-numerical-mixing,994854265,main,2025-06-02T15:25:37Z,0,bichan/example_code/vol_integrals.ipynb,58b73c5f46c8aa1fe637700cc97583407b4feec6,608508,https://github.com/dylanschlichting/mpaso-numerical-mixing/blob/main/bichan/example_code/vol_integrals.ipynb,True,xroms,python,3.12.7,18,17,1,0,16,94.11764705882352,True,True,104,129,4,True,True,False,False,False,False,14,"[[""matplotlib"", 7], [""numpy"", 1], [""xarray"", 1], [""glob"", 1], [""cmocean"", 1], [""warnings"", 1], [""mpl_toolkits"", 1], [""mosaic"", 1]]",False,True,False,True,False,False,False,False,False,False,False,notebooks_2025_jun_w1.csv
dylanschlichting/mpaso-numerical-mixing,994854265,main,2025-06-02T15:25:37Z,0,validation/.ipynb_checkpoints/check_mphy-checkpoint.ipynb,a023c9ed5753256594c08c1ccb7dead985e94176,552710,https://github.com/dylanschlichting/mpaso-numerical-mixing/blob/main/validation/.ipynb_checkpoints/check_mphy-checkpoint.ipynb,True,xroms,python,3.12.7,16,9,7,0,8,88.88888888888889,True,True,12,22,2,True,True,False,False,False,False,14,"[[""matplotlib"", 7], [""numpy"", 1], [""xarray"", 1], [""glob"", 1], [""cmocean"", 1], [""warnings"", 1], [""mpl_toolkits"", 1], [""mosaic"", 1]]",False,True,False,True,False,False,False,False,False,False,False,notebooks_2025_jun_w1.csv
gc-os-ai/MAWS_2025,990745688,main,2025-05-26T15:10:00Z,1,notebooks/maws/debug.ipynb,d73f8b42849d6bbd1cf3f18e5349f7613a07f756,30521,https://github.com/gc-os-ai/MAWS_2025/blob/main/notebooks/maws/debug.ipynb,True,python3,python,3.10.14,18,10,8,0,8,80.0,True,True,2,11,9,True,False,False,True,False,False,3,"[[""maws"", 2], [""pprint"", 1]]",False,False,False,False,False,False,False,False,False,False,False,notebooks_2025_may_w4.csv
grmc1999/PhysicsSimulationDeepLearning,926598890,main,2025-02-03T14:43:23Z,0,Notebooks/Data_preprocessing/Sim_Data.ipynb,d2f70d95c9c7a373fe2b4ec3b5c4a4d23ccf4af0,17280,https://github.com/grmc1999/PhysicsSimulationDeepLearning/blob/main/Notebooks/Data_preprocessing/Sim_Data.ipynb,True,python3,python,3.8.10,10,10,0,0,7,70.0,True,False,18,26,6,True,False,False,True,False,False,7,"[[""os"", 2], [""pandas"", 2], [""numpy"", 1], [""h5py"", 1], [""einops"", 1]]",False,True,False,True,False,False,False,False,False,False,False,notebooks_2025_feb_w1.csv
grmc1999/PhysicsSimulationDeepLearning,926598890,main,2025-02-03T14:43:23Z,0,Notebooks/Diff_phys/2D_1P_Darcy_flow.ipynb,44e0c284923f9d5961b9eb3f9c5988d02f175540,73850,https://github.com/grmc1999/PhysicsSimulationDeepLearning/blob/main/Notebooks/Diff_phys/2D_1P_Darcy_flow.ipynb,True,python3,python,3.10.12,48,37,11,0,35,94.5945945945946,True,True,48,72,20,True,False,False,True,False,False,19,"[[""phi"", 4], [""torch"", 4], [""random"", 2], [""Physical_models"", 2], [""os"", 1], [""sys"", 1], [""Train_differentiable_physics"", 1], [""Train_differentiable_physics_with_PINNs"", 1], [""einops"", 1], [""matplotlib"", 1]]",False,True,True,True,False,False,False,False,False,False,False,notebooks_2025_feb_w1.csv
grmc1999/PhysicsSimulationDeepLearning,926598890,main,2025-02-03T14:43:23Z,0,Notebooks/FEM/Basic_PDE-Copy1.ipynb,ef751d76522fc71a4b805d975acfe31428f90fa0,11109773,https://github.com/grmc1999/PhysicsSimulationDeepLearning/blob/main/Notebooks/FEM/Basic_PDE-Copy1.ipynb,True,python3,python,3.10.12,103,70,33,0,68,97.14285714285714,True,True,31,94,28,True,True,False,False,False,False,101,"[[""dolfinx"", 56], [""numpy"", 13], [""ufl"", 12], [""mpi4py"", 10], [""pyvista"", 9], [""pandas"", 1]]",False,True,True,True,False,False,False,False,False,False,False,notebooks_2025_feb_w1.csv
grmc1999/PhysicsSimulationDeepLearning,926598890,main,2025-02-03T14:43:23Z,0,Notebooks/FEM/Basic_PDE.ipynb,dcb35a8a18bbfd49258a64fed6cb08e07864754b,8645934,https://github.com/grmc1999/PhysicsSimulationDeepLearning/blob/main/Notebooks/FEM/Basic_PDE.ipynb,True,python3,python,3.12.3,104,71,33,0,69,97.1830985915493,True,True,26,94,28,True,True,False,False,False,False,101,"[[""dolfinx"", 56], [""numpy"", 13], [""ufl"", 12], [""mpi4py"", 10], [""pyvista"", 9], [""pandas"", 1]]",False,True,True,True,False,False,False,False,False,False,False,notebooks_2025_feb_w1.csv
grmc1999/PhysicsSimulationDeepLearning,926598890,main,2025-02-03T14:43:23Z,0,Notebooks/FEM/Darcy.ipynb,629a67fe683b53f3c900dff1f48d5d65525e0ab0,1256506,https://github.com/grmc1999/PhysicsSimulationDeepLearning/blob/main/Notebooks/FEM/Darcy.ipynb,True,python3,python,3.12.3,19,16,3,0,16,100.0,True,True,134,232,9,True,True,False,True,False,False,21,"[[""dolfinx"", 8], [""mpi4py"", 2], [""numpy"", 2], [""basix"", 2], [""ufl"", 2], [""petsc4py"", 2], [""pyvista"", 2], [""pandas"", 1]]",False,True,False,True,False,False,False,False,False,False,False,notebooks_2025_feb_w1.csv
grmc1999/PhysicsSimulationDeepLearning,926598890,main,2025-02-03T14:43:23Z,0,Notebooks/FEM/Darcy_flow_1P_2D copy.ipynb,3a7a665ef109ecc903de43379810972b93359850,4330654,https://github.com/grmc1999/PhysicsSimulationDeepLearning/blob/main/Notebooks/FEM/Darcy_flow_1P_2D%20copy.ipynb,True,python3,python,3.10.12,16,14,2,0,14,100.0,True,True,29,43,6,True,True,False,True,False,False,25,"[[""dolfinx"", 10], [""numpy"", 3], [""pyvista"", 3], [""mpi4py"", 2], [""ufl"", 2], [""petsc4py"", 1], [""basix"", 1], [""pathlib"", 1], [""matplotlib"", 1], [""PIL"", 1]]",False,True,True,True,False,False,False,False,False,False,False,notebooks_2025_feb_w1.csv
grmc1999/PhysicsSimulationDeepLearning,926598890,main,2025-02-03T14:43:23Z,0,Notebooks/FEM/Darcy_flow_1P_2D.ipynb,1bd72f28a4b2988d5b60bc0b14641fe57cebdb6d,12356533,https://github.com/grmc1999/PhysicsSimulationDeepLearning/blob/main/Notebooks/FEM/Darcy_flow_1P_2D.ipynb,True,python3,python,3.8.10,18,16,2,0,15,93.75,True,True,28,43,7,True,True,True,True,False,False,22,"[[""dolfinx"", 8], [""mpi4py"", 2], [""ufl"", 2], [""numpy"", 2], [""petsc4py"", 1], [""pathlib"", 1], [""pyvista"", 1], [""matplotlib"", 1], [""copy"", 1], [""pandas"", 1]]",False,True,True,True,False,False,False,False,False,False,False,notebooks_2025_feb_w1.csv
grmc1999/PhysicsSimulationDeepLearning,926598890,main,2025-02-03T14:43:23Z,0,Notebooks/FEM/Darcy_flow_1P_3D.ipynb,2911b8377113fa1b0b2ca5ceac9da71a7a1e243c,7383485,https://github.com/grmc1999/PhysicsSimulationDeepLearning/blob/main/Notebooks/FEM/Darcy_flow_1P_3D.ipynb,True,python3,python,3.8.10,18,16,2,0,14,87.5,True,False,0,14,7,True,True,True,True,False,False,24,"[[""dolfinx"", 9], [""mpi4py"", 2], [""ufl"", 2], [""numpy"", 2], [""petsc4py"", 1], [""basix"", 1], [""pathlib"", 1], [""pyvista"", 1], [""matplotlib"", 1], [""copy"", 1]]",False,True,True,True,False,False,False,False,False,False,False,notebooks_2025_feb_w1.csv
grmc1999/PhysicsSimulationDeepLearning,926598890,main,2025-02-03T14:43:23Z,0,Notebooks/FEM/Darcy_flow_2P_2D.ipynb,96202d34471e20764ed00bbb0ed5735e8c4d654a,4642809,https://github.com/grmc1999/PhysicsSimulationDeepLearning/blob/main/Notebooks/FEM/Darcy_flow_2P_2D.ipynb,True,python3,python,3.8.10,57,54,3,0,51,94.44444444444444,True,True,217,257,39,True,True,True,True,False,False,40,"[[""dolfinx"", 10], [""numpy"", 5], [""os"", 4], [""pyvista"", 3], [""pandas"", 3], [""einops"", 3], [""mpi4py"", 2], [""ufl"", 2], [""matplotlib"", 2], [""petsc4py"", 1]]",False,True,True,True,False,False,False,False,False,False,False,notebooks_2025_feb_w1.csv
grmc1999/PhysicsSimulationDeepLearning,926598890,main,2025-02-03T14:43:23Z,0,Notebooks/FEM/non_linear_Darcy_flow_1P_2D.ipynb,2dd5caee0012166f143df349f250502683ec656b,14714316,https://github.com/grmc1999/PhysicsSimulationDeepLearning/blob/main/Notebooks/FEM/non_linear_Darcy_flow_1P_2D.ipynb,True,python3,python,3.10.12,18,16,2,0,16,100.0,True,True,40,55,7,True,True,True,True,False,False,23,"[[""dolfinx"", 8], [""mpi4py"", 2], [""ufl"", 2], [""numpy"", 2], [""petsc4py"", 1], [""basix"", 1], [""pathlib"", 1], [""pyvista"", 1], [""matplotlib"", 1], [""copy"", 1]]",False,True,True,True,False,False,False,False,False,False,False,notebooks_2025_feb_w1.csv
h308427/vscode,942301185,main,2025-03-03T22:27:41Z,0,extensions/vscode-api-tests/testWorkspace/test.ipynb,9b0d17355962d885b3961ffe83e4c69659eb9b12,929,https://github.com/h308427/vscode/blob/main/extensions/vscode-api-tests/testWorkspace/test.ipynb,True,python3,python,3.9.5,2,1,1,0,1,100.0,True,False,0,2,1,False,False,False,False,False,False,0,[],False,False,False,False,False,False,False,False,False,False,False,notebooks_2025_mar_w1.csv
hizocar/usm-course,1032150971,main,2025-08-04T22:23:42Z,0,docs/basic.ipynb,5579ab96c81c39d7bf59232086b1b1e43889bb5b,25621,https://github.com/hizocar/usm-course/blob/main/docs/basic.ipynb,True,python3,python,3.8.10,70,42,28,0,42,100.0,True,False,0,42,33,False,False,False,False,False,False,0,[],False,True,False,True,False,False,False,False,False,False,False,notebooks_2025_aug_w1.csv
hizocar/usm-course,1032150971,main,2025-08-04T22:23:42Z,0,docs/clases/Clase_1_Intro.ipynb,a6055c3ccc452275eee0c7ad9c627b6b72cf1869,122381,https://github.com/hizocar/usm-course/blob/main/docs/clases/Clase_1_Intro.ipynb,True,dev-env,python,3.13.3,230,119,111,0,1,0.8403361344537815,True,False,0,1,103,True,False,False,True,False,True,0,[],False,True,False,True,False,False,False,False,False,False,True,notebooks_2025_aug_w1.csv
hizocar/usm-course,1032150971,main,2025-08-04T22:23:42Z,0,docs/clases/Clase_2_NumPy.ipynb,dd81de0453a78cb19a4b99731f51e4f02064382e,64707,https://github.com/hizocar/usm-course/blob/main/docs/clases/Clase_2_NumPy.ipynb,True,python3,python,3.11.4,137,82,55,0,7,8.536585365853659,True,False,0,84,77,True,False,False,True,False,False,2,"[[""numpy"", 1], [""google"", 1]]",False,False,False,False,False,False,False,False,False,False,False,notebooks_2025_aug_w1.csv
hizocar/usm-course,1032150971,main,2025-08-04T22:23:42Z,0,docs/clases/Clase_4_Inferencia.ipynb,81a747ebe223b90cd0ab59c8e643a6c12b7a361d,1277673,https://github.com/hizocar/usm-course/blob/main/docs/clases/Clase_4_Inferencia.ipynb,True,dev-env,python,3.13.3,134,57,77,0,56,98.24561403508771,True,True,9,110,51,True,True,True,False,False,False,12,"[[""scipy"", 11], [""warnings"", 1]]",False,False,False,True,False,False,False,False,False,False,False,notebooks_2025_aug_w1.csv
hizocar/usm-course,1032150971,main,2025-08-04T22:23:42Z,0,docs/clases/Clase_5_Test_de_Hipotesis.ipynb,da9ad0cc9d61140fa8424891f1558ca15ab0fbe9,258000,https://github.com/hizocar/usm-course/blob/main/docs/clases/Clase_5_Test_de_Hipotesis.ipynb,True,python3,python,3.11.4,56,16,40,0,15,93.75,True,False,5,22,14,True,True,False,False,False,False,5,"[[""scipy"", 5]]",False,False,False,True,False,False,False,False,False,False,False,notebooks_2025_aug_w1.csv
hizocar/usm-course,1032150971,main,2025-08-04T22:23:42Z,0,docs/clases/Clase_6_Regresion_Lineal.ipynb,53bf50ef6944a21aa65496721fcef4fb00d11999,1370355,https://github.com/hizocar/usm-course/blob/main/docs/clases/Clase_6_Regresion_Lineal.ipynb,True,dev-env,python,3.13.3,217,75,142,0,67,89.33333333333333,True,True,42,115,57,True,True,True,True,True,False,24,"[[""scipy"", 9], [""sklearn"", 7], [""numpy"", 2], [""statsmodels"", 2], [""pandas"", 1], [""matplotlib"", 1], [""seaborn"", 1], [""warnings"", 1]]",False,True,False,True,False,False,False,False,False,False,True,notebooks_2025_aug_w1.csv
hizocar/usm-course,1032150971,main,2025-08-04T22:23:42Z,0,docs/clases/Clase_6a_Polynomial_Under_Overfitting.ipynb,0a93dfb035fbb3da6faf7d6391d2ed6715243ae5,221289,https://github.com/hizocar/usm-course/blob/main/docs/clases/Clase_6a_Polynomial_Under_Overfitting.ipynb,True,python3,python,3.11.4,11,6,5,0,4,66.66666666666666,True,False,2,7,4,True,True,False,False,False,False,6,"[[""sklearn"", 4], [""numpy"", 1], [""matplotlib"", 1]]",False,False,False,True,False,False,False,False,False,False,False,notebooks_2025_aug_w1.csv
hizocar/usm-course,1032150971,main,2025-08-04T22:23:42Z,0,docs/clases/Clase_7_Resample_Methods_Cross_Validation.ipynb,af7d25e9be7ca7303a6037acf92d6b283741b57b,225159,https://github.com/hizocar/usm-course/blob/main/docs/clases/Clase_7_Resample_Methods_Cross_Validation.ipynb,True,dev-env,python,3.13.3,70,35,35,0,35,100.0,True,False,26,106,29,True,True,True,False,False,False,20,"[[""sklearn"", 12], [""numpy"", 2], [""matplotlib"", 2], [""pandas"", 1], [""seaborn"", 1], [""re"", 1], [""warnings"", 1]]",False,True,False,False,False,False,False,False,False,False,False,notebooks_2025_aug_w1.csv
hizocar/usm-course,1032150971,main,2025-08-04T22:23:42Z,0,docs/clases/Clase_8_Resampling_Methods_Bootstrapping.ipynb,e75efd6746b5e970742ee214e8d6114cf5598409,184343,https://github.com/hizocar/usm-course/blob/main/docs/clases/Clase_8_Resampling_Methods_Bootstrapping.ipynb,True,dev-env,python,3.13.3,38,13,25,0,12,92.3076923076923,True,False,6,18,9,True,True,False,False,False,False,7,"[[""scipy"", 2], [""numpy"", 1], [""matplotlib"", 1], [""seaborn"", 1], [""pandas"", 1], [""sklearn"", 1]]",False,True,False,True,False,False,False,False,False,False,False,notebooks_2025_aug_w1.csv
iddl/diffusers,998913623,main,2025-06-09T13:01:51Z,0,examples/research_projects/gligen/demo.ipynb,315aee710594de0006e8f317212c27f3cd3858f7,7534,https://github.com/iddl/diffusers/blob/main/examples/research_projects/gligen/demo.ipynb,True,python3,python,3.11.9,8,8,0,0,7,87.5,True,False,4,12,3,False,False,False,False,False,False,4,"[[""diffusers"", 2], [""transformers"", 1], [""numpy"", 1]]",False,False,False,False,False,True,True,False,True,False,False,notebooks_2025_jun_w2.csv
innocentmatutu/Machine-learning,1006956123,main,2025-06-23T08:46:19Z,0,Best_time_to_buy_sell_stock.ipynb,2bbbad11ed83047a27e01df7aa240fa7905eb076,1617,https://github.com/innocentmatutu/Machine-learning/blob/main/Best_time_to_buy_sell_stock.ipynb,True,python3,python,,2,1,1,0,1,100.0,True,False,0,1,1,False,False,False,False,False,False,0,[],False,False,False,True,False,False,False,False,False,False,False,notebooks_2025_jun_w4.csv
innocentmatutu/Machine-learning,1006956123,main,2025-06-23T08:46:19Z,0,Remove_element.ipynb,fa204d72beb2ad3271c5efb84fdcd4e5785c77fd,1589,https://github.com/innocentmatutu/Machine-learning/blob/main/Remove_element.ipynb,True,python3,python,,2,1,1,0,1,100.0,True,False,0,2,1,False,False,False,False,False,False,0,[],False,False,False,True,False,False,False,False,False,False,False,notebooks_2025_jun_w4.csv
innocentmatutu/Machine-learning,1006956123,main,2025-06-23T08:46:19Z,0,Untitled7.ipynb,a9a302e2636ae87f3c84ee6943aaaefb582bbaa8,1796,https://github.com/innocentmatutu/Machine-learning/blob/main/Untitled7.ipynb,True,python3,python,,2,1,1,0,1,100.0,True,False,0,1,1,False,False,False,False,False,False,0,[],False,True,False,True,False,False,False,False,False,False,False,notebooks_2025_jun_w4.csv
innocentmatutu/Machine-learning,1006956123,main,2025-06-23T08:46:19Z,0,closest_to_zero.ipynb,ca8746fdc52d170b5d7a8013c8030d2347f26cd2,1884,https://github.com/innocentmatutu/Machine-learning/blob/main/closest_to_zero.ipynb,True,python3,python,,2,1,1,0,1,100.0,True,False,0,7,1,False,False,False,False,False,False,1,"[[""typing"", 1]]",False,True,True,True,False,False,False,False,False,False,False,notebooks_2025_jun_w4.csv
innocentmatutu/Machine-learning,1006956123,main,2025-06-23T08:46:19Z,0,contains_duplicates_hset.ipynb,3cce4655ceed17add231c64f645cffb3241d0239,1478,https://github.com/innocentmatutu/Machine-learning/blob/main/contains_duplicates_hset.ipynb,True,python3,python,,2,1,1,0,1,100.0,True,False,0,4,1,False,False,False,False,False,False,0,[],False,False,False,True,False,False,False,False,False,False,False,notebooks_2025_jun_w4.csv
innocentmatutu/Machine-learning,1006956123,main,2025-06-23T08:46:19Z,0,day2.ipynb,a5e43cf881d4650bc965233a5d3a63bf4a3e67f8,1724,https://github.com/innocentmatutu/Machine-learning/blob/main/day2.ipynb,True,python3,python,,2,1,1,0,1,100.0,True,False,0,3,1,False,False,False,False,False,False,0,[],False,False,False,True,False,False,False,False,False,False,False,notebooks_2025_jun_w4.csv
innocentmatutu/Machine-learning,1006956123,main,2025-06-23T08:46:19Z,0,is_subsequence.ipynb,583f54f704e69e7559ae063b3c90577339096ccb,1700,https://github.com/innocentmatutu/Machine-learning/blob/main/is_subsequence.ipynb,True,python3,python,,2,1,1,0,1,100.0,True,False,0,6,1,False,False,False,False,False,False,0,[],False,False,False,True,False,False,False,False,False,False,False,notebooks_2025_jun_w4.csv
jasiElB20028/R9s0qhY,938089507,main,2025-02-24T12:03:49Z,0,02_Convolutional_Neural_Network.ipynb,c4f3446dea688a648e657085f8400869ca25de42,303972,https://github.com/jasiElB20028/R9s0qhY/blob/main/02_Convolutional_Neural_Network.ipynb,True,python3,python,3.6.10,156,65,91,0,65,100.0,True,False,0,65,29,True,True,False,False,False,False,2,"[[""tensorflow"", 1], [""mnist"", 1]]",False,True,False,True,False,True,True,True,True,False,True,notebooks_2025_feb_w4.csv
jasiElB20028/R9s0qhY,938089507,main,2025-02-24T12:03:49Z,0,Ch04_The_Preliminaries_A_Crashcourse/Data_Manipulation.ipynb,50d5d0d906c475c7e52eda4f57d74f78bf54e0d8,26350,https://github.com/jasiElB20028/R9s0qhY/blob/main/Ch04_The_Preliminaries_A_Crashcourse/Data_Manipulation.ipynb,True,python3,python,3.6.8,58,30,28,0,30,100.0,True,False,0,30,29,True,False,False,False,False,False,2,"[[""torch"", 1], [""numpy"", 1]]",False,False,False,False,False,True,True,True,True,False,False,notebooks_2025_feb_w4.csv
jasiElB20028/R9s0qhY,938089507,main,2025-02-24T12:03:49Z,0,Chatbot.ipynb,1f891258121cb9d7d8c9369e8cec6636899ed405,15371,https://github.com/jasiElB20028/R9s0qhY/blob/main/Chatbot.ipynb,True,python3,python,3.7.3,23,10,13,0,9,90.0,True,False,6,15,3,True,False,False,False,False,False,10,"[[""warnings"", 2], [""sklearn"", 2], [""nltk"", 2], [""io"", 1], [""random"", 1], [""string"", 1], [""numpy"", 1]]",False,True,False,True,False,True,True,True,True,False,False,notebooks_2025_feb_w4.csv
jasiElB20028/R9s0qhY,938089507,main,2025-02-24T12:03:49Z,0,Choco_Bar_Project.ipynb,8f71d611e9e25c6a1cc74817d67db8bb60059de7,482673,https://github.com/jasiElB20028/R9s0qhY/blob/main/Choco_Bar_Project.ipynb,True,python3,python,3.8.5,34,17,17,0,16,94.11764705882352,True,False,0,16,15,True,True,True,False,False,False,0,[],False,False,False,False,False,True,True,True,True,False,False,notebooks_2025_feb_w4.csv
jasiElB20028/R9s0qhY,938089507,main,2025-02-24T12:03:49Z,0,Completed_MLvSS2021_ImageAnalysis.ipynb,9a930431689c5d9e6f1b3019d1f120dddbf8bdd6,453849,https://github.com/jasiElB20028/R9s0qhY/blob/main/Completed_MLvSS2021_ImageAnalysis.ipynb,True,python3,python,3.8.5,51,21,30,0,21,100.0,True,False,0,21,16,True,True,False,False,False,True,12,"[[""torch"", 6], [""torchvision"", 3], [""numpy"", 2], [""tqdm"", 1]]",False,True,True,True,False,True,True,True,True,False,False,notebooks_2025_feb_w4.csv
jasiElB20028/R9s0qhY,938089507,main,2025-02-24T12:03:49Z,0,DataScience-Results-Analysis.ipynb,294023c0da6d6e39080d5641e13843dd3fa40534,378300,https://github.com/jasiElB20028/R9s0qhY/blob/main/DataScience-Results-Analysis.ipynb,True,python3,python,3.12.2,44,23,21,0,22,95.65217391304348,True,False,1,23,18,True,True,True,False,False,False,4,"[[""pandas"", 1], [""numpy"", 1], [""matplotlib"", 1], [""seaborn"", 1]]",False,False,False,True,False,True,True,True,True,False,False,notebooks_2025_feb_w4.csv
jasiElB20028/R9s0qhY,938089507,main,2025-02-24T12:03:49Z,0,E-commerce/customer-segmentation-clustering-techniques.ipynb,b448ffb7bb79cd4d941222bb633261fc9ba6ea24,243753,https://github.com/jasiElB20028/R9s0qhY/blob/main/E-commerce/customer-segmentation-clustering-techniques.ipynb,True,python3,python,3.6.8,51,39,12,0,35,89.74358974358975,True,False,1,36,26,True,True,True,False,False,False,2,"[[""scipy"", 1], [""sklearn"", 1]]",False,False,False,True,False,True,True,True,True,False,False,notebooks_2025_feb_w4.csv
jasiElB20028/R9s0qhY,938089507,main,2025-02-24T12:03:49Z,0,Feature_Engineering_Commonlit_Readabality.ipynb,f97f2eca44329b3af2d79a406f0376a20f224c9c,160180,https://github.com/jasiElB20028/R9s0qhY/blob/main/Feature_Engineering_Commonlit_Readabality.ipynb,True,python3,python,3.7.10,11,10,1,0,9,90.0,True,False,0,9,6,True,True,False,False,False,False,15,"[[""sklearn"", 5], [""tensorflow"", 3], [""re"", 1], [""tqdm"", 1], [""numpy"", 1], [""pandas"", 1], [""keras_tuner"", 1], [""matplotlib"", 1], [""random"", 1]]",False,True,False,True,False,True,True,True,True,False,False,notebooks_2025_feb_w4.csv
jasiElB20028/R9s0qhY,938089507,main,2025-02-24T12:03:49Z,0,Final_version_2.1.ipynb,ea7f767ef6c59761adc8e472f8f87b8b288d8ba9,1148003,https://github.com/jasiElB20028/R9s0qhY/blob/main/Final_version_2.1.ipynb,True,python3,python,3.11.0,14,14,0,0,13,92.85714285714286,True,True,1,14,13,True,True,True,False,False,False,9,"[[""matplotlib"", 3], [""sklearn"", 3], [""pandas"", 1], [""numpy"", 1], [""seaborn"", 1]]",False,False,False,False,False,True,True,True,True,False,False,notebooks_2025_feb_w4.csv
jasiElB20028/R9s0qhY,938089507,main,2025-02-24T12:03:49Z,0,GA_DPSO.ipynb,5b358f85504d7c64dbd5812413bf136ac8851d09,2362678,https://github.com/jasiElB20028/R9s0qhY/blob/main/GA_DPSO.ipynb,True,python3,python,3.8.10,39,39,0,0,23,58.97435897435898,True,False,286,310,7,False,False,False,False,False,False,4,"[[""os"", 1], [""typing"", 1], [""numpy"", 1], [""random"", 1]]",False,True,True,True,False,True,True,True,True,False,False,notebooks_2025_feb_w4.csv
jiancheng-an/jiancheng-an.github.io,981978896,master,2025-05-12T07:38:01Z,0,markdown_generator/publications.ipynb,fa9c89dec3a6cc9f2347690c04f3357dc13d8e67,14391,https://github.com/jiancheng-an/jiancheng-an.github.io/blob/master/markdown_generator/publications.ipynb,True,python3,python,3.6.1,15,8,7,0,7,87.5,True,False,0,16,4,True,False,True,False,False,False,2,"[[""pandas"", 1], [""os"", 1]]",False,True,False,True,False,False,False,False,False,False,False,notebooks_2025_may_w2.csv
jiancheng-an/jiancheng-an.github.io,981978896,master,2025-05-12T07:38:01Z,0,markdown_generator/talks.ipynb,f7e2347d34f2f3f226a681a4781d66c05160f104,13836,https://github.com/jiancheng-an/jiancheng-an.github.io/blob/master/markdown_generator/talks.ipynb,True,python3,python,3.6.1,13,7,6,0,7,100.0,True,False,0,7,4,True,False,True,False,False,False,2,"[[""pandas"", 1], [""os"", 1]]",False,True,False,True,False,False,False,False,False,False,False,notebooks_2025_may_w2.csv
jiancheng-an/jiancheng-an.github.io,981978896,master,2025-05-12T07:38:01Z,0,talkmap_out.ipynb,99521afcb1e7447624c59245bf0d4b2d60869292,11458,https://github.com/jiancheng-an/jiancheng-an.github.io/blob/master/talkmap_out.ipynb,True,python3,python,3.9.21,8,6,2,0,5,83.33333333333334,True,False,0,5,3,True,False,False,False,False,False,0,[],False,False,False,True,False,False,False,False,False,False,False,notebooks_2025_may_w2.csv
jjastrz14/ReNOS,978141909,main,2025-05-05T14:31:42Z,0,notebooks/Splitting_factors_search_space.ipynb,7e398b56174b5b8a13537f7b2930ca3d824b1ac4,817401,https://github.com/jjastrz14/ReNOS/blob/main/notebooks/Splitting_factors_search_space.ipynb,True,python3,python,3.11.8,4,3,1,0,2,66.66666666666666,True,False,2,60,3,True,True,False,False,False,True,13,"[[""plotly"", 3], [""os"", 2], [""matplotlib"", 2], [""numpy"", 2], [""pandas"", 2], [""mpl_toolkits"", 2]]",False,True,False,True,False,False,True,False,True,False,False,notebooks_2025_may_w1.csv
jjastrz14/ReNOS,978141909,main,2025-05-05T14:31:42Z,0,notebooks/convergence_plots.ipynb,84feeb444222d2231c53929633f641e3c3286eab,1352594,https://github.com/jjastrz14/ReNOS/blob/main/notebooks/convergence_plots.ipynb,True,python3,python,3.11.8,20,19,1,0,14,73.68421052631578,True,True,35,51,12,True,True,True,False,False,True,7,"[[""numpy"", 2], [""plotly"", 2], [""matplotlib"", 1], [""pandas"", 1], [""datetime"", 1]]",False,True,False,True,False,False,True,False,True,False,False,notebooks_2025_may_w1.csv
jjastrz14/ReNOS,978141909,main,2025-05-05T14:31:42Z,0,notebooks/monte_carlo_convergence.ipynb,04975b151d2783e21d5d7d1e3efbfc136c1c949c,948091,https://github.com/jjastrz14/ReNOS/blob/main/notebooks/monte_carlo_convergence.ipynb,True,python3,python,3.11.8,10,9,1,0,9,100.0,True,True,11,21,5,True,True,False,False,False,False,5,"[[""os"", 1], [""matplotlib"", 1], [""numpy"", 1], [""seaborn"", 1], [""scipy"", 1]]",False,True,False,True,False,False,True,False,True,False,False,notebooks_2025_may_w1.csv
jjastrz14/ReNOS,978141909,main,2025-05-05T14:31:42Z,0,notebooks/performance_comparison.ipynb,a5cc5b6842fd05b634215c7834c526b388f7e593,775230,https://github.com/jjastrz14/ReNOS/blob/main/notebooks/performance_comparison.ipynb,True,python3,python,3.11.8,6,6,0,0,5,83.33333333333334,True,False,0,149,2,True,True,False,False,False,False,6,"[[""pandas"", 1], [""numpy"", 1], [""matplotlib"", 1], [""seaborn"", 1], [""typing"", 1], [""glob"", 1]]",False,True,False,True,False,False,True,False,True,False,False,notebooks_2025_may_w1.csv
jjastrz14/ReNOS,978141909,main,2025-05-05T14:31:42Z,0,notebooks/resources_imshow.ipynb,5e41183fda343560a8b5b8cf1faa44fb91222780,219148,https://github.com/jjastrz14/ReNOS/blob/main/notebooks/resources_imshow.ipynb,True,python3,python,3.11.8,13,10,3,0,10,100.0,True,False,0,17,5,True,True,False,False,False,False,6,"[[""json"", 1], [""numpy"", 1], [""pandas"", 1], [""collections"", 1], [""matplotlib"", 1], [""mpl_toolkits"", 1]]",False,True,False,True,False,False,True,False,True,False,False,notebooks_2025_may_w1.csv
jjastrz14/ReNOS,978141909,main,2025-05-05T14:31:42Z,0,notebooks/spatial_strat_comparison.ipynb,ddcba2011154aef0ef2c1cdce99e7ef1e12990b7,1363371,https://github.com/jjastrz14/ReNOS/blob/main/notebooks/spatial_strat_comparison.ipynb,True,python3,python,3.11.8,6,6,0,0,6,100.0,True,False,8,30,4,True,True,False,False,False,False,5,"[[""pandas"", 1], [""numpy"", 1], [""matplotlib"", 1], [""seaborn"", 1], [""typing"", 1]]",False,True,False,True,False,False,True,False,True,False,False,notebooks_2025_may_w1.csv
juliusd01/Deep_Learning,958106720,main,2025-03-31T16:49:58Z,0,Applications/Language_Modelling/01_micrograd.ipynb,0fb4e26136e80978dc88d2a86e19e95d5c2f21ae,99313,https://github.com/juliusd01/Deep_Learning/blob/main/Applications/Language_Modelling/01_micrograd.ipynb,True,python3,python,3.12.2,22,14,8,0,11,78.57142857142857,True,True,281,312,9,True,True,False,False,False,False,5,"[[""math"", 1], [""random"", 1], [""numpy"", 1], [""matplotlib"", 1], [""sklearn"", 1]]",False,True,True,True,False,True,False,False,True,False,False,notebooks_2025_mar_w5.csv
juliusd01/Deep_Learning,958106720,main,2025-03-31T16:49:58Z,0,Research/Forecasting_Stocks/Sign_Forecasting/sign-prediction-model/Garch_plus_LSTM.ipynb,7aadd2e78c00f8faa6ee35bafc3bb3cbebdce131,562664,https://github.com/juliusd01/Deep_Learning/blob/main/Research/Forecasting_Stocks/Sign_Forecasting/sign-prediction-model/Garch_plus_LSTM.ipynb,True,python3,python,3.11.9,22,15,7,0,14,93.33333333333333,True,False,0,325,9,True,True,True,False,False,False,7,"[[""sklearn"", 2], [""yfinance"", 1], [""numpy"", 1], [""arch"", 1], [""matplotlib"", 1], [""pandas"", 1]]",False,False,False,True,False,True,False,False,True,False,False,notebooks_2025_mar_w5.csv
kp-forks/marimo,957761858,main,2025-03-31T04:47:34Z,0,tests/_convert/ipynb_data/comments_preservation.ipynb,81a3de0bb07f87aff89a06420950578229ee3241,7405,https://github.com/kp-forks/marimo/blob/main/tests/_convert/ipynb_data/comments_preservation.ipynb,True,python3,python,3.12.11,11,11,0,0,10,90.9090909090909,True,False,0,11,7,False,False,False,True,False,False,3,"[[""numpy"", 2], [""pandas"", 1]]",False,True,False,False,False,True,True,False,True,False,False,notebooks_2025_mar_w5.csv
ligujie123/ligujie123.github.io,974411793,main,2025-04-28T18:29:16Z,0,assets/jupyter/blog.ipynb,bc870dcd161e97a1cb6e5d7193a8e0228e4fa9e7,865,https://github.com/ligujie123/ligujie123.github.io/blob/main/assets/jupyter/blog.ipynb,True,python3,python,3.6.2,1,1,0,0,1,100.0,True,False,0,1,1,True,False,False,False,False,False,1,"[[""sys"", 1]]",False,False,False,False,False,True,False,False,True,False,False,notebooks_2025_apr_w4.csv
lisaleemcb/alfred,919414127,main,2025-01-20T10:50:26Z,0,notebooks/Emulator_Comparison.ipynb,7df97a704468e1e3c4160fd7b2a49ad61b6f9f56,1540651,https://github.com/lisaleemcb/alfred/blob/main/notebooks/Emulator_Comparison.ipynb,True,python3,python,3.11.11,30,27,3,0,25,92.5925925925926,True,True,84,107,22,True,True,True,True,False,False,53,"[[""matplotlib"", 17], [""alfred"", 9], [""numpy"", 5], [""seaborn"", 5], [""scipy"", 2], [""os"", 1], [""re"", 1], [""time"", 1], [""copy"", 1], [""argparse"", 1]]",False,False,False,True,False,True,True,False,True,False,False,notebooks_2025_jan_w4.csv
lisaleemcb/alfred,919414127,main,2025-01-20T10:50:26Z,0,notebooks/just_priors_debug.ipynb,14e643ac6dee5659c2fbb2c9ce294846e41179c2,851598,https://github.com/lisaleemcb/alfred/blob/main/notebooks/just_priors_debug.ipynb,True,alfred,python,3.11.13,7,7,0,0,6,85.71428571428571,True,False,4,16,5,True,True,False,False,False,False,29,"[[""alfred"", 10], [""matplotlib"", 2], [""scipy"", 2], [""os"", 1], [""re"", 1], [""time"", 1], [""copy"", 1], [""argparse"", 1], [""toml"", 1], [""numpy"", 1]]",False,False,False,True,False,True,True,False,True,False,False,notebooks_2025_jan_w4.csv
lisaleemcb/alfred,919414127,main,2025-01-20T10:50:26Z,0,notebooks/mcmc_analysis_biases.ipynb,5cdd7dac1f5044d28a0fc4be0c93a2ae32950feb,914247,https://github.com/lisaleemcb/alfred/blob/main/notebooks/mcmc_analysis_biases.ipynb,True,alfred,python,3.11.13,101,100,0,1,42,42.0,True,True,188,228,32,True,True,False,False,False,False,51,"[[""matplotlib"", 17], [""alfred"", 10], [""os"", 3], [""re"", 3], [""scipy"", 2], [""time"", 1], [""copy"", 1], [""argparse"", 1], [""toml"", 1], [""numpy"", 1]]",False,True,False,True,False,True,True,False,True,False,False,notebooks_2025_jan_w4.csv
lisaleemcb/alfred,919414127,main,2025-01-20T10:50:26Z,0,notebooks/mcmc_analysis_productionsruns.ipynb,e30e46dc225ab35bb00534b0dd2118a8210cf6b1,2423333,https://github.com/lisaleemcb/alfred/blob/main/notebooks/mcmc_analysis_productionsruns.ipynb,True,alfred,python,3.11.13,82,82,0,0,75,91.46341463414635,True,True,130,194,59,True,True,True,True,False,False,48,"[[""alfred"", 11], [""matplotlib"", 7], [""seaborn"", 6], [""scipy"", 4], [""numpy"", 3], [""pandas"", 3], [""os"", 2], [""re"", 1], [""time"", 1], [""copy"", 1]]",False,True,False,True,False,True,True,False,True,False,False,notebooks_2025_jan_w4.csv
lisaleemcb/alfred,919414127,main,2025-01-20T10:50:26Z,0,notebooks/ml_xe.ipynb,d1d2b4773fc4c116ef9db5513653584807e08e60,1678007,https://github.com/lisaleemcb/alfred/blob/main/notebooks/ml_xe.ipynb,True,python3,python,3.11.13,28,28,0,0,21,75.0,True,True,24,52,24,True,True,True,True,False,False,10,"[[""tensorflow"", 3], [""matplotlib"", 2], [""scipy"", 2], [""numpy"", 1], [""pandas"", 1], [""sklearn"", 1]]",False,True,False,True,False,True,True,False,True,False,False,notebooks_2025_jan_w4.csv
lisaleemcb/alfred,919414127,main,2025-01-20T10:50:26Z,0,notebooks/ml_xe_debug.ipynb,f34dc2e081c7cf0767f9fb215afc5a94062bf05a,1464148,https://github.com/lisaleemcb/alfred/blob/main/notebooks/ml_xe_debug.ipynb,True,python3,python,3.11.11,31,31,0,0,18,58.06451612903226,True,True,24,45,14,True,True,True,False,False,False,13,"[[""tensorflow"", 3], [""matplotlib"", 2], [""scipy"", 2], [""alfred"", 2], [""numpy"", 1], [""pandas"", 1], [""sklearn"", 1], [""time"", 1]]",False,True,False,True,False,True,True,False,True,False,False,notebooks_2025_jan_w4.csv
lisaleemcb/alfred,919414127,main,2025-01-20T10:50:26Z,0,notebooks/paper_plots.ipynb,805dc4c7655369685b1e9a33e7e5fd8d7b7ecc36,7129690,https://github.com/lisaleemcb/alfred/blob/main/notebooks/paper_plots.ipynb,True,python3,python,3.11.13,97,81,16,0,57,70.37037037037037,True,True,238,288,66,True,True,False,True,False,False,33,"[[""matplotlib"", 9], [""alfred"", 8], [""os"", 2], [""pandas"", 2], [""scipy"", 2], [""copy"", 1], [""numpy"", 1], [""pickle"", 1], [""zeus"", 1], [""toml"", 1]]",False,True,False,True,False,True,True,False,True,False,False,notebooks_2025_jan_w4.csv
mdujardin3007/betting_scrapping,1015640024,main,2025-07-07T20:12:56Z,0,test.ipynb,d3ac4013b62b28a68060e33fc4843a3072e7353e,15611,https://github.com/mdujardin3007/betting_scrapping/blob/main/test.ipynb,True,python3,python,3.9.7,3,3,0,0,3,100.0,True,False,1,41,1,True,False,True,False,False,False,1,"[[""pandas"", 1]]",False,False,False,False,False,True,False,False,True,False,True,notebooks_2025_jul_w1.csv
mkhosla11/daily-pennsylvanian-basic-scraper,969853033,main,2025-04-21T03:30:29Z,0,sandbox.ipynb,3c2b0f23a426c63d5c206a34f3837f4f093b6eac,2768,https://github.com/mkhosla11/daily-pennsylvanian-basic-scraper/blob/main/sandbox.ipynb,True,python3,python,3.9.18,9,9,0,0,8,88.88888888888889,True,False,1,9,4,True,False,False,False,False,False,2,"[[""bs4"", 1], [""requests"", 1]]",False,False,False,False,False,False,False,True,True,False,False,notebooks_2025_apr_w3.csv
napo/parklogtrento,946294709,main,2025-03-10T23:15:54Z,2,curiosity.ipynb,67773c9db2962435174eb8fd7ad5cc4f05223e63,28451,https://github.com/napo/parklogtrento/blob/main/curiosity.ipynb,True,python3,python,3.12.7,15,15,0,0,14,93.33333333333333,True,False,0,33,2,False,False,False,True,False,False,14,"[[""matplotlib"", 2], [""dayplot"", 2], [""pandas"", 1], [""numpy"", 1], [""os"", 1], [""geopandas"", 1], [""json"", 1], [""datetime"", 1], [""calendar"", 1], [""seaborn"", 1]]",False,True,False,True,False,True,False,False,True,False,False,notebooks_2025_mar_w2.csv
napo/parklogtrento,946294709,main,2025-03-10T23:15:54Z,2,data4web.ipynb,404bcb316aa49e5ccdc8855dd921d26608dfedc0,15422,https://github.com/napo/parklogtrento/blob/main/data4web.ipynb,True,python3,python,3.12.7,20,20,0,0,20,100.0,True,False,0,100,4,True,False,True,False,False,False,6,"[[""numpy"", 1], [""pandas"", 1], [""os"", 1], [""json"", 1], [""pytz"", 1], [""geopandas"", 1]]",False,True,False,True,False,True,False,False,True,False,False,notebooks_2025_mar_w2.csv
napo/parklogtrento,946294709,main,2025-03-10T23:15:54Z,2,scrape.ipynb,6c5b20cce40fbe39c757777d3c68946584d747c0,6700,https://github.com/napo/parklogtrento/blob/main/scrape.ipynb,True,python3,python,3.12.7,15,15,0,0,13,86.66666666666667,True,False,0,325,1,False,False,False,False,False,False,5,"[[""pandas"", 1], [""geopandas"", 1], [""shapely"", 1], [""os"", 1], [""json"", 1]]",False,True,False,True,False,True,False,False,True,False,False,notebooks_2025_mar_w2.csv
napo/parklogtrento,946294709,main,2025-03-10T23:15:54Z,2,viewdata.ipynb,2e37bc4a146185be20324778d60bfb12a7d1d023,2029186,https://github.com/napo/parklogtrento/blob/main/viewdata.ipynb,True,python3,python,3.12.7,16,16,0,0,5,31.25,True,True,0,6,8,True,False,True,True,False,False,5,"[[""pandas"", 1], [""geopandas"", 1], [""shapely"", 1], [""os"", 1], [""json"", 1]]",False,False,False,True,False,True,False,False,True,False,False,notebooks_2025_mar_w2.csv
nickknz/answer-squence-analysis,990905965,main,2025-05-26T20:33:54Z,2,notebooks/test.ipynb,ae4d928197eb6e29406f510c8397ada63cabbe8e,397535,https://github.com/nickknz/answer-squence-analysis/blob/main/notebooks/test.ipynb,True,python3,python,3.8.10,34,34,0,0,33,97.05882352941177,True,False,15,246,17,True,True,False,False,False,False,25,"[[""src"", 10], [""numpy"", 3], [""matplotlib"", 2], [""sys"", 2], [""sklearn"", 2], [""pandas"", 1], [""networkx"", 1], [""os"", 1], [""seaborn"", 1], [""collections"", 1]]",False,True,False,True,False,False,False,False,False,False,False,notebooks_2025_may_w4.csv
park-hoyeon/park-hoyeon.github.io,915875586,master,2025-01-13T02:27:07Z,0,_pages/SKT/Skt_7_04_yolov9.ipynb,d3f5a12faa99758192ecc4ed3fc22c9249232e86,2,https://github.com/park-hoyeon/park-hoyeon.github.io/blob/master/_pages/SKT/Skt_7_04_yolov9.ipynb,False,,,,,,,,,,,,,,,,,,,,,,,,,,,,,,,,,,notebooks_2025_jan_w3.csv
park-hoyeon/park-hoyeon.github.io,915875586,master,2025-01-13T02:27:07Z,0,_pages/SKT/skt_7_04_yolov.ipynb,d3f5a12faa99758192ecc4ed3fc22c9249232e86,2,https://github.com/park-hoyeon/park-hoyeon.github.io/blob/master/_pages/SKT/skt_7_04_yolov.ipynb,False,,,,,,,,,,,,,,,,,,,,,,,,,,,,,,,,,,notebooks_2025_jan_w3.csv
park-hoyeon/park-hoyeon.github.io,915875586,master,2025-01-13T02:27:07Z,0,_pages/SKT/skt_7_04_yolov9.ipynb,d3f5a12faa99758192ecc4ed3fc22c9249232e86,2,https://github.com/park-hoyeon/park-hoyeon.github.io/blob/master/_pages/SKT/skt_7_04_yolov9.ipynb,False,,,,,,,,,,,,,,,,,,,,,,,,,,,,,,,,,,notebooks_2025_jan_w3.csv
park-hoyeon/park-hoyeon.github.io,915875586,master,2025-01-13T02:27:07Z,0,_pages/SKT/skt_7_05_pytorch_practice_3.ipynb,d3f5a12faa99758192ecc4ed3fc22c9249232e86,2,https://github.com/park-hoyeon/park-hoyeon.github.io/blob/master/_pages/SKT/skt_7_05_pytorch_practice_3.ipynb,False,,,,,,,,,,,,,,,,,,,,,,,,,,,,,,,,,,notebooks_2025_jan_w3.csv
rbstabbins/aupy,982328260,main,2025-05-12T18:03:13Z,0,aupy_lib_dev_refl_cor.ipynb,1e8b5b3d8e061a5e2d6a217ad8933e3a9df564c3,38023467,https://github.com/rbstabbins/aupy/blob/main/aupy_lib_dev_refl_cor.ipynb,True,python3,python,3.13.3,283,126,157,0,13,10.317460317460316,True,False,0,13,86,True,True,False,True,False,False,1,"[[""aupy"", 1]]",False,False,False,False,False,False,False,False,False,False,False,notebooks_2025_may_w2.csv
rbstabbins/aupy,982328260,main,2025-05-12T18:03:13Z,0,ries_scene_complete_template.ipynb,661a926c87c4e2e143b9e3eca219ed92dbbe18a1,10736702,https://github.com/rbstabbins/aupy/blob/main/ries_scene_complete_template.ipynb,True,python3,python,3.13.7,102,48,54,0,48,100.0,True,False,0,48,33,True,True,False,False,False,False,2,"[[""aupy"", 1], [""pathlib"", 1]]",False,False,False,True,False,False,False,False,False,False,False,notebooks_2025_may_w2.csv
riyann00b/SDHub-DS,1011432048,main,2025-06-30T20:06:45Z,4,SDHub-DS/01 Python Foundation/02_Python_Basics_Code/Code JNs/JNB/01 Python-basic_Markdown.ipynb,daa4707edce755c5e2cdf97a91dbc22a1fb0138c,22259,https://github.com/riyann00b/SDHub-DS/blob/main/SDHub-DS/01%20Python%20Foundation/02_Python_Basics_Code/Code%20JNs/JNB/01%20Python-basic_Markdown.ipynb,True,python3,python,3.13.5,54,34,20,0,33,97.05882352941177,True,True,42,73,33,True,False,False,False,False,False,0,[],False,False,False,False,False,False,False,False,False,False,False,notebooks_2025_jun_w5.csv
rnambaa/text-gen-agent,1031719764,main,2025-08-04T08:25:00Z,0,notebooks/demo.ipynb,867cebe30823989c2a955f0fea074f09f08248de,16461,https://github.com/rnambaa/text-gen-agent/blob/main/notebooks/demo.ipynb,True,python3,python,3.12.1,11,7,4,0,6,85.71428571428571,True,False,0,6,6,True,False,False,False,False,False,10,"[[""src"", 6], [""pathlib"", 1], [""sys"", 1], [""os"", 1], [""yaml"", 1]]",False,False,False,True,False,False,False,False,False,False,False,notebooks_2025_aug_w1.csv
rupeelab17/pymdu,919491801,main,2025-01-20T13:44:19Z,8,Demo_PyMDU_Atelier.ipynb,77a1733652bc4349e339fc1f529f024612c12691,3227037,https://github.com/rupeelab17/pymdu/blob/main/Demo_PyMDU_Atelier.ipynb,True,python3,python,3.11.13,84,57,27,0,56,98.24561403508771,True,True,7,55,39,True,True,True,True,False,True,43,"[[""pymdu"", 15], [""numpy"", 4], [""os"", 3], [""geopandas"", 3], [""rasterio"", 3], [""matplotlib"", 3], [""h3"", 1], [""sys"", 1], [""pathlib"", 1], [""subprocess"", 1]]",False,True,False,True,False,False,False,False,False,False,False,notebooks_2025_jan_w4.csv
rupeelab17/pymdu,919491801,main,2025-01-20T13:44:19Z,8,docs/demo_data_inputs.ipynb,138c84e0af210e3b60139d986e9509b36d192f11,9763337,https://github.com/rupeelab17/pymdu/blob/main/docs/demo_data_inputs.ipynb,True,mdu,python,3.11.8,19,14,5,0,10,71.42857142857143,True,True,45,54,4,True,True,True,False,False,True,15,"[[""os"", 4], [""pymdu"", 4], [""matplotlib"", 4], [""sys"", 1], [""scienceplots"", 1], [""re"", 1]]",False,True,False,True,False,False,False,False,False,False,True,notebooks_2025_jan_w4.csv
rupeelab17/pymdu,919491801,main,2025-01-20T13:44:19Z,8,notebook4windows.ipynb,1c26d362c7ebc165861152511cfba01e40020f56,1156310,https://github.com/rupeelab17/pymdu/blob/main/notebook4windows.ipynb,True,pymdu,python,3.11.13,60,40,20,0,40,100.0,True,False,0,40,24,True,True,True,False,False,False,30,"[[""pymdu"", 7], [""os"", 3], [""pandas"", 3], [""geopandas"", 2], [""glob"", 2], [""matplotlib"", 2], [""shapely"", 2], [""sys"", 1], [""osgeo"", 1], [""subprocess"", 1]]",False,True,False,True,False,False,False,False,False,False,True,notebooks_2025_jan_w4.csv
salgo60/Stockholm_Archipelago_Trail,912676252,main,2025-01-06T06:55:56Z,2,.ipynb_checkpoints/144_5 dashboard-checkpoint.ipynb,eaea44f48438b6291ab7bbd47070d1d2f24908c7,72798,https://github.com/salgo60/Stockholm_Archipelago_Trail/blob/main/.ipynb_checkpoints/144_5%20dashboard-checkpoint.ipynb,True,python3,python,3.12.2,12,11,1,0,8,72.72727272727273,True,True,6,14,4,False,False,False,False,False,False,26,"[[""re"", 5], [""html"", 4], [""time"", 3], [""datetime"", 3], [""pathlib"", 3], [""pandas"", 2], [""os"", 2], [""sys"", 2], [""shutil"", 2]]",False,True,False,True,False,True,False,False,True,False,False,notebooks_2025_jan_w2.csv
salgo60/Stockholm_Archipelago_Trail,912676252,main,2025-01-06T06:55:56Z,2,.ipynb_checkpoints/Generate objects along the Trail with Overpass-checkpoint.ipynb,6d6068ec6f7ac046e832f61c56677b5df954f7da,14995,https://github.com/salgo60/Stockholm_Archipelago_Trail/blob/main/.ipynb_checkpoints/Generate%20objects%20along%20the%20Trail%20with%20Overpass-checkpoint.ipynb,True,python3,python,3.12.2,5,4,1,0,3,75.0,True,True,2,5,3,True,False,True,False,False,False,8,"[[""time"", 2], [""datetime"", 1], [""sys"", 1], [""requests"", 1], [""geopandas"", 1], [""shapely"", 1], [""SPARQLWrapper"", 1]]",False,True,False,True,False,True,False,False,True,False,False,notebooks_2025_jan_w2.csv
salgo60/Stockholm_Archipelago_Trail,912676252,main,2025-01-06T06:55:56Z,2,.ipynb_checkpoints/Issue_132_2_Notebook_Toaletter_näa_SAT.ipynb-checkpoint.ipynb,50b343be7eb7b15244edda3ee5fae218b55f6179,12196,https://github.com/salgo60/Stockholm_Archipelago_Trail/blob/main/.ipynb_checkpoints/Issue_132_2_Notebook_Toaletter_n%C3%A4a_SAT.ipynb-checkpoint.ipynb,True,python3,python,3.12.2,5,4,1,0,3,75.0,True,False,4,7,3,False,False,False,False,False,False,11,"[[""datetime"", 2], [""folium"", 2], [""time"", 1], [""requests"", 1], [""os"", 1], [""geopandas"", 1], [""shapely"", 1], [""SPARQLWrapper"", 1], [""collections"", 1]]",False,False,False,True,False,True,False,False,True,False,False,notebooks_2025_jan_w2.csv
salgo60/Stockholm_Archipelago_Trail,912676252,main,2025-01-06T06:55:56Z,2,.ipynb_checkpoints/Issue_139_Notebook_Dricksvatten_nära_SAT-checkpoint.ipynb,ea993615fafcf71f8f17176f600fab1e7d7633d6,14532,https://github.com/salgo60/Stockholm_Archipelago_Trail/blob/main/.ipynb_checkpoints/Issue_139_Notebook_Dricksvatten_n%C3%A4ra_SAT-checkpoint.ipynb,True,python3,python,3.12.2,5,3,2,0,2,66.66666666666666,True,False,4,8,2,False,False,False,False,False,False,13,"[[""datetime"", 2], [""folium"", 2], [""time"", 1], [""os"", 1], [""re"", 1], [""requests"", 1], [""geopandas"", 1], [""pandas"", 1], [""shapely"", 1], [""SPARQLWrapper"", 1]]",False,False,False,True,False,True,False,False,True,False,False,notebooks_2025_jan_w2.csv
salgo60/Stockholm_Archipelago_Trail,912676252,main,2025-01-06T06:55:56Z,2,.ipynb_checkpoints/StatLanguagesTranslated-checkpoint.ipynb,496df721edad106605c1c04005465df62a44a615,183355,https://github.com/salgo60/Stockholm_Archipelago_Trail/blob/main/.ipynb_checkpoints/StatLanguagesTranslated-checkpoint.ipynb,True,python3,python,3.12.2,9,6,3,0,5,83.33333333333334,True,True,20,25,3,True,True,False,False,False,False,5,"[[""matplotlib"", 2], [""SPARQLWrapper"", 1], [""sys"", 1], [""datetime"", 1]]",False,True,False,True,False,True,False,False,True,False,False,notebooks_2025_jan_w2.csv
salgo60/Stockholm_Archipelago_Trail,912676252,main,2025-01-06T06:55:56Z,2,Documents/GitHub/Stockholm_Archipelago_Trail/notebook/.ipynb_checkpoints/142_3 SAT [Enhancement] Märk ut saknade taggar för framkomlighetsbedömning_old-checkpoint.ipynb,2422014d96328953565645288ba7b32e77a008cd,281041,https://github.com/salgo60/Stockholm_Archipelago_Trail/blob/main/Documents/GitHub/Stockholm_Archipelago_Trail/notebook/.ipynb_checkpoints/142_3%20SAT%20[Enhancement]%20M%C3%A4rk%20ut%20saknade%20taggar%20f%C3%B6r%20framkomlighetsbed%C3%B6mning_old-checkpoint.ipynb,True,python3,python,3.12.2,23,20,3,0,2,10.0,True,False,0,2,2,False,False,False,True,False,False,59,"[[""html"", 11], [""json"", 5], [""urllib"", 5], [""folium"", 5], [""re"", 3], [""pandas"", 3], [""geopandas"", 3], [""time"", 2], [""datetime"", 2], [""os"", 2]]",False,True,False,True,False,True,False,False,True,False,False,notebooks_2025_jan_w2.csv
salgo60/Stockholm_Archipelago_Trail,912676252,main,2025-01-06T06:55:56Z,2,Documents/GitHub/Stockholm_Archipelago_Trail/notebook/.ipynb_checkpoints/195 SAT_reserves_translations.geojson -checkpoint.ipynb,832798ec6687ba28839bfd933058dda3f243c9e0,15204,https://github.com/salgo60/Stockholm_Archipelago_Trail/blob/main/Documents/GitHub/Stockholm_Archipelago_Trail/notebook/.ipynb_checkpoints/195%20SAT_reserves_translations.geojson%20-checkpoint.ipynb,True,python3,python,3.12.2,5,4,1,0,1,25.0,True,False,0,10,2,False,False,False,True,False,False,10,"[[""urllib"", 3], [""json"", 1], [""sys"", 1], [""time"", 1], [""re"", 1], [""io"", 1], [""requests"", 1], [""geopandas"", 1]]",False,True,False,True,False,True,False,False,True,False,False,notebooks_2025_jan_w2.csv
salgo60/Stockholm_Archipelago_Trail,912676252,main,2025-01-06T06:55:56Z,2,Documents/GitHub/Stockholm_Archipelago_Trail/notebook/195 SAT_reserves_translations.geojson .ipynb,2ca5d433bc28ad922d0bc6ba591153b2c76a3021,11431,https://github.com/salgo60/Stockholm_Archipelago_Trail/blob/main/Documents/GitHub/Stockholm_Archipelago_Trail/notebook/195%20SAT_reserves_translations.geojson%20.ipynb,True,python3,python,3.12.2,5,4,1,0,2,50.0,True,True,0,14,2,False,False,False,True,False,False,10,"[[""urllib"", 3], [""json"", 1], [""sys"", 1], [""time"", 1], [""re"", 1], [""io"", 1], [""requests"", 1], [""geopandas"", 1]]",False,True,False,True,False,True,False,False,True,False,False,notebooks_2025_jan_w2.csv
salgo60/Stockholm_Archipelago_Trail,912676252,main,2025-01-06T06:55:56Z,2,Notebook/.ipynb_checkpoints/Show case Stockholm Archipelago Trail showcase 2-checkpoint.ipynb,b01393b9e670c1fe07911198c0a6229b4d178c32,809821,https://github.com/salgo60/Stockholm_Archipelago_Trail/blob/main/Notebook/.ipynb_checkpoints/Show%20case%20Stockholm%20Archipelago%20Trail%20showcase%202-checkpoint.ipynb,True,python3,python,3.12.2,26,15,11,0,14,93.33333333333333,True,True,52,66,13,True,False,True,False,False,True,59,"[[""folium"", 14], [""requests"", 10], [""pandas"", 10], [""ipywidgets"", 8], [""IPython"", 6], [""locale"", 6], [""branca"", 2], [""jinja2"", 2], [""time"", 1]]",False,True,False,True,False,True,False,False,True,False,False,notebooks_2025_jan_w2.csv
salgo60/Stockholm_Archipelago_Trail,912676252,main,2025-01-06T06:55:56Z,2,Notebook/.ipynb_checkpoints/StatLanguagesTranslated-checkpoint.ipynb,243ec48f3710e570a7bdbf28fd9c7948e78fc60e,625172,https://github.com/salgo60/Stockholm_Archipelago_Trail/blob/main/Notebook/.ipynb_checkpoints/StatLanguagesTranslated-checkpoint.ipynb,True,python3,python,3.12.2,22,16,6,0,14,87.5,True,False,0,14,10,True,True,False,False,False,False,19,"[[""matplotlib"", 7], [""datetime"", 5], [""SPARQLWrapper"", 3], [""sys"", 3], [""time"", 1]]",False,True,False,True,False,True,False,False,True,False,False,notebooks_2025_jan_w2.csv
sameljk/sameljk.github.io,958269295,main,2025-03-31T23:27:09Z,0,assets/jupyter/blog.ipynb,bc870dcd161e97a1cb6e5d7193a8e0228e4fa9e7,865,https://github.com/sameljk/sameljk.github.io/blob/main/assets/jupyter/blog.ipynb,True,python3,python,3.6.2,1,1,0,0,1,100.0,True,False,0,1,1,True,False,False,False,False,False,1,"[[""sys"", 1]]",False,False,False,False,False,True,False,False,True,False,False,notebooks_2025_mar_w5.csv
sanket1105/EndToEnd_MLOPS,934265975,main,2025-02-17T14:47:27Z,0,research/01_DataIngestion.ipynb,33dcc681565007a8e157e2dcf6bd2533e059684f,6253,https://github.com/sanket1105/EndToEnd_MLOPS/blob/main/research/01_DataIngestion.ipynb,True,python3,python,3.11.11,10,10,0,0,8,80.0,True,True,8,19,3,True,False,False,False,False,False,9,"[[""src"", 3], [""os"", 2], [""dataclasses"", 1], [""pathlib"", 1], [""urllib"", 1], [""zipfile"", 1]]",False,True,True,True,False,True,True,False,True,False,False,notebooks_2025_feb_w3.csv
sanket1105/EndToEnd_MLOPS,934265975,main,2025-02-17T14:47:27Z,0,research/02_DataValidation.ipynb,aa33fda738d20f9cfda3faaf34d4b6e6d7548e15,13218,https://github.com/sanket1105/EndToEnd_MLOPS/blob/main/research/02_DataValidation.ipynb,True,python3,python,3.11.11,14,14,0,0,13,92.85714285714286,True,False,1,14,7,True,False,True,False,False,False,8,"[[""src"", 3], [""os"", 2], [""pandas"", 1], [""dataclasses"", 1], [""pathlib"", 1]]",False,True,True,True,False,True,True,False,True,False,False,notebooks_2025_feb_w3.csv
sanket1105/EndToEnd_MLOPS,934265975,main,2025-02-17T14:47:27Z,0,research/03_DataTransformation.ipynb,75094b8a055e95260921db40655273b0ffc1061d,4902,https://github.com/sanket1105/EndToEnd_MLOPS/blob/main/research/03_DataTransformation.ipynb,True,python3,python,3.11.11,10,10,0,0,9,90.0,True,False,4,15,2,True,False,False,False,False,False,9,"[[""src"", 3], [""os"", 2], [""dataclasses"", 1], [""pathlib"", 1], [""sklearn"", 1], [""pandas"", 1]]",False,True,True,True,False,True,True,False,True,False,False,notebooks_2025_feb_w3.csv
sanket1105/EndToEnd_MLOPS,934265975,main,2025-02-17T14:47:27Z,0,research/04_ModelTrainer.ipynb,bcb282895a74dff842f6014954cd7bcc6546cac4,5723,https://github.com/sanket1105/EndToEnd_MLOPS/blob/main/research/04_ModelTrainer.ipynb,True,python3,python,3.11.11,9,9,0,0,8,88.88888888888889,True,False,0,8,3,True,False,False,False,False,False,9,"[[""src"", 3], [""dataclasses"", 1], [""pathlib"", 1], [""os"", 1], [""sklearn"", 1], [""pandas"", 1], [""joblib"", 1]]",False,True,True,True,False,True,True,False,True,False,False,notebooks_2025_feb_w3.csv
sanket1105/EndToEnd_MLOPS,934265975,main,2025-02-17T14:47:27Z,0,research/research.ipynb,63332d222971d688c54211bb3a7de1a9cbd43540,6256,https://github.com/sanket1105/EndToEnd_MLOPS/blob/main/research/research.ipynb,True,python3,python,3.11.11,11,11,0,0,9,81.81818181818183,True,False,4,12,5,True,False,False,True,False,False,2,"[[""box"", 1], [""ensure"", 1]]",False,True,False,False,False,True,True,False,True,False,False,notebooks_2025_feb_w3.csv
simonfouc120/open-mc-project,986604554,main,2025-05-19T21:27:16Z,1,src/studies/complex_geometry/lattice_builder/hex_lattice.ipynb,1814ba6dc1ca292d83484f4a9c867e1439cdab50,102171,https://github.com/simonfouc120/open-mc-project/blob/main/src/studies/complex_geometry/lattice_builder/hex_lattice.ipynb,True,python3,python,3.11.12,11,11,0,0,10,90.9090909090909,True,False,0,85,4,True,True,False,False,False,False,12,"[[""matplotlib"", 2], [""parameters"", 2], [""openmc"", 1], [""os"", 1], [""json"", 1], [""pathlib"", 1], [""sys"", 1], [""PIL"", 1], [""numpy"", 1], [""src"", 1]]",False,False,False,False,False,False,False,False,False,False,False,notebooks_2025_may_w3.csv
simonfouc120/open-mc-project,986604554,main,2025-05-19T21:27:16Z,1,src/studies/complex_geometry/lattice_builder/rect_lattice.ipynb,f2d547238c065441849b57d98103c319777a5366,105730,https://github.com/simonfouc120/open-mc-project/blob/main/src/studies/complex_geometry/lattice_builder/rect_lattice.ipynb,True,python3,python,3.11.12,9,9,0,0,8,88.88888888888889,True,False,0,8,2,True,True,False,False,False,False,12,"[[""matplotlib"", 2], [""parameters"", 2], [""openmc"", 1], [""os"", 1], [""json"", 1], [""pathlib"", 1], [""sys"", 1], [""PIL"", 1], [""numpy"", 1], [""src"", 1]]",False,False,False,False,False,False,False,False,False,False,False,notebooks_2025_may_w3.csv
simonfouc120/open-mc-project,986604554,main,2025-05-19T21:27:16Z,1,src/studies/complex_geometry/lattice_complex.ipynb,b387d46a87d0b23fd90a22d6e086b752e483762b,413913,https://github.com/simonfouc120/open-mc-project/blob/main/src/studies/complex_geometry/lattice_complex.ipynb,True,python3,python,3.11.12,16,16,0,0,16,100.0,True,False,47,64,5,True,True,False,False,False,False,12,"[[""matplotlib"", 2], [""parameters"", 2], [""openmc"", 1], [""os"", 1], [""json"", 1], [""pathlib"", 1], [""sys"", 1], [""PIL"", 1], [""numpy"", 1], [""src"", 1]]",False,False,False,False,False,False,False,False,False,False,False,notebooks_2025_may_w3.csv
simonfouc120/open-mc-project,986604554,main,2025-05-19T21:27:16Z,1,src/studies/complex_sources/single_sources/box_source/box_source.ipynb,ab584b405c3c01a03275cfe5f032833ab0fd3a88,2118953,https://github.com/simonfouc120/open-mc-project/blob/main/src/studies/complex_sources/single_sources/box_source/box_source.ipynb,True,python3,python,3.11.12,15,15,0,0,15,100.0,True,False,0,15,7,True,True,False,False,False,False,13,"[[""matplotlib"", 2], [""parameters"", 2], [""src"", 2], [""openmc"", 1], [""os"", 1], [""json"", 1], [""pathlib"", 1], [""sys"", 1], [""PIL"", 1], [""numpy"", 1]]",False,False,False,False,False,False,False,False,False,False,False,notebooks_2025_may_w3.csv
simonfouc120/open-mc-project,986604554,main,2025-05-19T21:27:16Z,1,src/studies/complex_sources/single_sources/cylindric_source/cylindric_source.ipynb,4308501b30ebf21a37950d85de58a3fc1867a397,1761391,https://github.com/simonfouc120/open-mc-project/blob/main/src/studies/complex_sources/single_sources/cylindric_source/cylindric_source.ipynb,True,python3,python,3.11.12,16,16,0,0,16,100.0,True,False,0,16,7,True,True,False,False,False,False,13,"[[""matplotlib"", 2], [""parameters"", 2], [""src"", 2], [""openmc"", 1], [""os"", 1], [""json"", 1], [""pathlib"", 1], [""sys"", 1], [""PIL"", 1], [""numpy"", 1]]",False,False,False,False,False,False,False,False,False,False,False,notebooks_2025_may_w3.csv
simonfouc120/open-mc-project,986604554,main,2025-05-19T21:27:16Z,1,src/studies/complex_sources/single_sources/spherical_source/spherical_source.ipynb,74d842ef7d4bb5bde0577075e7ef0a495943da9b,2087475,https://github.com/simonfouc120/open-mc-project/blob/main/src/studies/complex_sources/single_sources/spherical_source/spherical_source.ipynb,True,python3,python,3.11.12,15,15,0,0,15,100.0,True,False,0,15,7,True,True,False,False,False,False,13,"[[""matplotlib"", 2], [""parameters"", 2], [""src"", 2], [""openmc"", 1], [""os"", 1], [""json"", 1], [""pathlib"", 1], [""sys"", 1], [""PIL"", 1], [""numpy"", 1]]",False,False,False,False,False,False,False,False,False,False,False,notebooks_2025_may_w3.csv
simonfouc120/open-mc-project,986604554,main,2025-05-19T21:27:16Z,1,src/studies/complex_sources/various_sources/spherical_sources/spherical_sources.ipynb,51de748e84da846f3466e782f37e2587123487e1,1945556,https://github.com/simonfouc120/open-mc-project/blob/main/src/studies/complex_sources/various_sources/spherical_sources/spherical_sources.ipynb,True,python3,python,3.11.12,14,14,0,0,14,100.0,True,False,0,14,6,True,True,False,False,False,False,13,"[[""matplotlib"", 2], [""parameters"", 2], [""src"", 2], [""openmc"", 1], [""os"", 1], [""json"", 1], [""pathlib"", 1], [""sys"", 1], [""PIL"", 1], [""numpy"", 1]]",False,False,False,True,False,False,False,False,False,False,False,notebooks_2025_may_w3.csv
simonfouc120/open-mc-project,986604554,main,2025-05-19T21:27:16Z,1,src/studies/complex_sources/various_sources/spherical_sources/spherical_sources_contraints.ipynb,053c7ee63cfa967be4bb2bf73c7b324e0ddb19d6,1935989,https://github.com/simonfouc120/open-mc-project/blob/main/src/studies/complex_sources/various_sources/spherical_sources/spherical_sources_contraints.ipynb,True,python3,python,3.11.12,14,14,0,0,13,92.85714285714286,True,False,1,14,5,True,True,False,False,False,False,13,"[[""matplotlib"", 2], [""parameters"", 2], [""src"", 2], [""openmc"", 1], [""os"", 1], [""json"", 1], [""pathlib"", 1], [""sys"", 1], [""PIL"", 1], [""numpy"", 1]]",False,False,False,True,False,False,False,False,False,False,False,notebooks_2025_may_w3.csv
simonfouc120/open-mc-project,986604554,main,2025-05-19T21:27:16Z,1,src/studies/control_rods/only_cesium/initialisation/control_rods.ipynb,b0d09a890934b74b66d59dd7eb807913f1445d35,2767517,https://github.com/simonfouc120/open-mc-project/blob/main/src/studies/control_rods/only_cesium/initialisation/control_rods.ipynb,True,python3,python,3.11.12,28,25,3,0,24,96.0,True,False,0,265,15,True,True,False,False,False,False,13,"[[""matplotlib"", 2], [""parameters"", 2], [""src"", 2], [""openmc"", 1], [""os"", 1], [""json"", 1], [""pathlib"", 1], [""sys"", 1], [""PIL"", 1], [""numpy"", 1]]",False,False,False,True,False,False,False,False,False,False,False,notebooks_2025_may_w3.csv
slkan/pytorch,934461690,main,2025-02-17T21:53:24Z,0,functorch/docs/source/tutorials/aot_autograd_optimizations.ipynb,a09793259769b2fa7de25bca103d3762557ac8e5,16721,https://github.com/slkan/pytorch/blob/main/functorch/docs/source/tutorials/aot_autograd_optimizations.ipynb,True,python3,python,3.9.5,22,9,13,0,9,100.0,True,False,5,14,4,False,False,False,False,False,False,6,"[[""functorch"", 3], [""torch"", 1], [""time"", 1], [""statistics"", 1]]",False,True,False,True,False,True,True,False,True,False,False,notebooks_2025_feb_w3.csv
slkan/pytorch,934461690,main,2025-02-17T21:53:24Z,0,functorch/docs/source/tutorials/minifier.ipynb,43eed6f11a0df85a38bd1cf2f9e66fed68969fe8,14672,https://github.com/slkan/pytorch/blob/main/functorch/docs/source/tutorials/minifier.ipynb,True,python3,python,3.8.12,11,4,7,0,4,100.0,True,False,0,4,4,True,False,False,False,False,False,10,"[[""functorch"", 5], [""torch"", 4], [""foo"", 1]]",False,True,False,False,False,True,True,False,True,False,False,notebooks_2025_feb_w3.csv
slkan/pytorch,934461690,main,2025-02-17T21:53:24Z,0,functorch/docs/source/tutorials/neural_tangent_kernels.ipynb,0d4704cedf450ebcffd687ae1df444efed9b02bf,13898,https://github.com/slkan/pytorch/blob/main/functorch/docs/source/tutorials/neural_tangent_kernels.ipynb,True,python3,python,3.9.7,20,10,10,0,10,100.0,True,False,0,10,2,False,False,False,False,False,False,3,"[[""torch"", 2], [""functorch"", 1]]",False,True,True,True,False,True,True,False,True,False,False,notebooks_2025_feb_w3.csv
slkan/pytorch,934461690,main,2025-02-17T21:53:24Z,0,torch/utils/data/dataframes_pipes.ipynb,2f995aab05abde298c7977ddfbc7755df5a39174,18134,https://github.com/slkan/pytorch/blob/main/torch/utils/data/dataframes_pipes.ipynb,True,python3610jvsc74a57bd0eb5e09632d6ea1cbf3eb9da7e37b7cf581db5ed13074b21cc44e159dc62acdab,python,3.6.10,27,14,13,0,14,100.0,True,False,0,14,11,False,False,False,True,False,False,3,"[[""torch"", 2], [""importlib"", 1]]",False,True,True,True,False,True,True,False,True,False,False,notebooks_2025_feb_w3.csv
slkan/pytorch,934461690,main,2025-02-17T21:53:24Z,0,torch/utils/data/standard_pipes.ipynb,c40058bca7699be5c31cf8cd09a8fd9c61680877,28739,https://github.com/slkan/pytorch/blob/main/torch/utils/data/standard_pipes.ipynb,True,python3610jvsc74a57bd0eb5e09632d6ea1cbf3eb9da7e37b7cf581db5ed13074b21cc44e159dc62acdab,python,3.6.10,72,37,35,0,37,100.0,True,True,1,37,35,False,False,False,True,False,False,1,"[[""torch"", 1]]",False,True,True,True,False,True,True,False,True,False,False,notebooks_2025_feb_w3.csv
supsi-dacd-isaac/elettra-backend,990537454,main,2025-05-26T09:08:39Z,0,playground/explore_trips.ipynb,f4b0b1ba38ab20b70ca261b86a833c776b6d9e95,5978823,https://github.com/supsi-dacd-isaac/elettra-backend/blob/main/playground/explore_trips.ipynb,True,python3,python,2.7.6,7,7,0,0,7,100.0,True,False,0,7,6,True,True,True,False,False,False,12,"[[""matplotlib"", 2], [""os"", 1], [""re"", 1], [""json"", 1], [""textwrap"", 1], [""requests"", 1], [""pathlib"", 1], [""dotenv"", 1], [""pandas"", 1], [""IPython"", 1]]",False,True,False,True,False,True,False,False,True,False,False,notebooks_2025_may_w4.csv
tk0624/football_analytics,977877167,main,2025-05-05T05:42:11Z,1,data_analytics/FBref.ipynb,2029fe7ba569a2454ea6b5667847f4db13e63035,220474,https://github.com/tk0624/football_analytics/blob/main/data_analytics/FBref.ipynb,True,python3,python,3.13.3,55,49,6,0,41,83.6734693877551,True,True,60,98,29,True,False,True,True,False,False,10,"[[""requests"", 3], [""time"", 2], [""pandas"", 1], [""ftfy"", 1], [""urllib"", 1], [""bs4"", 1], [""re"", 1]]",False,True,False,True,False,True,False,False,True,False,False,notebooks_2025_may_w1.csv
tk0624/football_analytics,977877167,main,2025-05-05T05:42:11Z,1,data_analytics/data_org.ipynb,e2bccfbc88cc664df3e7895729251ae7af3ad665,6352,https://github.com/tk0624/football_analytics/blob/main/data_analytics/data_org.ipynb,True,python3,python,3.13.3,8,8,0,0,6,75.0,True,True,21,30,5,True,False,False,True,False,False,5,"[[""os"", 1], [""dotenv"", 1], [""requests"", 1], [""pandas"", 1], [""json"", 1]]",False,False,False,True,False,True,False,False,True,False,False,notebooks_2025_may_w1.csv
tk0624/football_analytics,977877167,main,2025-05-05T05:42:11Z,1,data_analytics/football_api.ipynb,bebf3bea6b641b461c7bc1b1e464899cfabf6035,163302,https://github.com/tk0624/football_analytics/blob/main/data_analytics/football_api.ipynb,True,python3,python,3.13.3,29,29,0,0,23,79.3103448275862,True,True,33,54,14,True,True,True,True,False,False,14,"[[""json"", 3], [""os"", 2], [""dotenv"", 2], [""requests"", 2], [""pandas"", 2], [""seaborn"", 1], [""matplotlib"", 1], [""time"", 1]]",False,False,False,True,False,True,False,False,True,False,True,notebooks_2025_may_w1.csv
wocn-unicamp/TraceFL-Net-Sim,958104741,main,2025-03-31T16:45:58Z,2,leaf-sync/models/metrics/metrics.ipynb,a39fc04ac8269c3e0b742943aa77b68182e07720,86983,https://github.com/wocn-unicamp/TraceFL-Net-Sim/blob/main/leaf-sync/models/metrics/metrics.ipynb,True,python3,python,3.4.5,9,8,1,0,7,87.5,True,False,1,7,4,True,True,False,False,False,False,4,"[[""matplotlib"", 1], [""numpy"", 1], [""pandas"", 1], [""visualization_utils"", 1]]",False,False,False,True,False,True,False,False,True,False,False,notebooks_2025_mar_w5.csv
wocn-unicamp/TraceFL-Net-Sim,958104741,main,2025-03-31T16:45:58Z,2,leaf/models/metrics/metrics.ipynb,a39fc04ac8269c3e0b742943aa77b68182e07720,86983,https://github.com/wocn-unicamp/TraceFL-Net-Sim/blob/main/leaf/models/metrics/metrics.ipynb,True,python3,python,3.4.5,9,8,1,0,7,87.5,True,False,1,7,4,True,True,False,False,False,False,4,"[[""matplotlib"", 1], [""numpy"", 1], [""pandas"", 1], [""visualization_utils"", 1]]",False,False,False,True,False,True,False,False,True,False,False,notebooks_2025_mar_w5.csv
